key_resp.keys,key_resp.rt,key_resp_2.keys,key_resp_2.rt,key_resp_3.keys,key_resp_3.rt,key_resp_4.keys,key_resp_4.rt,slider.response,slider.rt,trials.thisRepN,trials.thisTrialN,trials.thisN,trials.thisIndex,trials.ran,trial_nums,img,participant,session,date,expName,psychopyVersion,OS,frameRate
space,0.8583,space,0.376,space,0.4192,space,1.7189,6,1.3236,0,0,0,0,1,0,images/pixabay_cat_002885.jpg,Eddy,001,2022-04-11_15h12.52.409,Cat face rating experiment_1500-2000,2021.1.4,Win32,143.7607821
,,,,,,space,1.8119,2,1.3146,0,1,1,1,1,1,images/pixabay_cat_002314.jpg,Eddy,001,2022-04-11_15h12.52.409,Cat face rating experiment_1500-2000,2021.1.4,Win32,143.7607821
,,,,,,space,1.0889,3,0.872,0,2,2,2,1,2,images/pixabay_cat_003813.jpg,Eddy,001,2022-04-11_15h12.52.409,Cat face rating experiment_1500-2000,2021.1.4,Win32,143.7607821
,,,,,,space,1.1256,,,0,3,3,3,1,3,images/pixabay_cat_002556.jpg,Eddy,001,2022-04-11_15h12.52.409,Cat face rating experiment_1500-2000,2021.1.4,Win32,143.7607821
,,,,,,space,7.9069,5,7.598,0,4,4,4,1,4,images/pixabay_cat_002579.jpg,Eddy,001,2022-04-11_15h12.52.409,Cat face rating experiment_1500-2000,2021.1.4,Win32,143.7607821
,,,,,,space,0.9381,,,0,5,5,5,1,5,images/pixabay_cat_002162.jpg,Eddy,001,2022-04-11_15h12.52.409,Cat face rating experiment_1500-2000,2021.1.4,Win32,143.7607821
,,,,,,space,1.3988,3,0.9343,0,6,6,6,1,6,images/flickr_cat_000138.jpg,Eddy,001,2022-04-11_15h12.52.409,Cat face rating experiment_1500-2000,2021.1.4,Win32,143.7607821
,,,,,,space,1.7283,4,1.462,0,7,7,7,1,7,images/pixabay_cat_001260.jpg,Eddy,001,2022-04-11_15h12.52.409,Cat face rating experiment_1500-2000,2021.1.4,Win32,143.7607821
,,,,,,space,2.7422,4,2.5325,0,8,8,8,1,8,images/pixabay_cat_001515.jpg,Eddy,001,2022-04-11_15h12.52.409,Cat face rating experiment_1500-2000,2021.1.4,Win32,143.7607821
,,,,,,space,1.9249,6,1.592,0,9,9,9,1,9,images/pixabay_cat_003277.jpg,Eddy,001,2022-04-11_15h12.52.409,Cat face rating experiment_1500-2000,2021.1.4,Win32,143.7607821
,,,,,,space,6.1178,5,4.0568,0,10,10,10,1,10,images/flickr_cat_000633.jpg,Eddy,001,2022-04-11_15h12.52.409,Cat face rating experiment_1500-2000,2021.1.4,Win32,143.7607821
,,,,,,space,1.9462,2,1.4882,0,11,11,11,1,11,images/pixabay_cat_001421.jpg,Eddy,001,2022-04-11_15h12.52.409,Cat face rating experiment_1500-2000,2021.1.4,Win32,143.7607821
,,,,,,space,1.5068,3,1.1207,0,12,12,12,1,12,images/pixabay_cat_000850.jpg,Eddy,001,2022-04-11_15h12.52.409,Cat face rating experiment_1500-2000,2021.1.4,Win32,143.7607821
,,,,,,space,9.5102,3,9.2871,0,13,13,13,1,13,images/pixabay_cat_004729.jpg,Eddy,001,2022-04-11_15h12.52.409,Cat face rating experiment_1500-2000,2021.1.4,Win32,143.7607821
,,,,,,space,1.0949,4,0.8666,0,14,14,14,1,14,images/flickr_cat_000206.jpg,Eddy,001,2022-04-11_15h12.52.409,Cat face rating experiment_1500-2000,2021.1.4,Win32,143.7607821
,,,,,,space,11.6745,5,8.149,0,15,15,15,1,15,images/pixabay_cat_003959.jpg,Eddy,001,2022-04-11_15h12.52.409,Cat face rating experiment_1500-2000,2021.1.4,Win32,143.7607821
,,,,,,space,1.1352,3,0.9148,0,16,16,16,1,16,images/pixabay_cat_002392.jpg,Eddy,001,2022-04-11_15h12.52.409,Cat face rating experiment_1500-2000,2021.1.4,Win32,143.7607821
,,,,,,space,2.4629,2,2.2819,0,17,17,17,1,17,images/pixabay_cat_002086.jpg,Eddy,001,2022-04-11_15h12.52.409,Cat face rating experiment_1500-2000,2021.1.4,Win32,143.7607821
,,,,,,space,3.4954,4,3.2321,0,18,18,18,1,18,images/pixabay_cat_002259.jpg,Eddy,001,2022-04-11_15h12.52.409,Cat face rating experiment_1500-2000,2021.1.4,Win32,143.7607821
,,,,,,space,1.0059,,,0,19,19,19,1,19,images/pixabay_cat_002287.jpg,Eddy,001,2022-04-11_15h12.52.409,Cat face rating experiment_1500-2000,2021.1.4,Win32,143.7607821
,,,,,,space,2.5047,5,1.2123,0,20,20,20,1,20,images/pixabay_cat_002401.jpg,Eddy,001,2022-04-11_15h12.52.409,Cat face rating experiment_1500-2000,2021.1.4,Win32,143.7607821
,,,,,,space,1.4848,,,0,21,21,21,1,21,images/pixabay_cat_002594.jpg,Eddy,001,2022-04-11_15h12.52.409,Cat face rating experiment_1500-2000,2021.1.4,Win32,143.7607821
,,,,,,space,1.7823,5,1.5959,0,22,22,22,1,22,images/pixabay_cat_001337.jpg,Eddy,001,2022-04-11_15h12.52.409,Cat face rating experiment_1500-2000,2021.1.4,Win32,143.7607821
,,,,,,space,0.748,,,0,23,23,23,1,23,images/pixabay_cat_001666.jpg,Eddy,001,2022-04-11_15h12.52.409,Cat face rating experiment_1500-2000,2021.1.4,Win32,143.7607821
,,,,,,space,9.0529,5,5.9115,0,24,24,24,1,24,images/flickr_cat_000013.jpg,Eddy,001,2022-04-11_15h12.52.409,Cat face rating experiment_1500-2000,2021.1.4,Win32,143.7607821
,,,,,,space,1.3304,5,1.0993,0,25,25,25,1,25,images/pixabay_cat_000115.jpg,Eddy,001,2022-04-11_15h12.52.409,Cat face rating experiment_1500-2000,2021.1.4,Win32,143.7607821
,,,,,,space,1.1503,,,0,26,26,26,1,26,images/pixabay_cat_002221.jpg,Eddy,001,2022-04-11_15h12.52.409,Cat face rating experiment_1500-2000,2021.1.4,Win32,143.7607821
,,,,,,space,1.2432,5,1.0655,0,27,27,27,1,27,images/pixabay_cat_002489.jpg,Eddy,001,2022-04-11_15h12.52.409,Cat face rating experiment_1500-2000,2021.1.4,Win32,143.7607821
,,,,,,space,2.311,4,2.0645,0,28,28,28,1,28,images/pixabay_cat_001733.jpg,Eddy,001,2022-04-11_15h12.52.409,Cat face rating experiment_1500-2000,2021.1.4,Win32,143.7607821
,,,,,,space,2.2232,3,1.704,0,29,29,29,1,29,images/pixabay_cat_003709.jpg,Eddy,001,2022-04-11_15h12.52.409,Cat face rating experiment_1500-2000,2021.1.4,Win32,143.7607821
,,,,,,space,2.0888,3,1.7969,0,30,30,30,1,30,images/pixabay_cat_002515.jpg,Eddy,001,2022-04-11_15h12.52.409,Cat face rating experiment_1500-2000,2021.1.4,Win32,143.7607821
,,,,,,space,3.0601,2,2.6768,0,31,31,31,1,31,images/pixabay_cat_002874.jpg,Eddy,001,2022-04-11_15h12.52.409,Cat face rating experiment_1500-2000,2021.1.4,Win32,143.7607821
,,,,,,space,1.1703,3,0.9745,0,32,32,32,1,32,images/pixabay_cat_003263.jpg,Eddy,001,2022-04-11_15h12.52.409,Cat face rating experiment_1500-2000,2021.1.4,Win32,143.7607821
,,,,,,space,1.2875,5,1.1357,0,33,33,33,1,33,images/pixabay_cat_004090.jpg,Eddy,001,2022-04-11_15h12.52.409,Cat face rating experiment_1500-2000,2021.1.4,Win32,143.7607821
,,,,,,space,2.7551,3,2.5875,0,34,34,34,1,34,images/flickr_cat_000518.jpg,Eddy,001,2022-04-11_15h12.52.409,Cat face rating experiment_1500-2000,2021.1.4,Win32,143.7607821
,,,,,,space,0.9888,4,0.738,0,35,35,35,1,35,images/flickr_cat_000209.jpg,Eddy,001,2022-04-11_15h12.52.409,Cat face rating experiment_1500-2000,2021.1.4,Win32,143.7607821
,,,,,,space,0.6003,,,0,36,36,36,1,36,images/pixabay_cat_003391.jpg,Eddy,001,2022-04-11_15h12.52.409,Cat face rating experiment_1500-2000,2021.1.4,Win32,143.7607821
,,,,,,space,2.3327,2,1.7468,0,37,37,37,1,37,images/pixabay_cat_004578.jpg,Eddy,001,2022-04-11_15h12.52.409,Cat face rating experiment_1500-2000,2021.1.4,Win32,143.7607821
,,,,,,space,1.2308,2,1.0584,0,38,38,38,1,38,images/pixabay_cat_002845.jpg,Eddy,001,2022-04-11_15h12.52.409,Cat face rating experiment_1500-2000,2021.1.4,Win32,143.7607821
,,,,,,space,1.0671,,,0,39,39,39,1,39,images/pixabay_cat_000253.jpg,Eddy,001,2022-04-11_15h12.52.409,Cat face rating experiment_1500-2000,2021.1.4,Win32,143.7607821
,,,,,,space,3.9521,5,3.8094,0,40,40,40,1,40,images/pixabay_cat_002402.jpg,Eddy,001,2022-04-11_15h12.52.409,Cat face rating experiment_1500-2000,2021.1.4,Win32,143.7607821
,,,,,,space,0.848,,,0,41,41,41,1,41,images/pixabay_cat_002228.jpg,Eddy,001,2022-04-11_15h12.52.409,Cat face rating experiment_1500-2000,2021.1.4,Win32,143.7607821
,,,,,,space,1.6854,3,1.3235,0,42,42,42,1,42,images/pixabay_cat_004300.jpg,Eddy,001,2022-04-11_15h12.52.409,Cat face rating experiment_1500-2000,2021.1.4,Win32,143.7607821
,,,,,,space,2.4679,2,2.2663,0,43,43,43,1,43,images/pixabay_cat_001456.jpg,Eddy,001,2022-04-11_15h12.52.409,Cat face rating experiment_1500-2000,2021.1.4,Win32,143.7607821
,,,,,,space,1.1536,,,0,44,44,44,1,44,images/pixabay_cat_002977.jpg,Eddy,001,2022-04-11_15h12.52.409,Cat face rating experiment_1500-2000,2021.1.4,Win32,143.7607821
,,,,,,space,1.3259,5,0.8874,0,45,45,45,1,45,images/pixabay_cat_001240.jpg,Eddy,001,2022-04-11_15h12.52.409,Cat face rating experiment_1500-2000,2021.1.4,Win32,143.7607821
,,,,,,space,1.4952,5,1.3379,0,46,46,46,1,46,images/pixabay_cat_001255.jpg,Eddy,001,2022-04-11_15h12.52.409,Cat face rating experiment_1500-2000,2021.1.4,Win32,143.7607821
,,,,,,space,6.5479,6,5.7254,0,47,47,47,1,47,images/pixabay_cat_002406.jpg,Eddy,001,2022-04-11_15h12.52.409,Cat face rating experiment_1500-2000,2021.1.4,Win32,143.7607821
,,,,,,space,1.1982,5,0.988,0,48,48,48,1,48,images/pixabay_cat_004313.jpg,Eddy,001,2022-04-11_15h12.52.409,Cat face rating experiment_1500-2000,2021.1.4,Win32,143.7607821
,,,,,,space,0.9982,,,0,49,49,49,1,49,images/pixabay_cat_004293.jpg,Eddy,001,2022-04-11_15h12.52.409,Cat face rating experiment_1500-2000,2021.1.4,Win32,143.7607821
,,,,,,space,4.7148,,,0,50,50,50,1,50,images/pixabay_cat_001602.jpg,Eddy,001,2022-04-11_15h12.52.409,Cat face rating experiment_1500-2000,2021.1.4,Win32,143.7607821
,,,,,,space,5.5733,2,4.8214,0,51,51,51,1,51,images/pixabay_cat_002782.jpg,Eddy,001,2022-04-11_15h12.52.409,Cat face rating experiment_1500-2000,2021.1.4,Win32,143.7607821
,,,,,,space,2.288,2,2.1317,0,52,52,52,1,52,images/pixabay_cat_003478.jpg,Eddy,001,2022-04-11_15h12.52.409,Cat face rating experiment_1500-2000,2021.1.4,Win32,143.7607821
,,,,,,space,0.973,,,0,53,53,53,1,53,images/pixabay_cat_000963.jpg,Eddy,001,2022-04-11_15h12.52.409,Cat face rating experiment_1500-2000,2021.1.4,Win32,143.7607821
,,,,,,space,2.4157,6,2.2401,0,54,54,54,1,54,images/pixabay_cat_000113.jpg,Eddy,001,2022-04-11_15h12.52.409,Cat face rating experiment_1500-2000,2021.1.4,Win32,143.7607821
,,,,,,space,1.6608,4,1.4525,0,55,55,55,1,55,images/pixabay_cat_000591.jpg,Eddy,001,2022-04-11_15h12.52.409,Cat face rating experiment_1500-2000,2021.1.4,Win32,143.7607821
,,,,,,space,2.7084,6,2.4309,0,56,56,56,1,56,images/pixabay_cat_001379.jpg,Eddy,001,2022-04-11_15h12.52.409,Cat face rating experiment_1500-2000,2021.1.4,Win32,143.7607821
,,,,,,space,5.8403,5,5.6567,0,57,57,57,1,57,images/pixabay_cat_004126.jpg,Eddy,001,2022-04-11_15h12.52.409,Cat face rating experiment_1500-2000,2021.1.4,Win32,143.7607821
,,,,,,space,2.473,6,1.9189,0,58,58,58,1,58,images/pixabay_cat_003869.jpg,Eddy,001,2022-04-11_15h12.52.409,Cat face rating experiment_1500-2000,2021.1.4,Win32,143.7607821
,,,,,,space,1.9634,6,1.7176,0,59,59,59,1,59,images/flickr_cat_000454.jpg,Eddy,001,2022-04-11_15h12.52.409,Cat face rating experiment_1500-2000,2021.1.4,Win32,143.7607821
,,,,,,space,2.9066,3,2.6745,0,60,60,60,1,60,images/pixabay_cat_001816.jpg,Eddy,001,2022-04-11_15h12.52.409,Cat face rating experiment_1500-2000,2021.1.4,Win32,143.7607821
,,,,,,space,1.1982,,,0,61,61,61,1,61,images/pixabay_cat_003220.jpg,Eddy,001,2022-04-11_15h12.52.409,Cat face rating experiment_1500-2000,2021.1.4,Win32,143.7607821
,,,,,,space,2.2857,5,1.7787,0,62,62,62,1,62,images/flickr_cat_000103.jpg,Eddy,001,2022-04-11_15h12.52.409,Cat face rating experiment_1500-2000,2021.1.4,Win32,143.7607821
,,,,,,space,3.1171,5,1.9771,0,63,63,63,1,63,images/pixabay_cat_004407.jpg,Eddy,001,2022-04-11_15h12.52.409,Cat face rating experiment_1500-2000,2021.1.4,Win32,143.7607821
,,,,,,space,1.9078,,,0,64,64,64,1,64,images/pixabay_cat_000642.jpg,Eddy,001,2022-04-11_15h12.52.409,Cat face rating experiment_1500-2000,2021.1.4,Win32,143.7607821
,,,,,,space,2.37,3,1.0062,0,65,65,65,1,65,images/pixabay_cat_002840.jpg,Eddy,001,2022-04-11_15h12.52.409,Cat face rating experiment_1500-2000,2021.1.4,Win32,143.7607821
,,,,,,space,0.9731,,,0,66,66,66,1,66,images/pixabay_cat_000795.jpg,Eddy,001,2022-04-11_15h12.52.409,Cat face rating experiment_1500-2000,2021.1.4,Win32,143.7607821
,,,,,,space,1.5426,,,0,67,67,67,1,67,images/pixabay_cat_000477.jpg,Eddy,001,2022-04-11_15h12.52.409,Cat face rating experiment_1500-2000,2021.1.4,Win32,143.7607821
,,,,,,space,1.3832,5,1.1906,0,68,68,68,1,68,images/flickr_cat_000561.jpg,Eddy,001,2022-04-11_15h12.52.409,Cat face rating experiment_1500-2000,2021.1.4,Win32,143.7607821
,,,,,,space,1.1661,3,0.9898,0,69,69,69,1,69,images/pixabay_cat_001879.jpg,Eddy,001,2022-04-11_15h12.52.409,Cat face rating experiment_1500-2000,2021.1.4,Win32,143.7607821
,,,,,,space,1.8639,3,1.5373,0,70,70,70,1,70,images/pixabay_cat_002131.jpg,Eddy,001,2022-04-11_15h12.52.409,Cat face rating experiment_1500-2000,2021.1.4,Win32,143.7607821
,,,,,,space,3.2139,3,2.5027,0,71,71,71,1,71,images/pixabay_cat_004348.jpg,Eddy,001,2022-04-11_15h12.52.409,Cat face rating experiment_1500-2000,2021.1.4,Win32,143.7607821
,,,,,,space,2.8322,,,0,72,72,72,1,72,images/pixabay_cat_000038.jpg,Eddy,001,2022-04-11_15h12.52.409,Cat face rating experiment_1500-2000,2021.1.4,Win32,143.7607821
,,,,,,space,1.0566,,,0,73,73,73,1,73,images/pixabay_cat_004613.jpg,Eddy,001,2022-04-11_15h12.52.409,Cat face rating experiment_1500-2000,2021.1.4,Win32,143.7607821
,,,,,,space,1.458,,,0,74,74,74,1,74,images/pixabay_cat_000806.jpg,Eddy,001,2022-04-11_15h12.52.409,Cat face rating experiment_1500-2000,2021.1.4,Win32,143.7607821
,,,,,,space,0.8101,,,0,75,75,75,1,75,images/pixabay_cat_002165.jpg,Eddy,001,2022-04-11_15h12.52.409,Cat face rating experiment_1500-2000,2021.1.4,Win32,143.7607821
,,,,,,space,0.8683,,,0,76,76,76,1,76,images/pixabay_cat_001488.jpg,Eddy,001,2022-04-11_15h12.52.409,Cat face rating experiment_1500-2000,2021.1.4,Win32,143.7607821
,,,,,,space,1.2406,,,0,77,77,77,1,77,images/flickr_cat_000383.jpg,Eddy,001,2022-04-11_15h12.52.409,Cat face rating experiment_1500-2000,2021.1.4,Win32,143.7607821
,,,,,,space,2.311,,,0,78,78,78,1,78,images/pixabay_cat_002588.jpg,Eddy,001,2022-04-11_15h12.52.409,Cat face rating experiment_1500-2000,2021.1.4,Win32,143.7607821
,,,,,,space,2.3752,3,2.124,0,79,79,79,1,79,images/flickr_cat_000708.jpg,Eddy,001,2022-04-11_15h12.52.409,Cat face rating experiment_1500-2000,2021.1.4,Win32,143.7607821
,,,,,,space,1.3612,,,0,80,80,80,1,80,images/pixabay_cat_004532.jpg,Eddy,001,2022-04-11_15h12.52.409,Cat face rating experiment_1500-2000,2021.1.4,Win32,143.7607821
,,,,,,space,1.7509,3,1.395,0,81,81,81,1,81,images/pixabay_cat_004277.jpg,Eddy,001,2022-04-11_15h12.52.409,Cat face rating experiment_1500-2000,2021.1.4,Win32,143.7607821
,,,,,,space,1.0546,,,0,82,82,82,1,82,images/pixabay_cat_002731.jpg,Eddy,001,2022-04-11_15h12.52.409,Cat face rating experiment_1500-2000,2021.1.4,Win32,143.7607821
,,,,,,space,1.4361,3,1.1771,0,83,83,83,1,83,images/flickr_cat_000355.jpg,Eddy,001,2022-04-11_15h12.52.409,Cat face rating experiment_1500-2000,2021.1.4,Win32,143.7607821
,,,,,,space,1.4456,2,1.1263,0,84,84,84,1,84,images/pixabay_cat_002654.jpg,Eddy,001,2022-04-11_15h12.52.409,Cat face rating experiment_1500-2000,2021.1.4,Win32,143.7607821
,,,,,,space,2.6867,5,2.447,0,85,85,85,1,85,images/pixabay_cat_003904.jpg,Eddy,001,2022-04-11_15h12.52.409,Cat face rating experiment_1500-2000,2021.1.4,Win32,143.7607821
,,,,,,space,0.8127,,,0,86,86,86,1,86,images/pixabay_cat_004511.jpg,Eddy,001,2022-04-11_15h12.52.409,Cat face rating experiment_1500-2000,2021.1.4,Win32,143.7607821
,,,,,,space,0.7667,,,0,87,87,87,1,87,images/pixabay_cat_000717.jpg,Eddy,001,2022-04-11_15h12.52.409,Cat face rating experiment_1500-2000,2021.1.4,Win32,143.7607821
,,,,,,space,1.8366,3,1.6922,0,88,88,88,1,88,images/pixabay_cat_001854.jpg,Eddy,001,2022-04-11_15h12.52.409,Cat face rating experiment_1500-2000,2021.1.4,Win32,143.7607821
,,,,,,space,1.8552,,,0,89,89,89,1,89,images/pixabay_cat_000384.jpg,Eddy,001,2022-04-11_15h12.52.409,Cat face rating experiment_1500-2000,2021.1.4,Win32,143.7607821
,,,,,,space,1.4989,5,1.268,0,90,90,90,1,90,images/pixabay_cat_003045.jpg,Eddy,001,2022-04-11_15h12.52.409,Cat face rating experiment_1500-2000,2021.1.4,Win32,143.7607821
,,,,,,space,1.5472,3,1.3187,0,91,91,91,1,91,images/pixabay_cat_001750.jpg,Eddy,001,2022-04-11_15h12.52.409,Cat face rating experiment_1500-2000,2021.1.4,Win32,143.7607821
,,,,,,space,3.3114,,,0,92,92,92,1,92,images/pixabay_cat_000994.jpg,Eddy,001,2022-04-11_15h12.52.409,Cat face rating experiment_1500-2000,2021.1.4,Win32,143.7607821
,,,,,,space,5.1722,5,4.9736,0,93,93,93,1,93,images/pixabay_cat_000462.jpg,Eddy,001,2022-04-11_15h12.52.409,Cat face rating experiment_1500-2000,2021.1.4,Win32,143.7607821
,,,,,,space,1.7472,5,1.524,0,94,94,94,1,94,images/pixabay_cat_004651.jpg,Eddy,001,2022-04-11_15h12.52.409,Cat face rating experiment_1500-2000,2021.1.4,Win32,143.7607821
,,,,,,space,7.8068,5,7.2279,0,95,95,95,1,95,images/pixabay_cat_002093.jpg,Eddy,001,2022-04-11_15h12.52.409,Cat face rating experiment_1500-2000,2021.1.4,Win32,143.7607821
,,,,,,space,1.0348,,,0,96,96,96,1,96,images/flickr_cat_000775.jpg,Eddy,001,2022-04-11_15h12.52.409,Cat face rating experiment_1500-2000,2021.1.4,Win32,143.7607821
,,,,,,space,1.8822,3,1.7303,0,97,97,97,1,97,images/pixabay_cat_003697.jpg,Eddy,001,2022-04-11_15h12.52.409,Cat face rating experiment_1500-2000,2021.1.4,Win32,143.7607821
,,,,,,space,1.1407,,,0,98,98,98,1,98,images/pixabay_cat_000600.jpg,Eddy,001,2022-04-11_15h12.52.409,Cat face rating experiment_1500-2000,2021.1.4,Win32,143.7607821
,,,,,,space,2.6107,,,0,99,99,99,1,99,images/pixabay_cat_001601.jpg,Eddy,001,2022-04-11_15h12.52.409,Cat face rating experiment_1500-2000,2021.1.4,Win32,143.7607821
,,,,,,space,2.0387,5,1.7935,0,100,100,100,1,100,images/pixabay_cat_001283.jpg,Eddy,001,2022-04-11_15h12.52.409,Cat face rating experiment_1500-2000,2021.1.4,Win32,143.7607821
,,,,,,space,1.6249,,,0,101,101,101,1,101,images/pixabay_cat_000909.jpg,Eddy,001,2022-04-11_15h12.52.409,Cat face rating experiment_1500-2000,2021.1.4,Win32,143.7607821
,,,,,,space,0.9688,,,0,102,102,102,1,102,images/pixabay_cat_003462.jpg,Eddy,001,2022-04-11_15h12.52.409,Cat face rating experiment_1500-2000,2021.1.4,Win32,143.7607821
,,,,,,space,1.6601,3,1.454,0,103,103,103,1,103,images/pixabay_cat_003967.jpg,Eddy,001,2022-04-11_15h12.52.409,Cat face rating experiment_1500-2000,2021.1.4,Win32,143.7607821
,,,,,,space,1.3525,3,0.9674,0,104,104,104,1,104,images/flickr_cat_000801.jpg,Eddy,001,2022-04-11_15h12.52.409,Cat face rating experiment_1500-2000,2021.1.4,Win32,143.7607821
,,,,,,space,1.2799,,,0,105,105,105,1,105,images/pixabay_cat_001691.jpg,Eddy,001,2022-04-11_15h12.52.409,Cat face rating experiment_1500-2000,2021.1.4,Win32,143.7607821
,,,,,,space,1.1152,,,0,106,106,106,1,106,images/pixabay_cat_003864.jpg,Eddy,001,2022-04-11_15h12.52.409,Cat face rating experiment_1500-2000,2021.1.4,Win32,143.7607821
,,,,,,space,1.2628,,,0,107,107,107,1,107,images/pixabay_cat_001475.jpg,Eddy,001,2022-04-11_15h12.52.409,Cat face rating experiment_1500-2000,2021.1.4,Win32,143.7607821
,,,,,,space,2.1477,,,0,108,108,108,1,108,images/pixabay_cat_000727.jpg,Eddy,001,2022-04-11_15h12.52.409,Cat face rating experiment_1500-2000,2021.1.4,Win32,143.7607821
,,,,,,space,0.896,,,0,109,109,109,1,109,images/pixabay_cat_001935.jpg,Eddy,001,2022-04-11_15h12.52.409,Cat face rating experiment_1500-2000,2021.1.4,Win32,143.7607821
,,,,,,space,0.8161,,,0,110,110,110,1,110,images/pixabay_cat_002229.jpg,Eddy,001,2022-04-11_15h12.52.409,Cat face rating experiment_1500-2000,2021.1.4,Win32,143.7607821
,,,,,,space,1.2588,5,1.1207,0,111,111,111,1,111,images/pixabay_cat_002092.jpg,Eddy,001,2022-04-11_15h12.52.409,Cat face rating experiment_1500-2000,2021.1.4,Win32,143.7607821
,,,,,,space,1.8343,3,1.6828,0,112,112,112,1,112,images/flickr_cat_000362.jpg,Eddy,001,2022-04-11_15h12.52.409,Cat face rating experiment_1500-2000,2021.1.4,Win32,143.7607821
,,,,,,space,1.3476,6,1.1919,0,113,113,113,1,113,images/pixabay_cat_000170.jpg,Eddy,001,2022-04-11_15h12.52.409,Cat face rating experiment_1500-2000,2021.1.4,Win32,143.7607821
,,,,,,space,2.6438,3,2.4829,0,114,114,114,1,114,images/pixabay_cat_000320.jpg,Eddy,001,2022-04-11_15h12.52.409,Cat face rating experiment_1500-2000,2021.1.4,Win32,143.7607821
,,,,,,space,1.1567,,,0,115,115,115,1,115,images/pixabay_cat_002328.jpg,Eddy,001,2022-04-11_15h12.52.409,Cat face rating experiment_1500-2000,2021.1.4,Win32,143.7607821
,,,,,,space,2.0923,5,1.4944,0,116,116,116,1,116,images/pixabay_cat_003144.jpg,Eddy,001,2022-04-11_15h12.52.409,Cat face rating experiment_1500-2000,2021.1.4,Win32,143.7607821
,,,,,,space,2.4893,4,2.0317,0,117,117,117,1,117,images/flickr_cat_000594.jpg,Eddy,001,2022-04-11_15h12.52.409,Cat face rating experiment_1500-2000,2021.1.4,Win32,143.7607821
,,,,,,space,3.1108,,,0,118,118,118,1,118,images/pixabay_cat_004134.jpg,Eddy,001,2022-04-11_15h12.52.409,Cat face rating experiment_1500-2000,2021.1.4,Win32,143.7607821
,,,,,,space,3.2708,6,2.7745,0,119,119,119,1,119,images/pixabay_cat_004111.jpg,Eddy,001,2022-04-11_15h12.52.409,Cat face rating experiment_1500-2000,2021.1.4,Win32,143.7607821
,,,,,,space,2.2196,3,1.9261,0,120,120,120,1,120,images/flickr_cat_000332.jpg,Eddy,001,2022-04-11_15h12.52.409,Cat face rating experiment_1500-2000,2021.1.4,Win32,143.7607821
,,,,,,space,1.8878,3,1.4059,0,121,121,121,1,121,images/pixabay_cat_003928.jpg,Eddy,001,2022-04-11_15h12.52.409,Cat face rating experiment_1500-2000,2021.1.4,Win32,143.7607821
,,,,,,space,1.5608,6,1.3977,0,122,122,122,1,122,images/pixabay_cat_003182.jpg,Eddy,001,2022-04-11_15h12.52.409,Cat face rating experiment_1500-2000,2021.1.4,Win32,143.7607821
,,,,,,space,1.1965,5,1.01,0,123,123,123,1,123,images/pixabay_cat_000891.jpg,Eddy,001,2022-04-11_15h12.52.409,Cat face rating experiment_1500-2000,2021.1.4,Win32,143.7607821
,,,,,,space,0.9765,,,0,124,124,124,1,124,images/flickr_cat_000457.jpg,Eddy,001,2022-04-11_15h12.52.409,Cat face rating experiment_1500-2000,2021.1.4,Win32,143.7607821
,,,,,,space,1.291,5,1.1273,0,125,125,125,1,125,images/flickr_cat_000150.jpg,Eddy,001,2022-04-11_15h12.52.409,Cat face rating experiment_1500-2000,2021.1.4,Win32,143.7607821
,,,,,,space,1.5625,5,1.3051,0,126,126,126,1,126,images/pixabay_cat_004149.jpg,Eddy,001,2022-04-11_15h12.52.409,Cat face rating experiment_1500-2000,2021.1.4,Win32,143.7607821
,,,,,,space,1.1799,3,1.03,0,127,127,127,1,127,images/pixabay_cat_001618.jpg,Eddy,001,2022-04-11_15h12.52.409,Cat face rating experiment_1500-2000,2021.1.4,Win32,143.7607821
,,,,,,space,2.2351,2,1.8916,0,128,128,128,1,128,images/pixabay_cat_002473.jpg,Eddy,001,2022-04-11_15h12.52.409,Cat face rating experiment_1500-2000,2021.1.4,Win32,143.7607821
,,,,,,space,1.0597,3,0.8785,0,129,129,129,1,129,images/pixabay_cat_002708.jpg,Eddy,001,2022-04-11_15h12.52.409,Cat face rating experiment_1500-2000,2021.1.4,Win32,143.7607821
,,,,,,space,2.2889,5,2.1292,0,130,130,130,1,130,images/pixabay_cat_003098.jpg,Eddy,001,2022-04-11_15h12.52.409,Cat face rating experiment_1500-2000,2021.1.4,Win32,143.7607821
,,,,,,space,2.2894,2,1.6083,0,131,131,131,1,131,images/pixabay_cat_001374.jpg,Eddy,001,2022-04-11_15h12.52.409,Cat face rating experiment_1500-2000,2021.1.4,Win32,143.7607821
,,,,,,space,1.5544,3,1.2007,0,132,132,132,1,132,images/pixabay_cat_004037.jpg,Eddy,001,2022-04-11_15h12.52.409,Cat face rating experiment_1500-2000,2021.1.4,Win32,143.7607821
,,,,,,space,1.0137,,,0,133,133,133,1,133,images/flickr_cat_000280.jpg,Eddy,001,2022-04-11_15h12.52.409,Cat face rating experiment_1500-2000,2021.1.4,Win32,143.7607821
,,,,,,space,6.2118,,,0,134,134,134,1,134,images/pixabay_cat_004455.jpg,Eddy,001,2022-04-11_15h12.52.409,Cat face rating experiment_1500-2000,2021.1.4,Win32,143.7607821
,,,,,,space,5.4989,3,1.2142,0,135,135,135,1,135,images/pixabay_cat_002524.jpg,Eddy,001,2022-04-11_15h12.52.409,Cat face rating experiment_1500-2000,2021.1.4,Win32,143.7607821
,,,,,,space,1.6244,,,0,136,136,136,1,136,images/pixabay_cat_003944.jpg,Eddy,001,2022-04-11_15h12.52.409,Cat face rating experiment_1500-2000,2021.1.4,Win32,143.7607821
,,,,,,space,8.207,5,7.837,0,137,137,137,1,137,images/pixabay_cat_001175.jpg,Eddy,001,2022-04-11_15h12.52.409,Cat face rating experiment_1500-2000,2021.1.4,Win32,143.7607821
,,,,,,space,0.9683,,,0,138,138,138,1,138,images/pixabay_cat_003093.jpg,Eddy,001,2022-04-11_15h12.52.409,Cat face rating experiment_1500-2000,2021.1.4,Win32,143.7607821
,,,,,,space,6.9479,2,6.5386,0,139,139,139,1,139,images/pixabay_cat_002029.jpg,Eddy,001,2022-04-11_15h12.52.409,Cat face rating experiment_1500-2000,2021.1.4,Win32,143.7607821
,,,,,,space,1.7338,6,1.4471,0,140,140,140,1,140,images/pixabay_cat_000452.jpg,Eddy,001,2022-04-11_15h12.52.409,Cat face rating experiment_1500-2000,2021.1.4,Win32,143.7607821
,,,,,,space,3.889,6,2.9816,0,141,141,141,1,141,images/pixabay_cat_002375.jpg,Eddy,001,2022-04-11_15h12.52.409,Cat face rating experiment_1500-2000,2021.1.4,Win32,143.7607821
,,,,,,space,1.0469,5,0.8288,0,142,142,142,1,142,images/pixabay_cat_002139.jpg,Eddy,001,2022-04-11_15h12.52.409,Cat face rating experiment_1500-2000,2021.1.4,Win32,143.7607821
,,,,,,space,0.9904,,,0,143,143,143,1,143,images/flickr_cat_000028.jpg,Eddy,001,2022-04-11_15h12.52.409,Cat face rating experiment_1500-2000,2021.1.4,Win32,143.7607821
,,,,,,space,1.9182,5,1.1921,0,144,144,144,1,144,images/flickr_cat_000397.jpg,Eddy,001,2022-04-11_15h12.52.409,Cat face rating experiment_1500-2000,2021.1.4,Win32,143.7607821
,,,,,,space,0.7097,,,0,145,145,145,1,145,images/pixabay_cat_001284.jpg,Eddy,001,2022-04-11_15h12.52.409,Cat face rating experiment_1500-2000,2021.1.4,Win32,143.7607821
,,,,,,space,2.0493,2,1.2911,0,146,146,146,1,146,images/pixabay_cat_001210.jpg,Eddy,001,2022-04-11_15h12.52.409,Cat face rating experiment_1500-2000,2021.1.4,Win32,143.7607821
,,,,,,space,1.5264,5,1.221,0,147,147,147,1,147,images/pixabay_cat_001851.jpg,Eddy,001,2022-04-11_15h12.52.409,Cat face rating experiment_1500-2000,2021.1.4,Win32,143.7607821
,,,,,,space,2.4638,2,1.8339,0,148,148,148,1,148,images/pixabay_cat_000495.jpg,Eddy,001,2022-04-11_15h12.52.409,Cat face rating experiment_1500-2000,2021.1.4,Win32,143.7607821
,,,,,,space,1.7736,,,0,149,149,149,1,149,images/pixabay_cat_001112.jpg,Eddy,001,2022-04-11_15h12.52.409,Cat face rating experiment_1500-2000,2021.1.4,Win32,143.7607821
,,,,,,space,1.0242,,,0,150,150,150,1,150,images/pixabay_cat_003579.jpg,Eddy,001,2022-04-11_15h12.52.409,Cat face rating experiment_1500-2000,2021.1.4,Win32,143.7607821
,,,,,,space,0.7753,,,0,151,151,151,1,151,images/pixabay_cat_000674.jpg,Eddy,001,2022-04-11_15h12.52.409,Cat face rating experiment_1500-2000,2021.1.4,Win32,143.7607821
,,,,,,space,1.7517,,,0,152,152,152,1,152,images/pixabay_cat_000646.jpg,Eddy,001,2022-04-11_15h12.52.409,Cat face rating experiment_1500-2000,2021.1.4,Win32,143.7607821
,,,,,,space,1.3622,3,1.0985,0,153,153,153,1,153,images/pixabay_cat_001329.jpg,Eddy,001,2022-04-11_15h12.52.409,Cat face rating experiment_1500-2000,2021.1.4,Win32,143.7607821
,,,,,,space,0.8325,,,0,154,154,154,1,154,images/pixabay_cat_002635.jpg,Eddy,001,2022-04-11_15h12.52.409,Cat face rating experiment_1500-2000,2021.1.4,Win32,143.7607821
,,,,,,space,1.6726,5,1.3219,0,155,155,155,1,155,images/pixabay_cat_003903.jpg,Eddy,001,2022-04-11_15h12.52.409,Cat face rating experiment_1500-2000,2021.1.4,Win32,143.7607821
,,,,,,space,1.4308,5,1.3126,0,156,156,156,1,156,images/pixabay_cat_001264.jpg,Eddy,001,2022-04-11_15h12.52.409,Cat face rating experiment_1500-2000,2021.1.4,Win32,143.7607821
,,,,,,space,1.3873,,,0,157,157,157,1,157,images/pixabay_cat_000765.jpg,Eddy,001,2022-04-11_15h12.52.409,Cat face rating experiment_1500-2000,2021.1.4,Win32,143.7607821
,,,,,,space,1.7744,3,1.2313,0,158,158,158,1,158,images/flickr_cat_000440.jpg,Eddy,001,2022-04-11_15h12.52.409,Cat face rating experiment_1500-2000,2021.1.4,Win32,143.7607821
,,,,,,space,2.7068,4,2.3773,0,159,159,159,1,159,images/pixabay_cat_001277.jpg,Eddy,001,2022-04-11_15h12.52.409,Cat face rating experiment_1500-2000,2021.1.4,Win32,143.7607821
,,,,,,space,3.0938,,,0,160,160,160,1,160,images/flickr_cat_000224.jpg,Eddy,001,2022-04-11_15h12.52.409,Cat face rating experiment_1500-2000,2021.1.4,Win32,143.7607821
,,,,,,space,2.9929,3,2.6699,0,161,161,161,1,161,images/pixabay_cat_002745.jpg,Eddy,001,2022-04-11_15h12.52.409,Cat face rating experiment_1500-2000,2021.1.4,Win32,143.7607821
,,,,,,space,1.9196,2,1.3082,0,162,162,162,1,162,images/pixabay_cat_002838.jpg,Eddy,001,2022-04-11_15h12.52.409,Cat face rating experiment_1500-2000,2021.1.4,Win32,143.7607821
,,,,,,space,2.8888,5,1.9559,0,163,163,163,1,163,images/pixabay_cat_003885.jpg,Eddy,001,2022-04-11_15h12.52.409,Cat face rating experiment_1500-2000,2021.1.4,Win32,143.7607821
,,,,,,space,2.1865,6,0.8983,0,164,164,164,1,164,images/pixabay_cat_001902.jpg,Eddy,001,2022-04-11_15h12.52.409,Cat face rating experiment_1500-2000,2021.1.4,Win32,143.7607821
,,,,,,space,1.0502,5,0.8757,0,165,165,165,1,165,images/pixabay_cat_003364.jpg,Eddy,001,2022-04-11_15h12.52.409,Cat face rating experiment_1500-2000,2021.1.4,Win32,143.7607821
,,,,,,space,1.4587,3,1.201,0,166,166,166,1,166,images/pixabay_cat_000797.jpg,Eddy,001,2022-04-11_15h12.52.409,Cat face rating experiment_1500-2000,2021.1.4,Win32,143.7607821
,,,,,,space,1.9979,2,1.1554,0,167,167,167,1,167,images/pixabay_cat_001715.jpg,Eddy,001,2022-04-11_15h12.52.409,Cat face rating experiment_1500-2000,2021.1.4,Win32,143.7607821
,,,,,,space,1.9117,6,1.7318,0,168,168,168,1,168,images/pixabay_cat_000378.jpg,Eddy,001,2022-04-11_15h12.52.409,Cat face rating experiment_1500-2000,2021.1.4,Win32,143.7607821
,,,,,,space,1.4514,6,1.308,0,169,169,169,1,169,images/pixabay_cat_001024.jpg,Eddy,001,2022-04-11_15h12.52.409,Cat face rating experiment_1500-2000,2021.1.4,Win32,143.7607821
,,,,,,space,2.7102,4,2.4259,0,170,170,170,1,170,images/pixabay_cat_003640.jpg,Eddy,001,2022-04-11_15h12.52.409,Cat face rating experiment_1500-2000,2021.1.4,Win32,143.7607821
,,,,,,space,1.9729,5,1.8236,0,171,171,171,1,171,images/pixabay_cat_003879.jpg,Eddy,001,2022-04-11_15h12.52.409,Cat face rating experiment_1500-2000,2021.1.4,Win32,143.7607821
,,,,,,space,0.8108,,,0,172,172,172,1,172,images/pixabay_cat_000220.jpg,Eddy,001,2022-04-11_15h12.52.409,Cat face rating experiment_1500-2000,2021.1.4,Win32,143.7607821
,,,,,,space,1.5165,3,1.3288,0,173,173,173,1,173,images/pixabay_cat_001015.jpg,Eddy,001,2022-04-11_15h12.52.409,Cat face rating experiment_1500-2000,2021.1.4,Win32,143.7607821
,,,,,,space,3.8766,5,3.0115,0,174,174,174,1,174,images/pixabay_cat_004772.jpg,Eddy,001,2022-04-11_15h12.52.409,Cat face rating experiment_1500-2000,2021.1.4,Win32,143.7607821
,,,,,,space,1.5058,5,1.3315,0,175,175,175,1,175,images/pixabay_cat_002483.jpg,Eddy,001,2022-04-11_15h12.52.409,Cat face rating experiment_1500-2000,2021.1.4,Win32,143.7607821
,,,,,,space,3.1188,3,2.4036,0,176,176,176,1,176,images/pixabay_cat_003453.jpg,Eddy,001,2022-04-11_15h12.52.409,Cat face rating experiment_1500-2000,2021.1.4,Win32,143.7607821
,,,,,,space,1.0789,,,0,177,177,177,1,177,images/flickr_cat_000086.jpg,Eddy,001,2022-04-11_15h12.52.409,Cat face rating experiment_1500-2000,2021.1.4,Win32,143.7607821
,,,,,,space,2.2609,,,0,178,178,178,1,178,images/flickr_cat_000293.jpg,Eddy,001,2022-04-11_15h12.52.409,Cat face rating experiment_1500-2000,2021.1.4,Win32,143.7607821
,,,,,,space,2.3824,3,1.7361,0,179,179,179,1,179,images/pixabay_cat_001420.jpg,Eddy,001,2022-04-11_15h12.52.409,Cat face rating experiment_1500-2000,2021.1.4,Win32,143.7607821
,,,,,,space,2.2513,,,0,180,180,180,1,180,images/pixabay_cat_004469.jpg,Eddy,001,2022-04-11_15h12.52.409,Cat face rating experiment_1500-2000,2021.1.4,Win32,143.7607821
,,,,,,space,1.1695,,,0,181,181,181,1,181,images/pixabay_cat_000758.jpg,Eddy,001,2022-04-11_15h12.52.409,Cat face rating experiment_1500-2000,2021.1.4,Win32,143.7607821
,,,,,,space,3.2513,3,3.0734,0,182,182,182,1,182,images/pixabay_cat_002817.jpg,Eddy,001,2022-04-11_15h12.52.409,Cat face rating experiment_1500-2000,2021.1.4,Win32,143.7607821
,,,,,,space,1.4528,3,1.0989,0,183,183,183,1,183,images/pixabay_cat_000918.jpg,Eddy,001,2022-04-11_15h12.52.409,Cat face rating experiment_1500-2000,2021.1.4,Win32,143.7607821
,,,,,,space,11.7146,3,11.2623,0,184,184,184,1,184,images/flickr_cat_000645.jpg,Eddy,001,2022-04-11_15h12.52.409,Cat face rating experiment_1500-2000,2021.1.4,Win32,143.7607821
,,,,,,space,1.4238,6,1.1836,0,185,185,185,1,185,images/pixabay_cat_000899.jpg,Eddy,001,2022-04-11_15h12.52.409,Cat face rating experiment_1500-2000,2021.1.4,Win32,143.7607821
,,,,,,space,2.3966,3,2.1817,0,186,186,186,1,186,images/pixabay_cat_002527.jpg,Eddy,001,2022-04-11_15h12.52.409,Cat face rating experiment_1500-2000,2021.1.4,Win32,143.7607821
,,,,,,space,1.9112,3,1.3717,0,187,187,187,1,187,images/pixabay_cat_000965.jpg,Eddy,001,2022-04-11_15h12.52.409,Cat face rating experiment_1500-2000,2021.1.4,Win32,143.7607821
,,,,,,space,1.809,,,0,188,188,188,1,188,images/pixabay_cat_004526.jpg,Eddy,001,2022-04-11_15h12.52.409,Cat face rating experiment_1500-2000,2021.1.4,Win32,143.7607821
,,,,,,space,0.7742,,,0,189,189,189,1,189,images/pixabay_cat_001588.jpg,Eddy,001,2022-04-11_15h12.52.409,Cat face rating experiment_1500-2000,2021.1.4,Win32,143.7607821
,,,,,,space,0.9824,,,0,190,190,190,1,190,images/flickr_cat_000465.jpg,Eddy,001,2022-04-11_15h12.52.409,Cat face rating experiment_1500-2000,2021.1.4,Win32,143.7607821
,,,,,,space,0.794,,,0,191,191,191,1,191,images/pixabay_cat_003608.jpg,Eddy,001,2022-04-11_15h12.52.409,Cat face rating experiment_1500-2000,2021.1.4,Win32,143.7607821
,,,,,,space,1.3723,3,1.1786,0,192,192,192,1,192,images/pixabay_cat_002593.jpg,Eddy,001,2022-04-11_15h12.52.409,Cat face rating experiment_1500-2000,2021.1.4,Win32,143.7607821
,,,,,,space,1.1937,,,0,193,193,193,1,193,images/pixabay_cat_004650.jpg,Eddy,001,2022-04-11_15h12.52.409,Cat face rating experiment_1500-2000,2021.1.4,Win32,143.7607821
,,,,,,space,1.552,3,1.2274,0,194,194,194,1,194,images/flickr_cat_000069.jpg,Eddy,001,2022-04-11_15h12.52.409,Cat face rating experiment_1500-2000,2021.1.4,Win32,143.7607821
,,,,,,space,1.5536,,,0,195,195,195,1,195,images/flickr_cat_000273.jpg,Eddy,001,2022-04-11_15h12.52.409,Cat face rating experiment_1500-2000,2021.1.4,Win32,143.7607821
,,,,,,space,1.2246,,,0,196,196,196,1,196,images/flickr_cat_000527.jpg,Eddy,001,2022-04-11_15h12.52.409,Cat face rating experiment_1500-2000,2021.1.4,Win32,143.7607821
,,,,,,space,1.7541,3,1.5723,0,197,197,197,1,197,images/pixabay_cat_003714.jpg,Eddy,001,2022-04-11_15h12.52.409,Cat face rating experiment_1500-2000,2021.1.4,Win32,143.7607821
,,,,,,space,1.8716,5,1.4859,0,198,198,198,1,198,images/pixabay_cat_001518.jpg,Eddy,001,2022-04-11_15h12.52.409,Cat face rating experiment_1500-2000,2021.1.4,Win32,143.7607821
,,,,,,space,1.2335,3,1.0782,0,199,199,199,1,199,images/pixabay_cat_000206.jpg,Eddy,001,2022-04-11_15h12.52.409,Cat face rating experiment_1500-2000,2021.1.4,Win32,143.7607821
,,,,,,space,0.856,,,0,200,200,200,1,200,images/pixabay_cat_003658.jpg,Eddy,001,2022-04-11_15h12.52.409,Cat face rating experiment_1500-2000,2021.1.4,Win32,143.7607821
,,,,,,space,1.8982,3,1.7053,0,201,201,201,1,201,images/flickr_cat_000445.jpg,Eddy,001,2022-04-11_15h12.52.409,Cat face rating experiment_1500-2000,2021.1.4,Win32,143.7607821
,,,,,,space,2.9313,,,0,202,202,202,1,202,images/pixabay_cat_001711.jpg,Eddy,001,2022-04-11_15h12.52.409,Cat face rating experiment_1500-2000,2021.1.4,Win32,143.7607821
,,,,,,space,0.5389,,,0,203,203,203,1,203,images/pixabay_cat_001921.jpg,Eddy,001,2022-04-11_15h12.52.409,Cat face rating experiment_1500-2000,2021.1.4,Win32,143.7607821
,,,,,,space,0.7382,,,0,204,204,204,1,204,images/pixabay_cat_004486.jpg,Eddy,001,2022-04-11_15h12.52.409,Cat face rating experiment_1500-2000,2021.1.4,Win32,143.7607821
,,,,,,space,1.4013,,,0,205,205,205,1,205,images/pixabay_cat_001358.jpg,Eddy,001,2022-04-11_15h12.52.409,Cat face rating experiment_1500-2000,2021.1.4,Win32,143.7607821
,,,,,,space,2.1352,,,0,206,206,206,1,206,images/pixabay_cat_001700.jpg,Eddy,001,2022-04-11_15h12.52.409,Cat face rating experiment_1500-2000,2021.1.4,Win32,143.7607821
,,,,,,space,2.759,6,2.593,0,207,207,207,1,207,images/pixabay_cat_003619.jpg,Eddy,001,2022-04-11_15h12.52.409,Cat face rating experiment_1500-2000,2021.1.4,Win32,143.7607821
,,,,,,space,1.1312,6,0.9746,0,208,208,208,1,208,images/flickr_cat_000186.jpg,Eddy,001,2022-04-11_15h12.52.409,Cat face rating experiment_1500-2000,2021.1.4,Win32,143.7607821
,,,,,,space,478.2331,6,448.3429,0,209,209,209,1,209,images/pixabay_cat_004308.jpg,Eddy,001,2022-04-11_15h12.52.409,Cat face rating experiment_1500-2000,2021.1.4,Win32,143.7607821
,,,,,,space,31.7265,1,17.7905,0,210,210,210,1,210,images/pixabay_cat_002595.jpg,Eddy,001,2022-04-11_15h12.52.409,Cat face rating experiment_1500-2000,2021.1.4,Win32,143.7607821
,,,,,,space,53.7343,5,53.395,0,211,211,211,1,211,images/flickr_cat_000220.jpg,Eddy,001,2022-04-11_15h12.52.409,Cat face rating experiment_1500-2000,2021.1.4,Win32,143.7607821
,,,,,,space,1.1318,3,0.9127,0,212,212,212,1,212,images/pixabay_cat_000941.jpg,Eddy,001,2022-04-11_15h12.52.409,Cat face rating experiment_1500-2000,2021.1.4,Win32,143.7607821
,,,,,,space,0.836,,,0,213,213,213,1,213,images/pixabay_cat_003146.jpg,Eddy,001,2022-04-11_15h12.52.409,Cat face rating experiment_1500-2000,2021.1.4,Win32,143.7607821
,,,,,,space,1.7563,,,0,214,214,214,1,214,images/flickr_cat_000731.jpg,Eddy,001,2022-04-11_15h12.52.409,Cat face rating experiment_1500-2000,2021.1.4,Win32,143.7607821
,,,,,,space,0.6723,,,0,215,215,215,1,215,images/pixabay_cat_002739.jpg,Eddy,001,2022-04-11_15h12.52.409,Cat face rating experiment_1500-2000,2021.1.4,Win32,143.7607821
,,,,,,space,2.5732,4,1.6533,0,216,216,216,1,216,images/flickr_cat_000450.jpg,Eddy,001,2022-04-11_15h12.52.409,Cat face rating experiment_1500-2000,2021.1.4,Win32,143.7607821
,,,,,,space,1.9081,3,1.6682,0,217,217,217,1,217,images/pixabay_cat_003370.jpg,Eddy,001,2022-04-11_15h12.52.409,Cat face rating experiment_1500-2000,2021.1.4,Win32,143.7607821
,,,,,,space,1.3553,5,1.2316,0,218,218,218,1,218,images/pixabay_cat_002294.jpg,Eddy,001,2022-04-11_15h12.52.409,Cat face rating experiment_1500-2000,2021.1.4,Win32,143.7607821
,,,,,,space,1.4387,5,1.2384,0,219,219,219,1,219,images/flickr_cat_000188.jpg,Eddy,001,2022-04-11_15h12.52.409,Cat face rating experiment_1500-2000,2021.1.4,Win32,143.7607821
,,,,,,space,1.1508,3,0.8516,0,220,220,220,1,220,images/pixabay_cat_002415.jpg,Eddy,001,2022-04-11_15h12.52.409,Cat face rating experiment_1500-2000,2021.1.4,Win32,143.7607821
,,,,,,space,0.9347,,,0,221,221,221,1,221,images/flickr_cat_000353.jpg,Eddy,001,2022-04-11_15h12.52.409,Cat face rating experiment_1500-2000,2021.1.4,Win32,143.7607821
,,,,,,space,1.0555,5,0.9402,0,222,222,222,1,222,images/flickr_cat_000596.jpg,Eddy,001,2022-04-11_15h12.52.409,Cat face rating experiment_1500-2000,2021.1.4,Win32,143.7607821
,,,,,,space,0.9975,6,0.7184,0,223,223,223,1,223,images/pixabay_cat_002113.jpg,Eddy,001,2022-04-11_15h12.52.409,Cat face rating experiment_1500-2000,2021.1.4,Win32,143.7607821
,,,,,,space,1.2409,3,1.1136,0,224,224,224,1,224,images/pixabay_cat_001141.jpg,Eddy,001,2022-04-11_15h12.52.409,Cat face rating experiment_1500-2000,2021.1.4,Win32,143.7607821
,,,,,,space,2.3033,3,2.1517,0,225,225,225,1,225,images/flickr_cat_000631.jpg,Eddy,001,2022-04-11_15h12.52.409,Cat face rating experiment_1500-2000,2021.1.4,Win32,143.7607821
,,,,,,space,1.5566,3,1.4228,0,226,226,226,1,226,images/flickr_cat_000626.jpg,Eddy,001,2022-04-11_15h12.52.409,Cat face rating experiment_1500-2000,2021.1.4,Win32,143.7607821
,,,,,,space,1.6785,,,0,227,227,227,1,227,images/pixabay_cat_004069.jpg,Eddy,001,2022-04-11_15h12.52.409,Cat face rating experiment_1500-2000,2021.1.4,Win32,143.7607821
,,,,,,space,1.8282,5,1.5341,0,228,228,228,1,228,images/pixabay_cat_002926.jpg,Eddy,001,2022-04-11_15h12.52.409,Cat face rating experiment_1500-2000,2021.1.4,Win32,143.7607821
,,,,,,space,0.713,,,0,229,229,229,1,229,images/flickr_cat_000603.jpg,Eddy,001,2022-04-11_15h12.52.409,Cat face rating experiment_1500-2000,2021.1.4,Win32,143.7607821
,,,,,,space,2.7146,2,2.4624,0,230,230,230,1,230,images/pixabay_cat_002481.jpg,Eddy,001,2022-04-11_15h12.52.409,Cat face rating experiment_1500-2000,2021.1.4,Win32,143.7607821
,,,,,,space,1.7267,6,1.4561,0,231,231,231,1,231,images/pixabay_cat_004496.jpg,Eddy,001,2022-04-11_15h12.52.409,Cat face rating experiment_1500-2000,2021.1.4,Win32,143.7607821
,,,,,,space,1.3448,7,1.0949,0,232,232,232,1,232,images/pixabay_cat_001058.jpg,Eddy,001,2022-04-11_15h12.52.409,Cat face rating experiment_1500-2000,2021.1.4,Win32,143.7607821
,,,,,,space,1.1692,6,1.0584,0,233,233,233,1,233,images/pixabay_cat_003858.jpg,Eddy,001,2022-04-11_15h12.52.409,Cat face rating experiment_1500-2000,2021.1.4,Win32,143.7607821
,,,,,,space,2.6046,3,2.0126,0,234,234,234,1,234,images/pixabay_cat_003095.jpg,Eddy,001,2022-04-11_15h12.52.409,Cat face rating experiment_1500-2000,2021.1.4,Win32,143.7607821
,,,,,,space,2.2966,5,2.0512,0,235,235,235,1,235,images/pixabay_cat_001102.jpg,Eddy,001,2022-04-11_15h12.52.409,Cat face rating experiment_1500-2000,2021.1.4,Win32,143.7607821
,,,,,,space,1.3024,3,0.9227,0,236,236,236,1,236,images/pixabay_cat_003561.jpg,Eddy,001,2022-04-11_15h12.52.409,Cat face rating experiment_1500-2000,2021.1.4,Win32,143.7607821
,,,,,,space,0.8351,,,0,237,237,237,1,237,images/pixabay_cat_001904.jpg,Eddy,001,2022-04-11_15h12.52.409,Cat face rating experiment_1500-2000,2021.1.4,Win32,143.7607821
,,,,,,space,1.3894,5,1.1201,0,238,238,238,1,238,images/pixabay_cat_000128.jpg,Eddy,001,2022-04-11_15h12.52.409,Cat face rating experiment_1500-2000,2021.1.4,Win32,143.7607821
,,,,,,space,1.1433,,,0,239,239,239,1,239,images/pixabay_cat_001689.jpg,Eddy,001,2022-04-11_15h12.52.409,Cat face rating experiment_1500-2000,2021.1.4,Win32,143.7607821
,,,,,,space,7.377,3,7.2053,0,240,240,240,1,240,images/pixabay_cat_002493.jpg,Eddy,001,2022-04-11_15h12.52.409,Cat face rating experiment_1500-2000,2021.1.4,Win32,143.7607821
,,,,,,space,1.6056,5,1.1633,0,241,241,241,1,241,images/pixabay_cat_004159.jpg,Eddy,001,2022-04-11_15h12.52.409,Cat face rating experiment_1500-2000,2021.1.4,Win32,143.7607821
,,,,,,space,2.0566,6,1.8371,0,242,242,242,1,242,images/pixabay_cat_001713.jpg,Eddy,001,2022-04-11_15h12.52.409,Cat face rating experiment_1500-2000,2021.1.4,Win32,143.7607821
,,,,,,space,8.4719,3,8.187,0,243,243,243,1,243,images/pixabay_cat_002955.jpg,Eddy,001,2022-04-11_15h12.52.409,Cat face rating experiment_1500-2000,2021.1.4,Win32,143.7607821
,,,,,,space,5.0203,4,4.6583,0,244,244,244,1,244,images/pixabay_cat_001006.jpg,Eddy,001,2022-04-11_15h12.52.409,Cat face rating experiment_1500-2000,2021.1.4,Win32,143.7607821
,,,,,,space,1.4298,3,1.2416,0,245,245,245,1,245,images/pixabay_cat_001882.jpg,Eddy,001,2022-04-11_15h12.52.409,Cat face rating experiment_1500-2000,2021.1.4,Win32,143.7607821
,,,,,,space,1.1695,,,0,246,246,246,1,246,images/pixabay_cat_003673.jpg,Eddy,001,2022-04-11_15h12.52.409,Cat face rating experiment_1500-2000,2021.1.4,Win32,143.7607821
,,,,,,space,1.714,6,1.5389,0,247,247,247,1,247,images/pixabay_cat_003919.jpg,Eddy,001,2022-04-11_15h12.52.409,Cat face rating experiment_1500-2000,2021.1.4,Win32,143.7607821
,,,,,,space,9.9493,5,9.2986,0,248,248,248,1,248,images/pixabay_cat_001918.jpg,Eddy,001,2022-04-11_15h12.52.409,Cat face rating experiment_1500-2000,2021.1.4,Win32,143.7607821
,,,,,,space,1.5211,5,1.1711,0,249,249,249,1,249,images/flickr_cat_000429.jpg,Eddy,001,2022-04-11_15h12.52.409,Cat face rating experiment_1500-2000,2021.1.4,Win32,143.7607821
,,,,,,space,31.5638,5,31.1648,0,250,250,250,1,250,images/pixabay_cat_003465.jpg,Eddy,001,2022-04-11_15h12.52.409,Cat face rating experiment_1500-2000,2021.1.4,Win32,143.7607821
,,,,,,space,12.8753,6,12.7047,0,251,251,251,1,251,images/pixabay_cat_002752.jpg,Eddy,001,2022-04-11_15h12.52.409,Cat face rating experiment_1500-2000,2021.1.4,Win32,143.7607821
,,,,,,space,1.2287,5,0.9061,0,252,252,252,1,252,images/flickr_cat_000600.jpg,Eddy,001,2022-04-11_15h12.52.409,Cat face rating experiment_1500-2000,2021.1.4,Win32,143.7607821
,,,,,,space,6.4401,3,4.7276,0,253,253,253,1,253,images/pixabay_cat_001731.jpg,Eddy,001,2022-04-11_15h12.52.409,Cat face rating experiment_1500-2000,2021.1.4,Win32,143.7607821
,,,,,,space,1.8338,5,1.7259,0,254,254,254,1,254,images/pixabay_cat_002508.jpg,Eddy,001,2022-04-11_15h12.52.409,Cat face rating experiment_1500-2000,2021.1.4,Win32,143.7607821
,,,,,,space,0.6233,,,0,255,255,255,1,255,images/pixabay_cat_002894.jpg,Eddy,001,2022-04-11_15h12.52.409,Cat face rating experiment_1500-2000,2021.1.4,Win32,143.7607821
,,,,,,space,0.5143,,,0,256,256,256,1,256,images/pixabay_cat_002614.jpg,Eddy,001,2022-04-11_15h12.52.409,Cat face rating experiment_1500-2000,2021.1.4,Win32,143.7607821
,,,,,,space,1.3414,5,1.0521,0,257,257,257,1,257,images/flickr_cat_000161.jpg,Eddy,001,2022-04-11_15h12.52.409,Cat face rating experiment_1500-2000,2021.1.4,Win32,143.7607821
,,,,,,space,1.3149,,,0,258,258,258,1,258,images/pixabay_cat_001849.jpg,Eddy,001,2022-04-11_15h12.52.409,Cat face rating experiment_1500-2000,2021.1.4,Win32,143.7607821
,,,,,,space,0.5514,,,0,259,259,259,1,259,images/pixabay_cat_001835.jpg,Eddy,001,2022-04-11_15h12.52.409,Cat face rating experiment_1500-2000,2021.1.4,Win32,143.7607821
,,,,,,space,1.8304,5,1.1174,0,260,260,260,1,260,images/flickr_cat_000151.jpg,Eddy,001,2022-04-11_15h12.52.409,Cat face rating experiment_1500-2000,2021.1.4,Win32,143.7607821
,,,,,,space,1.2097,5,0.9275,0,261,261,261,1,261,images/pixabay_cat_004388.jpg,Eddy,001,2022-04-11_15h12.52.409,Cat face rating experiment_1500-2000,2021.1.4,Win32,143.7607821
,,,,,,space,1.3631,5,1.2317,0,262,262,262,1,262,images/flickr_cat_000486.jpg,Eddy,001,2022-04-11_15h12.52.409,Cat face rating experiment_1500-2000,2021.1.4,Win32,143.7607821
,,,,,,space,0.5989,,,0,263,263,263,1,263,images/pixabay_cat_001797.jpg,Eddy,001,2022-04-11_15h12.52.409,Cat face rating experiment_1500-2000,2021.1.4,Win32,143.7607821
,,,,,,space,1.2168,,,0,264,264,264,1,264,images/flickr_cat_000750.jpg,Eddy,001,2022-04-11_15h12.52.409,Cat face rating experiment_1500-2000,2021.1.4,Win32,143.7607821
,,,,,,space,1.0915,3,0.9605,0,265,265,265,1,265,images/pixabay_cat_004688.jpg,Eddy,001,2022-04-11_15h12.52.409,Cat face rating experiment_1500-2000,2021.1.4,Win32,143.7607821
,,,,,,space,0.8717,3,0.6692,0,266,266,266,1,266,images/pixabay_cat_000609.jpg,Eddy,001,2022-04-11_15h12.52.409,Cat face rating experiment_1500-2000,2021.1.4,Win32,143.7607821
,,,,,,space,1.3354,3,0.8568,0,267,267,267,1,267,images/pixabay_cat_001170.jpg,Eddy,001,2022-04-11_15h12.52.409,Cat face rating experiment_1500-2000,2021.1.4,Win32,143.7607821
,,,,,,space,0.8829,,,0,268,268,268,1,268,images/pixabay_cat_001543.jpg,Eddy,001,2022-04-11_15h12.52.409,Cat face rating experiment_1500-2000,2021.1.4,Win32,143.7607821
,,,,,,space,1.5563,5,1.1829,0,269,269,269,1,269,images/flickr_cat_000261.jpg,Eddy,001,2022-04-11_15h12.52.409,Cat face rating experiment_1500-2000,2021.1.4,Win32,143.7607821
,,,,,,space,1.4184,2,1.1971,0,270,270,270,1,270,images/pixabay_cat_002646.jpg,Eddy,001,2022-04-11_15h12.52.409,Cat face rating experiment_1500-2000,2021.1.4,Win32,143.7607821
,,,,,,space,1.8636,3,1.1139,0,271,271,271,1,271,images/pixabay_cat_004702.jpg,Eddy,001,2022-04-11_15h12.52.409,Cat face rating experiment_1500-2000,2021.1.4,Win32,143.7607821
,,,,,,space,1.4036,5,1.2256,0,272,272,272,1,272,images/flickr_cat_000758.jpg,Eddy,001,2022-04-11_15h12.52.409,Cat face rating experiment_1500-2000,2021.1.4,Win32,143.7607821
,,,,,,space,2.0242,6,1.7856,0,273,273,273,1,273,images/pixabay_cat_001036.jpg,Eddy,001,2022-04-11_15h12.52.409,Cat face rating experiment_1500-2000,2021.1.4,Win32,143.7607821
,,,,,,space,1.939,5,1.6512,0,274,274,274,1,274,images/pixabay_cat_001872.jpg,Eddy,001,2022-04-11_15h12.52.409,Cat face rating experiment_1500-2000,2021.1.4,Win32,143.7607821
,,,,,,space,6.3853,,,0,275,275,275,1,275,images/flickr_cat_000580.jpg,Eddy,001,2022-04-11_15h12.52.409,Cat face rating experiment_1500-2000,2021.1.4,Win32,143.7607821
,,,,,,space,9.2878,2,1.9524,0,276,276,276,1,276,images/pixabay_cat_004446.jpg,Eddy,001,2022-04-11_15h12.52.409,Cat face rating experiment_1500-2000,2021.1.4,Win32,143.7607821
,,,,,,space,3.1705,3,2.1058,0,277,277,277,1,277,images/flickr_cat_000760.jpg,Eddy,001,2022-04-11_15h12.52.409,Cat face rating experiment_1500-2000,2021.1.4,Win32,143.7607821
,,,,,,space,1.159,,,0,278,278,278,1,278,images/pixabay_cat_001803.jpg,Eddy,001,2022-04-11_15h12.52.409,Cat face rating experiment_1500-2000,2021.1.4,Win32,143.7607821
,,,,,,space,6.7009,2,6.0991,0,279,279,279,1,279,images/pixabay_cat_001416.jpg,Eddy,001,2022-04-11_15h12.52.409,Cat face rating experiment_1500-2000,2021.1.4,Win32,143.7607821
,,,,,,space,7.5254,5,7.2464,0,280,280,280,1,280,images/pixabay_cat_000796.jpg,Eddy,001,2022-04-11_15h12.52.409,Cat face rating experiment_1500-2000,2021.1.4,Win32,143.7607821
,,,,,,space,9.583,4,7.1905,0,281,281,281,1,281,images/flickr_cat_000120.jpg,Eddy,001,2022-04-11_15h12.52.409,Cat face rating experiment_1500-2000,2021.1.4,Win32,143.7607821
,,,,,,space,1.8267,,,0,282,282,282,1,282,images/pixabay_cat_001850.jpg,Eddy,001,2022-04-11_15h12.52.409,Cat face rating experiment_1500-2000,2021.1.4,Win32,143.7607821
,,,,,,space,3.6149,5,1.1673,0,283,283,283,1,283,images/pixabay_cat_003625.jpg,Eddy,001,2022-04-11_15h12.52.409,Cat face rating experiment_1500-2000,2021.1.4,Win32,143.7607821
,,,,,,space,8.1249,5,7.4401,0,284,284,284,1,284,images/pixabay_cat_002264.jpg,Eddy,001,2022-04-11_15h12.52.409,Cat face rating experiment_1500-2000,2021.1.4,Win32,143.7607821
,,,,,,space,3.9144,,,0,285,285,285,1,285,images/pixabay_cat_003553.jpg,Eddy,001,2022-04-11_15h12.52.409,Cat face rating experiment_1500-2000,2021.1.4,Win32,143.7607821
,,,,,,space,1.376,5,1.1074,0,286,286,286,1,286,images/pixabay_cat_000009.jpg,Eddy,001,2022-04-11_15h12.52.409,Cat face rating experiment_1500-2000,2021.1.4,Win32,143.7607821
,,,,,,space,1.7192,6,1.3917,0,287,287,287,1,287,images/pixabay_cat_002719.jpg,Eddy,001,2022-04-11_15h12.52.409,Cat face rating experiment_1500-2000,2021.1.4,Win32,143.7607821
,,,,,,space,1.2296,5,1.0118,0,288,288,288,1,288,images/pixabay_cat_004251.jpg,Eddy,001,2022-04-11_15h12.52.409,Cat face rating experiment_1500-2000,2021.1.4,Win32,143.7607821
,,,,,,space,1.4332,,,0,289,289,289,1,289,images/flickr_cat_000319.jpg,Eddy,001,2022-04-11_15h12.52.409,Cat face rating experiment_1500-2000,2021.1.4,Win32,143.7607821
,,,,,,space,2.1689,2,1.8027,0,290,290,290,1,290,images/pixabay_cat_002261.jpg,Eddy,001,2022-04-11_15h12.52.409,Cat face rating experiment_1500-2000,2021.1.4,Win32,143.7607821
,,,,,,space,1.1235,3,0.7944,0,291,291,291,1,291,images/pixabay_cat_004065.jpg,Eddy,001,2022-04-11_15h12.52.409,Cat face rating experiment_1500-2000,2021.1.4,Win32,143.7607821
,,,,,,space,0.9325,,,0,292,292,292,1,292,images/pixabay_cat_004817.jpg,Eddy,001,2022-04-11_15h12.52.409,Cat face rating experiment_1500-2000,2021.1.4,Win32,143.7607821
,,,,,,space,1.1043,,,0,293,293,293,1,293,images/pixabay_cat_002637.jpg,Eddy,001,2022-04-11_15h12.52.409,Cat face rating experiment_1500-2000,2021.1.4,Win32,143.7607821
,,,,,,space,1.8582,5,1.4489,0,294,294,294,1,294,images/pixabay_cat_001598.jpg,Eddy,001,2022-04-11_15h12.52.409,Cat face rating experiment_1500-2000,2021.1.4,Win32,143.7607821
,,,,,,space,1.453,6,1.0205,0,295,295,295,1,295,images/flickr_cat_000431.jpg,Eddy,001,2022-04-11_15h12.52.409,Cat face rating experiment_1500-2000,2021.1.4,Win32,143.7607821
,,,,,,space,1.7618,,,0,296,296,296,1,296,images/pixabay_cat_004351.jpg,Eddy,001,2022-04-11_15h12.52.409,Cat face rating experiment_1500-2000,2021.1.4,Win32,143.7607821
,,,,,,space,0.6195,,,0,297,297,297,1,297,images/pixabay_cat_001969.jpg,Eddy,001,2022-04-11_15h12.52.409,Cat face rating experiment_1500-2000,2021.1.4,Win32,143.7607821
,,,,,,space,0.7485,,,0,298,298,298,1,298,images/pixabay_cat_003074.jpg,Eddy,001,2022-04-11_15h12.52.409,Cat face rating experiment_1500-2000,2021.1.4,Win32,143.7607821
,,,,,,space,2.2083,3,1.9255,0,299,299,299,1,299,images/pixabay_cat_000576.jpg,Eddy,001,2022-04-11_15h12.52.409,Cat face rating experiment_1500-2000,2021.1.4,Win32,143.7607821
,,,,,,space,1.8174,,,0,300,300,300,1,300,images/pixabay_cat_001259.jpg,Eddy,001,2022-04-11_15h12.52.409,Cat face rating experiment_1500-2000,2021.1.4,Win32,143.7607821
,,,,,,space,0.8585,,,0,301,301,301,1,301,images/flickr_cat_000721.jpg,Eddy,001,2022-04-11_15h12.52.409,Cat face rating experiment_1500-2000,2021.1.4,Win32,143.7607821
,,,,,,space,4.6033,4,4.2192,0,302,302,302,1,302,images/pixabay_cat_002687.jpg,Eddy,001,2022-04-11_15h12.52.409,Cat face rating experiment_1500-2000,2021.1.4,Win32,143.7607821
,,,,,,space,1.8068,5,0.9123,0,303,303,303,1,303,images/pixabay_cat_002841.jpg,Eddy,001,2022-04-11_15h12.52.409,Cat face rating experiment_1500-2000,2021.1.4,Win32,143.7607821
,,,,,,space,2.4846,3,2.1759,0,304,304,304,1,304,images/pixabay_cat_000256.jpg,Eddy,001,2022-04-11_15h12.52.409,Cat face rating experiment_1500-2000,2021.1.4,Win32,143.7607821
,,,,,,space,7.0795,4,3.5939,0,305,305,305,1,305,images/pixabay_cat_004377.jpg,Eddy,001,2022-04-11_15h12.52.409,Cat face rating experiment_1500-2000,2021.1.4,Win32,143.7607821
,,,,,,space,0.8974,,,0,306,306,306,1,306,images/pixabay_cat_002942.jpg,Eddy,001,2022-04-11_15h12.52.409,Cat face rating experiment_1500-2000,2021.1.4,Win32,143.7607821
,,,,,,space,13.386,3,12.1276,0,307,307,307,1,307,images/pixabay_cat_002230.jpg,Eddy,001,2022-04-11_15h12.52.409,Cat face rating experiment_1500-2000,2021.1.4,Win32,143.7607821
,,,,,,space,1.7352,5,1.5149,0,308,308,308,1,308,images/flickr_cat_000482.jpg,Eddy,001,2022-04-11_15h12.52.409,Cat face rating experiment_1500-2000,2021.1.4,Win32,143.7607821
,,,,,,space,1.8603,5,1.4427,0,309,309,309,1,309,images/pixabay_cat_004089.jpg,Eddy,001,2022-04-11_15h12.52.409,Cat face rating experiment_1500-2000,2021.1.4,Win32,143.7607821
,,,,,,space,0.9962,,,0,310,310,310,1,310,images/pixabay_cat_004138.jpg,Eddy,001,2022-04-11_15h12.52.409,Cat face rating experiment_1500-2000,2021.1.4,Win32,143.7607821
,,,,,,space,5.8787,4,5.6205,0,311,311,311,1,311,images/flickr_cat_000722.jpg,Eddy,001,2022-04-11_15h12.52.409,Cat face rating experiment_1500-2000,2021.1.4,Win32,143.7607821
,,,,,,space,2.4509,5,1.8259,0,312,312,312,1,312,images/pixabay_cat_004563.jpg,Eddy,001,2022-04-11_15h12.52.409,Cat face rating experiment_1500-2000,2021.1.4,Win32,143.7607821
,,,,,,space,2.9576,3,2.0868,0,313,313,313,1,313,images/flickr_cat_000798.jpg,Eddy,001,2022-04-11_15h12.52.409,Cat face rating experiment_1500-2000,2021.1.4,Win32,143.7607821
,,,,,,space,1.039,,,0,314,314,314,1,314,images/flickr_cat_000480.jpg,Eddy,001,2022-04-11_15h12.52.409,Cat face rating experiment_1500-2000,2021.1.4,Win32,143.7607821
,,,,,,space,1.916,3,1.6564,0,315,315,315,1,315,images/pixabay_cat_002130.jpg,Eddy,001,2022-04-11_15h12.52.409,Cat face rating experiment_1500-2000,2021.1.4,Win32,143.7607821
,,,,,,space,1.3594,,,0,316,316,316,1,316,images/pixabay_cat_001522.jpg,Eddy,001,2022-04-11_15h12.52.409,Cat face rating experiment_1500-2000,2021.1.4,Win32,143.7607821
,,,,,,space,1.2746,5,1.0485,0,317,317,317,1,317,images/pixabay_cat_001956.jpg,Eddy,001,2022-04-11_15h12.52.409,Cat face rating experiment_1500-2000,2021.1.4,Win32,143.7607821
,,,,,,space,1.3067,6,1.0564,0,318,318,318,1,318,images/pixabay_cat_001339.jpg,Eddy,001,2022-04-11_15h12.52.409,Cat face rating experiment_1500-2000,2021.1.4,Win32,143.7607821
,,,,,,space,2.8216,4,2.6436,0,319,319,319,1,319,images/pixabay_cat_001619.jpg,Eddy,001,2022-04-11_15h12.52.409,Cat face rating experiment_1500-2000,2021.1.4,Win32,143.7607821
,,,,,,space,0.7575,,,0,320,320,320,1,320,images/pixabay_cat_001057.jpg,Eddy,001,2022-04-11_15h12.52.409,Cat face rating experiment_1500-2000,2021.1.4,Win32,143.7607821
,,,,,,space,2.8321,3,2.232,0,321,321,321,1,321,images/pixabay_cat_002407.jpg,Eddy,001,2022-04-11_15h12.52.409,Cat face rating experiment_1500-2000,2021.1.4,Win32,143.7607821
,,,,,,space,1.9725,6,1.5674,0,322,322,322,1,322,images/flickr_cat_000739.jpg,Eddy,001,2022-04-11_15h12.52.409,Cat face rating experiment_1500-2000,2021.1.4,Win32,143.7607821
,,,,,,space,1.3462,5,0.9342,0,323,323,323,1,323,images/flickr_cat_000765.jpg,Eddy,001,2022-04-11_15h12.52.409,Cat face rating experiment_1500-2000,2021.1.4,Win32,143.7607821
,,,,,,space,2.709,4,2.0738,0,324,324,324,1,324,images/pixabay_cat_000748.jpg,Eddy,001,2022-04-11_15h12.52.409,Cat face rating experiment_1500-2000,2021.1.4,Win32,143.7607821
,,,,,,space,1.9796,5,1.1971,0,325,325,325,1,325,images/pixabay_cat_001766.jpg,Eddy,001,2022-04-11_15h12.52.409,Cat face rating experiment_1500-2000,2021.1.4,Win32,143.7607821
,,,,,,space,3.0935,4,2.6842,0,326,326,326,1,326,images/pixabay_cat_001331.jpg,Eddy,001,2022-04-11_15h12.52.409,Cat face rating experiment_1500-2000,2021.1.4,Win32,143.7607821
,,,,,,space,1.9122,2,1.4541,0,327,327,327,1,327,images/pixabay_cat_000967.jpg,Eddy,001,2022-04-11_15h12.52.409,Cat face rating experiment_1500-2000,2021.1.4,Win32,143.7607821
,,,,,,space,1.3348,3,1.0102,0,328,328,328,1,328,images/flickr_cat_000410.jpg,Eddy,001,2022-04-11_15h12.52.409,Cat face rating experiment_1500-2000,2021.1.4,Win32,143.7607821
,,,,,,space,1.6106,5,1.454,0,329,329,329,1,329,images/pixabay_cat_001682.jpg,Eddy,001,2022-04-11_15h12.52.409,Cat face rating experiment_1500-2000,2021.1.4,Win32,143.7607821
,,,,,,space,1.0626,,,0,330,330,330,1,330,images/pixabay_cat_001053.jpg,Eddy,001,2022-04-11_15h12.52.409,Cat face rating experiment_1500-2000,2021.1.4,Win32,143.7607821
,,,,,,space,1.4999,5,1.2257,0,331,331,331,1,331,images/pixabay_cat_004199.jpg,Eddy,001,2022-04-11_15h12.52.409,Cat face rating experiment_1500-2000,2021.1.4,Win32,143.7607821
,,,,,,space,1.6922,,,0,332,332,332,1,332,images/flickr_cat_000263.jpg,Eddy,001,2022-04-11_15h12.52.409,Cat face rating experiment_1500-2000,2021.1.4,Win32,143.7607821
,,,,,,space,2.5389,5,1.9747,0,333,333,333,1,333,images/pixabay_cat_003992.jpg,Eddy,001,2022-04-11_15h12.52.409,Cat face rating experiment_1500-2000,2021.1.4,Win32,143.7607821
,,,,,,space,1.7435,3,1.3806,0,334,334,334,1,334,images/pixabay_cat_003866.jpg,Eddy,001,2022-04-11_15h12.52.409,Cat face rating experiment_1500-2000,2021.1.4,Win32,143.7607821
,,,,,,space,1.7641,5,1.5198,0,335,335,335,1,335,images/pixabay_cat_002105.jpg,Eddy,001,2022-04-11_15h12.52.409,Cat face rating experiment_1500-2000,2021.1.4,Win32,143.7607821
,,,,,,space,25.6183,1,1.5779,0,336,336,336,1,336,images/pixabay_cat_003784.jpg,Eddy,001,2022-04-11_15h12.52.409,Cat face rating experiment_1500-2000,2021.1.4,Win32,143.7607821
,,,,,,space,1.8685,6,1.4665,0,337,337,337,1,337,images/pixabay_cat_003353.jpg,Eddy,001,2022-04-11_15h12.52.409,Cat face rating experiment_1500-2000,2021.1.4,Win32,143.7607821
,,,,,,space,1.1916,,,0,338,338,338,1,338,images/pixabay_cat_000554.jpg,Eddy,001,2022-04-11_15h12.52.409,Cat face rating experiment_1500-2000,2021.1.4,Win32,143.7607821
,,,,,,space,2.1387,5,1.9331,0,339,339,339,1,339,images/pixabay_cat_004284.jpg,Eddy,001,2022-04-11_15h12.52.409,Cat face rating experiment_1500-2000,2021.1.4,Win32,143.7607821
,,,,,,space,1.8862,3,0.88,0,340,340,340,1,340,images/pixabay_cat_004229.jpg,Eddy,001,2022-04-11_15h12.52.409,Cat face rating experiment_1500-2000,2021.1.4,Win32,143.7607821
,,,,,,space,6.7886,,,0,341,341,341,1,341,images/pixabay_cat_000071.jpg,Eddy,001,2022-04-11_15h12.52.409,Cat face rating experiment_1500-2000,2021.1.4,Win32,143.7607821
,,,,,,space,2.238,5,1.9081,0,342,342,342,1,342,images/pixabay_cat_003284.jpg,Eddy,001,2022-04-11_15h12.52.409,Cat face rating experiment_1500-2000,2021.1.4,Win32,143.7607821
,,,,,,space,1.5436,6,1.3228,0,343,343,343,1,343,images/pixabay_cat_004620.jpg,Eddy,001,2022-04-11_15h12.52.409,Cat face rating experiment_1500-2000,2021.1.4,Win32,143.7607821
,,,,,,space,1.9782,2,1.7057,0,344,344,344,1,344,images/pixabay_cat_003240.jpg,Eddy,001,2022-04-11_15h12.52.409,Cat face rating experiment_1500-2000,2021.1.4,Win32,143.7607821
,,,,,,space,2.8943,,,0,345,345,345,1,345,images/pixabay_cat_003638.jpg,Eddy,001,2022-04-11_15h12.52.409,Cat face rating experiment_1500-2000,2021.1.4,Win32,143.7607821
,,,,,,space,1.3631,5,1.0912,0,346,346,346,1,346,images/pixabay_cat_002830.jpg,Eddy,001,2022-04-11_15h12.52.409,Cat face rating experiment_1500-2000,2021.1.4,Win32,143.7607821
,,,,,,space,1.481,,,0,347,347,347,1,347,images/pixabay_cat_004828.jpg,Eddy,001,2022-04-11_15h12.52.409,Cat face rating experiment_1500-2000,2021.1.4,Win32,143.7607821
,,,,,,space,2.5473,5,1.7798,0,348,348,348,1,348,images/pixabay_cat_004763.jpg,Eddy,001,2022-04-11_15h12.52.409,Cat face rating experiment_1500-2000,2021.1.4,Win32,143.7607821
,,,,,,space,5.4848,6,4.6992,0,349,349,349,1,349,images/pixabay_cat_000503.jpg,Eddy,001,2022-04-11_15h12.52.409,Cat face rating experiment_1500-2000,2021.1.4,Win32,143.7607821
,,,,,,space,1.2203,5,0.9193,0,350,350,350,1,350,images/flickr_cat_000810.jpg,Eddy,001,2022-04-11_15h12.52.409,Cat face rating experiment_1500-2000,2021.1.4,Win32,143.7607821
,,,,,,space,2.0365,3,1.2634,0,351,351,351,1,351,images/pixabay_cat_001809.jpg,Eddy,001,2022-04-11_15h12.52.409,Cat face rating experiment_1500-2000,2021.1.4,Win32,143.7607821
,,,,,,space,2.4392,2,2.2119,0,352,352,352,1,352,images/pixabay_cat_002560.jpg,Eddy,001,2022-04-11_15h12.52.409,Cat face rating experiment_1500-2000,2021.1.4,Win32,143.7607821
,,,,,,space,2.9812,5,2.7456,0,353,353,353,1,353,images/pixabay_cat_000371.jpg,Eddy,001,2022-04-11_15h12.52.409,Cat face rating experiment_1500-2000,2021.1.4,Win32,143.7607821
,,,,,,space,2.4871,3,2.2668,0,354,354,354,1,354,images/pixabay_cat_003061.jpg,Eddy,001,2022-04-11_15h12.52.409,Cat face rating experiment_1500-2000,2021.1.4,Win32,143.7607821
,,,,,,space,6.1091,3,1.9295,0,355,355,355,1,355,images/flickr_cat_000303.jpg,Eddy,001,2022-04-11_15h12.52.409,Cat face rating experiment_1500-2000,2021.1.4,Win32,143.7607821
,,,,,,space,3.0764,,,0,356,356,356,1,356,images/flickr_cat_000811.jpg,Eddy,001,2022-04-11_15h12.52.409,Cat face rating experiment_1500-2000,2021.1.4,Win32,143.7607821
,,,,,,space,3.0063,5,2.4703,0,357,357,357,1,357,images/pixabay_cat_004540.jpg,Eddy,001,2022-04-11_15h12.52.409,Cat face rating experiment_1500-2000,2021.1.4,Win32,143.7607821
,,,,,,space,1.3881,3,1.0595,0,358,358,358,1,358,images/pixabay_cat_001692.jpg,Eddy,001,2022-04-11_15h12.52.409,Cat face rating experiment_1500-2000,2021.1.4,Win32,143.7607821
,,,,,,space,2.4842,3,2.3218,0,359,359,359,1,359,images/pixabay_cat_000581.jpg,Eddy,001,2022-04-11_15h12.52.409,Cat face rating experiment_1500-2000,2021.1.4,Win32,143.7607821
,,,,,,space,1.5479,6,1.3876,0,360,360,360,1,360,images/pixabay_cat_000283.jpg,Eddy,001,2022-04-11_15h12.52.409,Cat face rating experiment_1500-2000,2021.1.4,Win32,143.7607821
,,,,,,space,1.9118,6,1.6619,0,361,361,361,1,361,images/pixabay_cat_001900.jpg,Eddy,001,2022-04-11_15h12.52.409,Cat face rating experiment_1500-2000,2021.1.4,Win32,143.7607821
,,,,,,space,1.5021,5,1.2664,0,362,362,362,1,362,images/pixabay_cat_003268.jpg,Eddy,001,2022-04-11_15h12.52.409,Cat face rating experiment_1500-2000,2021.1.4,Win32,143.7607821
,,,,,,space,1.5768,3,1.2109,0,363,363,363,1,363,images/flickr_cat_000363.jpg,Eddy,001,2022-04-11_15h12.52.409,Cat face rating experiment_1500-2000,2021.1.4,Win32,143.7607821
,,,,,,space,41.0717,5,40.5118,0,364,364,364,1,364,images/pixabay_cat_000363.jpg,Eddy,001,2022-04-11_15h12.52.409,Cat face rating experiment_1500-2000,2021.1.4,Win32,143.7607821
,,,,,,space,4.0116,,,0,365,365,365,1,365,images/pixabay_cat_003785.jpg,Eddy,001,2022-04-11_15h12.52.409,Cat face rating experiment_1500-2000,2021.1.4,Win32,143.7607821
,,,,,,space,5.4675,2,1.7253,0,366,366,366,1,366,images/pixabay_cat_003206.jpg,Eddy,001,2022-04-11_15h12.52.409,Cat face rating experiment_1500-2000,2021.1.4,Win32,143.7607821
,,,,,,space,2.5052,5,2.2721,0,367,367,367,1,367,images/pixabay_cat_001756.jpg,Eddy,001,2022-04-11_15h12.52.409,Cat face rating experiment_1500-2000,2021.1.4,Win32,143.7607821
,,,,,,space,11.4871,5,9.1005,0,368,368,368,1,368,images/pixabay_cat_002332.jpg,Eddy,001,2022-04-11_15h12.52.409,Cat face rating experiment_1500-2000,2021.1.4,Win32,143.7607821
,,,,,,space,1.235,3,0.9327,0,369,369,369,1,369,images/pixabay_cat_004471.jpg,Eddy,001,2022-04-11_15h12.52.409,Cat face rating experiment_1500-2000,2021.1.4,Win32,143.7607821
,,,,,,space,1.6711,3,1.4639,0,370,370,370,1,370,images/pixabay_cat_000633.jpg,Eddy,001,2022-04-11_15h12.52.409,Cat face rating experiment_1500-2000,2021.1.4,Win32,143.7607821
,,,,,,space,1.4526,2,1.1762,0,371,371,371,1,371,images/flickr_cat_000288.jpg,Eddy,001,2022-04-11_15h12.52.409,Cat face rating experiment_1500-2000,2021.1.4,Win32,143.7607821
,,,,,,space,1.0931,,,0,372,372,372,1,372,images/pixabay_cat_000774.jpg,Eddy,001,2022-04-11_15h12.52.409,Cat face rating experiment_1500-2000,2021.1.4,Win32,143.7607821
,,,,,,space,1.7625,5,1.5659,0,373,373,373,1,373,images/pixabay_cat_001656.jpg,Eddy,001,2022-04-11_15h12.52.409,Cat face rating experiment_1500-2000,2021.1.4,Win32,143.7607821
,,,,,,space,1.4294,3,1.2747,0,374,374,374,1,374,images/pixabay_cat_003551.jpg,Eddy,001,2022-04-11_15h12.52.409,Cat face rating experiment_1500-2000,2021.1.4,Win32,143.7607821
,,,,,,space,2.5723,5,2.219,0,375,375,375,1,375,images/pixabay_cat_004813.jpg,Eddy,001,2022-04-11_15h12.52.409,Cat face rating experiment_1500-2000,2021.1.4,Win32,143.7607821
,,,,,,space,2.7017,5,2.5273,0,376,376,376,1,376,images/flickr_cat_000468.jpg,Eddy,001,2022-04-11_15h12.52.409,Cat face rating experiment_1500-2000,2021.1.4,Win32,143.7607821
,,,,,,space,1.1445,5,0.9887,0,377,377,377,1,377,images/pixabay_cat_001135.jpg,Eddy,001,2022-04-11_15h12.52.409,Cat face rating experiment_1500-2000,2021.1.4,Win32,143.7607821
,,,,,,space,1.5756,6,1.4245,0,378,378,378,1,378,images/pixabay_cat_001712.jpg,Eddy,001,2022-04-11_15h12.52.409,Cat face rating experiment_1500-2000,2021.1.4,Win32,143.7607821
,,,,,,space,1.6822,,,0,379,379,379,1,379,images/pixabay_cat_004017.jpg,Eddy,001,2022-04-11_15h12.52.409,Cat face rating experiment_1500-2000,2021.1.4,Win32,143.7607821
,,,,,,space,2.1105,2,1.6976,0,380,380,380,1,380,images/pixabay_cat_002158.jpg,Eddy,001,2022-04-11_15h12.52.409,Cat face rating experiment_1500-2000,2021.1.4,Win32,143.7607821
,,,,,,space,1.51,3,1.2616,0,381,381,381,1,381,images/flickr_cat_000805.jpg,Eddy,001,2022-04-11_15h12.52.409,Cat face rating experiment_1500-2000,2021.1.4,Win32,143.7607821
,,,,,,space,2.6485,,,0,382,382,382,1,382,images/pixabay_cat_000288.jpg,Eddy,001,2022-04-11_15h12.52.409,Cat face rating experiment_1500-2000,2021.1.4,Win32,143.7607821
,,,,,,space,2.1432,5,1.8989,0,383,383,383,1,383,images/pixabay_cat_004554.jpg,Eddy,001,2022-04-11_15h12.52.409,Cat face rating experiment_1500-2000,2021.1.4,Win32,143.7607821
,,,,,,space,0.8022,,,0,384,384,384,1,384,images/pixabay_cat_002933.jpg,Eddy,001,2022-04-11_15h12.52.409,Cat face rating experiment_1500-2000,2021.1.4,Win32,143.7607821
,,,,,,space,1.9889,5,1.8181,0,385,385,385,1,385,images/pixabay_cat_001565.jpg,Eddy,001,2022-04-11_15h12.52.409,Cat face rating experiment_1500-2000,2021.1.4,Win32,143.7607821
,,,,,,space,1.5509,6,1.3383,0,386,386,386,1,386,images/pixabay_cat_004400.jpg,Eddy,001,2022-04-11_15h12.52.409,Cat face rating experiment_1500-2000,2021.1.4,Win32,143.7607821
,,,,,,space,2.3191,3,1.7671,0,387,387,387,1,387,images/pixabay_cat_003703.jpg,Eddy,001,2022-04-11_15h12.52.409,Cat face rating experiment_1500-2000,2021.1.4,Win32,143.7607821
,,,,,,space,2.4176,2,1.5671,0,388,388,388,1,388,images/pixabay_cat_004140.jpg,Eddy,001,2022-04-11_15h12.52.409,Cat face rating experiment_1500-2000,2021.1.4,Win32,143.7607821
,,,,,,space,1.3952,6,1.2383,0,389,389,389,1,389,images/pixabay_cat_002755.jpg,Eddy,001,2022-04-11_15h12.52.409,Cat face rating experiment_1500-2000,2021.1.4,Win32,143.7607821
,,,,,,space,3.4944,5,1.3782,0,390,390,390,1,390,images/pixabay_cat_004224.jpg,Eddy,001,2022-04-11_15h12.52.409,Cat face rating experiment_1500-2000,2021.1.4,Win32,143.7607821
,,,,,,space,2.0495,3,1.7877,0,391,391,391,1,391,images/pixabay_cat_000987.jpg,Eddy,001,2022-04-11_15h12.52.409,Cat face rating experiment_1500-2000,2021.1.4,Win32,143.7607821
,,,,,,space,1.7352,4,1.5727,0,392,392,392,1,392,images/pixabay_cat_001039.jpg,Eddy,001,2022-04-11_15h12.52.409,Cat face rating experiment_1500-2000,2021.1.4,Win32,143.7607821
,,,,,,space,1.1207,,,0,393,393,393,1,393,images/pixabay_cat_003598.jpg,Eddy,001,2022-04-11_15h12.52.409,Cat face rating experiment_1500-2000,2021.1.4,Win32,143.7607821
,,,,,,space,1.578,6,1.4061,0,394,394,394,1,394,images/pixabay_cat_000433.jpg,Eddy,001,2022-04-11_15h12.52.409,Cat face rating experiment_1500-2000,2021.1.4,Win32,143.7607821
,,,,,,space,1.7648,6,1.5114,0,395,395,395,1,395,images/flickr_cat_000256.jpg,Eddy,001,2022-04-11_15h12.52.409,Cat face rating experiment_1500-2000,2021.1.4,Win32,143.7607821
,,,,,,space,3.3809,5,3.0238,0,396,396,396,1,396,images/pixabay_cat_003581.jpg,Eddy,001,2022-04-11_15h12.52.409,Cat face rating experiment_1500-2000,2021.1.4,Win32,143.7607821
,,,,,,space,1.3719,6,1.215,0,397,397,397,1,397,images/pixabay_cat_002034.jpg,Eddy,001,2022-04-11_15h12.52.409,Cat face rating experiment_1500-2000,2021.1.4,Win32,143.7607821
,,,,,,space,3.6734,6,3.4315,0,398,398,398,1,398,images/pixabay_cat_001038.jpg,Eddy,001,2022-04-11_15h12.52.409,Cat face rating experiment_1500-2000,2021.1.4,Win32,143.7607821
,,,,,,space,2.9332,5,2.6456,0,399,399,399,1,399,images/pixabay_cat_002957.jpg,Eddy,001,2022-04-11_15h12.52.409,Cat face rating experiment_1500-2000,2021.1.4,Win32,143.7607821
,,,,,,space,1.4516,,,0,400,400,400,1,400,images/pixabay_cat_003882.jpg,Eddy,001,2022-04-11_15h12.52.409,Cat face rating experiment_1500-2000,2021.1.4,Win32,143.7607821
,,,,,,space,1.0993,5,0.9325,0,401,401,401,1,401,images/pixabay_cat_002523.jpg,Eddy,001,2022-04-11_15h12.52.409,Cat face rating experiment_1500-2000,2021.1.4,Win32,143.7607821
,,,,,,space,1.0653,3,0.8847,0,402,402,402,1,402,images/pixabay_cat_002681.jpg,Eddy,001,2022-04-11_15h12.52.409,Cat face rating experiment_1500-2000,2021.1.4,Win32,143.7607821
,,,,,,space,1.7807,6,1.5029,0,403,403,403,1,403,images/pixabay_cat_003945.jpg,Eddy,001,2022-04-11_15h12.52.409,Cat face rating experiment_1500-2000,2021.1.4,Win32,143.7607821
,,,,,,space,2.3417,5,2.0995,0,404,404,404,1,404,images/pixabay_cat_001297.jpg,Eddy,001,2022-04-11_15h12.52.409,Cat face rating experiment_1500-2000,2021.1.4,Win32,143.7607821
,,,,,,space,1.0421,6,0.8995,0,405,405,405,1,405,images/pixabay_cat_002625.jpg,Eddy,001,2022-04-11_15h12.52.409,Cat face rating experiment_1500-2000,2021.1.4,Win32,143.7607821
,,,,,,space,1.7654,6,1.609,0,406,406,406,1,406,images/pixabay_cat_000483.jpg,Eddy,001,2022-04-11_15h12.52.409,Cat face rating experiment_1500-2000,2021.1.4,Win32,143.7607821
,,,,,,space,2.3268,3,2.1226,0,407,407,407,1,407,images/pixabay_cat_000158.jpg,Eddy,001,2022-04-11_15h12.52.409,Cat face rating experiment_1500-2000,2021.1.4,Win32,143.7607821
,,,,,,space,1.9661,5,1.7479,0,408,408,408,1,408,images/pixabay_cat_003257.jpg,Eddy,001,2022-04-11_15h12.52.409,Cat face rating experiment_1500-2000,2021.1.4,Win32,143.7607821
,,,,,,space,1.3115,,,0,409,409,409,1,409,images/pixabay_cat_000715.jpg,Eddy,001,2022-04-11_15h12.52.409,Cat face rating experiment_1500-2000,2021.1.4,Win32,143.7607821
,,,,,,space,1.9694,5,1.7852,0,410,410,410,1,410,images/pixabay_cat_003895.jpg,Eddy,001,2022-04-11_15h12.52.409,Cat face rating experiment_1500-2000,2021.1.4,Win32,143.7607821
,,,,,,space,0.8356,,,0,411,411,411,1,411,images/flickr_cat_000677.jpg,Eddy,001,2022-04-11_15h12.52.409,Cat face rating experiment_1500-2000,2021.1.4,Win32,143.7607821
,,,,,,space,1.269,,,0,412,412,412,1,412,images/pixabay_cat_003906.jpg,Eddy,001,2022-04-11_15h12.52.409,Cat face rating experiment_1500-2000,2021.1.4,Win32,143.7607821
,,,,,,space,2.4873,,,0,413,413,413,1,413,images/flickr_cat_000405.jpg,Eddy,001,2022-04-11_15h12.52.409,Cat face rating experiment_1500-2000,2021.1.4,Win32,143.7607821
,,,,,,space,3.7503,3,2.5955,0,414,414,414,1,414,images/flickr_cat_000388.jpg,Eddy,001,2022-04-11_15h12.52.409,Cat face rating experiment_1500-2000,2021.1.4,Win32,143.7607821
,,,,,,space,2.4545,2,1.6012,0,415,415,415,1,415,images/pixabay_cat_002884.jpg,Eddy,001,2022-04-11_15h12.52.409,Cat face rating experiment_1500-2000,2021.1.4,Win32,143.7607821
,,,,,,space,4.4104,4,4.2876,0,416,416,416,1,416,images/pixabay_cat_004282.jpg,Eddy,001,2022-04-11_15h12.52.409,Cat face rating experiment_1500-2000,2021.1.4,Win32,143.7607821
,,,,,,space,1.0615,,,0,417,417,417,1,417,images/pixabay_cat_002448.jpg,Eddy,001,2022-04-11_15h12.52.409,Cat face rating experiment_1500-2000,2021.1.4,Win32,143.7607821
,,,,,,space,1.7121,6,1.5505,0,418,418,418,1,418,images/pixabay_cat_002554.jpg,Eddy,001,2022-04-11_15h12.52.409,Cat face rating experiment_1500-2000,2021.1.4,Win32,143.7607821
,,,,,,space,2.9496,4,2.6424,0,419,419,419,1,419,images/pixabay_cat_004272.jpg,Eddy,001,2022-04-11_15h12.52.409,Cat face rating experiment_1500-2000,2021.1.4,Win32,143.7607821
,,,,,,space,0.7197,,,0,420,420,420,1,420,images/flickr_cat_000009.jpg,Eddy,001,2022-04-11_15h12.52.409,Cat face rating experiment_1500-2000,2021.1.4,Win32,143.7607821
,,,,,,space,1.563,3,1.3787,0,421,421,421,1,421,images/pixabay_cat_003808.jpg,Eddy,001,2022-04-11_15h12.52.409,Cat face rating experiment_1500-2000,2021.1.4,Win32,143.7607821
,,,,,,space,0.9713,,,0,422,422,422,1,422,images/pixabay_cat_004524.jpg,Eddy,001,2022-04-11_15h12.52.409,Cat face rating experiment_1500-2000,2021.1.4,Win32,143.7607821
,,,,,,space,0.9641,,,0,423,423,423,1,423,images/pixabay_cat_003375.jpg,Eddy,001,2022-04-11_15h12.52.409,Cat face rating experiment_1500-2000,2021.1.4,Win32,143.7607821
,,,,,,space,1.6229,6,1.3789,0,424,424,424,1,424,images/pixabay_cat_002362.jpg,Eddy,001,2022-04-11_15h12.52.409,Cat face rating experiment_1500-2000,2021.1.4,Win32,143.7607821
,,,,,,space,2.0155,5,1.7172,0,425,425,425,1,425,images/pixabay_cat_004641.jpg,Eddy,001,2022-04-11_15h12.52.409,Cat face rating experiment_1500-2000,2021.1.4,Win32,143.7607821
,,,,,,space,1.2811,6,1.0798,0,426,426,426,1,426,images/flickr_cat_000686.jpg,Eddy,001,2022-04-11_15h12.52.409,Cat face rating experiment_1500-2000,2021.1.4,Win32,143.7607821
,,,,,,space,1.3939,5,1.1971,0,427,427,427,1,427,images/pixabay_cat_004362.jpg,Eddy,001,2022-04-11_15h12.52.409,Cat face rating experiment_1500-2000,2021.1.4,Win32,143.7607821
,,,,,,space,1.58,6,1.2965,0,428,428,428,1,428,images/pixabay_cat_000110.jpg,Eddy,001,2022-04-11_15h12.52.409,Cat face rating experiment_1500-2000,2021.1.4,Win32,143.7607821
,,,,,,space,1.6642,2,1.4556,0,429,429,429,1,429,images/pixabay_cat_004038.jpg,Eddy,001,2022-04-11_15h12.52.409,Cat face rating experiment_1500-2000,2021.1.4,Win32,143.7607821
,,,,,,space,1.7213,5,1.5885,0,430,430,430,1,430,images/pixabay_cat_004707.jpg,Eddy,001,2022-04-11_15h12.52.409,Cat face rating experiment_1500-2000,2021.1.4,Win32,143.7607821
,,,,,,space,2.0004,6,1.8426,0,431,431,431,1,431,images/pixabay_cat_004372.jpg,Eddy,001,2022-04-11_15h12.52.409,Cat face rating experiment_1500-2000,2021.1.4,Win32,143.7607821
,,,,,,space,1.2935,3,0.997,0,432,432,432,1,432,images/pixabay_cat_002605.jpg,Eddy,001,2022-04-11_15h12.52.409,Cat face rating experiment_1500-2000,2021.1.4,Win32,143.7607821
,,,,,,space,1.4235,3,1.0882,0,433,433,433,1,433,images/flickr_cat_000673.jpg,Eddy,001,2022-04-11_15h12.52.409,Cat face rating experiment_1500-2000,2021.1.4,Win32,143.7607821
,,,,,,space,0.8819,,,0,434,434,434,1,434,images/pixabay_cat_001631.jpg,Eddy,001,2022-04-11_15h12.52.409,Cat face rating experiment_1500-2000,2021.1.4,Win32,143.7607821
,,,,,,space,0.882,,,0,435,435,435,1,435,images/pixabay_cat_001258.jpg,Eddy,001,2022-04-11_15h12.52.409,Cat face rating experiment_1500-2000,2021.1.4,Win32,143.7607821
,,,,,,space,1.1021,,,0,436,436,436,1,436,images/pixabay_cat_002120.jpg,Eddy,001,2022-04-11_15h12.52.409,Cat face rating experiment_1500-2000,2021.1.4,Win32,143.7607821
,,,,,,space,1.0607,3,0.9094,0,437,437,437,1,437,images/pixabay_cat_000544.jpg,Eddy,001,2022-04-11_15h12.52.409,Cat face rating experiment_1500-2000,2021.1.4,Win32,143.7607821
,,,,,,space,1.4571,3,1.2823,0,438,438,438,1,438,images/pixabay_cat_000923.jpg,Eddy,001,2022-04-11_15h12.52.409,Cat face rating experiment_1500-2000,2021.1.4,Win32,143.7607821
,,,,,,space,0.9976,,,0,439,439,439,1,439,images/flickr_cat_000302.jpg,Eddy,001,2022-04-11_15h12.52.409,Cat face rating experiment_1500-2000,2021.1.4,Win32,143.7607821
,,,,,,space,2.3739,1,2.0852,0,440,440,440,1,440,images/flickr_cat_000458.jpg,Eddy,001,2022-04-11_15h12.52.409,Cat face rating experiment_1500-2000,2021.1.4,Win32,143.7607821
,,,,,,space,8.0957,5,7.7784,0,441,441,441,1,441,images/pixabay_cat_000311.jpg,Eddy,001,2022-04-11_15h12.52.409,Cat face rating experiment_1500-2000,2021.1.4,Win32,143.7607821
,,,,,,space,2.6312,5,2.3854,0,442,442,442,1,442,images/pixabay_cat_002277.jpg,Eddy,001,2022-04-11_15h12.52.409,Cat face rating experiment_1500-2000,2021.1.4,Win32,143.7607821
,,,,,,space,1.4569,6,1.1478,0,443,443,443,1,443,images/pixabay_cat_003290.jpg,Eddy,001,2022-04-11_15h12.52.409,Cat face rating experiment_1500-2000,2021.1.4,Win32,143.7607821
,,,,,,space,1.1768,3,0.9191,0,444,444,444,1,444,images/pixabay_cat_000913.jpg,Eddy,001,2022-04-11_15h12.52.409,Cat face rating experiment_1500-2000,2021.1.4,Win32,143.7607821
,,,,,,space,2.3185,5,2.044,0,445,445,445,1,445,images/pixabay_cat_002921.jpg,Eddy,001,2022-04-11_15h12.52.409,Cat face rating experiment_1500-2000,2021.1.4,Win32,143.7607821
,,,,,,space,1.7791,3,1.5276,0,446,446,446,1,446,images/flickr_cat_000040.jpg,Eddy,001,2022-04-11_15h12.52.409,Cat face rating experiment_1500-2000,2021.1.4,Win32,143.7607821
,,,,,,space,1.0012,,,0,447,447,447,1,447,images/flickr_cat_000251.jpg,Eddy,001,2022-04-11_15h12.52.409,Cat face rating experiment_1500-2000,2021.1.4,Win32,143.7607821
,,,,,,space,2.9621,3,1.9471,0,448,448,448,1,448,images/pixabay_cat_004278.jpg,Eddy,001,2022-04-11_15h12.52.409,Cat face rating experiment_1500-2000,2021.1.4,Win32,143.7607821
,,,,,,space,2.299,6,1.4534,0,449,449,449,1,449,images/pixabay_cat_002463.jpg,Eddy,001,2022-04-11_15h12.52.409,Cat face rating experiment_1500-2000,2021.1.4,Win32,143.7607821
,,,,,,space,1.4783,5,1.2761,0,450,450,450,1,450,images/flickr_cat_000022.jpg,Eddy,001,2022-04-11_15h12.52.409,Cat face rating experiment_1500-2000,2021.1.4,Win32,143.7607821
,,,,,,space,1.4076,6,1.1966,0,451,451,451,1,451,images/pixabay_cat_003133.jpg,Eddy,001,2022-04-11_15h12.52.409,Cat face rating experiment_1500-2000,2021.1.4,Win32,143.7607821
,,,,,,space,2.6973,5,2.5165,0,452,452,452,1,452,images/pixabay_cat_000744.jpg,Eddy,001,2022-04-11_15h12.52.409,Cat face rating experiment_1500-2000,2021.1.4,Win32,143.7607821
,,,,,,space,1.7535,4,1.6292,0,453,453,453,1,453,images/pixabay_cat_000997.jpg,Eddy,001,2022-04-11_15h12.52.409,Cat face rating experiment_1500-2000,2021.1.4,Win32,143.7607821
,,,,,,space,1.4292,6,1.2682,0,454,454,454,1,454,images/pixabay_cat_000036.jpg,Eddy,001,2022-04-11_15h12.52.409,Cat face rating experiment_1500-2000,2021.1.4,Win32,143.7607821
,,,,,,space,1.7846,,,0,455,455,455,1,455,images/flickr_cat_000074.jpg,Eddy,001,2022-04-11_15h12.52.409,Cat face rating experiment_1500-2000,2021.1.4,Win32,143.7607821
,,,,,,space,1.6697,5,1.4046,0,456,456,456,1,456,images/flickr_cat_000255.jpg,Eddy,001,2022-04-11_15h12.52.409,Cat face rating experiment_1500-2000,2021.1.4,Win32,143.7607821
,,,,,,space,1.4907,3,1.2669,0,457,457,457,1,457,images/pixabay_cat_003172.jpg,Eddy,001,2022-04-11_15h12.52.409,Cat face rating experiment_1500-2000,2021.1.4,Win32,143.7607821
,,,,,,space,5.401,5,4.5898,0,458,458,458,1,458,images/pixabay_cat_004350.jpg,Eddy,001,2022-04-11_15h12.52.409,Cat face rating experiment_1500-2000,2021.1.4,Win32,143.7607821
,,,,,,space,0.9904,,,0,459,459,459,1,459,images/pixabay_cat_004473.jpg,Eddy,001,2022-04-11_15h12.52.409,Cat face rating experiment_1500-2000,2021.1.4,Win32,143.7607821
,,,,,,space,0.6344,,,0,460,460,460,1,460,images/pixabay_cat_003349.jpg,Eddy,001,2022-04-11_15h12.52.409,Cat face rating experiment_1500-2000,2021.1.4,Win32,143.7607821
,,,,,,space,3.4039,5,3.0506,0,461,461,461,1,461,images/pixabay_cat_002832.jpg,Eddy,001,2022-04-11_15h12.52.409,Cat face rating experiment_1500-2000,2021.1.4,Win32,143.7607821
,,,,,,space,2.207,5,1.9116,0,462,462,462,1,462,images/pixabay_cat_004375.jpg,Eddy,001,2022-04-11_15h12.52.409,Cat face rating experiment_1500-2000,2021.1.4,Win32,143.7607821
,,,,,,space,0.9204,,,0,463,463,463,1,463,images/pixabay_cat_001791.jpg,Eddy,001,2022-04-11_15h12.52.409,Cat face rating experiment_1500-2000,2021.1.4,Win32,143.7607821
,,,,,,space,2.6115,5,2.4755,0,464,464,464,1,464,images/pixabay_cat_002761.jpg,Eddy,001,2022-04-11_15h12.52.409,Cat face rating experiment_1500-2000,2021.1.4,Win32,143.7607821
,,,,,,space,1.7068,3,1.5311,0,465,465,465,1,465,images/pixabay_cat_003754.jpg,Eddy,001,2022-04-11_15h12.52.409,Cat face rating experiment_1500-2000,2021.1.4,Win32,143.7607821
,,,,,,space,1.0463,,,0,466,466,466,1,466,images/pixabay_cat_001720.jpg,Eddy,001,2022-04-11_15h12.52.409,Cat face rating experiment_1500-2000,2021.1.4,Win32,143.7607821
,,,,,,space,1.4384,3,1.2676,0,467,467,467,1,467,images/pixabay_cat_002914.jpg,Eddy,001,2022-04-11_15h12.52.409,Cat face rating experiment_1500-2000,2021.1.4,Win32,143.7607821
,,,,,,space,1.4747,,,0,468,468,468,1,468,images/flickr_cat_000551.jpg,Eddy,001,2022-04-11_15h12.52.409,Cat face rating experiment_1500-2000,2021.1.4,Win32,143.7607821
,,,,,,space,3.0072,2,2.6299,0,469,469,469,1,469,images/pixabay_cat_004201.jpg,Eddy,001,2022-04-11_15h12.52.409,Cat face rating experiment_1500-2000,2021.1.4,Win32,143.7607821
,,,,,,space,1.6104,3,0.982,0,470,470,470,1,470,images/flickr_cat_000142.jpg,Eddy,001,2022-04-11_15h12.52.409,Cat face rating experiment_1500-2000,2021.1.4,Win32,143.7607821
,,,,,,space,1.5337,1,1.2932,0,471,471,471,1,471,images/pixabay_cat_001167.jpg,Eddy,001,2022-04-11_15h12.52.409,Cat face rating experiment_1500-2000,2021.1.4,Win32,143.7607821
,,,,,,space,1.5234,,,0,472,472,472,1,472,images/pixabay_cat_000827.jpg,Eddy,001,2022-04-11_15h12.52.409,Cat face rating experiment_1500-2000,2021.1.4,Win32,143.7607821
,,,,,,space,4.6768,5,2.5042,0,473,473,473,1,473,images/pixabay_cat_001198.jpg,Eddy,001,2022-04-11_15h12.52.409,Cat face rating experiment_1500-2000,2021.1.4,Win32,143.7607821
,,,,,,space,2.2978,,,0,474,474,474,1,474,images/flickr_cat_000499.jpg,Eddy,001,2022-04-11_15h12.52.409,Cat face rating experiment_1500-2000,2021.1.4,Win32,143.7607821
,,,,,,space,3.1717,5,2.9105,0,475,475,475,1,475,images/pixabay_cat_001128.jpg,Eddy,001,2022-04-11_15h12.52.409,Cat face rating experiment_1500-2000,2021.1.4,Win32,143.7607821
,,,,,,space,3.0964,4,2.8709,0,476,476,476,1,476,images/pixabay_cat_000457.jpg,Eddy,001,2022-04-11_15h12.52.409,Cat face rating experiment_1500-2000,2021.1.4,Win32,143.7607821
,,,,,,space,2.4107,2,2.0724,0,477,477,477,1,477,images/pixabay_cat_001896.jpg,Eddy,001,2022-04-11_15h12.52.409,Cat face rating experiment_1500-2000,2021.1.4,Win32,143.7607821
,,,,,,space,1.3734,,,0,478,478,478,1,478,images/pixabay_cat_002061.jpg,Eddy,001,2022-04-11_15h12.52.409,Cat face rating experiment_1500-2000,2021.1.4,Win32,143.7607821
,,,,,,space,1.3457,5,1.1106,0,479,479,479,1,479,images/pixabay_cat_000626.jpg,Eddy,001,2022-04-11_15h12.52.409,Cat face rating experiment_1500-2000,2021.1.4,Win32,143.7607821
,,,,,,space,1.5413,3,1.2691,0,480,480,480,1,480,images/pixabay_cat_002951.jpg,Eddy,001,2022-04-11_15h12.52.409,Cat face rating experiment_1500-2000,2021.1.4,Win32,143.7607821
,,,,,,space,1.7353,6,1.2532,0,481,481,481,1,481,images/pixabay_cat_000156.jpg,Eddy,001,2022-04-11_15h12.52.409,Cat face rating experiment_1500-2000,2021.1.4,Win32,143.7607821
,,,,,,space,1.3338,5,1.0842,0,482,482,482,1,482,images/pixabay_cat_000123.jpg,Eddy,001,2022-04-11_15h12.52.409,Cat face rating experiment_1500-2000,2021.1.4,Win32,143.7607821
,,,,,,space,1.4722,6,1.2746,0,483,483,483,1,483,images/flickr_cat_000321.jpg,Eddy,001,2022-04-11_15h12.52.409,Cat face rating experiment_1500-2000,2021.1.4,Win32,143.7607821
,,,,,,space,3.241,3,3.0578,0,484,484,484,1,484,images/pixabay_cat_000341.jpg,Eddy,001,2022-04-11_15h12.52.409,Cat face rating experiment_1500-2000,2021.1.4,Win32,143.7607821
,,,,,,space,1.3195,2,0.9388,0,485,485,485,1,485,images/pixabay_cat_002337.jpg,Eddy,001,2022-04-11_15h12.52.409,Cat face rating experiment_1500-2000,2021.1.4,Win32,143.7607821
,,,,,,space,1.47,2,1.1857,0,486,486,486,1,486,images/pixabay_cat_000950.jpg,Eddy,001,2022-04-11_15h12.52.409,Cat face rating experiment_1500-2000,2021.1.4,Win32,143.7607821
,,,,,,space,3.3514,7,3.0387,0,487,487,487,1,487,images/flickr_cat_000043.jpg,Eddy,001,2022-04-11_15h12.52.409,Cat face rating experiment_1500-2000,2021.1.4,Win32,143.7607821
,,,,,,space,2.0313,5,1.7757,0,488,488,488,1,488,images/flickr_cat_000266.jpg,Eddy,001,2022-04-11_15h12.52.409,Cat face rating experiment_1500-2000,2021.1.4,Win32,143.7607821
,,,,,,space,1.3211,5,1.086,0,489,489,489,1,489,images/pixabay_cat_004391.jpg,Eddy,001,2022-04-11_15h12.52.409,Cat face rating experiment_1500-2000,2021.1.4,Win32,143.7607821
,,,,,,space,2.2622,5,2.0509,0,490,490,490,1,490,images/flickr_cat_000024.jpg,Eddy,001,2022-04-11_15h12.52.409,Cat face rating experiment_1500-2000,2021.1.4,Win32,143.7607821
,,,,,,space,1.4924,6,1.2381,0,491,491,491,1,491,images/pixabay_cat_002647.jpg,Eddy,001,2022-04-11_15h12.52.409,Cat face rating experiment_1500-2000,2021.1.4,Win32,143.7607821
,,,,,,space,1.9943,6,1.8467,0,492,492,492,1,492,images/pixabay_cat_004509.jpg,Eddy,001,2022-04-11_15h12.52.409,Cat face rating experiment_1500-2000,2021.1.4,Win32,143.7607821
,,,,,,space,1.4996,3,1.0046,0,493,493,493,1,493,images/pixabay_cat_000577.jpg,Eddy,001,2022-04-11_15h12.52.409,Cat face rating experiment_1500-2000,2021.1.4,Win32,143.7607821
,,,,,,space,18.0787,5,17.3297,0,494,494,494,1,494,images/pixabay_cat_002326.jpg,Eddy,001,2022-04-11_15h12.52.409,Cat face rating experiment_1500-2000,2021.1.4,Win32,143.7607821
,,,,,,space,1.4433,5,1.2736,0,495,495,495,1,495,images/flickr_cat_000044.jpg,Eddy,001,2022-04-11_15h12.52.409,Cat face rating experiment_1500-2000,2021.1.4,Win32,143.7607821
,,,,,,space,2.6579,2,2.3032,0,496,496,496,1,496,images/pixabay_cat_001409.jpg,Eddy,001,2022-04-11_15h12.52.409,Cat face rating experiment_1500-2000,2021.1.4,Win32,143.7607821
,,,,,,space,1.3151,3,1.1633,0,497,497,497,1,497,images/flickr_cat_000715.jpg,Eddy,001,2022-04-11_15h12.52.409,Cat face rating experiment_1500-2000,2021.1.4,Win32,143.7607821
,,,,,,space,2.2902,7,2.0248,0,498,498,498,1,498,images/pixabay_cat_000951.jpg,Eddy,001,2022-04-11_15h12.52.409,Cat face rating experiment_1500-2000,2021.1.4,Win32,143.7607821
,,,,,,space,1.9367,6,1.6773,0,499,499,499,1,499,images/pixabay_cat_001500.jpg,Eddy,001,2022-04-11_15h12.52.409,Cat face rating experiment_1500-2000,2021.1.4,Win32,143.7607821
