key_resp.keys,key_resp.rt,key_resp_2.keys,key_resp_2.rt,key_resp_3.keys,key_resp_3.rt,key_resp_4.keys,key_resp_4.rt,slider.response,slider.rt,trials.thisRepN,trials.thisTrialN,trials.thisN,trials.thisIndex,trials.ran,trial_nums,img,participant,session,date,expName,psychopyVersion,OS,frameRate
space,0.8359,space,0.2006,space,0.4605,space,2.0471,7,1.8846,0,0,0,0,1,0,images/pixabay_cat_002885.jpg,Jack Lo,001,2022-05-28_23h19.33.847,Cat face rating experiment_1500-2000,2021.1.4,MacIntel,60.0024001
,,,,,,space,1.5461,1,1.3559,0,1,1,1,1,1,images/pixabay_cat_002314.jpg,Jack Lo,001,2022-05-28_23h19.33.847,Cat face rating experiment_1500-2000,2021.1.4,MacIntel,60.0024001
,,,,,,space,2.8429,4,2.5221,0,2,2,2,1,2,images/pixabay_cat_003813.jpg,Jack Lo,001,2022-05-28_23h19.33.847,Cat face rating experiment_1500-2000,2021.1.4,MacIntel,60.0024001
,,,,,,space,1.7878,4,1.4223,0,3,3,3,1,3,images/pixabay_cat_002556.jpg,Jack Lo,001,2022-05-28_23h19.33.847,Cat face rating experiment_1500-2000,2021.1.4,MacIntel,60.0024001
,,,,,,space,1.3185,5,1.2179,0,4,4,4,1,4,images/pixabay_cat_002579.jpg,Jack Lo,001,2022-05-28_23h19.33.847,Cat face rating experiment_1500-2000,2021.1.4,MacIntel,60.0024001
,,,,,,space,1.0787,,,0,5,5,5,1,5,images/pixabay_cat_002162.jpg,Jack Lo,001,2022-05-28_23h19.33.847,Cat face rating experiment_1500-2000,2021.1.4,MacIntel,60.0024001
,,,,,,space,1.6258,3,1.2879,0,6,6,6,1,6,images/flickr_cat_000138.jpg,Jack Lo,001,2022-05-28_23h19.33.847,Cat face rating experiment_1500-2000,2021.1.4,MacIntel,60.0024001
,,,,,,space,1.5077,6,1.3028,0,7,7,7,1,7,images/pixabay_cat_001260.jpg,Jack Lo,001,2022-05-28_23h19.33.847,Cat face rating experiment_1500-2000,2021.1.4,MacIntel,60.0024001
,,,,,,space,1.5029,3,1.2885,0,8,8,8,1,8,images/pixabay_cat_001515.jpg,Jack Lo,001,2022-05-28_23h19.33.847,Cat face rating experiment_1500-2000,2021.1.4,MacIntel,60.0024001
,,,,,,space,4.4421,3,0.9404,0,9,9,9,1,9,images/pixabay_cat_003277.jpg,Jack Lo,001,2022-05-28_23h19.33.847,Cat face rating experiment_1500-2000,2021.1.4,MacIntel,60.0024001
,,,,,,space,1.3562,3,1.1711,0,10,10,10,1,10,images/flickr_cat_000633.jpg,Jack Lo,001,2022-05-28_23h19.33.847,Cat face rating experiment_1500-2000,2021.1.4,MacIntel,60.0024001
,,,,,,space,0.8753,2,0.7531,0,11,11,11,1,11,images/pixabay_cat_001421.jpg,Jack Lo,001,2022-05-28_23h19.33.847,Cat face rating experiment_1500-2000,2021.1.4,MacIntel,60.0024001
,,,,,,space,1.0828,,,0,12,12,12,1,12,images/pixabay_cat_000850.jpg,Jack Lo,001,2022-05-28_23h19.33.847,Cat face rating experiment_1500-2000,2021.1.4,MacIntel,60.0024001
,,,,,,space,1.3924,3,1.2391,0,13,13,13,1,13,images/pixabay_cat_004729.jpg,Jack Lo,001,2022-05-28_23h19.33.847,Cat face rating experiment_1500-2000,2021.1.4,MacIntel,60.0024001
,,,,,,space,4.746,5,4.6868,0,14,14,14,1,14,images/flickr_cat_000206.jpg,Jack Lo,001,2022-05-28_23h19.33.847,Cat face rating experiment_1500-2000,2021.1.4,MacIntel,60.0024001
,,,,,,space,1.2419,,,0,15,15,15,1,15,images/pixabay_cat_003959.jpg,Jack Lo,001,2022-05-28_23h19.33.847,Cat face rating experiment_1500-2000,2021.1.4,MacIntel,60.0024001
,,,,,,space,1.0359,3,0.8348,0,16,16,16,1,16,images/pixabay_cat_002392.jpg,Jack Lo,001,2022-05-28_23h19.33.847,Cat face rating experiment_1500-2000,2021.1.4,MacIntel,60.0024001
,,,,,,space,2.2505,1,2.1229,0,17,17,17,1,17,images/pixabay_cat_002086.jpg,Jack Lo,001,2022-05-28_23h19.33.847,Cat face rating experiment_1500-2000,2021.1.4,MacIntel,60.0024001
,,,,,,space,1.6272,2,1.4031,0,18,18,18,1,18,images/pixabay_cat_002259.jpg,Jack Lo,001,2022-05-28_23h19.33.847,Cat face rating experiment_1500-2000,2021.1.4,MacIntel,60.0024001
,,,,,,space,2.1054,3,1.9572,0,19,19,19,1,19,images/pixabay_cat_002287.jpg,Jack Lo,001,2022-05-28_23h19.33.847,Cat face rating experiment_1500-2000,2021.1.4,MacIntel,60.0024001
,,,,,,space,2.3965,5,1.6562,0,20,20,20,1,20,images/pixabay_cat_002401.jpg,Jack Lo,001,2022-05-28_23h19.33.847,Cat face rating experiment_1500-2000,2021.1.4,MacIntel,60.0024001
,,,,,,space,1.4252,3,1.2573,0,21,21,21,1,21,images/pixabay_cat_002594.jpg,Jack Lo,001,2022-05-28_23h19.33.847,Cat face rating experiment_1500-2000,2021.1.4,MacIntel,60.0024001
,,,,,,space,1.9213,2,1.7886,0,22,22,22,1,22,images/pixabay_cat_001337.jpg,Jack Lo,001,2022-05-28_23h19.33.847,Cat face rating experiment_1500-2000,2021.1.4,MacIntel,60.0024001
,,,,,,space,0.9012,3,0.7887,0,23,23,23,1,23,images/pixabay_cat_001666.jpg,Jack Lo,001,2022-05-28_23h19.33.847,Cat face rating experiment_1500-2000,2021.1.4,MacIntel,60.0024001
,,,,,,space,0.8964,3,0.6999,0,24,24,24,1,24,images/flickr_cat_000013.jpg,Jack Lo,001,2022-05-28_23h19.33.847,Cat face rating experiment_1500-2000,2021.1.4,MacIntel,60.0024001
,,,,,,space,3.0111,6,2.7706,0,25,25,25,1,25,images/pixabay_cat_000115.jpg,Jack Lo,001,2022-05-28_23h19.33.847,Cat face rating experiment_1500-2000,2021.1.4,MacIntel,60.0024001
,,,,,,space,12.9982,2,12.5913,0,26,26,26,1,26,images/pixabay_cat_002221.jpg,Jack Lo,001,2022-05-28_23h19.33.847,Cat face rating experiment_1500-2000,2021.1.4,MacIntel,60.0024001
,,,,,,space,2.5923,2,1.9557,0,27,27,27,1,27,images/pixabay_cat_002489.jpg,Jack Lo,001,2022-05-28_23h19.33.847,Cat face rating experiment_1500-2000,2021.1.4,MacIntel,60.0024001
,,,,,,space,2.0749,,,0,28,28,28,1,28,images/pixabay_cat_001733.jpg,Jack Lo,001,2022-05-28_23h19.33.847,Cat face rating experiment_1500-2000,2021.1.4,MacIntel,60.0024001
,,,,,,space,1.9412,3,1.3696,0,29,29,29,1,29,images/pixabay_cat_003709.jpg,Jack Lo,001,2022-05-28_23h19.33.847,Cat face rating experiment_1500-2000,2021.1.4,MacIntel,60.0024001
,,,,,,space,17.5075,5,12.3602,0,30,30,30,1,30,images/pixabay_cat_002515.jpg,Jack Lo,001,2022-05-28_23h19.33.847,Cat face rating experiment_1500-2000,2021.1.4,MacIntel,60.0024001
,,,,,,space,24.2721,1,19.0259,0,31,31,31,1,31,images/pixabay_cat_002874.jpg,Jack Lo,001,2022-05-28_23h19.33.847,Cat face rating experiment_1500-2000,2021.1.4,MacIntel,60.0024001
,,,,,,space,4.7467,3,4.524,0,32,32,32,1,32,images/pixabay_cat_003263.jpg,Jack Lo,001,2022-05-28_23h19.33.847,Cat face rating experiment_1500-2000,2021.1.4,MacIntel,60.0024001
,,,,,,space,1.2438,5,1.0934,0,33,33,33,1,33,images/pixabay_cat_004090.jpg,Jack Lo,001,2022-05-28_23h19.33.847,Cat face rating experiment_1500-2000,2021.1.4,MacIntel,60.0024001
,,,,,,space,1.706,,,0,34,34,34,1,34,images/flickr_cat_000518.jpg,Jack Lo,001,2022-05-28_23h19.33.847,Cat face rating experiment_1500-2000,2021.1.4,MacIntel,60.0024001
,,,,,,space,1.5975,,,0,35,35,35,1,35,images/flickr_cat_000209.jpg,Jack Lo,001,2022-05-28_23h19.33.847,Cat face rating experiment_1500-2000,2021.1.4,MacIntel,60.0024001
,,,,,,space,1.2228,,,0,36,36,36,1,36,images/pixabay_cat_003391.jpg,Jack Lo,001,2022-05-28_23h19.33.847,Cat face rating experiment_1500-2000,2021.1.4,MacIntel,60.0024001
,,,,,,space,1.2225,3,0.9861,0,37,37,37,1,37,images/pixabay_cat_004578.jpg,Jack Lo,001,2022-05-28_23h19.33.847,Cat face rating experiment_1500-2000,2021.1.4,MacIntel,60.0024001
,,,,,,space,1.1858,2,0.8513,0,38,38,38,1,38,images/pixabay_cat_002845.jpg,Jack Lo,001,2022-05-28_23h19.33.847,Cat face rating experiment_1500-2000,2021.1.4,MacIntel,60.0024001
,,,,,,space,6.012,2,5.6535,0,39,39,39,1,39,images/pixabay_cat_000253.jpg,Jack Lo,001,2022-05-28_23h19.33.847,Cat face rating experiment_1500-2000,2021.1.4,MacIntel,60.0024001
,,,,,,space,3.4592,3,3.1698,0,40,40,40,1,40,images/pixabay_cat_002402.jpg,Jack Lo,001,2022-05-28_23h19.33.847,Cat face rating experiment_1500-2000,2021.1.4,MacIntel,60.0024001
,,,,,,space,26.6498,3,24.5217,0,41,41,41,1,41,images/pixabay_cat_002228.jpg,Jack Lo,001,2022-05-28_23h19.33.847,Cat face rating experiment_1500-2000,2021.1.4,MacIntel,60.0024001
,,,,,,space,2.2039,5,1.9366,0,42,42,42,1,42,images/pixabay_cat_004300.jpg,Jack Lo,001,2022-05-28_23h19.33.847,Cat face rating experiment_1500-2000,2021.1.4,MacIntel,60.0024001
,,,,,,space,1.3004,,,0,43,43,43,1,43,images/pixabay_cat_001456.jpg,Jack Lo,001,2022-05-28_23h19.33.847,Cat face rating experiment_1500-2000,2021.1.4,MacIntel,60.0024001
,,,,,,space,1.1044,3,0.8911,0,44,44,44,1,44,images/pixabay_cat_002977.jpg,Jack Lo,001,2022-05-28_23h19.33.847,Cat face rating experiment_1500-2000,2021.1.4,MacIntel,60.0024001
,,,,,,space,1.0605,,,0,45,45,45,1,45,images/pixabay_cat_001240.jpg,Jack Lo,001,2022-05-28_23h19.33.847,Cat face rating experiment_1500-2000,2021.1.4,MacIntel,60.0024001
,,,,,,space,1.3242,5,1.1179,0,46,46,46,1,46,images/pixabay_cat_001255.jpg,Jack Lo,001,2022-05-28_23h19.33.847,Cat face rating experiment_1500-2000,2021.1.4,MacIntel,60.0024001
,,,,,,space,7.893,5,7.5717,0,47,47,47,1,47,images/pixabay_cat_002406.jpg,Jack Lo,001,2022-05-28_23h19.33.847,Cat face rating experiment_1500-2000,2021.1.4,MacIntel,60.0024001
,,,,,,space,4.9584,3,4.3865,0,48,48,48,1,48,images/pixabay_cat_004313.jpg,Jack Lo,001,2022-05-28_23h19.33.847,Cat face rating experiment_1500-2000,2021.1.4,MacIntel,60.0024001
,,,,,,space,9.0628,2,8.6233,0,49,49,49,1,49,images/pixabay_cat_004293.jpg,Jack Lo,001,2022-05-28_23h19.33.847,Cat face rating experiment_1500-2000,2021.1.4,MacIntel,60.0024001
,,,,,,space,7.3523,6,6.2937,0,50,50,50,1,50,images/pixabay_cat_001602.jpg,Jack Lo,001,2022-05-28_23h19.33.847,Cat face rating experiment_1500-2000,2021.1.4,MacIntel,60.0024001
,,,,,,space,1.1216,5,0.7927,0,51,51,51,1,51,images/pixabay_cat_002782.jpg,Jack Lo,001,2022-05-28_23h19.33.847,Cat face rating experiment_1500-2000,2021.1.4,MacIntel,60.0024001
,,,,,,space,1.503,3,1.3204,0,52,52,52,1,52,images/pixabay_cat_003478.jpg,Jack Lo,001,2022-05-28_23h19.33.847,Cat face rating experiment_1500-2000,2021.1.4,MacIntel,60.0024001
,,,,,,space,1.4559,2,0.8576,0,53,53,53,1,53,images/pixabay_cat_000963.jpg,Jack Lo,001,2022-05-28_23h19.33.847,Cat face rating experiment_1500-2000,2021.1.4,MacIntel,60.0024001
,,,,,,space,6.3938,4,6.1381,0,54,54,54,1,54,images/pixabay_cat_000113.jpg,Jack Lo,001,2022-05-28_23h19.33.847,Cat face rating experiment_1500-2000,2021.1.4,MacIntel,60.0024001
,,,,,,space,1.2623,3,1.104,0,55,55,55,1,55,images/pixabay_cat_000591.jpg,Jack Lo,001,2022-05-28_23h19.33.847,Cat face rating experiment_1500-2000,2021.1.4,MacIntel,60.0024001
,,,,,,space,1.0332,,,0,56,56,56,1,56,images/pixabay_cat_001379.jpg,Jack Lo,001,2022-05-28_23h19.33.847,Cat face rating experiment_1500-2000,2021.1.4,MacIntel,60.0024001
,,,,,,space,1.3933,5,1.206,0,57,57,57,1,57,images/pixabay_cat_004126.jpg,Jack Lo,001,2022-05-28_23h19.33.847,Cat face rating experiment_1500-2000,2021.1.4,MacIntel,60.0024001
,,,,,,space,0.8442,5,0.7387,0,58,58,58,1,58,images/pixabay_cat_003869.jpg,Jack Lo,001,2022-05-28_23h19.33.847,Cat face rating experiment_1500-2000,2021.1.4,MacIntel,60.0024001
,,,,,,space,0.8441,5,0.6904,0,59,59,59,1,59,images/flickr_cat_000454.jpg,Jack Lo,001,2022-05-28_23h19.33.847,Cat face rating experiment_1500-2000,2021.1.4,MacIntel,60.0024001
,,,,,,space,0.7601,6,0.7052,0,60,60,60,1,60,images/pixabay_cat_001816.jpg,Jack Lo,001,2022-05-28_23h19.33.847,Cat face rating experiment_1500-2000,2021.1.4,MacIntel,60.0024001
,,,,,,space,0.7617,5,0.6257,0,61,61,61,1,61,images/pixabay_cat_003220.jpg,Jack Lo,001,2022-05-28_23h19.33.847,Cat face rating experiment_1500-2000,2021.1.4,MacIntel,60.0024001
,,,,,,space,0.9347,6,0.7907,0,62,62,62,1,62,images/flickr_cat_000103.jpg,Jack Lo,001,2022-05-28_23h19.33.847,Cat face rating experiment_1500-2000,2021.1.4,MacIntel,60.0024001
,,,,,,space,1.3316,6,1.2379,0,63,63,63,1,63,images/pixabay_cat_004407.jpg,Jack Lo,001,2022-05-28_23h19.33.847,Cat face rating experiment_1500-2000,2021.1.4,MacIntel,60.0024001
,,,,,,space,1.5734,6,1.3866,0,64,64,64,1,64,images/pixabay_cat_000642.jpg,Jack Lo,001,2022-05-28_23h19.33.847,Cat face rating experiment_1500-2000,2021.1.4,MacIntel,60.0024001
,,,,,,space,1.2465,5,1.1706,0,65,65,65,1,65,images/pixabay_cat_002840.jpg,Jack Lo,001,2022-05-28_23h19.33.847,Cat face rating experiment_1500-2000,2021.1.4,MacIntel,60.0024001
,,,,,,space,1.2269,7,1.0382,0,66,66,66,1,66,images/pixabay_cat_000795.jpg,Jack Lo,001,2022-05-28_23h19.33.847,Cat face rating experiment_1500-2000,2021.1.4,MacIntel,60.0024001
,,,,,,space,1.1918,,,0,67,67,67,1,67,images/pixabay_cat_000477.jpg,Jack Lo,001,2022-05-28_23h19.33.847,Cat face rating experiment_1500-2000,2021.1.4,MacIntel,60.0024001
,,,,,,space,1.1294,5,0.9758,0,68,68,68,1,68,images/flickr_cat_000561.jpg,Jack Lo,001,2022-05-28_23h19.33.847,Cat face rating experiment_1500-2000,2021.1.4,MacIntel,60.0024001
,,,,,,space,0.8234,6,0.6724,0,69,69,69,1,69,images/pixabay_cat_001879.jpg,Jack Lo,001,2022-05-28_23h19.33.847,Cat face rating experiment_1500-2000,2021.1.4,MacIntel,60.0024001
,,,,,,space,0.7242,5,0.6203,0,70,70,70,1,70,images/pixabay_cat_002131.jpg,Jack Lo,001,2022-05-28_23h19.33.847,Cat face rating experiment_1500-2000,2021.1.4,MacIntel,60.0024001
,,,,,,space,0.8369,,,0,71,71,71,1,71,images/pixabay_cat_004348.jpg,Jack Lo,001,2022-05-28_23h19.33.847,Cat face rating experiment_1500-2000,2021.1.4,MacIntel,60.0024001
,,,,,,space,1.3037,3,1.1715,0,72,72,72,1,72,images/pixabay_cat_000038.jpg,Jack Lo,001,2022-05-28_23h19.33.847,Cat face rating experiment_1500-2000,2021.1.4,MacIntel,60.0024001
,,,,,,space,0.9235,3,0.803,0,73,73,73,1,73,images/pixabay_cat_004613.jpg,Jack Lo,001,2022-05-28_23h19.33.847,Cat face rating experiment_1500-2000,2021.1.4,MacIntel,60.0024001
,,,,,,space,0.81,3,0.6387,0,74,74,74,1,74,images/pixabay_cat_000806.jpg,Jack Lo,001,2022-05-28_23h19.33.847,Cat face rating experiment_1500-2000,2021.1.4,MacIntel,60.0024001
,,,,,,space,11.8086,3,11.5899,0,75,75,75,1,75,images/pixabay_cat_002165.jpg,Jack Lo,001,2022-05-28_23h19.33.847,Cat face rating experiment_1500-2000,2021.1.4,MacIntel,60.0024001
,,,,,,space,0.9363,3,0.7561,0,76,76,76,1,76,images/pixabay_cat_001488.jpg,Jack Lo,001,2022-05-28_23h19.33.847,Cat face rating experiment_1500-2000,2021.1.4,MacIntel,60.0024001
,,,,,,space,0.7641,2,0.6002,0,77,77,77,1,77,images/flickr_cat_000383.jpg,Jack Lo,001,2022-05-28_23h19.33.847,Cat face rating experiment_1500-2000,2021.1.4,MacIntel,60.0024001
,,,,,,space,2.5443,4,2.2396,0,78,78,78,1,78,images/pixabay_cat_002588.jpg,Jack Lo,001,2022-05-28_23h19.33.847,Cat face rating experiment_1500-2000,2021.1.4,MacIntel,60.0024001
,,,,,,space,1.2045,3,1.0274,0,79,79,79,1,79,images/flickr_cat_000708.jpg,Jack Lo,001,2022-05-28_23h19.33.847,Cat face rating experiment_1500-2000,2021.1.4,MacIntel,60.0024001
,,,,,,space,0.9371,2,0.7724,0,80,80,80,1,80,images/pixabay_cat_004532.jpg,Jack Lo,001,2022-05-28_23h19.33.847,Cat face rating experiment_1500-2000,2021.1.4,MacIntel,60.0024001
,,,,,,space,0.9148,3,0.703,0,81,81,81,1,81,images/pixabay_cat_004277.jpg,Jack Lo,001,2022-05-28_23h19.33.847,Cat face rating experiment_1500-2000,2021.1.4,MacIntel,60.0024001
,,,,,,space,1.155,,,0,82,82,82,1,82,images/pixabay_cat_002731.jpg,Jack Lo,001,2022-05-28_23h19.33.847,Cat face rating experiment_1500-2000,2021.1.4,MacIntel,60.0024001
,,,,,,space,1.2263,5,1.0064,0,83,83,83,1,83,images/flickr_cat_000355.jpg,Jack Lo,001,2022-05-28_23h19.33.847,Cat face rating experiment_1500-2000,2021.1.4,MacIntel,60.0024001
,,,,,,space,16.5721,2,14.5698,0,84,84,84,1,84,images/pixabay_cat_002654.jpg,Jack Lo,001,2022-05-28_23h19.33.847,Cat face rating experiment_1500-2000,2021.1.4,MacIntel,60.0024001
,,,,,,space,1.2558,2,0.9199,0,85,85,85,1,85,images/pixabay_cat_003904.jpg,Jack Lo,001,2022-05-28_23h19.33.847,Cat face rating experiment_1500-2000,2021.1.4,MacIntel,60.0024001
,,,,,,space,2.3204,2,1.1885,0,86,86,86,1,86,images/pixabay_cat_004511.jpg,Jack Lo,001,2022-05-28_23h19.33.847,Cat face rating experiment_1500-2000,2021.1.4,MacIntel,60.0024001
,,,,,,space,13.344,,,0,87,87,87,1,87,images/pixabay_cat_000717.jpg,Jack Lo,001,2022-05-28_23h19.33.847,Cat face rating experiment_1500-2000,2021.1.4,MacIntel,60.0024001
,,,,,,space,5.8304,3,1.8714,0,88,88,88,1,88,images/pixabay_cat_001854.jpg,Jack Lo,001,2022-05-28_23h19.33.847,Cat face rating experiment_1500-2000,2021.1.4,MacIntel,60.0024001
,,,,,,space,14.0803,3,13.8421,0,89,89,89,1,89,images/pixabay_cat_000384.jpg,Jack Lo,001,2022-05-28_23h19.33.847,Cat face rating experiment_1500-2000,2021.1.4,MacIntel,60.0024001
,,,,,,space,0.9683,3,0.823,0,90,90,90,1,90,images/pixabay_cat_003045.jpg,Jack Lo,001,2022-05-28_23h19.33.847,Cat face rating experiment_1500-2000,2021.1.4,MacIntel,60.0024001
,,,,,,space,1.3516,2,1.1351,0,91,91,91,1,91,images/pixabay_cat_001750.jpg,Jack Lo,001,2022-05-28_23h19.33.847,Cat face rating experiment_1500-2000,2021.1.4,MacIntel,60.0024001
,,,,,,space,1.1235,2,0.9014,0,92,92,92,1,92,images/pixabay_cat_000994.jpg,Jack Lo,001,2022-05-28_23h19.33.847,Cat face rating experiment_1500-2000,2021.1.4,MacIntel,60.0024001
,,,,,,space,1.9867,1,1.6837,0,93,93,93,1,93,images/pixabay_cat_000462.jpg,Jack Lo,001,2022-05-28_23h19.33.847,Cat face rating experiment_1500-2000,2021.1.4,MacIntel,60.0024001
,,,,,,space,12.5043,4,12.1195,0,94,94,94,1,94,images/pixabay_cat_004651.jpg,Jack Lo,001,2022-05-28_23h19.33.847,Cat face rating experiment_1500-2000,2021.1.4,MacIntel,60.0024001
,,,,,,space,1.5907,5,1.256,0,95,95,95,1,95,images/pixabay_cat_002093.jpg,Jack Lo,001,2022-05-28_23h19.33.847,Cat face rating experiment_1500-2000,2021.1.4,MacIntel,60.0024001
,,,,,,space,2.4783,5,1.5537,0,96,96,96,1,96,images/flickr_cat_000775.jpg,Jack Lo,001,2022-05-28_23h19.33.847,Cat face rating experiment_1500-2000,2021.1.4,MacIntel,60.0024001
,,,,,,space,1.346,3,1.1715,0,97,97,97,1,97,images/pixabay_cat_003697.jpg,Jack Lo,001,2022-05-28_23h19.33.847,Cat face rating experiment_1500-2000,2021.1.4,MacIntel,60.0024001
,,,,,,space,4.3287,,,0,98,98,98,1,98,images/pixabay_cat_000600.jpg,Jack Lo,001,2022-05-28_23h19.33.847,Cat face rating experiment_1500-2000,2021.1.4,MacIntel,60.0024001
,,,,,,space,1.2118,3,1.0392,0,99,99,99,1,99,images/pixabay_cat_001601.jpg,Jack Lo,001,2022-05-28_23h19.33.847,Cat face rating experiment_1500-2000,2021.1.4,MacIntel,60.0024001
,,,,,,space,1.4453,2,0.7582,0,100,100,100,1,100,images/pixabay_cat_001283.jpg,Jack Lo,001,2022-05-28_23h19.33.847,Cat face rating experiment_1500-2000,2021.1.4,MacIntel,60.0024001
,,,,,,space,1.3654,2,1.1457,0,101,101,101,1,101,images/pixabay_cat_000909.jpg,Jack Lo,001,2022-05-28_23h19.33.847,Cat face rating experiment_1500-2000,2021.1.4,MacIntel,60.0024001
,,,,,,space,1.25,3,0.8529,0,102,102,102,1,102,images/pixabay_cat_003462.jpg,Jack Lo,001,2022-05-28_23h19.33.847,Cat face rating experiment_1500-2000,2021.1.4,MacIntel,60.0024001
,,,,,,space,1.0376,,,0,103,103,103,1,103,images/pixabay_cat_003967.jpg,Jack Lo,001,2022-05-28_23h19.33.847,Cat face rating experiment_1500-2000,2021.1.4,MacIntel,60.0024001
,,,,,,space,0.891,,,0,104,104,104,1,104,images/flickr_cat_000801.jpg,Jack Lo,001,2022-05-28_23h19.33.847,Cat face rating experiment_1500-2000,2021.1.4,MacIntel,60.0024001
,,,,,,space,5.9199,,,0,105,105,105,1,105,images/pixabay_cat_001691.jpg,Jack Lo,001,2022-05-28_23h19.33.847,Cat face rating experiment_1500-2000,2021.1.4,MacIntel,60.0024001
,,,,,,space,2.5235,2,1.9536,0,106,106,106,1,106,images/pixabay_cat_003864.jpg,Jack Lo,001,2022-05-28_23h19.33.847,Cat face rating experiment_1500-2000,2021.1.4,MacIntel,60.0024001
,,,,,,space,8.2446,3,8.0694,0,107,107,107,1,107,images/pixabay_cat_001475.jpg,Jack Lo,001,2022-05-28_23h19.33.847,Cat face rating experiment_1500-2000,2021.1.4,MacIntel,60.0024001
,,,,,,space,1.3585,3,0.7868,0,108,108,108,1,108,images/pixabay_cat_000727.jpg,Jack Lo,001,2022-05-28_23h19.33.847,Cat face rating experiment_1500-2000,2021.1.4,MacIntel,60.0024001
,,,,,,space,1.1766,2,0.9548,0,109,109,109,1,109,images/pixabay_cat_001935.jpg,Jack Lo,001,2022-05-28_23h19.33.847,Cat face rating experiment_1500-2000,2021.1.4,MacIntel,60.0024001
,,,,,,space,1.0073,2,0.8567,0,110,110,110,1,110,images/pixabay_cat_002229.jpg,Jack Lo,001,2022-05-28_23h19.33.847,Cat face rating experiment_1500-2000,2021.1.4,MacIntel,60.0024001
,,,,,,space,1.6201,3,1.2537,0,111,111,111,1,111,images/pixabay_cat_002092.jpg,Jack Lo,001,2022-05-28_23h19.33.847,Cat face rating experiment_1500-2000,2021.1.4,MacIntel,60.0024001
,,,,,,space,1.7218,1,1.0408,0,112,112,112,1,112,images/flickr_cat_000362.jpg,Jack Lo,001,2022-05-28_23h19.33.847,Cat face rating experiment_1500-2000,2021.1.4,MacIntel,60.0024001
,,,,,,space,1.6413,5,1.5376,0,113,113,113,1,113,images/pixabay_cat_000170.jpg,Jack Lo,001,2022-05-28_23h19.33.847,Cat face rating experiment_1500-2000,2021.1.4,MacIntel,60.0024001
,,,,,,space,1.5723,4,1.2697,0,114,114,114,1,114,images/pixabay_cat_000320.jpg,Jack Lo,001,2022-05-28_23h19.33.847,Cat face rating experiment_1500-2000,2021.1.4,MacIntel,60.0024001
,,,,,,space,1.4308,4,1.3186,0,115,115,115,1,115,images/pixabay_cat_002328.jpg,Jack Lo,001,2022-05-28_23h19.33.847,Cat face rating experiment_1500-2000,2021.1.4,MacIntel,60.0024001
,,,,,,space,1.5106,4,1.2882,0,116,116,116,1,116,images/pixabay_cat_003144.jpg,Jack Lo,001,2022-05-28_23h19.33.847,Cat face rating experiment_1500-2000,2021.1.4,MacIntel,60.0024001
,,,,,,space,1.2644,3,0.9908,0,117,117,117,1,117,images/flickr_cat_000594.jpg,Jack Lo,001,2022-05-28_23h19.33.847,Cat face rating experiment_1500-2000,2021.1.4,MacIntel,60.0024001
,,,,,,space,0.8548,,,0,118,118,118,1,118,images/pixabay_cat_004134.jpg,Jack Lo,001,2022-05-28_23h19.33.847,Cat face rating experiment_1500-2000,2021.1.4,MacIntel,60.0024001
,,,,,,space,1.7172,2,1.4559,0,119,119,119,1,119,images/pixabay_cat_004111.jpg,Jack Lo,001,2022-05-28_23h19.33.847,Cat face rating experiment_1500-2000,2021.1.4,MacIntel,60.0024001
,,,,,,space,1.1492,3,0.9743,0,120,120,120,1,120,images/flickr_cat_000332.jpg,Jack Lo,001,2022-05-28_23h19.33.847,Cat face rating experiment_1500-2000,2021.1.4,MacIntel,60.0024001
,,,,,,space,1.1514,2,0.9062,0,121,121,121,1,121,images/pixabay_cat_003928.jpg,Jack Lo,001,2022-05-28_23h19.33.847,Cat face rating experiment_1500-2000,2021.1.4,MacIntel,60.0024001
,,,,,,space,1.0402,,,0,122,122,122,1,122,images/pixabay_cat_003182.jpg,Jack Lo,001,2022-05-28_23h19.33.847,Cat face rating experiment_1500-2000,2021.1.4,MacIntel,60.0024001
,,,,,,space,1.3451,5,1.2081,0,123,123,123,1,123,images/pixabay_cat_000891.jpg,Jack Lo,001,2022-05-28_23h19.33.847,Cat face rating experiment_1500-2000,2021.1.4,MacIntel,60.0024001
,,,,,,space,1.0097,,,0,124,124,124,1,124,images/flickr_cat_000457.jpg,Jack Lo,001,2022-05-28_23h19.33.847,Cat face rating experiment_1500-2000,2021.1.4,MacIntel,60.0024001
,,,,,,space,1.165,5,1.0384,0,125,125,125,1,125,images/flickr_cat_000150.jpg,Jack Lo,001,2022-05-28_23h19.33.847,Cat face rating experiment_1500-2000,2021.1.4,MacIntel,60.0024001
,,,,,,space,1.4498,6,1.0901,0,126,126,126,1,126,images/pixabay_cat_004149.jpg,Jack Lo,001,2022-05-28_23h19.33.847,Cat face rating experiment_1500-2000,2021.1.4,MacIntel,60.0024001
,,,,,,space,0.9614,5,0.6243,0,127,127,127,1,127,images/pixabay_cat_001618.jpg,Jack Lo,001,2022-05-28_23h19.33.847,Cat face rating experiment_1500-2000,2021.1.4,MacIntel,60.0024001
,,,,,,space,0.8788,5,0.7264,0,128,128,128,1,128,images/pixabay_cat_002473.jpg,Jack Lo,001,2022-05-28_23h19.33.847,Cat face rating experiment_1500-2000,2021.1.4,MacIntel,60.0024001
,,,,,,space,0.9683,,,0,129,129,129,1,129,images/pixabay_cat_002708.jpg,Jack Lo,001,2022-05-28_23h19.33.847,Cat face rating experiment_1500-2000,2021.1.4,MacIntel,60.0024001
,,,,,,space,2.7585,6,2.6047,0,130,130,130,1,130,images/pixabay_cat_003098.jpg,Jack Lo,001,2022-05-28_23h19.33.847,Cat face rating experiment_1500-2000,2021.1.4,MacIntel,60.0024001
,,,,,,space,1.9251,3,1.8546,0,131,131,131,1,131,images/pixabay_cat_001374.jpg,Jack Lo,001,2022-05-28_23h19.33.847,Cat face rating experiment_1500-2000,2021.1.4,MacIntel,60.0024001
,,,,,,space,1.1055,3,1.0049,0,132,132,132,1,132,images/pixabay_cat_004037.jpg,Jack Lo,001,2022-05-28_23h19.33.847,Cat face rating experiment_1500-2000,2021.1.4,MacIntel,60.0024001
,,,,,,space,1.094,3,0.9216,0,133,133,133,1,133,images/flickr_cat_000280.jpg,Jack Lo,001,2022-05-28_23h19.33.847,Cat face rating experiment_1500-2000,2021.1.4,MacIntel,60.0024001
,,,,,,space,2.1356,6,1.8391,0,134,134,134,1,134,images/pixabay_cat_004455.jpg,Jack Lo,001,2022-05-28_23h19.33.847,Cat face rating experiment_1500-2000,2021.1.4,MacIntel,60.0024001
,,,,,,space,1.6734,2,1.5215,0,135,135,135,1,135,images/pixabay_cat_002524.jpg,Jack Lo,001,2022-05-28_23h19.33.847,Cat face rating experiment_1500-2000,2021.1.4,MacIntel,60.0024001
,,,,,,space,1.1815,2,1.02,0,136,136,136,1,136,images/pixabay_cat_003944.jpg,Jack Lo,001,2022-05-28_23h19.33.847,Cat face rating experiment_1500-2000,2021.1.4,MacIntel,60.0024001
,,,,,,space,1.9534,5,1.8425,0,137,137,137,1,137,images/pixabay_cat_001175.jpg,Jack Lo,001,2022-05-28_23h19.33.847,Cat face rating experiment_1500-2000,2021.1.4,MacIntel,60.0024001
,,,,,,space,1.8029,2,1.6853,0,138,138,138,1,138,images/pixabay_cat_003093.jpg,Jack Lo,001,2022-05-28_23h19.33.847,Cat face rating experiment_1500-2000,2021.1.4,MacIntel,60.0024001
,,,,,,space,1.1196,2,0.7729,0,139,139,139,1,139,images/pixabay_cat_002029.jpg,Jack Lo,001,2022-05-28_23h19.33.847,Cat face rating experiment_1500-2000,2021.1.4,MacIntel,60.0024001
,,,,,,space,1.4099,,,0,140,140,140,1,140,images/pixabay_cat_000452.jpg,Jack Lo,001,2022-05-28_23h19.33.847,Cat face rating experiment_1500-2000,2021.1.4,MacIntel,60.0024001
,,,,,,space,0.8079,5,0.6893,0,141,141,141,1,141,images/pixabay_cat_002375.jpg,Jack Lo,001,2022-05-28_23h19.33.847,Cat face rating experiment_1500-2000,2021.1.4,MacIntel,60.0024001
,,,,,,space,0.7724,5,0.6224,0,142,142,142,1,142,images/pixabay_cat_002139.jpg,Jack Lo,001,2022-05-28_23h19.33.847,Cat face rating experiment_1500-2000,2021.1.4,MacIntel,60.0024001
,,,,,,space,0.8848,,,0,143,143,143,1,143,images/flickr_cat_000028.jpg,Jack Lo,001,2022-05-28_23h19.33.847,Cat face rating experiment_1500-2000,2021.1.4,MacIntel,60.0024001
,,,,,,space,1.0955,5,1.0372,0,144,144,144,1,144,images/flickr_cat_000397.jpg,Jack Lo,001,2022-05-28_23h19.33.847,Cat face rating experiment_1500-2000,2021.1.4,MacIntel,60.0024001
,,,,,,space,0.8896,,,0,145,145,145,1,145,images/pixabay_cat_001284.jpg,Jack Lo,001,2022-05-28_23h19.33.847,Cat face rating experiment_1500-2000,2021.1.4,MacIntel,60.0024001
,,,,,,space,2.3154,1,2.1365,0,146,146,146,1,146,images/pixabay_cat_001210.jpg,Jack Lo,001,2022-05-28_23h19.33.847,Cat face rating experiment_1500-2000,2021.1.4,MacIntel,60.0024001
,,,,,,space,1.1196,2,0.9749,0,147,147,147,1,147,images/pixabay_cat_001851.jpg,Jack Lo,001,2022-05-28_23h19.33.847,Cat face rating experiment_1500-2000,2021.1.4,MacIntel,60.0024001
,,,,,,space,0.8109,2,0.7037,0,148,148,148,1,148,images/pixabay_cat_000495.jpg,Jack Lo,001,2022-05-28_23h19.33.847,Cat face rating experiment_1500-2000,2021.1.4,MacIntel,60.0024001
,,,,,,space,1.3014,1,1.0063,0,149,149,149,1,149,images/pixabay_cat_001112.jpg,Jack Lo,001,2022-05-28_23h19.33.847,Cat face rating experiment_1500-2000,2021.1.4,MacIntel,60.0024001
,,,,,,space,1.1545,2,0.5917,0,150,150,150,1,150,images/pixabay_cat_003579.jpg,Jack Lo,001,2022-05-28_23h19.33.847,Cat face rating experiment_1500-2000,2021.1.4,MacIntel,60.0024001
,,,,,,space,1.8253,3,0.8901,0,151,151,151,1,151,images/pixabay_cat_000674.jpg,Jack Lo,001,2022-05-28_23h19.33.847,Cat face rating experiment_1500-2000,2021.1.4,MacIntel,60.0024001
,,,,,,space,1.0659,,,0,152,152,152,1,152,images/pixabay_cat_000646.jpg,Jack Lo,001,2022-05-28_23h19.33.847,Cat face rating experiment_1500-2000,2021.1.4,MacIntel,60.0024001
,,,,,,space,1.4755,2,1.3545,0,153,153,153,1,153,images/pixabay_cat_001329.jpg,Jack Lo,001,2022-05-28_23h19.33.847,Cat face rating experiment_1500-2000,2021.1.4,MacIntel,60.0024001
,,,,,,space,0.7114,3,0.5716,0,154,154,154,1,154,images/pixabay_cat_002635.jpg,Jack Lo,001,2022-05-28_23h19.33.847,Cat face rating experiment_1500-2000,2021.1.4,MacIntel,60.0024001
,,,,,,space,0.8063,,,0,155,155,155,1,155,images/pixabay_cat_003903.jpg,Jack Lo,001,2022-05-28_23h19.33.847,Cat face rating experiment_1500-2000,2021.1.4,MacIntel,60.0024001
,,,,,,space,1.539,6,1.408,0,156,156,156,1,156,images/pixabay_cat_001264.jpg,Jack Lo,001,2022-05-28_23h19.33.847,Cat face rating experiment_1500-2000,2021.1.4,MacIntel,60.0024001
,,,,,,space,0.9097,5,0.7192,0,157,157,157,1,157,images/pixabay_cat_000765.jpg,Jack Lo,001,2022-05-28_23h19.33.847,Cat face rating experiment_1500-2000,2021.1.4,MacIntel,60.0024001
,,,,,,space,1.4282,7,1.1384,0,158,158,158,1,158,images/flickr_cat_000440.jpg,Jack Lo,001,2022-05-28_23h19.33.847,Cat face rating experiment_1500-2000,2021.1.4,MacIntel,60.0024001
,,,,,,space,2.0229,2,1.8356,0,159,159,159,1,159,images/pixabay_cat_001277.jpg,Jack Lo,001,2022-05-28_23h19.33.847,Cat face rating experiment_1500-2000,2021.1.4,MacIntel,60.0024001
,,,,,,space,1.5558,5,1.4068,0,160,160,160,1,160,images/flickr_cat_000224.jpg,Jack Lo,001,2022-05-28_23h19.33.847,Cat face rating experiment_1500-2000,2021.1.4,MacIntel,60.0024001
,,,,,,space,1.2046,3,1.1235,0,161,161,161,1,161,images/pixabay_cat_002745.jpg,Jack Lo,001,2022-05-28_23h19.33.847,Cat face rating experiment_1500-2000,2021.1.4,MacIntel,60.0024001
,,,,,,space,1.5309,1,1.2871,0,162,162,162,1,162,images/pixabay_cat_002838.jpg,Jack Lo,001,2022-05-28_23h19.33.847,Cat face rating experiment_1500-2000,2021.1.4,MacIntel,60.0024001
,,,,,,space,1.722,2,1.6382,0,163,163,163,1,163,images/pixabay_cat_003885.jpg,Jack Lo,001,2022-05-28_23h19.33.847,Cat face rating experiment_1500-2000,2021.1.4,MacIntel,60.0024001
,,,,,,space,1.7001,5,1.5376,0,164,164,164,1,164,images/pixabay_cat_001902.jpg,Jack Lo,001,2022-05-28_23h19.33.847,Cat face rating experiment_1500-2000,2021.1.4,MacIntel,60.0024001
,,,,,,space,1.5918,,,0,165,165,165,1,165,images/pixabay_cat_003364.jpg,Jack Lo,001,2022-05-28_23h19.33.847,Cat face rating experiment_1500-2000,2021.1.4,MacIntel,60.0024001
,,,,,,space,2.1014,1,1.9577,0,166,166,166,1,166,images/pixabay_cat_000797.jpg,Jack Lo,001,2022-05-28_23h19.33.847,Cat face rating experiment_1500-2000,2021.1.4,MacIntel,60.0024001
,,,,,,space,3.2219,3,2.9879,0,167,167,167,1,167,images/pixabay_cat_001715.jpg,Jack Lo,001,2022-05-28_23h19.33.847,Cat face rating experiment_1500-2000,2021.1.4,MacIntel,60.0024001
,,,,,,space,1.9582,3,1.7198,0,168,168,168,1,168,images/pixabay_cat_000378.jpg,Jack Lo,001,2022-05-28_23h19.33.847,Cat face rating experiment_1500-2000,2021.1.4,MacIntel,60.0024001
,,,,,,space,1.7972,5,1.6046,0,169,169,169,1,169,images/pixabay_cat_001024.jpg,Jack Lo,001,2022-05-28_23h19.33.847,Cat face rating experiment_1500-2000,2021.1.4,MacIntel,60.0024001
,,,,,,space,1.0767,4,0.9221,0,170,170,170,1,170,images/pixabay_cat_003640.jpg,Jack Lo,001,2022-05-28_23h19.33.847,Cat face rating experiment_1500-2000,2021.1.4,MacIntel,60.0024001
,,,,,,space,1.8216,5,1.639,0,171,171,171,1,171,images/pixabay_cat_003879.jpg,Jack Lo,001,2022-05-28_23h19.33.847,Cat face rating experiment_1500-2000,2021.1.4,MacIntel,60.0024001
,,,,,,space,1.8049,,,0,172,172,172,1,172,images/pixabay_cat_000220.jpg,Jack Lo,001,2022-05-28_23h19.33.847,Cat face rating experiment_1500-2000,2021.1.4,MacIntel,60.0024001
,,,,,,space,1.022,,,0,173,173,173,1,173,images/pixabay_cat_001015.jpg,Jack Lo,001,2022-05-28_23h19.33.847,Cat face rating experiment_1500-2000,2021.1.4,MacIntel,60.0024001
,,,,,,space,1.4092,5,1.2339,0,174,174,174,1,174,images/pixabay_cat_004772.jpg,Jack Lo,001,2022-05-28_23h19.33.847,Cat face rating experiment_1500-2000,2021.1.4,MacIntel,60.0024001
,,,,,,space,0.9349,6,0.8222,0,175,175,175,1,175,images/pixabay_cat_002483.jpg,Jack Lo,001,2022-05-28_23h19.33.847,Cat face rating experiment_1500-2000,2021.1.4,MacIntel,60.0024001
,,,,,,space,1.1924,5,1.1168,0,176,176,176,1,176,images/pixabay_cat_003453.jpg,Jack Lo,001,2022-05-28_23h19.33.847,Cat face rating experiment_1500-2000,2021.1.4,MacIntel,60.0024001
,,,,,,space,0.7626,5,0.6034,0,177,177,177,1,177,images/flickr_cat_000086.jpg,Jack Lo,001,2022-05-28_23h19.33.847,Cat face rating experiment_1500-2000,2021.1.4,MacIntel,60.0024001
,,,,,,space,0.8836,5,0.7898,0,178,178,178,1,178,images/flickr_cat_000293.jpg,Jack Lo,001,2022-05-28_23h19.33.847,Cat face rating experiment_1500-2000,2021.1.4,MacIntel,60.0024001
,,,,,,space,2.2588,3,2.1217,0,179,179,179,1,179,images/pixabay_cat_001420.jpg,Jack Lo,001,2022-05-28_23h19.33.847,Cat face rating experiment_1500-2000,2021.1.4,MacIntel,60.0024001
,,,,,,space,1.1434,,,0,180,180,180,1,180,images/pixabay_cat_004469.jpg,Jack Lo,001,2022-05-28_23h19.33.847,Cat face rating experiment_1500-2000,2021.1.4,MacIntel,60.0024001
,,,,,,space,1.1849,,,0,181,181,181,1,181,images/pixabay_cat_000758.jpg,Jack Lo,001,2022-05-28_23h19.33.847,Cat face rating experiment_1500-2000,2021.1.4,MacIntel,60.0024001
,,,,,,space,0.8366,,,0,182,182,182,1,182,images/pixabay_cat_002817.jpg,Jack Lo,001,2022-05-28_23h19.33.847,Cat face rating experiment_1500-2000,2021.1.4,MacIntel,60.0024001
,,,,,,space,0.7603,,,0,183,183,183,1,183,images/pixabay_cat_000918.jpg,Jack Lo,001,2022-05-28_23h19.33.847,Cat face rating experiment_1500-2000,2021.1.4,MacIntel,60.0024001
,,,,,,space,1.4783,3,1.3707,0,184,184,184,1,184,images/flickr_cat_000645.jpg,Jack Lo,001,2022-05-28_23h19.33.847,Cat face rating experiment_1500-2000,2021.1.4,MacIntel,60.0024001
,,,,,,space,1.2423,5,1.1395,0,185,185,185,1,185,images/pixabay_cat_000899.jpg,Jack Lo,001,2022-05-28_23h19.33.847,Cat face rating experiment_1500-2000,2021.1.4,MacIntel,60.0024001
,,,,,,space,1.5891,1,1.3058,0,186,186,186,1,186,images/pixabay_cat_002527.jpg,Jack Lo,001,2022-05-28_23h19.33.847,Cat face rating experiment_1500-2000,2021.1.4,MacIntel,60.0024001
,,,,,,space,0.7895,2,0.6551,0,187,187,187,1,187,images/pixabay_cat_000965.jpg,Jack Lo,001,2022-05-28_23h19.33.847,Cat face rating experiment_1500-2000,2021.1.4,MacIntel,60.0024001
,,,,,,space,0.7773,1,0.6569,0,188,188,188,1,188,images/pixabay_cat_004526.jpg,Jack Lo,001,2022-05-28_23h19.33.847,Cat face rating experiment_1500-2000,2021.1.4,MacIntel,60.0024001
,,,,,,space,1.5104,1,1.3036,0,189,189,189,1,189,images/pixabay_cat_001588.jpg,Jack Lo,001,2022-05-28_23h19.33.847,Cat face rating experiment_1500-2000,2021.1.4,MacIntel,60.0024001
,,,,,,space,0.6987,1,0.605,0,190,190,190,1,190,images/flickr_cat_000465.jpg,Jack Lo,001,2022-05-28_23h19.33.847,Cat face rating experiment_1500-2000,2021.1.4,MacIntel,60.0024001
,,,,,,space,2.3757,4,2.172,0,191,191,191,1,191,images/pixabay_cat_003608.jpg,Jack Lo,001,2022-05-28_23h19.33.847,Cat face rating experiment_1500-2000,2021.1.4,MacIntel,60.0024001
,,,,,,space,2.1712,1,1.8725,0,192,192,192,1,192,images/pixabay_cat_002593.jpg,Jack Lo,001,2022-05-28_23h19.33.847,Cat face rating experiment_1500-2000,2021.1.4,MacIntel,60.0024001
,,,,,,space,1.2257,1,1.0378,0,193,193,193,1,193,images/pixabay_cat_004650.jpg,Jack Lo,001,2022-05-28_23h19.33.847,Cat face rating experiment_1500-2000,2021.1.4,MacIntel,60.0024001
,,,,,,space,1.2132,2,1.0726,0,194,194,194,1,194,images/flickr_cat_000069.jpg,Jack Lo,001,2022-05-28_23h19.33.847,Cat face rating experiment_1500-2000,2021.1.4,MacIntel,60.0024001
,,,,,,space,1.5732,3,1.4069,0,195,195,195,1,195,images/flickr_cat_000273.jpg,Jack Lo,001,2022-05-28_23h19.33.847,Cat face rating experiment_1500-2000,2021.1.4,MacIntel,60.0024001
,,,,,,space,1.5261,2,1.3523,0,196,196,196,1,196,images/flickr_cat_000527.jpg,Jack Lo,001,2022-05-28_23h19.33.847,Cat face rating experiment_1500-2000,2021.1.4,MacIntel,60.0024001
,,,,,,space,0.9362,2,0.7716,0,197,197,197,1,197,images/pixabay_cat_003714.jpg,Jack Lo,001,2022-05-28_23h19.33.847,Cat face rating experiment_1500-2000,2021.1.4,MacIntel,60.0024001
,,,,,,space,1.9047,4,1.5666,0,198,198,198,1,198,images/pixabay_cat_001518.jpg,Jack Lo,001,2022-05-28_23h19.33.847,Cat face rating experiment_1500-2000,2021.1.4,MacIntel,60.0024001
,,,,,,space,1.0029,3,0.8548,0,199,199,199,1,199,images/pixabay_cat_000206.jpg,Jack Lo,001,2022-05-28_23h19.33.847,Cat face rating experiment_1500-2000,2021.1.4,MacIntel,60.0024001
,,,,,,space,1.0349,,,0,200,200,200,1,200,images/pixabay_cat_003658.jpg,Jack Lo,001,2022-05-28_23h19.33.847,Cat face rating experiment_1500-2000,2021.1.4,MacIntel,60.0024001
,,,,,,space,1.638,1,1.4377,0,201,201,201,1,201,images/flickr_cat_000445.jpg,Jack Lo,001,2022-05-28_23h19.33.847,Cat face rating experiment_1500-2000,2021.1.4,MacIntel,60.0024001
,,,,,,space,2.0519,5,1.9046,0,202,202,202,1,202,images/pixabay_cat_001711.jpg,Jack Lo,001,2022-05-28_23h19.33.847,Cat face rating experiment_1500-2000,2021.1.4,MacIntel,60.0024001
,,,,,,space,0.8601,5,0.7763,0,203,203,203,1,203,images/pixabay_cat_001921.jpg,Jack Lo,001,2022-05-28_23h19.33.847,Cat face rating experiment_1500-2000,2021.1.4,MacIntel,60.0024001
,,,,,,space,2.4941,5,2.1269,0,204,204,204,1,204,images/pixabay_cat_004486.jpg,Jack Lo,001,2022-05-28_23h19.33.847,Cat face rating experiment_1500-2000,2021.1.4,MacIntel,60.0024001
,,,,,,space,1.2642,6,1.1703,0,205,205,205,1,205,images/pixabay_cat_001358.jpg,Jack Lo,001,2022-05-28_23h19.33.847,Cat face rating experiment_1500-2000,2021.1.4,MacIntel,60.0024001
,,,,,,space,1.2434,2,1.1718,0,206,206,206,1,206,images/pixabay_cat_001700.jpg,Jack Lo,001,2022-05-28_23h19.33.847,Cat face rating experiment_1500-2000,2021.1.4,MacIntel,60.0024001
,,,,,,space,1.9124,7,1.6554,0,207,207,207,1,207,images/pixabay_cat_003619.jpg,Jack Lo,001,2022-05-28_23h19.33.847,Cat face rating experiment_1500-2000,2021.1.4,MacIntel,60.0024001
,,,,,,space,1.1467,7,0.8554,0,208,208,208,1,208,images/flickr_cat_000186.jpg,Jack Lo,001,2022-05-28_23h19.33.847,Cat face rating experiment_1500-2000,2021.1.4,MacIntel,60.0024001
,,,,,,space,0.9607,7,0.7551,0,209,209,209,1,209,images/pixabay_cat_004308.jpg,Jack Lo,001,2022-05-28_23h19.33.847,Cat face rating experiment_1500-2000,2021.1.4,MacIntel,60.0024001
,,,,,,space,1.987,2,1.8198,0,210,210,210,1,210,images/pixabay_cat_002595.jpg,Jack Lo,001,2022-05-28_23h19.33.847,Cat face rating experiment_1500-2000,2021.1.4,MacIntel,60.0024001
,,,,,,space,2.7223,3,2.5883,0,211,211,211,1,211,images/flickr_cat_000220.jpg,Jack Lo,001,2022-05-28_23h19.33.847,Cat face rating experiment_1500-2000,2021.1.4,MacIntel,60.0024001
,,,,,,space,1.4438,1,1.2526,0,212,212,212,1,212,images/pixabay_cat_000941.jpg,Jack Lo,001,2022-05-28_23h19.33.847,Cat face rating experiment_1500-2000,2021.1.4,MacIntel,60.0024001
,,,,,,space,2.0213,1,1.8531,0,213,213,213,1,213,images/pixabay_cat_003146.jpg,Jack Lo,001,2022-05-28_23h19.33.847,Cat face rating experiment_1500-2000,2021.1.4,MacIntel,60.0024001
,,,,,,space,1.3473,2,1.2563,0,214,214,214,1,214,images/flickr_cat_000731.jpg,Jack Lo,001,2022-05-28_23h19.33.847,Cat face rating experiment_1500-2000,2021.1.4,MacIntel,60.0024001
,,,,,,space,4.1572,2,1.3186,0,215,215,215,1,215,images/pixabay_cat_002739.jpg,Jack Lo,001,2022-05-28_23h19.33.847,Cat face rating experiment_1500-2000,2021.1.4,MacIntel,60.0024001
,,,,,,space,1.103,2,0.9422,0,216,216,216,1,216,images/flickr_cat_000450.jpg,Jack Lo,001,2022-05-28_23h19.33.847,Cat face rating experiment_1500-2000,2021.1.4,MacIntel,60.0024001
,,,,,,space,0.9377,2,0.8691,0,217,217,217,1,217,images/pixabay_cat_003370.jpg,Jack Lo,001,2022-05-28_23h19.33.847,Cat face rating experiment_1500-2000,2021.1.4,MacIntel,60.0024001
,,,,,,space,1.325,3,1.1369,0,218,218,218,1,218,images/pixabay_cat_002294.jpg,Jack Lo,001,2022-05-28_23h19.33.847,Cat face rating experiment_1500-2000,2021.1.4,MacIntel,60.0024001
,,,,,,space,1.4354,1,1.3336,0,219,219,219,1,219,images/flickr_cat_000188.jpg,Jack Lo,001,2022-05-28_23h19.33.847,Cat face rating experiment_1500-2000,2021.1.4,MacIntel,60.0024001
,,,,,,space,1.1425,2,1.0716,0,220,220,220,1,220,images/pixabay_cat_002415.jpg,Jack Lo,001,2022-05-28_23h19.33.847,Cat face rating experiment_1500-2000,2021.1.4,MacIntel,60.0024001
,,,,,,space,1.3909,2,1.2392,0,221,221,221,1,221,images/flickr_cat_000353.jpg,Jack Lo,001,2022-05-28_23h19.33.847,Cat face rating experiment_1500-2000,2021.1.4,MacIntel,60.0024001
,,,,,,space,1.3233,,,0,222,222,222,1,222,images/flickr_cat_000596.jpg,Jack Lo,001,2022-05-28_23h19.33.847,Cat face rating experiment_1500-2000,2021.1.4,MacIntel,60.0024001
,,,,,,space,0.8021,,,0,223,223,223,1,223,images/pixabay_cat_002113.jpg,Jack Lo,001,2022-05-28_23h19.33.847,Cat face rating experiment_1500-2000,2021.1.4,MacIntel,60.0024001
,,,,,,space,1.2078,3,1.141,0,224,224,224,1,224,images/pixabay_cat_001141.jpg,Jack Lo,001,2022-05-28_23h19.33.847,Cat face rating experiment_1500-2000,2021.1.4,MacIntel,60.0024001
,,,,,,space,0.8621,3,0.7398,0,225,225,225,1,225,images/flickr_cat_000631.jpg,Jack Lo,001,2022-05-28_23h19.33.847,Cat face rating experiment_1500-2000,2021.1.4,MacIntel,60.0024001
,,,,,,space,0.8881,2,0.7534,0,226,226,226,1,226,images/flickr_cat_000626.jpg,Jack Lo,001,2022-05-28_23h19.33.847,Cat face rating experiment_1500-2000,2021.1.4,MacIntel,60.0024001
,,,,,,space,1.5618,5,1.3712,0,227,227,227,1,227,images/pixabay_cat_004069.jpg,Jack Lo,001,2022-05-28_23h19.33.847,Cat face rating experiment_1500-2000,2021.1.4,MacIntel,60.0024001
,,,,,,space,1.1503,3,1.0726,0,228,228,228,1,228,images/pixabay_cat_002926.jpg,Jack Lo,001,2022-05-28_23h19.33.847,Cat face rating experiment_1500-2000,2021.1.4,MacIntel,60.0024001
,,,,,,space,1.8407,7,1.5864,0,229,229,229,1,229,images/flickr_cat_000603.jpg,Jack Lo,001,2022-05-28_23h19.33.847,Cat face rating experiment_1500-2000,2021.1.4,MacIntel,60.0024001
,,,,,,space,1.2109,7,1.1029,0,230,230,230,1,230,images/pixabay_cat_002481.jpg,Jack Lo,001,2022-05-28_23h19.33.847,Cat face rating experiment_1500-2000,2021.1.4,MacIntel,60.0024001
,,,,,,space,0.7823,7,0.6914,0,231,231,231,1,231,images/pixabay_cat_004496.jpg,Jack Lo,001,2022-05-28_23h19.33.847,Cat face rating experiment_1500-2000,2021.1.4,MacIntel,60.0024001
,,,,,,space,0.6146,7,0.5397,0,232,232,232,1,232,images/pixabay_cat_001058.jpg,Jack Lo,001,2022-05-28_23h19.33.847,Cat face rating experiment_1500-2000,2021.1.4,MacIntel,60.0024001
,,,,,,space,1.0041,7,0.8914,0,233,233,233,1,233,images/pixabay_cat_003858.jpg,Jack Lo,001,2022-05-28_23h19.33.847,Cat face rating experiment_1500-2000,2021.1.4,MacIntel,60.0024001
,,,,,,space,1.9721,3,1.7039,0,234,234,234,1,234,images/pixabay_cat_003095.jpg,Jack Lo,001,2022-05-28_23h19.33.847,Cat face rating experiment_1500-2000,2021.1.4,MacIntel,60.0024001
,,,,,,space,1.6907,7,1.5246,0,235,235,235,1,235,images/pixabay_cat_001102.jpg,Jack Lo,001,2022-05-28_23h19.33.847,Cat face rating experiment_1500-2000,2021.1.4,MacIntel,60.0024001
,,,,,,space,0.9564,7,0.8357,0,236,236,236,1,236,images/pixabay_cat_003561.jpg,Jack Lo,001,2022-05-28_23h19.33.847,Cat face rating experiment_1500-2000,2021.1.4,MacIntel,60.0024001
,,,,,,space,1.5644,3,1.4059,0,237,237,237,1,237,images/pixabay_cat_001904.jpg,Jack Lo,001,2022-05-28_23h19.33.847,Cat face rating experiment_1500-2000,2021.1.4,MacIntel,60.0024001
,,,,,,space,0.8825,3,0.8202,0,238,238,238,1,238,images/pixabay_cat_000128.jpg,Jack Lo,001,2022-05-28_23h19.33.847,Cat face rating experiment_1500-2000,2021.1.4,MacIntel,60.0024001
,,,,,,space,1.5125,7,1.341,0,239,239,239,1,239,images/pixabay_cat_001689.jpg,Jack Lo,001,2022-05-28_23h19.33.847,Cat face rating experiment_1500-2000,2021.1.4,MacIntel,60.0024001
,,,,,,space,1.6069,3,1.4392,0,240,240,240,1,240,images/pixabay_cat_002493.jpg,Jack Lo,001,2022-05-28_23h19.33.847,Cat face rating experiment_1500-2000,2021.1.4,MacIntel,60.0024001
,,,,,,space,1.593,,,0,241,241,241,1,241,images/pixabay_cat_004159.jpg,Jack Lo,001,2022-05-28_23h19.33.847,Cat face rating experiment_1500-2000,2021.1.4,MacIntel,60.0024001
,,,,,,space,1.1453,7,0.9756,0,242,242,242,1,242,images/pixabay_cat_001713.jpg,Jack Lo,001,2022-05-28_23h19.33.847,Cat face rating experiment_1500-2000,2021.1.4,MacIntel,60.0024001
,,,,,,space,0.6622,7,0.5895,0,243,243,243,1,243,images/pixabay_cat_002955.jpg,Jack Lo,001,2022-05-28_23h19.33.847,Cat face rating experiment_1500-2000,2021.1.4,MacIntel,60.0024001
,,,,,,space,1.3062,5,1.1574,0,244,244,244,1,244,images/pixabay_cat_001006.jpg,Jack Lo,001,2022-05-28_23h19.33.847,Cat face rating experiment_1500-2000,2021.1.4,MacIntel,60.0024001
,,,,,,space,1.1934,6,1.0866,0,245,245,245,1,245,images/pixabay_cat_001882.jpg,Jack Lo,001,2022-05-28_23h19.33.847,Cat face rating experiment_1500-2000,2021.1.4,MacIntel,60.0024001
,,,,,,space,1.0953,,,0,246,246,246,1,246,images/pixabay_cat_003673.jpg,Jack Lo,001,2022-05-28_23h19.33.847,Cat face rating experiment_1500-2000,2021.1.4,MacIntel,60.0024001
,,,,,,space,1.411,7,1.2557,0,247,247,247,1,247,images/pixabay_cat_003919.jpg,Jack Lo,001,2022-05-28_23h19.33.847,Cat face rating experiment_1500-2000,2021.1.4,MacIntel,60.0024001
,,,,,,space,0.7969,7,0.6202,0,248,248,248,1,248,images/pixabay_cat_001918.jpg,Jack Lo,001,2022-05-28_23h19.33.847,Cat face rating experiment_1500-2000,2021.1.4,MacIntel,60.0024001
,,,,,,space,0.7596,7,0.6251,0,249,249,249,1,249,images/flickr_cat_000429.jpg,Jack Lo,001,2022-05-28_23h19.33.847,Cat face rating experiment_1500-2000,2021.1.4,MacIntel,60.0024001
,,,,,,space,0.8351,7,0.7542,0,250,250,250,1,250,images/pixabay_cat_003465.jpg,Jack Lo,001,2022-05-28_23h19.33.847,Cat face rating experiment_1500-2000,2021.1.4,MacIntel,60.0024001
,,,,,,space,0.7518,7,0.5741,0,251,251,251,1,251,images/pixabay_cat_002752.jpg,Jack Lo,001,2022-05-28_23h19.33.847,Cat face rating experiment_1500-2000,2021.1.4,MacIntel,60.0024001
,,,,,,space,0.8088,7,0.7225,0,252,252,252,1,252,images/flickr_cat_000600.jpg,Jack Lo,001,2022-05-28_23h19.33.847,Cat face rating experiment_1500-2000,2021.1.4,MacIntel,60.0024001
,,,,,,space,0.8818,7,0.755,0,253,253,253,1,253,images/pixabay_cat_001731.jpg,Jack Lo,001,2022-05-28_23h19.33.847,Cat face rating experiment_1500-2000,2021.1.4,MacIntel,60.0024001
,,,,,,space,0.9084,7,0.7901,0,254,254,254,1,254,images/pixabay_cat_002508.jpg,Jack Lo,001,2022-05-28_23h19.33.847,Cat face rating experiment_1500-2000,2021.1.4,MacIntel,60.0024001
,,,,,,space,1.5622,3,1.3199,0,255,255,255,1,255,images/pixabay_cat_002894.jpg,Jack Lo,001,2022-05-28_23h19.33.847,Cat face rating experiment_1500-2000,2021.1.4,MacIntel,60.0024001
,,,,,,space,1.1603,3,1.0375,0,256,256,256,1,256,images/pixabay_cat_002614.jpg,Jack Lo,001,2022-05-28_23h19.33.847,Cat face rating experiment_1500-2000,2021.1.4,MacIntel,60.0024001
,,,,,,space,1.5904,6,1.338,0,257,257,257,1,257,images/flickr_cat_000161.jpg,Jack Lo,001,2022-05-28_23h19.33.847,Cat face rating experiment_1500-2000,2021.1.4,MacIntel,60.0024001
,,,,,,space,1.0214,6,0.9071,0,258,258,258,1,258,images/pixabay_cat_001849.jpg,Jack Lo,001,2022-05-28_23h19.33.847,Cat face rating experiment_1500-2000,2021.1.4,MacIntel,60.0024001
,,,,,,space,0.8344,5,0.755,0,259,259,259,1,259,images/pixabay_cat_001835.jpg,Jack Lo,001,2022-05-28_23h19.33.847,Cat face rating experiment_1500-2000,2021.1.4,MacIntel,60.0024001
,,,,,,space,1.2323,6,1.0701,0,260,260,260,1,260,images/flickr_cat_000151.jpg,Jack Lo,001,2022-05-28_23h19.33.847,Cat face rating experiment_1500-2000,2021.1.4,MacIntel,60.0024001
,,,,,,space,1.0075,5,0.8733,0,261,261,261,1,261,images/pixabay_cat_004388.jpg,Jack Lo,001,2022-05-28_23h19.33.847,Cat face rating experiment_1500-2000,2021.1.4,MacIntel,60.0024001
,,,,,,space,0.8362,5,0.7906,0,262,262,262,1,262,images/flickr_cat_000486.jpg,Jack Lo,001,2022-05-28_23h19.33.847,Cat face rating experiment_1500-2000,2021.1.4,MacIntel,60.0024001
,,,,,,space,1.5258,7,1.3643,0,263,263,263,1,263,images/pixabay_cat_001797.jpg,Jack Lo,001,2022-05-28_23h19.33.847,Cat face rating experiment_1500-2000,2021.1.4,MacIntel,60.0024001
,,,,,,space,0.7048,7,0.6235,0,264,264,264,1,264,images/flickr_cat_000750.jpg,Jack Lo,001,2022-05-28_23h19.33.847,Cat face rating experiment_1500-2000,2021.1.4,MacIntel,60.0024001
,,,,,,space,1.204,5,1.073,0,265,265,265,1,265,images/pixabay_cat_004688.jpg,Jack Lo,001,2022-05-28_23h19.33.847,Cat face rating experiment_1500-2000,2021.1.4,MacIntel,60.0024001
,,,,,,space,1.1669,3,1.0722,0,266,266,266,1,266,images/pixabay_cat_000609.jpg,Jack Lo,001,2022-05-28_23h19.33.847,Cat face rating experiment_1500-2000,2021.1.4,MacIntel,60.0024001
,,,,,,space,0.8829,3,0.7753,0,267,267,267,1,267,images/pixabay_cat_001170.jpg,Jack Lo,001,2022-05-28_23h19.33.847,Cat face rating experiment_1500-2000,2021.1.4,MacIntel,60.0024001
,,,,,,space,1.4582,7,1.3203,0,268,268,268,1,268,images/pixabay_cat_001543.jpg,Jack Lo,001,2022-05-28_23h19.33.847,Cat face rating experiment_1500-2000,2021.1.4,MacIntel,60.0024001
,,,,,,space,0.7469,7,0.6688,0,269,269,269,1,269,images/flickr_cat_000261.jpg,Jack Lo,001,2022-05-28_23h19.33.847,Cat face rating experiment_1500-2000,2021.1.4,MacIntel,60.0024001
,,,,,,space,1.3685,,,0,270,270,270,1,270,images/pixabay_cat_002646.jpg,Jack Lo,001,2022-05-28_23h19.33.847,Cat face rating experiment_1500-2000,2021.1.4,MacIntel,60.0024001
,,,,,,space,1.3941,3,0.789,0,271,271,271,1,271,images/pixabay_cat_004702.jpg,Jack Lo,001,2022-05-28_23h19.33.847,Cat face rating experiment_1500-2000,2021.1.4,MacIntel,60.0024001
,,,,,,space,1.1432,5,1.0583,0,272,272,272,1,272,images/flickr_cat_000758.jpg,Jack Lo,001,2022-05-28_23h19.33.847,Cat face rating experiment_1500-2000,2021.1.4,MacIntel,60.0024001
,,,,,,space,2.0222,7,1.673,0,273,273,273,1,273,images/pixabay_cat_001036.jpg,Jack Lo,001,2022-05-28_23h19.33.847,Cat face rating experiment_1500-2000,2021.1.4,MacIntel,60.0024001
,,,,,,space,1.322,7,1.0708,0,274,274,274,1,274,images/pixabay_cat_001872.jpg,Jack Lo,001,2022-05-28_23h19.33.847,Cat face rating experiment_1500-2000,2021.1.4,MacIntel,60.0024001
,,,,,,space,2.0621,3,1.8526,0,275,275,275,1,275,images/flickr_cat_000580.jpg,Jack Lo,001,2022-05-28_23h19.33.847,Cat face rating experiment_1500-2000,2021.1.4,MacIntel,60.0024001
,,,,,,space,1.9386,2,1.6723,0,276,276,276,1,276,images/pixabay_cat_004446.jpg,Jack Lo,001,2022-05-28_23h19.33.847,Cat face rating experiment_1500-2000,2021.1.4,MacIntel,60.0024001
,,,,,,space,1.3082,3,1.1671,0,277,277,277,1,277,images/flickr_cat_000760.jpg,Jack Lo,001,2022-05-28_23h19.33.847,Cat face rating experiment_1500-2000,2021.1.4,MacIntel,60.0024001
,,,,,,space,1.9118,3,1.7721,0,278,278,278,1,278,images/pixabay_cat_001803.jpg,Jack Lo,001,2022-05-28_23h19.33.847,Cat face rating experiment_1500-2000,2021.1.4,MacIntel,60.0024001
,,,,,,space,0.75,3,0.6428,0,279,279,279,1,279,images/pixabay_cat_001416.jpg,Jack Lo,001,2022-05-28_23h19.33.847,Cat face rating experiment_1500-2000,2021.1.4,MacIntel,60.0024001
,,,,,,space,2.084,5,1.3702,0,280,280,280,1,280,images/pixabay_cat_000796.jpg,Jack Lo,001,2022-05-28_23h19.33.847,Cat face rating experiment_1500-2000,2021.1.4,MacIntel,60.0024001
,,,,,,space,0.9235,5,0.8732,0,281,281,281,1,281,images/flickr_cat_000120.jpg,Jack Lo,001,2022-05-28_23h19.33.847,Cat face rating experiment_1500-2000,2021.1.4,MacIntel,60.0024001
,,,,,,space,1.9625,7,1.2242,0,282,282,282,1,282,images/pixabay_cat_001850.jpg,Jack Lo,001,2022-05-28_23h19.33.847,Cat face rating experiment_1500-2000,2021.1.4,MacIntel,60.0024001
,,,,,,space,1.6535,3,1.508,0,283,283,283,1,283,images/pixabay_cat_003625.jpg,Jack Lo,001,2022-05-28_23h19.33.847,Cat face rating experiment_1500-2000,2021.1.4,MacIntel,60.0024001
,,,,,,space,1.4991,3,1.34,0,284,284,284,1,284,images/pixabay_cat_002264.jpg,Jack Lo,001,2022-05-28_23h19.33.847,Cat face rating experiment_1500-2000,2021.1.4,MacIntel,60.0024001
,,,,,,space,0.8946,3,0.7861,0,285,285,285,1,285,images/pixabay_cat_003553.jpg,Jack Lo,001,2022-05-28_23h19.33.847,Cat face rating experiment_1500-2000,2021.1.4,MacIntel,60.0024001
,,,,,,space,2.1399,7,1.821,0,286,286,286,1,286,images/pixabay_cat_000009.jpg,Jack Lo,001,2022-05-28_23h19.33.847,Cat face rating experiment_1500-2000,2021.1.4,MacIntel,60.0024001
,,,,,,space,1.5325,7,1.3732,0,287,287,287,1,287,images/pixabay_cat_002719.jpg,Jack Lo,001,2022-05-28_23h19.33.847,Cat face rating experiment_1500-2000,2021.1.4,MacIntel,60.0024001
,,,,,,space,0.6863,7,0.556,0,288,288,288,1,288,images/pixabay_cat_004251.jpg,Jack Lo,001,2022-05-28_23h19.33.847,Cat face rating experiment_1500-2000,2021.1.4,MacIntel,60.0024001
,,,,,,space,1.2935,6,1.122,0,289,289,289,1,289,images/flickr_cat_000319.jpg,Jack Lo,001,2022-05-28_23h19.33.847,Cat face rating experiment_1500-2000,2021.1.4,MacIntel,60.0024001
,,,,,,space,1.7741,1,1.5385,0,290,290,290,1,290,images/pixabay_cat_002261.jpg,Jack Lo,001,2022-05-28_23h19.33.847,Cat face rating experiment_1500-2000,2021.1.4,MacIntel,60.0024001
,,,,,,space,1.6227,3,1.3224,0,291,291,291,1,291,images/pixabay_cat_004065.jpg,Jack Lo,001,2022-05-28_23h19.33.847,Cat face rating experiment_1500-2000,2021.1.4,MacIntel,60.0024001
,,,,,,space,4.178,3,3.9758,0,292,292,292,1,292,images/pixabay_cat_004817.jpg,Jack Lo,001,2022-05-28_23h19.33.847,Cat face rating experiment_1500-2000,2021.1.4,MacIntel,60.0024001
,,,,,,space,0.909,3,0.8719,0,293,293,293,1,293,images/pixabay_cat_002637.jpg,Jack Lo,001,2022-05-28_23h19.33.847,Cat face rating experiment_1500-2000,2021.1.4,MacIntel,60.0024001
,,,,,,space,1.0795,,,0,294,294,294,1,294,images/pixabay_cat_001598.jpg,Jack Lo,001,2022-05-28_23h19.33.847,Cat face rating experiment_1500-2000,2021.1.4,MacIntel,60.0024001
,,,,,,space,0.7335,,,0,295,295,295,1,295,images/flickr_cat_000431.jpg,Jack Lo,001,2022-05-28_23h19.33.847,Cat face rating experiment_1500-2000,2021.1.4,MacIntel,60.0024001
,,,,,,space,0.9394,,,0,296,296,296,1,296,images/pixabay_cat_004351.jpg,Jack Lo,001,2022-05-28_23h19.33.847,Cat face rating experiment_1500-2000,2021.1.4,MacIntel,60.0024001
,,,,,,space,1.6407,6,1.4276,0,297,297,297,1,297,images/pixabay_cat_001969.jpg,Jack Lo,001,2022-05-28_23h19.33.847,Cat face rating experiment_1500-2000,2021.1.4,MacIntel,60.0024001
,,,,,,space,0.6478,5,0.5711,0,298,298,298,1,298,images/pixabay_cat_003074.jpg,Jack Lo,001,2022-05-28_23h19.33.847,Cat face rating experiment_1500-2000,2021.1.4,MacIntel,60.0024001
,,,,,,space,1.4832,3,1.2064,0,299,299,299,1,299,images/pixabay_cat_000576.jpg,Jack Lo,001,2022-05-28_23h19.33.847,Cat face rating experiment_1500-2000,2021.1.4,MacIntel,60.0024001
,,,,,,space,0.9723,,,0,300,300,300,1,300,images/pixabay_cat_001259.jpg,Jack Lo,001,2022-05-28_23h19.33.847,Cat face rating experiment_1500-2000,2021.1.4,MacIntel,60.0024001
,,,,,,space,1.9182,1,1.6679,0,301,301,301,1,301,images/flickr_cat_000721.jpg,Jack Lo,001,2022-05-28_23h19.33.847,Cat face rating experiment_1500-2000,2021.1.4,MacIntel,60.0024001
,,,,,,space,1.98,1,1.5872,0,302,302,302,1,302,images/pixabay_cat_002687.jpg,Jack Lo,001,2022-05-28_23h19.33.847,Cat face rating experiment_1500-2000,2021.1.4,MacIntel,60.0024001
,,,,,,space,1.1522,2,1.0592,0,303,303,303,1,303,images/pixabay_cat_002841.jpg,Jack Lo,001,2022-05-28_23h19.33.847,Cat face rating experiment_1500-2000,2021.1.4,MacIntel,60.0024001
,,,,,,space,0.6897,1,0.5856,0,304,304,304,1,304,images/pixabay_cat_000256.jpg,Jack Lo,001,2022-05-28_23h19.33.847,Cat face rating experiment_1500-2000,2021.1.4,MacIntel,60.0024001
,,,,,,space,1.4683,3,1.2731,0,305,305,305,1,305,images/pixabay_cat_004377.jpg,Jack Lo,001,2022-05-28_23h19.33.847,Cat face rating experiment_1500-2000,2021.1.4,MacIntel,60.0024001
,,,,,,space,0.7186,2,0.6217,0,306,306,306,1,306,images/pixabay_cat_002942.jpg,Jack Lo,001,2022-05-28_23h19.33.847,Cat face rating experiment_1500-2000,2021.1.4,MacIntel,60.0024001
,,,,,,space,0.8406,2,0.6742,0,307,307,307,1,307,images/pixabay_cat_002230.jpg,Jack Lo,001,2022-05-28_23h19.33.847,Cat face rating experiment_1500-2000,2021.1.4,MacIntel,60.0024001
,,,,,,space,1.5351,4,1.3699,0,308,308,308,1,308,images/flickr_cat_000482.jpg,Jack Lo,001,2022-05-28_23h19.33.847,Cat face rating experiment_1500-2000,2021.1.4,MacIntel,60.0024001
,,,,,,space,1.4344,5,1.3022,0,309,309,309,1,309,images/pixabay_cat_004089.jpg,Jack Lo,001,2022-05-28_23h19.33.847,Cat face rating experiment_1500-2000,2021.1.4,MacIntel,60.0024001
,,,,,,space,0.9271,,,0,310,310,310,1,310,images/pixabay_cat_004138.jpg,Jack Lo,001,2022-05-28_23h19.33.847,Cat face rating experiment_1500-2000,2021.1.4,MacIntel,60.0024001
,,,,,,space,2.3572,3,2.1583,0,311,311,311,1,311,images/flickr_cat_000722.jpg,Jack Lo,001,2022-05-28_23h19.33.847,Cat face rating experiment_1500-2000,2021.1.4,MacIntel,60.0024001
,,,,,,space,1.828,6,1.5375,0,312,312,312,1,312,images/pixabay_cat_004563.jpg,Jack Lo,001,2022-05-28_23h19.33.847,Cat face rating experiment_1500-2000,2021.1.4,MacIntel,60.0024001
,,,,,,space,1.7991,3,1.6613,0,313,313,313,1,313,images/flickr_cat_000798.jpg,Jack Lo,001,2022-05-28_23h19.33.847,Cat face rating experiment_1500-2000,2021.1.4,MacIntel,60.0024001
,,,,,,space,1.1322,3,0.7375,0,314,314,314,1,314,images/flickr_cat_000480.jpg,Jack Lo,001,2022-05-28_23h19.33.847,Cat face rating experiment_1500-2000,2021.1.4,MacIntel,60.0024001
,,,,,,space,0.91,3,0.8223,0,315,315,315,1,315,images/pixabay_cat_002130.jpg,Jack Lo,001,2022-05-28_23h19.33.847,Cat face rating experiment_1500-2000,2021.1.4,MacIntel,60.0024001
,,,,,,space,0.8415,3,0.7051,0,316,316,316,1,316,images/pixabay_cat_001522.jpg,Jack Lo,001,2022-05-28_23h19.33.847,Cat face rating experiment_1500-2000,2021.1.4,MacIntel,60.0024001
,,,,,,space,0.6711,3,0.6399,0,317,317,317,1,317,images/pixabay_cat_001956.jpg,Jack Lo,001,2022-05-28_23h19.33.847,Cat face rating experiment_1500-2000,2021.1.4,MacIntel,60.0024001
,,,,,,space,1.3185,,,0,318,318,318,1,318,images/pixabay_cat_001339.jpg,Jack Lo,001,2022-05-28_23h19.33.847,Cat face rating experiment_1500-2000,2021.1.4,MacIntel,60.0024001
,,,,,,space,1.9811,3,1.8881,0,319,319,319,1,319,images/pixabay_cat_001619.jpg,Jack Lo,001,2022-05-28_23h19.33.847,Cat face rating experiment_1500-2000,2021.1.4,MacIntel,60.0024001
,,,,,,space,0.7335,3,0.6395,0,320,320,320,1,320,images/pixabay_cat_001057.jpg,Jack Lo,001,2022-05-28_23h19.33.847,Cat face rating experiment_1500-2000,2021.1.4,MacIntel,60.0024001
,,,,,,space,0.608,3,0.5361,0,321,321,321,1,321,images/pixabay_cat_002407.jpg,Jack Lo,001,2022-05-28_23h19.33.847,Cat face rating experiment_1500-2000,2021.1.4,MacIntel,60.0024001
,,,,,,space,2.3782,6,2.3067,0,322,322,322,1,322,images/flickr_cat_000739.jpg,Jack Lo,001,2022-05-28_23h19.33.847,Cat face rating experiment_1500-2000,2021.1.4,MacIntel,60.0024001
,,,,,,space,1.0873,6,0.9876,0,323,323,323,1,323,images/flickr_cat_000765.jpg,Jack Lo,001,2022-05-28_23h19.33.847,Cat face rating experiment_1500-2000,2021.1.4,MacIntel,60.0024001
,,,,,,space,1.3805,3,1.2691,0,324,324,324,1,324,images/pixabay_cat_000748.jpg,Jack Lo,001,2022-05-28_23h19.33.847,Cat face rating experiment_1500-2000,2021.1.4,MacIntel,60.0024001
,,,,,,space,0.8258,,,0,325,325,325,1,325,images/pixabay_cat_001766.jpg,Jack Lo,001,2022-05-28_23h19.33.847,Cat face rating experiment_1500-2000,2021.1.4,MacIntel,60.0024001
,,,,,,space,0.8088,,,0,326,326,326,1,326,images/pixabay_cat_001331.jpg,Jack Lo,001,2022-05-28_23h19.33.847,Cat face rating experiment_1500-2000,2021.1.4,MacIntel,60.0024001
,,,,,,space,0.5685,,,0,327,327,327,1,327,images/pixabay_cat_000967.jpg,Jack Lo,001,2022-05-28_23h19.33.847,Cat face rating experiment_1500-2000,2021.1.4,MacIntel,60.0024001
,,,,,,space,0.6253,,,0,328,328,328,1,328,images/flickr_cat_000410.jpg,Jack Lo,001,2022-05-28_23h19.33.847,Cat face rating experiment_1500-2000,2021.1.4,MacIntel,60.0024001
,,,,,,space,0.9071,,,0,329,329,329,1,329,images/pixabay_cat_001682.jpg,Jack Lo,001,2022-05-28_23h19.33.847,Cat face rating experiment_1500-2000,2021.1.4,MacIntel,60.0024001
,,,,,,space,1.3528,3,1.0068,0,330,330,330,1,330,images/pixabay_cat_001053.jpg,Jack Lo,001,2022-05-28_23h19.33.847,Cat face rating experiment_1500-2000,2021.1.4,MacIntel,60.0024001
,,,,,,space,1.0449,,,0,331,331,331,1,331,images/pixabay_cat_004199.jpg,Jack Lo,001,2022-05-28_23h19.33.847,Cat face rating experiment_1500-2000,2021.1.4,MacIntel,60.0024001
,,,,,,space,1.6628,5,1.5573,0,332,332,332,1,332,images/flickr_cat_000263.jpg,Jack Lo,001,2022-05-28_23h19.33.847,Cat face rating experiment_1500-2000,2021.1.4,MacIntel,60.0024001
,,,,,,space,3.6009,,,0,333,333,333,1,333,images/pixabay_cat_003992.jpg,Jack Lo,001,2022-05-28_23h19.33.847,Cat face rating experiment_1500-2000,2021.1.4,MacIntel,60.0024001
,,,,,,space,0.9068,3,0.7222,0,334,334,334,1,334,images/pixabay_cat_003866.jpg,Jack Lo,001,2022-05-28_23h19.33.847,Cat face rating experiment_1500-2000,2021.1.4,MacIntel,60.0024001
,,,,,,space,1.6681,2,1.3543,0,335,335,335,1,335,images/pixabay_cat_002105.jpg,Jack Lo,001,2022-05-28_23h19.33.847,Cat face rating experiment_1500-2000,2021.1.4,MacIntel,60.0024001
,,,,,,space,2.082,1,1.8212,0,336,336,336,1,336,images/pixabay_cat_003784.jpg,Jack Lo,001,2022-05-28_23h19.33.847,Cat face rating experiment_1500-2000,2021.1.4,MacIntel,60.0024001
,,,,,,space,1.2076,,,0,337,337,337,1,337,images/pixabay_cat_003353.jpg,Jack Lo,001,2022-05-28_23h19.33.847,Cat face rating experiment_1500-2000,2021.1.4,MacIntel,60.0024001
,,,,,,space,1.5345,6,1.3884,0,338,338,338,1,338,images/pixabay_cat_000554.jpg,Jack Lo,001,2022-05-28_23h19.33.847,Cat face rating experiment_1500-2000,2021.1.4,MacIntel,60.0024001
,,,,,,space,0.8058,6,0.738,0,339,339,339,1,339,images/pixabay_cat_004284.jpg,Jack Lo,001,2022-05-28_23h19.33.847,Cat face rating experiment_1500-2000,2021.1.4,MacIntel,60.0024001
,,,,,,space,0.8496,5,0.7054,0,340,340,340,1,340,images/pixabay_cat_004229.jpg,Jack Lo,001,2022-05-28_23h19.33.847,Cat face rating experiment_1500-2000,2021.1.4,MacIntel,60.0024001
,,,,,,space,1.0315,,,0,341,341,341,1,341,images/pixabay_cat_000071.jpg,Jack Lo,001,2022-05-28_23h19.33.847,Cat face rating experiment_1500-2000,2021.1.4,MacIntel,60.0024001
,,,,,,space,0.9725,5,0.772,0,342,342,342,1,342,images/pixabay_cat_003284.jpg,Jack Lo,001,2022-05-28_23h19.33.847,Cat face rating experiment_1500-2000,2021.1.4,MacIntel,60.0024001
,,,,,,space,0.9597,6,0.8041,0,343,343,343,1,343,images/pixabay_cat_004620.jpg,Jack Lo,001,2022-05-28_23h19.33.847,Cat face rating experiment_1500-2000,2021.1.4,MacIntel,60.0024001
,,,,,,space,1.7788,1,1.4882,0,344,344,344,1,344,images/pixabay_cat_003240.jpg,Jack Lo,001,2022-05-28_23h19.33.847,Cat face rating experiment_1500-2000,2021.1.4,MacIntel,60.0024001
,,,,,,space,1.6916,2,1.5204,0,345,345,345,1,345,images/pixabay_cat_003638.jpg,Jack Lo,001,2022-05-28_23h19.33.847,Cat face rating experiment_1500-2000,2021.1.4,MacIntel,60.0024001
,,,,,,space,2.0122,4,1.8721,0,346,346,346,1,346,images/pixabay_cat_002830.jpg,Jack Lo,001,2022-05-28_23h19.33.847,Cat face rating experiment_1500-2000,2021.1.4,MacIntel,60.0024001
,,,,,,space,2.5295,5,2.4057,0,347,347,347,1,347,images/pixabay_cat_004828.jpg,Jack Lo,001,2022-05-28_23h19.33.847,Cat face rating experiment_1500-2000,2021.1.4,MacIntel,60.0024001
,,,,,,space,0.8309,,,0,348,348,348,1,348,images/pixabay_cat_004763.jpg,Jack Lo,001,2022-05-28_23h19.33.847,Cat face rating experiment_1500-2000,2021.1.4,MacIntel,60.0024001
,,,,,,space,0.6876,,,0,349,349,349,1,349,images/pixabay_cat_000503.jpg,Jack Lo,001,2022-05-28_23h19.33.847,Cat face rating experiment_1500-2000,2021.1.4,MacIntel,60.0024001
,,,,,,space,2.5207,3,2.388,0,350,350,350,1,350,images/flickr_cat_000810.jpg,Jack Lo,001,2022-05-28_23h19.33.847,Cat face rating experiment_1500-2000,2021.1.4,MacIntel,60.0024001
,,,,,,space,0.84,3,0.7563,0,351,351,351,1,351,images/pixabay_cat_001809.jpg,Jack Lo,001,2022-05-28_23h19.33.847,Cat face rating experiment_1500-2000,2021.1.4,MacIntel,60.0024001
,,,,,,space,2.2209,2,1.2238,0,352,352,352,1,352,images/pixabay_cat_002560.jpg,Jack Lo,001,2022-05-28_23h19.33.847,Cat face rating experiment_1500-2000,2021.1.4,MacIntel,60.0024001
,,,,,,space,1.2386,,,0,353,353,353,1,353,images/pixabay_cat_000371.jpg,Jack Lo,001,2022-05-28_23h19.33.847,Cat face rating experiment_1500-2000,2021.1.4,MacIntel,60.0024001
,,,,,,space,1.6206,6,1.3054,0,354,354,354,1,354,images/pixabay_cat_003061.jpg,Jack Lo,001,2022-05-28_23h19.33.847,Cat face rating experiment_1500-2000,2021.1.4,MacIntel,60.0024001
,,,,,,space,1.1919,3,1.0696,0,355,355,355,1,355,images/flickr_cat_000303.jpg,Jack Lo,001,2022-05-28_23h19.33.847,Cat face rating experiment_1500-2000,2021.1.4,MacIntel,60.0024001
,,,,,,space,0.9089,3,0.8361,0,356,356,356,1,356,images/flickr_cat_000811.jpg,Jack Lo,001,2022-05-28_23h19.33.847,Cat face rating experiment_1500-2000,2021.1.4,MacIntel,60.0024001
,,,,,,space,1.3645,5,1.2041,0,357,357,357,1,357,images/pixabay_cat_004540.jpg,Jack Lo,001,2022-05-28_23h19.33.847,Cat face rating experiment_1500-2000,2021.1.4,MacIntel,60.0024001
,,,,,,space,1.2934,3,1.1538,0,358,358,358,1,358,images/pixabay_cat_001692.jpg,Jack Lo,001,2022-05-28_23h19.33.847,Cat face rating experiment_1500-2000,2021.1.4,MacIntel,60.0024001
,,,,,,space,1.2704,2,0.974,0,359,359,359,1,359,images/pixabay_cat_000581.jpg,Jack Lo,001,2022-05-28_23h19.33.847,Cat face rating experiment_1500-2000,2021.1.4,MacIntel,60.0024001
,,,,,,space,1.3469,3,1.2368,0,360,360,360,1,360,images/pixabay_cat_000283.jpg,Jack Lo,001,2022-05-28_23h19.33.847,Cat face rating experiment_1500-2000,2021.1.4,MacIntel,60.0024001
,,,,,,space,1.1258,,,0,361,361,361,1,361,images/pixabay_cat_001900.jpg,Jack Lo,001,2022-05-28_23h19.33.847,Cat face rating experiment_1500-2000,2021.1.4,MacIntel,60.0024001
,,,,,,space,1.207,,,0,362,362,362,1,362,images/pixabay_cat_003268.jpg,Jack Lo,001,2022-05-28_23h19.33.847,Cat face rating experiment_1500-2000,2021.1.4,MacIntel,60.0024001
,,,,,,space,1.139,5,0.8234,0,363,363,363,1,363,images/flickr_cat_000363.jpg,Jack Lo,001,2022-05-28_23h19.33.847,Cat face rating experiment_1500-2000,2021.1.4,MacIntel,60.0024001
,,,,,,space,1.3193,3,1.2035,0,364,364,364,1,364,images/pixabay_cat_000363.jpg,Jack Lo,001,2022-05-28_23h19.33.847,Cat face rating experiment_1500-2000,2021.1.4,MacIntel,60.0024001
,,,,,,space,1.6538,3,1.5388,0,365,365,365,1,365,images/pixabay_cat_003785.jpg,Jack Lo,001,2022-05-28_23h19.33.847,Cat face rating experiment_1500-2000,2021.1.4,MacIntel,60.0024001
,,,,,,space,1.0238,2,0.8737,0,366,366,366,1,366,images/pixabay_cat_003206.jpg,Jack Lo,001,2022-05-28_23h19.33.847,Cat face rating experiment_1500-2000,2021.1.4,MacIntel,60.0024001
,,,,,,space,1.4689,5,1.3385,0,367,367,367,1,367,images/pixabay_cat_001756.jpg,Jack Lo,001,2022-05-28_23h19.33.847,Cat face rating experiment_1500-2000,2021.1.4,MacIntel,60.0024001
,,,,,,space,1.1089,5,1.073,0,368,368,368,1,368,images/pixabay_cat_002332.jpg,Jack Lo,001,2022-05-28_23h19.33.847,Cat face rating experiment_1500-2000,2021.1.4,MacIntel,60.0024001
,,,,,,space,2.561,1,2.4577,0,369,369,369,1,369,images/pixabay_cat_004471.jpg,Jack Lo,001,2022-05-28_23h19.33.847,Cat face rating experiment_1500-2000,2021.1.4,MacIntel,60.0024001
,,,,,,space,1.0548,1,0.9209,0,370,370,370,1,370,images/pixabay_cat_000633.jpg,Jack Lo,001,2022-05-28_23h19.33.847,Cat face rating experiment_1500-2000,2021.1.4,MacIntel,60.0024001
,,,,,,space,0.6575,1,0.5859,0,371,371,371,1,371,images/flickr_cat_000288.jpg,Jack Lo,001,2022-05-28_23h19.33.847,Cat face rating experiment_1500-2000,2021.1.4,MacIntel,60.0024001
,,,,,,space,0.6678,1,0.6053,0,372,372,372,1,372,images/pixabay_cat_000774.jpg,Jack Lo,001,2022-05-28_23h19.33.847,Cat face rating experiment_1500-2000,2021.1.4,MacIntel,60.0024001
,,,,,,space,1.0763,2,1.0214,0,373,373,373,1,373,images/pixabay_cat_001656.jpg,Jack Lo,001,2022-05-28_23h19.33.847,Cat face rating experiment_1500-2000,2021.1.4,MacIntel,60.0024001
,,,,,,space,0.8484,1,0.7882,0,374,374,374,1,374,images/pixabay_cat_003551.jpg,Jack Lo,001,2022-05-28_23h19.33.847,Cat face rating experiment_1500-2000,2021.1.4,MacIntel,60.0024001
,,,,,,space,0.8461,2,0.7069,0,375,375,375,1,375,images/pixabay_cat_004813.jpg,Jack Lo,001,2022-05-28_23h19.33.847,Cat face rating experiment_1500-2000,2021.1.4,MacIntel,60.0024001
,,,,,,space,1.157,2,1.0364,0,376,376,376,1,376,images/flickr_cat_000468.jpg,Jack Lo,001,2022-05-28_23h19.33.847,Cat face rating experiment_1500-2000,2021.1.4,MacIntel,60.0024001
,,,,,,space,0.8076,2,0.7024,0,377,377,377,1,377,images/pixabay_cat_001135.jpg,Jack Lo,001,2022-05-28_23h19.33.847,Cat face rating experiment_1500-2000,2021.1.4,MacIntel,60.0024001
,,,,,,space,1.6272,4,1.5695,0,378,378,378,1,378,images/pixabay_cat_001712.jpg,Jack Lo,001,2022-05-28_23h19.33.847,Cat face rating experiment_1500-2000,2021.1.4,MacIntel,60.0024001
,,,,,,space,1.7445,2,1.6409,0,379,379,379,1,379,images/pixabay_cat_004017.jpg,Jack Lo,001,2022-05-28_23h19.33.847,Cat face rating experiment_1500-2000,2021.1.4,MacIntel,60.0024001
,,,,,,space,1.5064,,,0,380,380,380,1,380,images/pixabay_cat_002158.jpg,Jack Lo,001,2022-05-28_23h19.33.847,Cat face rating experiment_1500-2000,2021.1.4,MacIntel,60.0024001
,,,,,,space,1.2668,3,1.1406,0,381,381,381,1,381,images/flickr_cat_000805.jpg,Jack Lo,001,2022-05-28_23h19.33.847,Cat face rating experiment_1500-2000,2021.1.4,MacIntel,60.0024001
,,,,,,space,0.9262,2,0.8028,0,382,382,382,1,382,images/pixabay_cat_000288.jpg,Jack Lo,001,2022-05-28_23h19.33.847,Cat face rating experiment_1500-2000,2021.1.4,MacIntel,60.0024001
,,,,,,space,1.7014,6,1.5368,0,383,383,383,1,383,images/pixabay_cat_004554.jpg,Jack Lo,001,2022-05-28_23h19.33.847,Cat face rating experiment_1500-2000,2021.1.4,MacIntel,60.0024001
,,,,,,space,1.2849,3,1.2005,0,384,384,384,1,384,images/pixabay_cat_002933.jpg,Jack Lo,001,2022-05-28_23h19.33.847,Cat face rating experiment_1500-2000,2021.1.4,MacIntel,60.0024001
,,,,,,space,1.2332,5,1.1391,0,385,385,385,1,385,images/pixabay_cat_001565.jpg,Jack Lo,001,2022-05-28_23h19.33.847,Cat face rating experiment_1500-2000,2021.1.4,MacIntel,60.0024001
,,,,,,space,1.8712,6,1.7373,0,386,386,386,1,386,images/pixabay_cat_004400.jpg,Jack Lo,001,2022-05-28_23h19.33.847,Cat face rating experiment_1500-2000,2021.1.4,MacIntel,60.0024001
,,,,,,space,1.1369,,,0,387,387,387,1,387,images/pixabay_cat_003703.jpg,Jack Lo,001,2022-05-28_23h19.33.847,Cat face rating experiment_1500-2000,2021.1.4,MacIntel,60.0024001
,,,,,,space,1.597,5,1.4725,0,388,388,388,1,388,images/pixabay_cat_004140.jpg,Jack Lo,001,2022-05-28_23h19.33.847,Cat face rating experiment_1500-2000,2021.1.4,MacIntel,60.0024001
,,,,,,space,1.4805,5,1.3871,0,389,389,389,1,389,images/pixabay_cat_002755.jpg,Jack Lo,001,2022-05-28_23h19.33.847,Cat face rating experiment_1500-2000,2021.1.4,MacIntel,60.0024001
,,,,,,space,0.7024,5,0.6393,0,390,390,390,1,390,images/pixabay_cat_004224.jpg,Jack Lo,001,2022-05-28_23h19.33.847,Cat face rating experiment_1500-2000,2021.1.4,MacIntel,60.0024001
,,,,,,space,0.5946,5,0.5541,0,391,391,391,1,391,images/pixabay_cat_000987.jpg,Jack Lo,001,2022-05-28_23h19.33.847,Cat face rating experiment_1500-2000,2021.1.4,MacIntel,60.0024001
,,,,,,space,1.2407,5,1.069,0,392,392,392,1,392,images/pixabay_cat_001039.jpg,Jack Lo,001,2022-05-28_23h19.33.847,Cat face rating experiment_1500-2000,2021.1.4,MacIntel,60.0024001
,,,,,,space,0.6941,6,0.6038,0,393,393,393,1,393,images/pixabay_cat_003598.jpg,Jack Lo,001,2022-05-28_23h19.33.847,Cat face rating experiment_1500-2000,2021.1.4,MacIntel,60.0024001
,,,,,,space,0.6078,5,0.5512,0,394,394,394,1,394,images/pixabay_cat_000433.jpg,Jack Lo,001,2022-05-28_23h19.33.847,Cat face rating experiment_1500-2000,2021.1.4,MacIntel,60.0024001
,,,,,,space,0.8123,6,0.7533,0,395,395,395,1,395,images/flickr_cat_000256.jpg,Jack Lo,001,2022-05-28_23h19.33.847,Cat face rating experiment_1500-2000,2021.1.4,MacIntel,60.0024001
,,,,,,space,1.4803,2,1.388,0,396,396,396,1,396,images/pixabay_cat_003581.jpg,Jack Lo,001,2022-05-28_23h19.33.847,Cat face rating experiment_1500-2000,2021.1.4,MacIntel,60.0024001
,,,,,,space,1.3301,5,1.2541,0,397,397,397,1,397,images/pixabay_cat_002034.jpg,Jack Lo,001,2022-05-28_23h19.33.847,Cat face rating experiment_1500-2000,2021.1.4,MacIntel,60.0024001
,,,,,,space,1.0923,,,0,398,398,398,1,398,images/pixabay_cat_001038.jpg,Jack Lo,001,2022-05-28_23h19.33.847,Cat face rating experiment_1500-2000,2021.1.4,MacIntel,60.0024001
,,,,,,space,1.5399,3,1.0924,0,399,399,399,1,399,images/pixabay_cat_002957.jpg,Jack Lo,001,2022-05-28_23h19.33.847,Cat face rating experiment_1500-2000,2021.1.4,MacIntel,60.0024001
,,,,,,space,1.9731,5,1.7208,0,400,400,400,1,400,images/pixabay_cat_003882.jpg,Jack Lo,001,2022-05-28_23h19.33.847,Cat face rating experiment_1500-2000,2021.1.4,MacIntel,60.0024001
,,,,,,space,1.4357,6,1.3236,0,401,401,401,1,401,images/pixabay_cat_002523.jpg,Jack Lo,001,2022-05-28_23h19.33.847,Cat face rating experiment_1500-2000,2021.1.4,MacIntel,60.0024001
,,,,,,space,1.2217,3,1.2406,0,402,402,402,1,402,images/pixabay_cat_002681.jpg,Jack Lo,001,2022-05-28_23h19.33.847,Cat face rating experiment_1500-2000,2021.1.4,MacIntel,60.0024001
,,,,,,space,1.7815,5,1.6547,0,403,403,403,1,403,images/pixabay_cat_003945.jpg,Jack Lo,001,2022-05-28_23h19.33.847,Cat face rating experiment_1500-2000,2021.1.4,MacIntel,60.0024001
,,,,,,space,0.9489,5,0.8564,0,404,404,404,1,404,images/pixabay_cat_001297.jpg,Jack Lo,001,2022-05-28_23h19.33.847,Cat face rating experiment_1500-2000,2021.1.4,MacIntel,60.0024001
,,,,,,space,0.7618,6,0.6708,0,405,405,405,1,405,images/pixabay_cat_002625.jpg,Jack Lo,001,2022-05-28_23h19.33.847,Cat face rating experiment_1500-2000,2021.1.4,MacIntel,60.0024001
,,,,,,space,1.327,7,1.2517,0,406,406,406,1,406,images/pixabay_cat_000483.jpg,Jack Lo,001,2022-05-28_23h19.33.847,Cat face rating experiment_1500-2000,2021.1.4,MacIntel,60.0024001
,,,,,,space,0.7299,7,0.6565,0,407,407,407,1,407,images/pixabay_cat_000158.jpg,Jack Lo,001,2022-05-28_23h19.33.847,Cat face rating experiment_1500-2000,2021.1.4,MacIntel,60.0024001
,,,,,,space,1.3624,6,1.2872,0,408,408,408,1,408,images/pixabay_cat_003257.jpg,Jack Lo,001,2022-05-28_23h19.33.847,Cat face rating experiment_1500-2000,2021.1.4,MacIntel,60.0024001
,,,,,,space,1.143,7,1.0381,0,409,409,409,1,409,images/pixabay_cat_000715.jpg,Jack Lo,001,2022-05-28_23h19.33.847,Cat face rating experiment_1500-2000,2021.1.4,MacIntel,60.0024001
,,,,,,space,1.1525,7,1.0548,0,410,410,410,1,410,images/pixabay_cat_003895.jpg,Jack Lo,001,2022-05-28_23h19.33.847,Cat face rating experiment_1500-2000,2021.1.4,MacIntel,60.0024001
,,,,,,space,1.21,6,1.1517,0,411,411,411,1,411,images/flickr_cat_000677.jpg,Jack Lo,001,2022-05-28_23h19.33.847,Cat face rating experiment_1500-2000,2021.1.4,MacIntel,60.0024001
,,,,,,space,0.7569,7,0.6856,0,412,412,412,1,412,images/pixabay_cat_003906.jpg,Jack Lo,001,2022-05-28_23h19.33.847,Cat face rating experiment_1500-2000,2021.1.4,MacIntel,60.0024001
,,,,,,space,0.7237,6,0.6686,0,413,413,413,1,413,images/flickr_cat_000405.jpg,Jack Lo,001,2022-05-28_23h19.33.847,Cat face rating experiment_1500-2000,2021.1.4,MacIntel,60.0024001
,,,,,,space,1.2812,,,0,414,414,414,1,414,images/flickr_cat_000388.jpg,Jack Lo,001,2022-05-28_23h19.33.847,Cat face rating experiment_1500-2000,2021.1.4,MacIntel,60.0024001
,,,,,,space,1.2686,3,1.1913,0,415,415,415,1,415,images/pixabay_cat_002884.jpg,Jack Lo,001,2022-05-28_23h19.33.847,Cat face rating experiment_1500-2000,2021.1.4,MacIntel,60.0024001
,,,,,,space,1.1292,,,0,416,416,416,1,416,images/pixabay_cat_004282.jpg,Jack Lo,001,2022-05-28_23h19.33.847,Cat face rating experiment_1500-2000,2021.1.4,MacIntel,60.0024001
,,,,,,space,0.9188,4,0.7709,0,417,417,417,1,417,images/pixabay_cat_002448.jpg,Jack Lo,001,2022-05-28_23h19.33.847,Cat face rating experiment_1500-2000,2021.1.4,MacIntel,60.0024001
,,,,,,space,1.6032,,,0,418,418,418,1,418,images/pixabay_cat_002554.jpg,Jack Lo,001,2022-05-28_23h19.33.847,Cat face rating experiment_1500-2000,2021.1.4,MacIntel,60.0024001
,,,,,,space,2.7144,3,2.4234,0,419,419,419,1,419,images/pixabay_cat_004272.jpg,Jack Lo,001,2022-05-28_23h19.33.847,Cat face rating experiment_1500-2000,2021.1.4,MacIntel,60.0024001
,,,,,,space,1.009,3,0.8385,0,420,420,420,1,420,images/flickr_cat_000009.jpg,Jack Lo,001,2022-05-28_23h19.33.847,Cat face rating experiment_1500-2000,2021.1.4,MacIntel,60.0024001
,,,,,,space,2.6689,6,2.5859,0,421,421,421,1,421,images/pixabay_cat_003808.jpg,Jack Lo,001,2022-05-28_23h19.33.847,Cat face rating experiment_1500-2000,2021.1.4,MacIntel,60.0024001
,,,,,,space,1.2473,6,1.1544,0,422,422,422,1,422,images/pixabay_cat_004524.jpg,Jack Lo,001,2022-05-28_23h19.33.847,Cat face rating experiment_1500-2000,2021.1.4,MacIntel,60.0024001
,,,,,,space,1.0136,6,0.8219,0,423,423,423,1,423,images/pixabay_cat_003375.jpg,Jack Lo,001,2022-05-28_23h19.33.847,Cat face rating experiment_1500-2000,2021.1.4,MacIntel,60.0024001
,,,,,,space,1.2749,6,1.1865,0,424,424,424,1,424,images/pixabay_cat_002362.jpg,Jack Lo,001,2022-05-28_23h19.33.847,Cat face rating experiment_1500-2000,2021.1.4,MacIntel,60.0024001
,,,,,,space,0.8091,6,0.6366,0,425,425,425,1,425,images/pixabay_cat_004641.jpg,Jack Lo,001,2022-05-28_23h19.33.847,Cat face rating experiment_1500-2000,2021.1.4,MacIntel,60.0024001
,,,,,,space,1.1442,6,0.9083,0,426,426,426,1,426,images/flickr_cat_000686.jpg,Jack Lo,001,2022-05-28_23h19.33.847,Cat face rating experiment_1500-2000,2021.1.4,MacIntel,60.0024001
,,,,,,space,0.8191,5,0.6883,0,427,427,427,1,427,images/pixabay_cat_004362.jpg,Jack Lo,001,2022-05-28_23h19.33.847,Cat face rating experiment_1500-2000,2021.1.4,MacIntel,60.0024001
,,,,,,space,0.6894,,,0,428,428,428,1,428,images/pixabay_cat_000110.jpg,Jack Lo,001,2022-05-28_23h19.33.847,Cat face rating experiment_1500-2000,2021.1.4,MacIntel,60.0024001
,,,,,,space,1.6897,3,1.5706,0,429,429,429,1,429,images/pixabay_cat_004038.jpg,Jack Lo,001,2022-05-28_23h19.33.847,Cat face rating experiment_1500-2000,2021.1.4,MacIntel,60.0024001
,,,,,,space,0.8017,3,0.7031,0,430,430,430,1,430,images/pixabay_cat_004707.jpg,Jack Lo,001,2022-05-28_23h19.33.847,Cat face rating experiment_1500-2000,2021.1.4,MacIntel,60.0024001
,,,,,,space,1.122,,,0,431,431,431,1,431,images/pixabay_cat_004372.jpg,Jack Lo,001,2022-05-28_23h19.33.847,Cat face rating experiment_1500-2000,2021.1.4,MacIntel,60.0024001
,,,,,,space,3.7751,5,3.7567,0,432,432,432,1,432,images/pixabay_cat_002605.jpg,Jack Lo,001,2022-05-28_23h19.33.847,Cat face rating experiment_1500-2000,2021.1.4,MacIntel,60.0024001
,,,,,,space,1.119,3,1.1372,0,433,433,433,1,433,images/flickr_cat_000673.jpg,Jack Lo,001,2022-05-28_23h19.33.847,Cat face rating experiment_1500-2000,2021.1.4,MacIntel,60.0024001
,,,,,,space,1.0084,3,0.8538,0,434,434,434,1,434,images/pixabay_cat_001631.jpg,Jack Lo,001,2022-05-28_23h19.33.847,Cat face rating experiment_1500-2000,2021.1.4,MacIntel,60.0024001
,,,,,,space,1.5417,5,1.4206,0,435,435,435,1,435,images/pixabay_cat_001258.jpg,Jack Lo,001,2022-05-28_23h19.33.847,Cat face rating experiment_1500-2000,2021.1.4,MacIntel,60.0024001
,,,,,,space,1.171,3,1.0383,0,436,436,436,1,436,images/pixabay_cat_002120.jpg,Jack Lo,001,2022-05-28_23h19.33.847,Cat face rating experiment_1500-2000,2021.1.4,MacIntel,60.0024001
,,,,,,space,1.3524,3,1.2046,0,437,437,437,1,437,images/pixabay_cat_000544.jpg,Jack Lo,001,2022-05-28_23h19.33.847,Cat face rating experiment_1500-2000,2021.1.4,MacIntel,60.0024001
,,,,,,space,1.1502,2,1.0886,0,438,438,438,1,438,images/pixabay_cat_000923.jpg,Jack Lo,001,2022-05-28_23h19.33.847,Cat face rating experiment_1500-2000,2021.1.4,MacIntel,60.0024001
,,,,,,space,0.9221,2,0.8063,0,439,439,439,1,439,images/flickr_cat_000302.jpg,Jack Lo,001,2022-05-28_23h19.33.847,Cat face rating experiment_1500-2000,2021.1.4,MacIntel,60.0024001
,,,,,,space,1.7821,5,1.6896,0,440,440,440,1,440,images/flickr_cat_000458.jpg,Jack Lo,001,2022-05-28_23h19.33.847,Cat face rating experiment_1500-2000,2021.1.4,MacIntel,60.0024001
,,,,,,space,0.8379,5,0.7249,0,441,441,441,1,441,images/pixabay_cat_000311.jpg,Jack Lo,001,2022-05-28_23h19.33.847,Cat face rating experiment_1500-2000,2021.1.4,MacIntel,60.0024001
,,,,,,space,0.8984,,,0,442,442,442,1,442,images/pixabay_cat_002277.jpg,Jack Lo,001,2022-05-28_23h19.33.847,Cat face rating experiment_1500-2000,2021.1.4,MacIntel,60.0024001
,,,,,,space,1.8109,3,1.6675,0,443,443,443,1,443,images/pixabay_cat_003290.jpg,Jack Lo,001,2022-05-28_23h19.33.847,Cat face rating experiment_1500-2000,2021.1.4,MacIntel,60.0024001
,,,,,,space,0.9424,,,0,444,444,444,1,444,images/pixabay_cat_000913.jpg,Jack Lo,001,2022-05-28_23h19.33.847,Cat face rating experiment_1500-2000,2021.1.4,MacIntel,60.0024001
,,,,,,space,1.4595,5,1.3716,0,445,445,445,1,445,images/pixabay_cat_002921.jpg,Jack Lo,001,2022-05-28_23h19.33.847,Cat face rating experiment_1500-2000,2021.1.4,MacIntel,60.0024001
,,,,,,space,1.221,3,1.1229,0,446,446,446,1,446,images/flickr_cat_000040.jpg,Jack Lo,001,2022-05-28_23h19.33.847,Cat face rating experiment_1500-2000,2021.1.4,MacIntel,60.0024001
,,,,,,space,0.9283,2,0.8722,0,447,447,447,1,447,images/flickr_cat_000251.jpg,Jack Lo,001,2022-05-28_23h19.33.847,Cat face rating experiment_1500-2000,2021.1.4,MacIntel,60.0024001
,,,,,,space,2.3923,3,2.2549,0,448,448,448,1,448,images/pixabay_cat_004278.jpg,Jack Lo,001,2022-05-28_23h19.33.847,Cat face rating experiment_1500-2000,2021.1.4,MacIntel,60.0024001
,,,,,,space,1.767,7,1.5932,0,449,449,449,1,449,images/pixabay_cat_002463.jpg,Jack Lo,001,2022-05-28_23h19.33.847,Cat face rating experiment_1500-2000,2021.1.4,MacIntel,60.0024001
,,,,,,space,0.7774,7,0.688,0,450,450,450,1,450,images/flickr_cat_000022.jpg,Jack Lo,001,2022-05-28_23h19.33.847,Cat face rating experiment_1500-2000,2021.1.4,MacIntel,60.0024001
,,,,,,space,1.1041,6,1.0079,0,451,451,451,1,451,images/pixabay_cat_003133.jpg,Jack Lo,001,2022-05-28_23h19.33.847,Cat face rating experiment_1500-2000,2021.1.4,MacIntel,60.0024001
,,,,,,space,2.1568,5,1.9357,0,452,452,452,1,452,images/pixabay_cat_000744.jpg,Jack Lo,001,2022-05-28_23h19.33.847,Cat face rating experiment_1500-2000,2021.1.4,MacIntel,60.0024001
,,,,,,space,1.0601,5,0.9389,0,453,453,453,1,453,images/pixabay_cat_000997.jpg,Jack Lo,001,2022-05-28_23h19.33.847,Cat face rating experiment_1500-2000,2021.1.4,MacIntel,60.0024001
,,,,,,space,0.8408,5,0.7604,0,454,454,454,1,454,images/pixabay_cat_000036.jpg,Jack Lo,001,2022-05-28_23h19.33.847,Cat face rating experiment_1500-2000,2021.1.4,MacIntel,60.0024001
,,,,,,space,0.7865,5,0.7062,0,455,455,455,1,455,images/flickr_cat_000074.jpg,Jack Lo,001,2022-05-28_23h19.33.847,Cat face rating experiment_1500-2000,2021.1.4,MacIntel,60.0024001
,,,,,,space,1.194,6,1.1037,0,456,456,456,1,456,images/flickr_cat_000255.jpg,Jack Lo,001,2022-05-28_23h19.33.847,Cat face rating experiment_1500-2000,2021.1.4,MacIntel,60.0024001
,,,,,,space,1.4708,3,1.3399,0,457,457,457,1,457,images/pixabay_cat_003172.jpg,Jack Lo,001,2022-05-28_23h19.33.847,Cat face rating experiment_1500-2000,2021.1.4,MacIntel,60.0024001
,,,,,,space,3.8419,5,3.7555,0,458,458,458,1,458,images/pixabay_cat_004350.jpg,Jack Lo,001,2022-05-28_23h19.33.847,Cat face rating experiment_1500-2000,2021.1.4,MacIntel,60.0024001
,,,,,,space,1.6765,6,1.5872,0,459,459,459,1,459,images/pixabay_cat_004473.jpg,Jack Lo,001,2022-05-28_23h19.33.847,Cat face rating experiment_1500-2000,2021.1.4,MacIntel,60.0024001
,,,,,,space,0.9399,,,0,460,460,460,1,460,images/pixabay_cat_003349.jpg,Jack Lo,001,2022-05-28_23h19.33.847,Cat face rating experiment_1500-2000,2021.1.4,MacIntel,60.0024001
,,,,,,space,1.0837,5,0.9888,0,461,461,461,1,461,images/pixabay_cat_002832.jpg,Jack Lo,001,2022-05-28_23h19.33.847,Cat face rating experiment_1500-2000,2021.1.4,MacIntel,60.0024001
,,,,,,space,1.791,2,1.5262,0,462,462,462,1,462,images/pixabay_cat_004375.jpg,Jack Lo,001,2022-05-28_23h19.33.847,Cat face rating experiment_1500-2000,2021.1.4,MacIntel,60.0024001
,,,,,,space,1.0398,3,0.9382,0,463,463,463,1,463,images/pixabay_cat_001791.jpg,Jack Lo,001,2022-05-28_23h19.33.847,Cat face rating experiment_1500-2000,2021.1.4,MacIntel,60.0024001
,,,,,,space,1.4807,3,1.436,0,464,464,464,1,464,images/pixabay_cat_002761.jpg,Jack Lo,001,2022-05-28_23h19.33.847,Cat face rating experiment_1500-2000,2021.1.4,MacIntel,60.0024001
,,,,,,space,0.8553,2,0.722,0,465,465,465,1,465,images/pixabay_cat_003754.jpg,Jack Lo,001,2022-05-28_23h19.33.847,Cat face rating experiment_1500-2000,2021.1.4,MacIntel,60.0024001
,,,,,,space,1.2016,,,0,466,466,466,1,466,images/pixabay_cat_001720.jpg,Jack Lo,001,2022-05-28_23h19.33.847,Cat face rating experiment_1500-2000,2021.1.4,MacIntel,60.0024001
,,,,,,space,0.7066,,,0,467,467,467,1,467,images/pixabay_cat_002914.jpg,Jack Lo,001,2022-05-28_23h19.33.847,Cat face rating experiment_1500-2000,2021.1.4,MacIntel,60.0024001
,,,,,,space,1.0886,,,0,468,468,468,1,468,images/flickr_cat_000551.jpg,Jack Lo,001,2022-05-28_23h19.33.847,Cat face rating experiment_1500-2000,2021.1.4,MacIntel,60.0024001
,,,,,,space,1.1157,3,1.0042,0,469,469,469,1,469,images/pixabay_cat_004201.jpg,Jack Lo,001,2022-05-28_23h19.33.847,Cat face rating experiment_1500-2000,2021.1.4,MacIntel,60.0024001
,,,,,,space,1.3327,,,0,470,470,470,1,470,images/flickr_cat_000142.jpg,Jack Lo,001,2022-05-28_23h19.33.847,Cat face rating experiment_1500-2000,2021.1.4,MacIntel,60.0024001
,,,,,,space,1.8077,1,1.4913,0,471,471,471,1,471,images/pixabay_cat_001167.jpg,Jack Lo,001,2022-05-28_23h19.33.847,Cat face rating experiment_1500-2000,2021.1.4,MacIntel,60.0024001
,,,,,,space,1.4466,2,1.2718,0,472,472,472,1,472,images/pixabay_cat_000827.jpg,Jack Lo,001,2022-05-28_23h19.33.847,Cat face rating experiment_1500-2000,2021.1.4,MacIntel,60.0024001
,,,,,,space,0.6722,2,0.5903,0,473,473,473,1,473,images/pixabay_cat_001198.jpg,Jack Lo,001,2022-05-28_23h19.33.847,Cat face rating experiment_1500-2000,2021.1.4,MacIntel,60.0024001
,,,,,,space,0.9027,3,0.8207,0,474,474,474,1,474,images/flickr_cat_000499.jpg,Jack Lo,001,2022-05-28_23h19.33.847,Cat face rating experiment_1500-2000,2021.1.4,MacIntel,60.0024001
,,,,,,space,0.7748,2,0.7212,0,475,475,475,1,475,images/pixabay_cat_001128.jpg,Jack Lo,001,2022-05-28_23h19.33.847,Cat face rating experiment_1500-2000,2021.1.4,MacIntel,60.0024001
,,,,,,space,0.7573,3,0.6737,0,476,476,476,1,476,images/pixabay_cat_000457.jpg,Jack Lo,001,2022-05-28_23h19.33.847,Cat face rating experiment_1500-2000,2021.1.4,MacIntel,60.0024001
,,,,,,space,1.5905,1,1.3212,0,477,477,477,1,477,images/pixabay_cat_001896.jpg,Jack Lo,001,2022-05-28_23h19.33.847,Cat face rating experiment_1500-2000,2021.1.4,MacIntel,60.0024001
,,,,,,space,2.0459,6,1.9041,0,478,478,478,1,478,images/pixabay_cat_002061.jpg,Jack Lo,001,2022-05-28_23h19.33.847,Cat face rating experiment_1500-2000,2021.1.4,MacIntel,60.0024001
,,,,,,space,0.8225,5,0.6911,0,479,479,479,1,479,images/pixabay_cat_000626.jpg,Jack Lo,001,2022-05-28_23h19.33.847,Cat face rating experiment_1500-2000,2021.1.4,MacIntel,60.0024001
,,,,,,space,1.024,,,0,480,480,480,1,480,images/pixabay_cat_002951.jpg,Jack Lo,001,2022-05-28_23h19.33.847,Cat face rating experiment_1500-2000,2021.1.4,MacIntel,60.0024001
,,,,,,space,1.1134,5,1.0544,0,481,481,481,1,481,images/pixabay_cat_000156.jpg,Jack Lo,001,2022-05-28_23h19.33.847,Cat face rating experiment_1500-2000,2021.1.4,MacIntel,60.0024001
,,,,,,space,0.9073,,,0,482,482,482,1,482,images/pixabay_cat_000123.jpg,Jack Lo,001,2022-05-28_23h19.33.847,Cat face rating experiment_1500-2000,2021.1.4,MacIntel,60.0024001
,,,,,,space,1.5302,5,0.8897,0,483,483,483,1,483,images/flickr_cat_000321.jpg,Jack Lo,001,2022-05-28_23h19.33.847,Cat face rating experiment_1500-2000,2021.1.4,MacIntel,60.0024001
,,,,,,space,2.0508,2,1.8704,0,484,484,484,1,484,images/pixabay_cat_000341.jpg,Jack Lo,001,2022-05-28_23h19.33.847,Cat face rating experiment_1500-2000,2021.1.4,MacIntel,60.0024001
,,,,,,space,0.9884,2,0.8422,0,485,485,485,1,485,images/pixabay_cat_002337.jpg,Jack Lo,001,2022-05-28_23h19.33.847,Cat face rating experiment_1500-2000,2021.1.4,MacIntel,60.0024001
,,,,,,space,1.7443,2,1.524,0,486,486,486,1,486,images/pixabay_cat_000950.jpg,Jack Lo,001,2022-05-28_23h19.33.847,Cat face rating experiment_1500-2000,2021.1.4,MacIntel,60.0024001
,,,,,,space,1.0289,,,0,487,487,487,1,487,images/flickr_cat_000043.jpg,Jack Lo,001,2022-05-28_23h19.33.847,Cat face rating experiment_1500-2000,2021.1.4,MacIntel,60.0024001
,,,,,,space,1.2089,3,1.0727,0,488,488,488,1,488,images/flickr_cat_000266.jpg,Jack Lo,001,2022-05-28_23h19.33.847,Cat face rating experiment_1500-2000,2021.1.4,MacIntel,60.0024001
,,,,,,space,0.994,3,0.8556,0,489,489,489,1,489,images/pixabay_cat_004391.jpg,Jack Lo,001,2022-05-28_23h19.33.847,Cat face rating experiment_1500-2000,2021.1.4,MacIntel,60.0024001
,,,,,,space,1.7476,3,1.5882,0,490,490,490,1,490,images/flickr_cat_000024.jpg,Jack Lo,001,2022-05-28_23h19.33.847,Cat face rating experiment_1500-2000,2021.1.4,MacIntel,60.0024001
,,,,,,space,1.058,3,0.8863,0,491,491,491,1,491,images/pixabay_cat_002647.jpg,Jack Lo,001,2022-05-28_23h19.33.847,Cat face rating experiment_1500-2000,2021.1.4,MacIntel,60.0024001
,,,,,,space,0.7919,,,0,492,492,492,1,492,images/pixabay_cat_004509.jpg,Jack Lo,001,2022-05-28_23h19.33.847,Cat face rating experiment_1500-2000,2021.1.4,MacIntel,60.0024001
,,,,,,space,2.1,5,1.6385,0,493,493,493,1,493,images/pixabay_cat_000577.jpg,Jack Lo,001,2022-05-28_23h19.33.847,Cat face rating experiment_1500-2000,2021.1.4,MacIntel,60.0024001
,,,,,,space,0.8661,,,0,494,494,494,1,494,images/pixabay_cat_002326.jpg,Jack Lo,001,2022-05-28_23h19.33.847,Cat face rating experiment_1500-2000,2021.1.4,MacIntel,60.0024001
,,,,,,space,1.7507,5,1.5917,0,495,495,495,1,495,images/flickr_cat_000044.jpg,Jack Lo,001,2022-05-28_23h19.33.847,Cat face rating experiment_1500-2000,2021.1.4,MacIntel,60.0024001
,,,,,,space,1.2285,5,1.1022,0,496,496,496,1,496,images/pixabay_cat_001409.jpg,Jack Lo,001,2022-05-28_23h19.33.847,Cat face rating experiment_1500-2000,2021.1.4,MacIntel,60.0024001
,,,,,,space,1.3905,3,1.0685,0,497,497,497,1,497,images/flickr_cat_000715.jpg,Jack Lo,001,2022-05-28_23h19.33.847,Cat face rating experiment_1500-2000,2021.1.4,MacIntel,60.0024001
,,,,,,space,0.7226,,,0,498,498,498,1,498,images/pixabay_cat_000951.jpg,Jack Lo,001,2022-05-28_23h19.33.847,Cat face rating experiment_1500-2000,2021.1.4,MacIntel,60.0024001
,,,,,,space,1.2622,5,1.0403,0,499,499,499,1,499,images/pixabay_cat_001500.jpg,Jack Lo,001,2022-05-28_23h19.33.847,Cat face rating experiment_1500-2000,2021.1.4,MacIntel,60.0024001
