key_resp.keys,key_resp.rt,key_resp_2.keys,key_resp_2.rt,key_resp_3.keys,key_resp_3.rt,key_resp_4.keys,key_resp_4.rt,slider.response,slider.rt,trials.thisRepN,trials.thisTrialN,trials.thisN,trials.thisIndex,trials.ran,trial_nums,img,participant,session,date,expName,psychopyVersion,OS,frameRate
space,0.8808,space,0.1426,space,0.469,space,22.238,4,21.9749,0,0,0,0,1,0,images/pixabay_cat_002885.jpg,,001,2022-03-12_18h52.47.973,Cat face rating experiment_1500-2000,2021.1.4,Win32,72.19174126
,,,,,,space,0.7319,4,0.6308,0,1,1,1,1,1,images/pixabay_cat_002314.jpg,,001,2022-03-12_18h52.47.973,Cat face rating experiment_1500-2000,2021.1.4,Win32,72.19174126
,,,,,,space,0.6551,4,0.6133,0,2,2,2,1,2,images/pixabay_cat_003813.jpg,,001,2022-03-12_18h52.47.973,Cat face rating experiment_1500-2000,2021.1.4,Win32,72.19174126
,,,,,,space,0.434,,,0,3,3,3,1,3,images/pixabay_cat_002556.jpg,,001,2022-03-12_18h52.47.973,Cat face rating experiment_1500-2000,2021.1.4,Win32,72.19174126
,,,,,,space,0.4394,,,0,4,4,4,1,4,images/pixabay_cat_002579.jpg,,001,2022-03-12_18h52.47.973,Cat face rating experiment_1500-2000,2021.1.4,Win32,72.19174126
,,,,,,space,0.4179,,,0,5,5,5,1,5,images/pixabay_cat_002162.jpg,,001,2022-03-12_18h52.47.973,Cat face rating experiment_1500-2000,2021.1.4,Win32,72.19174126
,,,,,,space,0.5573,,,0,6,6,6,1,6,images/flickr_cat_000138.jpg,,001,2022-03-12_18h52.47.973,Cat face rating experiment_1500-2000,2021.1.4,Win32,72.19174126
,,,,,,space,0.5234,,,0,7,7,7,1,7,images/pixabay_cat_001260.jpg,,001,2022-03-12_18h52.47.973,Cat face rating experiment_1500-2000,2021.1.4,Win32,72.19174126
