key_resp.keys,key_resp.rt,key_resp_2.keys,key_resp_2.rt,key_resp_3.keys,key_resp_3.rt,key_resp_4.keys,key_resp_4.rt,slider.response,slider.rt,trials.thisRepN,trials.thisTrialN,trials.thisN,trials.thisIndex,trials.ran,trial_nums,img,participant,session,date,expName,psychopyVersion,OS,frameRate
space,0.6563,space,0.6638,space,0.3668,space,0.2027,4,2.5192,0,0,0,0,1,0,images/pixabay_cat_004647.jpg,,001,2022-03-11_15h16.43.695,Cat face rating experiment_1500-2000,2021.1.4,Win32,143.2254368
,,,,,,space,0.0562,4,0.6263,0,1,1,1,1,1,images/pixabay_cat_003309.jpg,,001,2022-03-11_15h16.43.695,Cat face rating experiment_1500-2000,2021.1.4,Win32,143.2254368
,,,,,,space,0.0778,5,0.7798,0,2,2,2,1,2,images/pixabay_cat_001168.jpg,,001,2022-03-11_15h16.43.695,Cat face rating experiment_1500-2000,2021.1.4,Win32,143.2254368
,,,,,,space,0.1345,3,0.6132,0,3,3,3,1,3,images/pixabay_cat_003141.jpg,,001,2022-03-11_15h16.43.695,Cat face rating experiment_1500-2000,2021.1.4,Win32,143.2254368
,,,,,,space,0.2945,5,1.1914,0,4,4,4,1,4,images/pixabay_cat_002744.jpg,,001,2022-03-11_15h16.43.695,Cat face rating experiment_1500-2000,2021.1.4,Win32,143.2254368
,,,,,,space,0.286,6,1.5257,0,5,5,5,1,5,images/pixabay_cat_002982.jpg,,001,2022-03-11_15h16.43.695,Cat face rating experiment_1500-2000,2021.1.4,Win32,143.2254368
,,,,,,space,0.6542,4,1.3919,0,6,6,6,1,6,images/pixabay_cat_002458.jpg,,001,2022-03-11_15h16.43.695,Cat face rating experiment_1500-2000,2021.1.4,Win32,143.2254368
,,,,,,space,0.3213,5,0.5086,0,7,7,7,1,7,images/pixabay_cat_004588.jpg,,001,2022-03-11_15h16.43.695,Cat face rating experiment_1500-2000,2021.1.4,Win32,143.2254368
