key_resp.keys,key_resp.rt,key_resp_2.keys,key_resp_2.rt,key_resp_3.keys,key_resp_3.rt,key_resp_4.keys,key_resp_4.rt,slider.response,slider.rt,trials.thisRepN,trials.thisTrialN,trials.thisN,trials.thisIndex,trials.ran,trial_nums,img,participant,session,date,expName,psychopyVersion,OS,frameRate
space,15.6354,space,0.9374,space,0.8949,space,2.5028,3,1.9208,0,0,0,0,1,0,images/pixabay_cat_002885.jpg,Youjia Chen,001,2022-05-31_01h45.25.327,Cat face rating experiment_1500-2000,2021.1.4,MacIntel,120.0048002
,,,,,,space,3.172,1,2.5617,0,1,1,1,1,1,images/pixabay_cat_002314.jpg,Youjia Chen,001,2022-05-31_01h45.25.327,Cat face rating experiment_1500-2000,2021.1.4,MacIntel,120.0048002
,,,,,,space,34.7835,7,29.5734,0,2,2,2,1,2,images/pixabay_cat_003813.jpg,Youjia Chen,001,2022-05-31_01h45.25.327,Cat face rating experiment_1500-2000,2021.1.4,MacIntel,120.0048002
,,,,,,space,8.1963,3,7.9104,0,3,3,3,1,3,images/pixabay_cat_002556.jpg,Youjia Chen,001,2022-05-31_01h45.25.327,Cat face rating experiment_1500-2000,2021.1.4,MacIntel,120.0048002
,,,,,,space,2.1472,2,1.9207,0,4,4,4,1,4,images/pixabay_cat_002579.jpg,Youjia Chen,001,2022-05-31_01h45.25.327,Cat face rating experiment_1500-2000,2021.1.4,MacIntel,120.0048002
,,,,,,space,2.3324,5,2.0438,0,5,5,5,1,5,images/pixabay_cat_002162.jpg,Youjia Chen,001,2022-05-31_01h45.25.327,Cat face rating experiment_1500-2000,2021.1.4,MacIntel,120.0048002
,,,,,,space,2.0763,6,1.8445,0,6,6,6,1,6,images/flickr_cat_000138.jpg,Youjia Chen,001,2022-05-31_01h45.25.327,Cat face rating experiment_1500-2000,2021.1.4,MacIntel,120.0048002
,,,,,,space,2.5995,3,2.2012,0,7,7,7,1,7,images/pixabay_cat_001260.jpg,Youjia Chen,001,2022-05-31_01h45.25.327,Cat face rating experiment_1500-2000,2021.1.4,MacIntel,120.0048002
,,,,,,space,44.8671,6,44.4954,0,8,8,8,1,8,images/pixabay_cat_001515.jpg,Youjia Chen,001,2022-05-31_01h45.25.327,Cat face rating experiment_1500-2000,2021.1.4,MacIntel,120.0048002
,,,,,,space,2.2444,2,1.9035,0,9,9,9,1,9,images/pixabay_cat_003277.jpg,Youjia Chen,001,2022-05-31_01h45.25.327,Cat face rating experiment_1500-2000,2021.1.4,MacIntel,120.0048002
,,,,,,space,3.1845,2,2.6923,0,10,10,10,1,10,images/flickr_cat_000633.jpg,Youjia Chen,001,2022-05-31_01h45.25.327,Cat face rating experiment_1500-2000,2021.1.4,MacIntel,120.0048002
,,,,,,space,3.8304,2,3.5797,0,11,11,11,1,11,images/pixabay_cat_001421.jpg,Youjia Chen,001,2022-05-31_01h45.25.327,Cat face rating experiment_1500-2000,2021.1.4,MacIntel,120.0048002
,,,,,,space,1.2823,5,1.0251,0,12,12,12,1,12,images/pixabay_cat_000850.jpg,Youjia Chen,001,2022-05-31_01h45.25.327,Cat face rating experiment_1500-2000,2021.1.4,MacIntel,120.0048002
,,,,,,space,1.5593,6,1.1788,0,13,13,13,1,13,images/pixabay_cat_004729.jpg,Youjia Chen,001,2022-05-31_01h45.25.327,Cat face rating experiment_1500-2000,2021.1.4,MacIntel,120.0048002
,,,,,,space,9.0334,6,8.1457,0,14,14,14,1,14,images/flickr_cat_000206.jpg,Youjia Chen,001,2022-05-31_01h45.25.327,Cat face rating experiment_1500-2000,2021.1.4,MacIntel,120.0048002
,,,,,,space,2.0787,6,1.4884,0,15,15,15,1,15,images/pixabay_cat_003959.jpg,Youjia Chen,001,2022-05-31_01h45.25.327,Cat face rating experiment_1500-2000,2021.1.4,MacIntel,120.0048002
,,,,,,space,12.592,6,12.3141,0,16,16,16,1,16,images/pixabay_cat_002392.jpg,Youjia Chen,001,2022-05-31_01h45.25.327,Cat face rating experiment_1500-2000,2021.1.4,MacIntel,120.0048002
,,,,,,space,1.8781,1,1.4636,0,17,17,17,1,17,images/pixabay_cat_002086.jpg,Youjia Chen,001,2022-05-31_01h45.25.327,Cat face rating experiment_1500-2000,2021.1.4,MacIntel,120.0048002
,,,,,,space,1.5724,3,1.2872,0,18,18,18,1,18,images/pixabay_cat_002259.jpg,Youjia Chen,001,2022-05-31_01h45.25.327,Cat face rating experiment_1500-2000,2021.1.4,MacIntel,120.0048002
,,,,,,space,13.0758,1,12.6687,0,19,19,19,1,19,images/pixabay_cat_002287.jpg,Youjia Chen,001,2022-05-31_01h45.25.327,Cat face rating experiment_1500-2000,2021.1.4,MacIntel,120.0048002
,,,,,,space,1.7028,7,1.3946,0,20,20,20,1,20,images/pixabay_cat_002401.jpg,Youjia Chen,001,2022-05-31_01h45.25.327,Cat face rating experiment_1500-2000,2021.1.4,MacIntel,120.0048002
,,,,,,space,1.7995,1,1.471,0,21,21,21,1,21,images/pixabay_cat_002594.jpg,Youjia Chen,001,2022-05-31_01h45.25.327,Cat face rating experiment_1500-2000,2021.1.4,MacIntel,120.0048002
,,,,,,space,1.6658,6,1.3359,0,22,22,22,1,22,images/pixabay_cat_001337.jpg,Youjia Chen,001,2022-05-31_01h45.25.327,Cat face rating experiment_1500-2000,2021.1.4,MacIntel,120.0048002
,,,,,,space,1.4414,5,1.1664,0,23,23,23,1,23,images/pixabay_cat_001666.jpg,Youjia Chen,001,2022-05-31_01h45.25.327,Cat face rating experiment_1500-2000,2021.1.4,MacIntel,120.0048002
,,,,,,space,1.9997,6,1.7708,0,24,24,24,1,24,images/flickr_cat_000013.jpg,Youjia Chen,001,2022-05-31_01h45.25.327,Cat face rating experiment_1500-2000,2021.1.4,MacIntel,120.0048002
,,,,,,space,1.77,3,1.4955,0,25,25,25,1,25,images/pixabay_cat_000115.jpg,Youjia Chen,001,2022-05-31_01h45.25.327,Cat face rating experiment_1500-2000,2021.1.4,MacIntel,120.0048002
,,,,,,space,20.8706,6,20.5345,0,26,26,26,1,26,images/pixabay_cat_002221.jpg,Youjia Chen,001,2022-05-31_01h45.25.327,Cat face rating experiment_1500-2000,2021.1.4,MacIntel,120.0048002
,,,,,,space,45.662,3,18.8274,0,27,27,27,1,27,images/pixabay_cat_002489.jpg,Youjia Chen,001,2022-05-31_01h45.25.327,Cat face rating experiment_1500-2000,2021.1.4,MacIntel,120.0048002
,,,,,,space,6.6592,2,5.3205,0,28,28,28,1,28,images/pixabay_cat_001733.jpg,Youjia Chen,001,2022-05-31_01h45.25.327,Cat face rating experiment_1500-2000,2021.1.4,MacIntel,120.0048002
,,,,,,space,7.8366,1,7.3115,0,29,29,29,1,29,images/pixabay_cat_003709.jpg,Youjia Chen,001,2022-05-31_01h45.25.327,Cat face rating experiment_1500-2000,2021.1.4,MacIntel,120.0048002
,,,,,,space,46.0943,1,39.5039,0,30,30,30,1,30,images/pixabay_cat_002515.jpg,Youjia Chen,001,2022-05-31_01h45.25.327,Cat face rating experiment_1500-2000,2021.1.4,MacIntel,120.0048002
,,,,,,space,13.0082,2,12.7045,0,31,31,31,1,31,images/pixabay_cat_002874.jpg,Youjia Chen,001,2022-05-31_01h45.25.327,Cat face rating experiment_1500-2000,2021.1.4,MacIntel,120.0048002
,,,,,,space,4.9652,5,3.5548,0,32,32,32,1,32,images/pixabay_cat_003263.jpg,Youjia Chen,001,2022-05-31_01h45.25.327,Cat face rating experiment_1500-2000,2021.1.4,MacIntel,120.0048002
,,,,,,space,3.3586,6,3.0431,0,33,33,33,1,33,images/pixabay_cat_004090.jpg,Youjia Chen,001,2022-05-31_01h45.25.327,Cat face rating experiment_1500-2000,2021.1.4,MacIntel,120.0048002
,,,,,,space,1.7283,2,1.3967,0,34,34,34,1,34,images/flickr_cat_000518.jpg,Youjia Chen,001,2022-05-31_01h45.25.327,Cat face rating experiment_1500-2000,2021.1.4,MacIntel,120.0048002
,,,,,,space,1.9106,1,1.4973,0,35,35,35,1,35,images/flickr_cat_000209.jpg,Youjia Chen,001,2022-05-31_01h45.25.327,Cat face rating experiment_1500-2000,2021.1.4,MacIntel,120.0048002
,,,,,,space,9.3352,2,8.4228,0,36,36,36,1,36,images/pixabay_cat_003391.jpg,Youjia Chen,001,2022-05-31_01h45.25.327,Cat face rating experiment_1500-2000,2021.1.4,MacIntel,120.0048002
,,,,,,space,33.0368,7,15.4962,0,37,37,37,1,37,images/pixabay_cat_004578.jpg,Youjia Chen,001,2022-05-31_01h45.25.327,Cat face rating experiment_1500-2000,2021.1.4,MacIntel,120.0048002
,,,,,,space,1.9052,2,1.4794,0,38,38,38,1,38,images/pixabay_cat_002845.jpg,Youjia Chen,001,2022-05-31_01h45.25.327,Cat face rating experiment_1500-2000,2021.1.4,MacIntel,120.0048002
,,,,,,space,1.9424,6,1.6783,0,39,39,39,1,39,images/pixabay_cat_000253.jpg,Youjia Chen,001,2022-05-31_01h45.25.327,Cat face rating experiment_1500-2000,2021.1.4,MacIntel,120.0048002
,,,,,,space,1.1963,7,0.8873,0,40,40,40,1,40,images/pixabay_cat_002402.jpg,Youjia Chen,001,2022-05-31_01h45.25.327,Cat face rating experiment_1500-2000,2021.1.4,MacIntel,120.0048002
,,,,,,space,1.7089,2,1.4296,0,41,41,41,1,41,images/pixabay_cat_002228.jpg,Youjia Chen,001,2022-05-31_01h45.25.327,Cat face rating experiment_1500-2000,2021.1.4,MacIntel,120.0048002
,,,,,,space,4.2855,5,3.6808,0,42,42,42,1,42,images/pixabay_cat_004300.jpg,Youjia Chen,001,2022-05-31_01h45.25.327,Cat face rating experiment_1500-2000,2021.1.4,MacIntel,120.0048002
,,,,,,space,1.3374,6,1.0394,0,43,43,43,1,43,images/pixabay_cat_001456.jpg,Youjia Chen,001,2022-05-31_01h45.25.327,Cat face rating experiment_1500-2000,2021.1.4,MacIntel,120.0048002
,,,,,,space,1.2968,6,0.9731,0,44,44,44,1,44,images/pixabay_cat_002977.jpg,Youjia Chen,001,2022-05-31_01h45.25.327,Cat face rating experiment_1500-2000,2021.1.4,MacIntel,120.0048002
,,,,,,space,1.2122,7,0.9547,0,45,45,45,1,45,images/pixabay_cat_001240.jpg,Youjia Chen,001,2022-05-31_01h45.25.327,Cat face rating experiment_1500-2000,2021.1.4,MacIntel,120.0048002
,,,,,,space,1.0797,7,0.7959,0,46,46,46,1,46,images/pixabay_cat_001255.jpg,Youjia Chen,001,2022-05-31_01h45.25.327,Cat face rating experiment_1500-2000,2021.1.4,MacIntel,120.0048002
,,,,,,space,1.5158,2,1.2792,0,47,47,47,1,47,images/pixabay_cat_002406.jpg,Youjia Chen,001,2022-05-31_01h45.25.327,Cat face rating experiment_1500-2000,2021.1.4,MacIntel,120.0048002
,,,,,,space,2.6866,2,1.7787,0,48,48,48,1,48,images/pixabay_cat_004313.jpg,Youjia Chen,001,2022-05-31_01h45.25.327,Cat face rating experiment_1500-2000,2021.1.4,MacIntel,120.0048002
,,,,,,space,1.4777,3,1.2271,0,49,49,49,1,49,images/pixabay_cat_004293.jpg,Youjia Chen,001,2022-05-31_01h45.25.327,Cat face rating experiment_1500-2000,2021.1.4,MacIntel,120.0048002
,,,,,,space,1.9545,,,0,50,50,50,1,50,images/pixabay_cat_001602.jpg,Youjia Chen,001,2022-05-31_01h45.25.327,Cat face rating experiment_1500-2000,2021.1.4,MacIntel,120.0048002
,,,,,,space,3.8197,2,3.4959,0,51,51,51,1,51,images/pixabay_cat_002782.jpg,Youjia Chen,001,2022-05-31_01h45.25.327,Cat face rating experiment_1500-2000,2021.1.4,MacIntel,120.0048002
,,,,,,space,1.736,6,1.3574,0,52,52,52,1,52,images/pixabay_cat_003478.jpg,Youjia Chen,001,2022-05-31_01h45.25.327,Cat face rating experiment_1500-2000,2021.1.4,MacIntel,120.0048002
,,,,,,space,11.6685,2,1.9793,0,53,53,53,1,53,images/pixabay_cat_000963.jpg,Youjia Chen,001,2022-05-31_01h45.25.327,Cat face rating experiment_1500-2000,2021.1.4,MacIntel,120.0048002
,,,,,,space,103.2384,6,101.5483,0,54,54,54,1,54,images/pixabay_cat_000113.jpg,Youjia Chen,001,2022-05-31_01h45.25.327,Cat face rating experiment_1500-2000,2021.1.4,MacIntel,120.0048002
,,,,,,space,2.2671,1,1.8097,0,55,55,55,1,55,images/pixabay_cat_000591.jpg,Youjia Chen,001,2022-05-31_01h45.25.327,Cat face rating experiment_1500-2000,2021.1.4,MacIntel,120.0048002
,,,,,,space,6.7083,6,6.3266,0,56,56,56,1,56,images/pixabay_cat_001379.jpg,Youjia Chen,001,2022-05-31_01h45.25.327,Cat face rating experiment_1500-2000,2021.1.4,MacIntel,120.0048002
,,,,,,space,13.9856,6,10.7727,0,57,57,57,1,57,images/pixabay_cat_004126.jpg,Youjia Chen,001,2022-05-31_01h45.25.327,Cat face rating experiment_1500-2000,2021.1.4,MacIntel,120.0048002
,,,,,,space,1.4792,6,1.0085,0,58,58,58,1,58,images/pixabay_cat_003869.jpg,Youjia Chen,001,2022-05-31_01h45.25.327,Cat face rating experiment_1500-2000,2021.1.4,MacIntel,120.0048002
,,,,,,space,2.312,7,1.9766,0,59,59,59,1,59,images/flickr_cat_000454.jpg,Youjia Chen,001,2022-05-31_01h45.25.327,Cat face rating experiment_1500-2000,2021.1.4,MacIntel,120.0048002
,,,,,,space,2.0599,7,1.6623,0,60,60,60,1,60,images/pixabay_cat_001816.jpg,Youjia Chen,001,2022-05-31_01h45.25.327,Cat face rating experiment_1500-2000,2021.1.4,MacIntel,120.0048002
,,,,,,space,22.6323,2,21.5647,0,61,61,61,1,61,images/pixabay_cat_003220.jpg,Youjia Chen,001,2022-05-31_01h45.25.327,Cat face rating experiment_1500-2000,2021.1.4,MacIntel,120.0048002
,,,,,,space,3.651,7,3.0787,0,62,62,62,1,62,images/flickr_cat_000103.jpg,Youjia Chen,001,2022-05-31_01h45.25.327,Cat face rating experiment_1500-2000,2021.1.4,MacIntel,120.0048002
,,,,,,space,2.1779,2,1.8446,0,63,63,63,1,63,images/pixabay_cat_004407.jpg,Youjia Chen,001,2022-05-31_01h45.25.327,Cat face rating experiment_1500-2000,2021.1.4,MacIntel,120.0048002
,,,,,,space,1.8664,7,1.5387,0,64,64,64,1,64,images/pixabay_cat_000642.jpg,Youjia Chen,001,2022-05-31_01h45.25.327,Cat face rating experiment_1500-2000,2021.1.4,MacIntel,120.0048002
,,,,,,space,4.4527,1,1.7947,0,65,65,65,1,65,images/pixabay_cat_002840.jpg,Youjia Chen,001,2022-05-31_01h45.25.327,Cat face rating experiment_1500-2000,2021.1.4,MacIntel,120.0048002
,,,,,,space,1.6146,6,1.253,0,66,66,66,1,66,images/pixabay_cat_000795.jpg,Youjia Chen,001,2022-05-31_01h45.25.327,Cat face rating experiment_1500-2000,2021.1.4,MacIntel,120.0048002
,,,,,,space,1.4567,7,1.1303,0,67,67,67,1,67,images/pixabay_cat_000477.jpg,Youjia Chen,001,2022-05-31_01h45.25.327,Cat face rating experiment_1500-2000,2021.1.4,MacIntel,120.0048002
,,,,,,space,1.8266,7,1.2373,0,68,68,68,1,68,images/flickr_cat_000561.jpg,Youjia Chen,001,2022-05-31_01h45.25.327,Cat face rating experiment_1500-2000,2021.1.4,MacIntel,120.0048002
,,,,,,space,1.2773,7,0.9837,0,69,69,69,1,69,images/pixabay_cat_001879.jpg,Youjia Chen,001,2022-05-31_01h45.25.327,Cat face rating experiment_1500-2000,2021.1.4,MacIntel,120.0048002
,,,,,,space,1.4796,6,0.9623,0,70,70,70,1,70,images/pixabay_cat_002131.jpg,Youjia Chen,001,2022-05-31_01h45.25.327,Cat face rating experiment_1500-2000,2021.1.4,MacIntel,120.0048002
,,,,,,space,2.267,2,1.9816,0,71,71,71,1,71,images/pixabay_cat_004348.jpg,Youjia Chen,001,2022-05-31_01h45.25.327,Cat face rating experiment_1500-2000,2021.1.4,MacIntel,120.0048002
,,,,,,space,1.6755,7,1.4022,0,72,72,72,1,72,images/pixabay_cat_000038.jpg,Youjia Chen,001,2022-05-31_01h45.25.327,Cat face rating experiment_1500-2000,2021.1.4,MacIntel,120.0048002
,,,,,,space,3.6512,2,1.9452,0,73,73,73,1,73,images/pixabay_cat_004613.jpg,Youjia Chen,001,2022-05-31_01h45.25.327,Cat face rating experiment_1500-2000,2021.1.4,MacIntel,120.0048002
,,,,,,space,2.1906,2,1.8777,0,74,74,74,1,74,images/pixabay_cat_000806.jpg,Youjia Chen,001,2022-05-31_01h45.25.327,Cat face rating experiment_1500-2000,2021.1.4,MacIntel,120.0048002
,,,,,,space,3.2061,6,1.427,0,75,75,75,1,75,images/pixabay_cat_002165.jpg,Youjia Chen,001,2022-05-31_01h45.25.327,Cat face rating experiment_1500-2000,2021.1.4,MacIntel,120.0048002
,,,,,,space,2.0977,7,1.6426,0,76,76,76,1,76,images/pixabay_cat_001488.jpg,Youjia Chen,001,2022-05-31_01h45.25.327,Cat face rating experiment_1500-2000,2021.1.4,MacIntel,120.0048002
,,,,,,space,1.5413,7,1.1221,0,77,77,77,1,77,images/flickr_cat_000383.jpg,Youjia Chen,001,2022-05-31_01h45.25.327,Cat face rating experiment_1500-2000,2021.1.4,MacIntel,120.0048002
,,,,,,space,3.4255,7,3.1135,0,78,78,78,1,78,images/pixabay_cat_002588.jpg,Youjia Chen,001,2022-05-31_01h45.25.327,Cat face rating experiment_1500-2000,2021.1.4,MacIntel,120.0048002
,,,,,,space,2.1974,6,1.9215,0,79,79,79,1,79,images/flickr_cat_000708.jpg,Youjia Chen,001,2022-05-31_01h45.25.327,Cat face rating experiment_1500-2000,2021.1.4,MacIntel,120.0048002
,,,,,,space,1.9828,7,1.7372,0,80,80,80,1,80,images/pixabay_cat_004532.jpg,Youjia Chen,001,2022-05-31_01h45.25.327,Cat face rating experiment_1500-2000,2021.1.4,MacIntel,120.0048002
,,,,,,space,1.3017,6,0.9368,0,81,81,81,1,81,images/pixabay_cat_004277.jpg,Youjia Chen,001,2022-05-31_01h45.25.327,Cat face rating experiment_1500-2000,2021.1.4,MacIntel,120.0048002
,,,,,,space,1.1729,7,0.9282,0,82,82,82,1,82,images/pixabay_cat_002731.jpg,Youjia Chen,001,2022-05-31_01h45.25.327,Cat face rating experiment_1500-2000,2021.1.4,MacIntel,120.0048002
,,,,,,space,1.2055,6,0.9685,0,83,83,83,1,83,images/flickr_cat_000355.jpg,Youjia Chen,001,2022-05-31_01h45.25.327,Cat face rating experiment_1500-2000,2021.1.4,MacIntel,120.0048002
,,,,,,space,2.0764,2,1.746,0,84,84,84,1,84,images/pixabay_cat_002654.jpg,Youjia Chen,001,2022-05-31_01h45.25.327,Cat face rating experiment_1500-2000,2021.1.4,MacIntel,120.0048002
,,,,,,space,2.3854,6,2.0948,0,85,85,85,1,85,images/pixabay_cat_003904.jpg,Youjia Chen,001,2022-05-31_01h45.25.327,Cat face rating experiment_1500-2000,2021.1.4,MacIntel,120.0048002
,,,,,,space,2.4412,1,2.1514,0,86,86,86,1,86,images/pixabay_cat_004511.jpg,Youjia Chen,001,2022-05-31_01h45.25.327,Cat face rating experiment_1500-2000,2021.1.4,MacIntel,120.0048002
,,,,,,space,1.3894,7,1.1387,0,87,87,87,1,87,images/pixabay_cat_000717.jpg,Youjia Chen,001,2022-05-31_01h45.25.327,Cat face rating experiment_1500-2000,2021.1.4,MacIntel,120.0048002
,,,,,,space,2.4147,7,2.069,0,88,88,88,1,88,images/pixabay_cat_001854.jpg,Youjia Chen,001,2022-05-31_01h45.25.327,Cat face rating experiment_1500-2000,2021.1.4,MacIntel,120.0048002
,,,,,,space,1.1654,7,0.8439,0,89,89,89,1,89,images/pixabay_cat_000384.jpg,Youjia Chen,001,2022-05-31_01h45.25.327,Cat face rating experiment_1500-2000,2021.1.4,MacIntel,120.0048002
,,,,,,space,5.1564,2,4.7626,0,90,90,90,1,90,images/pixabay_cat_003045.jpg,Youjia Chen,001,2022-05-31_01h45.25.327,Cat face rating experiment_1500-2000,2021.1.4,MacIntel,120.0048002
,,,,,,space,1.8449,6,1.538,0,91,91,91,1,91,images/pixabay_cat_001750.jpg,Youjia Chen,001,2022-05-31_01h45.25.327,Cat face rating experiment_1500-2000,2021.1.4,MacIntel,120.0048002
,,,,,,space,2.0278,6,1.1379,0,92,92,92,1,92,images/pixabay_cat_000994.jpg,Youjia Chen,001,2022-05-31_01h45.25.327,Cat face rating experiment_1500-2000,2021.1.4,MacIntel,120.0048002
,,,,,,space,17.138,3,16.8296,0,93,93,93,1,93,images/pixabay_cat_000462.jpg,Youjia Chen,001,2022-05-31_01h45.25.327,Cat face rating experiment_1500-2000,2021.1.4,MacIntel,120.0048002
,,,,,,space,1.452,6,1.1303,0,94,94,94,1,94,images/pixabay_cat_004651.jpg,Youjia Chen,001,2022-05-31_01h45.25.327,Cat face rating experiment_1500-2000,2021.1.4,MacIntel,120.0048002
,,,,,,space,1.1325,7,0.8529,0,95,95,95,1,95,images/pixabay_cat_002093.jpg,Youjia Chen,001,2022-05-31_01h45.25.327,Cat face rating experiment_1500-2000,2021.1.4,MacIntel,120.0048002
,,,,,,space,4.0202,7,3.4993,0,96,96,96,1,96,images/flickr_cat_000775.jpg,Youjia Chen,001,2022-05-31_01h45.25.327,Cat face rating experiment_1500-2000,2021.1.4,MacIntel,120.0048002
,,,,,,space,4.9644,1,4.6117,0,97,97,97,1,97,images/pixabay_cat_003697.jpg,Youjia Chen,001,2022-05-31_01h45.25.327,Cat face rating experiment_1500-2000,2021.1.4,MacIntel,120.0048002
,,,,,,space,2.7031,6,2.0281,0,98,98,98,1,98,images/pixabay_cat_000600.jpg,Youjia Chen,001,2022-05-31_01h45.25.327,Cat face rating experiment_1500-2000,2021.1.4,MacIntel,120.0048002
,,,,,,space,3.3462,7,2.9699,0,99,99,99,1,99,images/pixabay_cat_001601.jpg,Youjia Chen,001,2022-05-31_01h45.25.327,Cat face rating experiment_1500-2000,2021.1.4,MacIntel,120.0048002
,,,,,,space,3.8382,7,3.5039,0,100,100,100,1,100,images/pixabay_cat_001283.jpg,Youjia Chen,001,2022-05-31_01h45.25.327,Cat face rating experiment_1500-2000,2021.1.4,MacIntel,120.0048002
,,,,,,space,2.13,7,1.6868,0,101,101,101,1,101,images/pixabay_cat_000909.jpg,Youjia Chen,001,2022-05-31_01h45.25.327,Cat face rating experiment_1500-2000,2021.1.4,MacIntel,120.0048002
,,,,,,space,1.2544,7,0.9694,0,102,102,102,1,102,images/pixabay_cat_003462.jpg,Youjia Chen,001,2022-05-31_01h45.25.327,Cat face rating experiment_1500-2000,2021.1.4,MacIntel,120.0048002
,,,,,,space,1.259,7,0.9622,0,103,103,103,1,103,images/pixabay_cat_003967.jpg,Youjia Chen,001,2022-05-31_01h45.25.327,Cat face rating experiment_1500-2000,2021.1.4,MacIntel,120.0048002
,,,,,,space,1.9321,6,1.4354,0,104,104,104,1,104,images/flickr_cat_000801.jpg,Youjia Chen,001,2022-05-31_01h45.25.327,Cat face rating experiment_1500-2000,2021.1.4,MacIntel,120.0048002
,,,,,,space,2.392,7,2.0372,0,105,105,105,1,105,images/pixabay_cat_001691.jpg,Youjia Chen,001,2022-05-31_01h45.25.327,Cat face rating experiment_1500-2000,2021.1.4,MacIntel,120.0048002
,,,,,,space,7.8945,1,7.5687,0,106,106,106,1,106,images/pixabay_cat_003864.jpg,Youjia Chen,001,2022-05-31_01h45.25.327,Cat face rating experiment_1500-2000,2021.1.4,MacIntel,120.0048002
,,,,,,space,2.8791,7,2.5208,0,107,107,107,1,107,images/pixabay_cat_001475.jpg,Youjia Chen,001,2022-05-31_01h45.25.327,Cat face rating experiment_1500-2000,2021.1.4,MacIntel,120.0048002
,,,,,,space,6.8529,7,6.4704,0,108,108,108,1,108,images/pixabay_cat_000727.jpg,Youjia Chen,001,2022-05-31_01h45.25.327,Cat face rating experiment_1500-2000,2021.1.4,MacIntel,120.0048002
,,,,,,space,14.0735,7,8.536,0,109,109,109,1,109,images/pixabay_cat_001935.jpg,Youjia Chen,001,2022-05-31_01h45.25.327,Cat face rating experiment_1500-2000,2021.1.4,MacIntel,120.0048002
,,,,,,space,4.4541,2,3.6861,0,110,110,110,1,110,images/pixabay_cat_002229.jpg,Youjia Chen,001,2022-05-31_01h45.25.327,Cat face rating experiment_1500-2000,2021.1.4,MacIntel,120.0048002
,,,,,,space,5.7325,6,5.422,0,111,111,111,1,111,images/pixabay_cat_002092.jpg,Youjia Chen,001,2022-05-31_01h45.25.327,Cat face rating experiment_1500-2000,2021.1.4,MacIntel,120.0048002
,,,,,,space,1.9137,6,0.771,0,112,112,112,1,112,images/flickr_cat_000362.jpg,Youjia Chen,001,2022-05-31_01h45.25.327,Cat face rating experiment_1500-2000,2021.1.4,MacIntel,120.0048002
,,,,,,space,1.753,7,1.431,0,113,113,113,1,113,images/pixabay_cat_000170.jpg,Youjia Chen,001,2022-05-31_01h45.25.327,Cat face rating experiment_1500-2000,2021.1.4,MacIntel,120.0048002
,,,,,,space,0.9006,7,0.6269,0,114,114,114,1,114,images/pixabay_cat_000320.jpg,Youjia Chen,001,2022-05-31_01h45.25.327,Cat face rating experiment_1500-2000,2021.1.4,MacIntel,120.0048002
,,,,,,space,1.7167,2,1.5216,0,115,115,115,1,115,images/pixabay_cat_002328.jpg,Youjia Chen,001,2022-05-31_01h45.25.327,Cat face rating experiment_1500-2000,2021.1.4,MacIntel,120.0048002
,,,,,,space,1.9583,2,1.5457,0,116,116,116,1,116,images/pixabay_cat_003144.jpg,Youjia Chen,001,2022-05-31_01h45.25.327,Cat face rating experiment_1500-2000,2021.1.4,MacIntel,120.0048002
,,,,,,space,3.2453,5,2.8309,0,117,117,117,1,117,images/flickr_cat_000594.jpg,Youjia Chen,001,2022-05-31_01h45.25.327,Cat face rating experiment_1500-2000,2021.1.4,MacIntel,120.0048002
,,,,,,space,11.1071,3,7.8025,0,118,118,118,1,118,images/pixabay_cat_004134.jpg,Youjia Chen,001,2022-05-31_01h45.25.327,Cat face rating experiment_1500-2000,2021.1.4,MacIntel,120.0048002
,,,,,,space,7.1716,1,1.814,0,119,119,119,1,119,images/pixabay_cat_004111.jpg,Youjia Chen,001,2022-05-31_01h45.25.327,Cat face rating experiment_1500-2000,2021.1.4,MacIntel,120.0048002
,,,,,,space,6.4328,2,5.7113,0,120,120,120,1,120,images/flickr_cat_000332.jpg,Youjia Chen,001,2022-05-31_01h45.25.327,Cat face rating experiment_1500-2000,2021.1.4,MacIntel,120.0048002
,,,,,,space,2.2937,1,2.0538,0,121,121,121,1,121,images/pixabay_cat_003928.jpg,Youjia Chen,001,2022-05-31_01h45.25.327,Cat face rating experiment_1500-2000,2021.1.4,MacIntel,120.0048002
,,,,,,space,3.3045,5,3.042,0,122,122,122,1,122,images/pixabay_cat_003182.jpg,Youjia Chen,001,2022-05-31_01h45.25.327,Cat face rating experiment_1500-2000,2021.1.4,MacIntel,120.0048002
,,,,,,space,1.8207,6,1.518,0,123,123,123,1,123,images/pixabay_cat_000891.jpg,Youjia Chen,001,2022-05-31_01h45.25.327,Cat face rating experiment_1500-2000,2021.1.4,MacIntel,120.0048002
,,,,,,space,1.4595,7,1.1622,0,124,124,124,1,124,images/flickr_cat_000457.jpg,Youjia Chen,001,2022-05-31_01h45.25.327,Cat face rating experiment_1500-2000,2021.1.4,MacIntel,120.0048002
,,,,,,space,1.0946,6,0.8257,0,125,125,125,1,125,images/flickr_cat_000150.jpg,Youjia Chen,001,2022-05-31_01h45.25.327,Cat face rating experiment_1500-2000,2021.1.4,MacIntel,120.0048002
,,,,,,space,1.6418,5,1.3201,0,126,126,126,1,126,images/pixabay_cat_004149.jpg,Youjia Chen,001,2022-05-31_01h45.25.327,Cat face rating experiment_1500-2000,2021.1.4,MacIntel,120.0048002
,,,,,,space,1.9848,6,1.6306,0,127,127,127,1,127,images/pixabay_cat_001618.jpg,Youjia Chen,001,2022-05-31_01h45.25.327,Cat face rating experiment_1500-2000,2021.1.4,MacIntel,120.0048002
,,,,,,space,5.2959,3,4.9369,0,128,128,128,1,128,images/pixabay_cat_002473.jpg,Youjia Chen,001,2022-05-31_01h45.25.327,Cat face rating experiment_1500-2000,2021.1.4,MacIntel,120.0048002
,,,,,,space,9.4042,2,5.8242,0,129,129,129,1,129,images/pixabay_cat_002708.jpg,Youjia Chen,001,2022-05-31_01h45.25.327,Cat face rating experiment_1500-2000,2021.1.4,MacIntel,120.0048002
,,,,,,space,2.2415,6,1.9424,0,130,130,130,1,130,images/pixabay_cat_003098.jpg,Youjia Chen,001,2022-05-31_01h45.25.327,Cat face rating experiment_1500-2000,2021.1.4,MacIntel,120.0048002
,,,,,,space,1.1134,6,0.7706,0,131,131,131,1,131,images/pixabay_cat_001374.jpg,Youjia Chen,001,2022-05-31_01h45.25.327,Cat face rating experiment_1500-2000,2021.1.4,MacIntel,120.0048002
,,,,,,space,1.0632,7,0.7579,0,132,132,132,1,132,images/pixabay_cat_004037.jpg,Youjia Chen,001,2022-05-31_01h45.25.327,Cat face rating experiment_1500-2000,2021.1.4,MacIntel,120.0048002
,,,,,,space,1.7657,2,1.4813,0,133,133,133,1,133,images/flickr_cat_000280.jpg,Youjia Chen,001,2022-05-31_01h45.25.327,Cat face rating experiment_1500-2000,2021.1.4,MacIntel,120.0048002
,,,,,,space,1.8717,1,1.6091,0,134,134,134,1,134,images/pixabay_cat_004455.jpg,Youjia Chen,001,2022-05-31_01h45.25.327,Cat face rating experiment_1500-2000,2021.1.4,MacIntel,120.0048002
,,,,,,space,2.1757,6,1.8886,0,135,135,135,1,135,images/pixabay_cat_002524.jpg,Youjia Chen,001,2022-05-31_01h45.25.327,Cat face rating experiment_1500-2000,2021.1.4,MacIntel,120.0048002
,,,,,,space,3.029,7,2.5453,0,136,136,136,1,136,images/pixabay_cat_003944.jpg,Youjia Chen,001,2022-05-31_01h45.25.327,Cat face rating experiment_1500-2000,2021.1.4,MacIntel,120.0048002
,,,,,,space,1.7488,2,1.4799,0,137,137,137,1,137,images/pixabay_cat_001175.jpg,Youjia Chen,001,2022-05-31_01h45.25.327,Cat face rating experiment_1500-2000,2021.1.4,MacIntel,120.0048002
,,,,,,space,1.79,3,1.4789,0,138,138,138,1,138,images/pixabay_cat_003093.jpg,Youjia Chen,001,2022-05-31_01h45.25.327,Cat face rating experiment_1500-2000,2021.1.4,MacIntel,120.0048002
,,,,,,space,1.7817,2,1.451,0,139,139,139,1,139,images/pixabay_cat_002029.jpg,Youjia Chen,001,2022-05-31_01h45.25.327,Cat face rating experiment_1500-2000,2021.1.4,MacIntel,120.0048002
,,,,,,space,2.3911,6,1.9794,0,140,140,140,1,140,images/pixabay_cat_000452.jpg,Youjia Chen,001,2022-05-31_01h45.25.327,Cat face rating experiment_1500-2000,2021.1.4,MacIntel,120.0048002
,,,,,,space,2.6014,7,2.2719,0,141,141,141,1,141,images/pixabay_cat_002375.jpg,Youjia Chen,001,2022-05-31_01h45.25.327,Cat face rating experiment_1500-2000,2021.1.4,MacIntel,120.0048002
,,,,,,space,1.0073,7,0.7201,0,142,142,142,1,142,images/pixabay_cat_002139.jpg,Youjia Chen,001,2022-05-31_01h45.25.327,Cat face rating experiment_1500-2000,2021.1.4,MacIntel,120.0048002
,,,,,,space,1.8349,5,1.513,0,143,143,143,1,143,images/flickr_cat_000028.jpg,Youjia Chen,001,2022-05-31_01h45.25.327,Cat face rating experiment_1500-2000,2021.1.4,MacIntel,120.0048002
,,,,,,space,4.2597,2,3.6926,0,144,144,144,1,144,images/flickr_cat_000397.jpg,Youjia Chen,001,2022-05-31_01h45.25.327,Cat face rating experiment_1500-2000,2021.1.4,MacIntel,120.0048002
,,,,,,space,2.0493,6,1.6867,0,145,145,145,1,145,images/pixabay_cat_001284.jpg,Youjia Chen,001,2022-05-31_01h45.25.327,Cat face rating experiment_1500-2000,2021.1.4,MacIntel,120.0048002
,,,,,,space,7.7833,1,7.4358,0,146,146,146,1,146,images/pixabay_cat_001210.jpg,Youjia Chen,001,2022-05-31_01h45.25.327,Cat face rating experiment_1500-2000,2021.1.4,MacIntel,120.0048002
,,,,,,space,4.6147,6,2.6489,0,147,147,147,1,147,images/pixabay_cat_001851.jpg,Youjia Chen,001,2022-05-31_01h45.25.327,Cat face rating experiment_1500-2000,2021.1.4,MacIntel,120.0048002
,,,,,,space,1.803,5,1.5141,0,148,148,148,1,148,images/pixabay_cat_000495.jpg,Youjia Chen,001,2022-05-31_01h45.25.327,Cat face rating experiment_1500-2000,2021.1.4,MacIntel,120.0048002
,,,,,,space,1.2174,6,0.8979,0,149,149,149,1,149,images/pixabay_cat_001112.jpg,Youjia Chen,001,2022-05-31_01h45.25.327,Cat face rating experiment_1500-2000,2021.1.4,MacIntel,120.0048002
,,,,,,space,2.2061,2,1.8994,0,150,150,150,1,150,images/pixabay_cat_003579.jpg,Youjia Chen,001,2022-05-31_01h45.25.327,Cat face rating experiment_1500-2000,2021.1.4,MacIntel,120.0048002
,,,,,,space,1.6026,3,1.2589,0,151,151,151,1,151,images/pixabay_cat_000674.jpg,Youjia Chen,001,2022-05-31_01h45.25.327,Cat face rating experiment_1500-2000,2021.1.4,MacIntel,120.0048002
,,,,,,space,2.3024,3,1.9871,0,152,152,152,1,152,images/pixabay_cat_000646.jpg,Youjia Chen,001,2022-05-31_01h45.25.327,Cat face rating experiment_1500-2000,2021.1.4,MacIntel,120.0048002
,,,,,,space,1.3283,3,1.0218,0,153,153,153,1,153,images/pixabay_cat_001329.jpg,Youjia Chen,001,2022-05-31_01h45.25.327,Cat face rating experiment_1500-2000,2021.1.4,MacIntel,120.0048002
,,,,,,space,1.9912,2,1.645,0,154,154,154,1,154,images/pixabay_cat_002635.jpg,Youjia Chen,001,2022-05-31_01h45.25.327,Cat face rating experiment_1500-2000,2021.1.4,MacIntel,120.0048002
,,,,,,space,1.41,2,0.9892,0,155,155,155,1,155,images/pixabay_cat_003903.jpg,Youjia Chen,001,2022-05-31_01h45.25.327,Cat face rating experiment_1500-2000,2021.1.4,MacIntel,120.0048002
,,,,,,space,1.1658,3,0.8752,0,156,156,156,1,156,images/pixabay_cat_001264.jpg,Youjia Chen,001,2022-05-31_01h45.25.327,Cat face rating experiment_1500-2000,2021.1.4,MacIntel,120.0048002
,,,,,,space,0.9559,2,0.7881,0,157,157,157,1,157,images/pixabay_cat_000765.jpg,Youjia Chen,001,2022-05-31_01h45.25.327,Cat face rating experiment_1500-2000,2021.1.4,MacIntel,120.0048002
,,,,,,space,1.6358,6,1.3543,0,158,158,158,1,158,images/flickr_cat_000440.jpg,Youjia Chen,001,2022-05-31_01h45.25.327,Cat face rating experiment_1500-2000,2021.1.4,MacIntel,120.0048002
,,,,,,space,2.4,3,1.7624,0,159,159,159,1,159,images/pixabay_cat_001277.jpg,Youjia Chen,001,2022-05-31_01h45.25.327,Cat face rating experiment_1500-2000,2021.1.4,MacIntel,120.0048002
,,,,,,space,35.6224,5,35.4144,0,160,160,160,1,160,images/flickr_cat_000224.jpg,Youjia Chen,001,2022-05-31_01h45.25.327,Cat face rating experiment_1500-2000,2021.1.4,MacIntel,120.0048002
,,,,,,space,1.748,3,1.4961,0,161,161,161,1,161,images/pixabay_cat_002745.jpg,Youjia Chen,001,2022-05-31_01h45.25.327,Cat face rating experiment_1500-2000,2021.1.4,MacIntel,120.0048002
,,,,,,space,2.0041,6,1.3727,0,162,162,162,1,162,images/pixabay_cat_002838.jpg,Youjia Chen,001,2022-05-31_01h45.25.327,Cat face rating experiment_1500-2000,2021.1.4,MacIntel,120.0048002
,,,,,,space,1.8984,7,1.585,0,163,163,163,1,163,images/pixabay_cat_003885.jpg,Youjia Chen,001,2022-05-31_01h45.25.327,Cat face rating experiment_1500-2000,2021.1.4,MacIntel,120.0048002
,,,,,,space,0.9591,7,0.6812,0,164,164,164,1,164,images/pixabay_cat_001902.jpg,Youjia Chen,001,2022-05-31_01h45.25.327,Cat face rating experiment_1500-2000,2021.1.4,MacIntel,120.0048002
,,,,,,space,1.2202,5,0.9058,0,165,165,165,1,165,images/pixabay_cat_003364.jpg,Youjia Chen,001,2022-05-31_01h45.25.327,Cat face rating experiment_1500-2000,2021.1.4,MacIntel,120.0048002
,,,,,,space,1.6511,2,1.4488,0,166,166,166,1,166,images/pixabay_cat_000797.jpg,Youjia Chen,001,2022-05-31_01h45.25.327,Cat face rating experiment_1500-2000,2021.1.4,MacIntel,120.0048002
,,,,,,space,1.6986,6,1.3879,0,167,167,167,1,167,images/pixabay_cat_001715.jpg,Youjia Chen,001,2022-05-31_01h45.25.327,Cat face rating experiment_1500-2000,2021.1.4,MacIntel,120.0048002
,,,,,,space,1.0579,6,0.7643,0,168,168,168,1,168,images/pixabay_cat_000378.jpg,Youjia Chen,001,2022-05-31_01h45.25.327,Cat face rating experiment_1500-2000,2021.1.4,MacIntel,120.0048002
,,,,,,space,1.1049,6,0.8231,0,169,169,169,1,169,images/pixabay_cat_001024.jpg,Youjia Chen,001,2022-05-31_01h45.25.327,Cat face rating experiment_1500-2000,2021.1.4,MacIntel,120.0048002
,,,,,,space,1.9374,2,1.6772,0,170,170,170,1,170,images/pixabay_cat_003640.jpg,Youjia Chen,001,2022-05-31_01h45.25.327,Cat face rating experiment_1500-2000,2021.1.4,MacIntel,120.0048002
,,,,,,space,1.2052,2,0.9366,0,171,171,171,1,171,images/pixabay_cat_003879.jpg,Youjia Chen,001,2022-05-31_01h45.25.327,Cat face rating experiment_1500-2000,2021.1.4,MacIntel,120.0048002
,,,,,,space,10.3612,7,9.7055,0,172,172,172,1,172,images/pixabay_cat_000220.jpg,Youjia Chen,001,2022-05-31_01h45.25.327,Cat face rating experiment_1500-2000,2021.1.4,MacIntel,120.0048002
,,,,,,space,1.5557,2,1.3229,0,173,173,173,1,173,images/pixabay_cat_001015.jpg,Youjia Chen,001,2022-05-31_01h45.25.327,Cat face rating experiment_1500-2000,2021.1.4,MacIntel,120.0048002
,,,,,,space,6.4225,6,5.8898,0,174,174,174,1,174,images/pixabay_cat_004772.jpg,Youjia Chen,001,2022-05-31_01h45.25.327,Cat face rating experiment_1500-2000,2021.1.4,MacIntel,120.0048002
,,,,,,space,1.7676,2,1.5228,0,175,175,175,1,175,images/pixabay_cat_002483.jpg,Youjia Chen,001,2022-05-31_01h45.25.327,Cat face rating experiment_1500-2000,2021.1.4,MacIntel,120.0048002
,,,,,,space,1.6426,3,1.2287,0,176,176,176,1,176,images/pixabay_cat_003453.jpg,Youjia Chen,001,2022-05-31_01h45.25.327,Cat face rating experiment_1500-2000,2021.1.4,MacIntel,120.0048002
,,,,,,space,2.0902,2,1.7404,0,177,177,177,1,177,images/flickr_cat_000086.jpg,Youjia Chen,001,2022-05-31_01h45.25.327,Cat face rating experiment_1500-2000,2021.1.4,MacIntel,120.0048002
,,,,,,space,1.6261,2,1.3216,0,178,178,178,1,178,images/flickr_cat_000293.jpg,Youjia Chen,001,2022-05-31_01h45.25.327,Cat face rating experiment_1500-2000,2021.1.4,MacIntel,120.0048002
,,,,,,space,3.1252,1,2.855,0,179,179,179,1,179,images/pixabay_cat_001420.jpg,Youjia Chen,001,2022-05-31_01h45.25.327,Cat face rating experiment_1500-2000,2021.1.4,MacIntel,120.0048002
,,,,,,space,1.4214,2,1.1032,0,180,180,180,1,180,images/pixabay_cat_004469.jpg,Youjia Chen,001,2022-05-31_01h45.25.327,Cat face rating experiment_1500-2000,2021.1.4,MacIntel,120.0048002
,,,,,,space,1.9217,3,1.005,0,181,181,181,1,181,images/pixabay_cat_000758.jpg,Youjia Chen,001,2022-05-31_01h45.25.327,Cat face rating experiment_1500-2000,2021.1.4,MacIntel,120.0048002
,,,,,,space,2.1246,2,1.7622,0,182,182,182,1,182,images/pixabay_cat_002817.jpg,Youjia Chen,001,2022-05-31_01h45.25.327,Cat face rating experiment_1500-2000,2021.1.4,MacIntel,120.0048002
,,,,,,space,1.7191,5,1.422,0,183,183,183,1,183,images/pixabay_cat_000918.jpg,Youjia Chen,001,2022-05-31_01h45.25.327,Cat face rating experiment_1500-2000,2021.1.4,MacIntel,120.0048002
,,,,,,space,0.9785,6,0.8565,0,184,184,184,1,184,images/flickr_cat_000645.jpg,Youjia Chen,001,2022-05-31_01h45.25.327,Cat face rating experiment_1500-2000,2021.1.4,MacIntel,120.0048002
,,,,,,space,1.424,3,1.2388,0,185,185,185,1,185,images/pixabay_cat_000899.jpg,Youjia Chen,001,2022-05-31_01h45.25.327,Cat face rating experiment_1500-2000,2021.1.4,MacIntel,120.0048002
,,,,,,space,1.3919,2,1.0693,0,186,186,186,1,186,images/pixabay_cat_002527.jpg,Youjia Chen,001,2022-05-31_01h45.25.327,Cat face rating experiment_1500-2000,2021.1.4,MacIntel,120.0048002
,,,,,,space,1.7747,6,1.4529,0,187,187,187,1,187,images/pixabay_cat_000965.jpg,Youjia Chen,001,2022-05-31_01h45.25.327,Cat face rating experiment_1500-2000,2021.1.4,MacIntel,120.0048002
,,,,,,space,1.6794,7,1.3138,0,188,188,188,1,188,images/pixabay_cat_004526.jpg,Youjia Chen,001,2022-05-31_01h45.25.327,Cat face rating experiment_1500-2000,2021.1.4,MacIntel,120.0048002
,,,,,,space,1.0039,7,0.7618,0,189,189,189,1,189,images/pixabay_cat_001588.jpg,Youjia Chen,001,2022-05-31_01h45.25.327,Cat face rating experiment_1500-2000,2021.1.4,MacIntel,120.0048002
,,,,,,space,0.9937,6,0.6883,0,190,190,190,1,190,images/flickr_cat_000465.jpg,Youjia Chen,001,2022-05-31_01h45.25.327,Cat face rating experiment_1500-2000,2021.1.4,MacIntel,120.0048002
,,,,,,space,0.9929,5,0.8454,0,191,191,191,1,191,images/pixabay_cat_003608.jpg,Youjia Chen,001,2022-05-31_01h45.25.327,Cat face rating experiment_1500-2000,2021.1.4,MacIntel,120.0048002
,,,,,,space,1.5213,2,1.2816,0,192,192,192,1,192,images/pixabay_cat_002593.jpg,Youjia Chen,001,2022-05-31_01h45.25.327,Cat face rating experiment_1500-2000,2021.1.4,MacIntel,120.0048002
,,,,,,space,1.547,1,1.246,0,193,193,193,1,193,images/pixabay_cat_004650.jpg,Youjia Chen,001,2022-05-31_01h45.25.327,Cat face rating experiment_1500-2000,2021.1.4,MacIntel,120.0048002
,,,,,,space,4.9831,2,4.5147,0,194,194,194,1,194,images/flickr_cat_000069.jpg,Youjia Chen,001,2022-05-31_01h45.25.327,Cat face rating experiment_1500-2000,2021.1.4,MacIntel,120.0048002
,,,,,,space,2.3585,2,2.2031,0,195,195,195,1,195,images/flickr_cat_000273.jpg,Youjia Chen,001,2022-05-31_01h45.25.327,Cat face rating experiment_1500-2000,2021.1.4,MacIntel,120.0048002
,,,,,,space,1.5515,6,1.2869,0,196,196,196,1,196,images/flickr_cat_000527.jpg,Youjia Chen,001,2022-05-31_01h45.25.327,Cat face rating experiment_1500-2000,2021.1.4,MacIntel,120.0048002
,,,,,,space,1.0108,6,0.7971,0,197,197,197,1,197,images/pixabay_cat_003714.jpg,Youjia Chen,001,2022-05-31_01h45.25.327,Cat face rating experiment_1500-2000,2021.1.4,MacIntel,120.0048002
,,,,,,space,1.3154,6,0.9842,0,198,198,198,1,198,images/pixabay_cat_001518.jpg,Youjia Chen,001,2022-05-31_01h45.25.327,Cat face rating experiment_1500-2000,2021.1.4,MacIntel,120.0048002
,,,,,,space,1.0316,5,0.8877,0,199,199,199,1,199,images/pixabay_cat_000206.jpg,Youjia Chen,001,2022-05-31_01h45.25.327,Cat face rating experiment_1500-2000,2021.1.4,MacIntel,120.0048002
,,,,,,space,1.0832,6,0.7554,0,200,200,200,1,200,images/pixabay_cat_003658.jpg,Youjia Chen,001,2022-05-31_01h45.25.327,Cat face rating experiment_1500-2000,2021.1.4,MacIntel,120.0048002
,,,,,,space,1.3151,2,1.0194,0,201,201,201,1,201,images/flickr_cat_000445.jpg,Youjia Chen,001,2022-05-31_01h45.25.327,Cat face rating experiment_1500-2000,2021.1.4,MacIntel,120.0048002
,,,,,,space,1.4632,3,1.2218,0,202,202,202,1,202,images/pixabay_cat_001711.jpg,Youjia Chen,001,2022-05-31_01h45.25.327,Cat face rating experiment_1500-2000,2021.1.4,MacIntel,120.0048002
,,,,,,space,1.1639,2,0.9069,0,203,203,203,1,203,images/pixabay_cat_001921.jpg,Youjia Chen,001,2022-05-31_01h45.25.327,Cat face rating experiment_1500-2000,2021.1.4,MacIntel,120.0048002
,,,,,,space,1.6795,6,1.3882,0,204,204,204,1,204,images/pixabay_cat_004486.jpg,Youjia Chen,001,2022-05-31_01h45.25.327,Cat face rating experiment_1500-2000,2021.1.4,MacIntel,120.0048002
,,,,,,space,1.122,6,0.7897,0,205,205,205,1,205,images/pixabay_cat_001358.jpg,Youjia Chen,001,2022-05-31_01h45.25.327,Cat face rating experiment_1500-2000,2021.1.4,MacIntel,120.0048002
,,,,,,space,2.0978,1,1.8531,0,206,206,206,1,206,images/pixabay_cat_001700.jpg,Youjia Chen,001,2022-05-31_01h45.25.327,Cat face rating experiment_1500-2000,2021.1.4,MacIntel,120.0048002
,,,,,,space,3.1939,7,2.8898,0,207,207,207,1,207,images/pixabay_cat_003619.jpg,Youjia Chen,001,2022-05-31_01h45.25.327,Cat face rating experiment_1500-2000,2021.1.4,MacIntel,120.0048002
,,,,,,space,1.0437,7,0.7707,0,208,208,208,1,208,images/flickr_cat_000186.jpg,Youjia Chen,001,2022-05-31_01h45.25.327,Cat face rating experiment_1500-2000,2021.1.4,MacIntel,120.0048002
,,,,,,space,1.0523,7,0.7792,0,209,209,209,1,209,images/pixabay_cat_004308.jpg,Youjia Chen,001,2022-05-31_01h45.25.327,Cat face rating experiment_1500-2000,2021.1.4,MacIntel,120.0048002
,,,,,,space,1.0779,7,0.7553,0,210,210,210,1,210,images/pixabay_cat_002595.jpg,Youjia Chen,001,2022-05-31_01h45.25.327,Cat face rating experiment_1500-2000,2021.1.4,MacIntel,120.0048002
,,,,,,space,1.0357,7,0.757,0,211,211,211,1,211,images/flickr_cat_000220.jpg,Youjia Chen,001,2022-05-31_01h45.25.327,Cat face rating experiment_1500-2000,2021.1.4,MacIntel,120.0048002
,,,,,,space,3.986,1,3.6888,0,212,212,212,1,212,images/pixabay_cat_000941.jpg,Youjia Chen,001,2022-05-31_01h45.25.327,Cat face rating experiment_1500-2000,2021.1.4,MacIntel,120.0048002
,,,,,,space,1.8987,7,1.5691,0,213,213,213,1,213,images/pixabay_cat_003146.jpg,Youjia Chen,001,2022-05-31_01h45.25.327,Cat face rating experiment_1500-2000,2021.1.4,MacIntel,120.0048002
,,,,,,space,1.8716,7,1.6349,0,214,214,214,1,214,images/flickr_cat_000731.jpg,Youjia Chen,001,2022-05-31_01h45.25.327,Cat face rating experiment_1500-2000,2021.1.4,MacIntel,120.0048002
,,,,,,space,0.9789,7,0.6795,0,215,215,215,1,215,images/pixabay_cat_002739.jpg,Youjia Chen,001,2022-05-31_01h45.25.327,Cat face rating experiment_1500-2000,2021.1.4,MacIntel,120.0048002
,,,,,,space,2.547,7,2.0513,0,216,216,216,1,216,images/flickr_cat_000450.jpg,Youjia Chen,001,2022-05-31_01h45.25.327,Cat face rating experiment_1500-2000,2021.1.4,MacIntel,120.0048002
,,,,,,space,3.4218,7,3.1056,0,217,217,217,1,217,images/pixabay_cat_003370.jpg,Youjia Chen,001,2022-05-31_01h45.25.327,Cat face rating experiment_1500-2000,2021.1.4,MacIntel,120.0048002
,,,,,,space,1.0948,7,0.6714,0,218,218,218,1,218,images/pixabay_cat_002294.jpg,Youjia Chen,001,2022-05-31_01h45.25.327,Cat face rating experiment_1500-2000,2021.1.4,MacIntel,120.0048002
,,,,,,space,1.0431,7,0.6611,0,219,219,219,1,219,images/flickr_cat_000188.jpg,Youjia Chen,001,2022-05-31_01h45.25.327,Cat face rating experiment_1500-2000,2021.1.4,MacIntel,120.0048002
,,,,,,space,2.1131,1,1.7448,0,220,220,220,1,220,images/pixabay_cat_002415.jpg,Youjia Chen,001,2022-05-31_01h45.25.327,Cat face rating experiment_1500-2000,2021.1.4,MacIntel,120.0048002
,,,,,,space,5.8757,7,5.5571,0,221,221,221,1,221,images/flickr_cat_000353.jpg,Youjia Chen,001,2022-05-31_01h45.25.327,Cat face rating experiment_1500-2000,2021.1.4,MacIntel,120.0048002
,,,,,,space,2.1034,1,1.7638,0,222,222,222,1,222,images/flickr_cat_000596.jpg,Youjia Chen,001,2022-05-31_01h45.25.327,Cat face rating experiment_1500-2000,2021.1.4,MacIntel,120.0048002
,,,,,,space,1.1716,1,0.7873,0,223,223,223,1,223,images/pixabay_cat_002113.jpg,Youjia Chen,001,2022-05-31_01h45.25.327,Cat face rating experiment_1500-2000,2021.1.4,MacIntel,120.0048002
,,,,,,space,1.7824,3,1.4868,0,224,224,224,1,224,images/pixabay_cat_001141.jpg,Youjia Chen,001,2022-05-31_01h45.25.327,Cat face rating experiment_1500-2000,2021.1.4,MacIntel,120.0048002
,,,,,,space,1.2605,2,0.9923,0,225,225,225,1,225,images/flickr_cat_000631.jpg,Youjia Chen,001,2022-05-31_01h45.25.327,Cat face rating experiment_1500-2000,2021.1.4,MacIntel,120.0048002
,,,,,,space,1.7189,2,1.4544,0,226,226,226,1,226,images/flickr_cat_000626.jpg,Youjia Chen,001,2022-05-31_01h45.25.327,Cat face rating experiment_1500-2000,2021.1.4,MacIntel,120.0048002
,,,,,,space,1.6145,5,1.3281,0,227,227,227,1,227,images/pixabay_cat_004069.jpg,Youjia Chen,001,2022-05-31_01h45.25.327,Cat face rating experiment_1500-2000,2021.1.4,MacIntel,120.0048002
,,,,,,space,2.1435,2,1.9705,0,228,228,228,1,228,images/pixabay_cat_002926.jpg,Youjia Chen,001,2022-05-31_01h45.25.327,Cat face rating experiment_1500-2000,2021.1.4,MacIntel,120.0048002
,,,,,,space,1.4066,5,1.1061,0,229,229,229,1,229,images/flickr_cat_000603.jpg,Youjia Chen,001,2022-05-31_01h45.25.327,Cat face rating experiment_1500-2000,2021.1.4,MacIntel,120.0048002
,,,,,,space,25.6672,7,3.5615,0,230,230,230,1,230,images/pixabay_cat_002481.jpg,Youjia Chen,001,2022-05-31_01h45.25.327,Cat face rating experiment_1500-2000,2021.1.4,MacIntel,120.0048002
,,,,,,space,2.5607,2,2.2023,0,231,231,231,1,231,images/pixabay_cat_004496.jpg,Youjia Chen,001,2022-05-31_01h45.25.327,Cat face rating experiment_1500-2000,2021.1.4,MacIntel,120.0048002
,,,,,,space,1.3348,3,1.0133,0,232,232,232,1,232,images/pixabay_cat_001058.jpg,Youjia Chen,001,2022-05-31_01h45.25.327,Cat face rating experiment_1500-2000,2021.1.4,MacIntel,120.0048002
,,,,,,space,1.2416,2,0.887,0,233,233,233,1,233,images/pixabay_cat_003858.jpg,Youjia Chen,001,2022-05-31_01h45.25.327,Cat face rating experiment_1500-2000,2021.1.4,MacIntel,120.0048002
,,,,,,space,1.4134,5,1.2515,0,234,234,234,1,234,images/pixabay_cat_003095.jpg,Youjia Chen,001,2022-05-31_01h45.25.327,Cat face rating experiment_1500-2000,2021.1.4,MacIntel,120.0048002
,,,,,,space,2.0444,1,1.7477,0,235,235,235,1,235,images/pixabay_cat_001102.jpg,Youjia Chen,001,2022-05-31_01h45.25.327,Cat face rating experiment_1500-2000,2021.1.4,MacIntel,120.0048002
,,,,,,space,2.1044,7,1.7865,0,236,236,236,1,236,images/pixabay_cat_003561.jpg,Youjia Chen,001,2022-05-31_01h45.25.327,Cat face rating experiment_1500-2000,2021.1.4,MacIntel,120.0048002
,,,,,,space,1.5742,2,1.2611,0,237,237,237,1,237,images/pixabay_cat_001904.jpg,Youjia Chen,001,2022-05-31_01h45.25.327,Cat face rating experiment_1500-2000,2021.1.4,MacIntel,120.0048002
,,,,,,space,2.1753,2,1.8625,0,238,238,238,1,238,images/pixabay_cat_000128.jpg,Youjia Chen,001,2022-05-31_01h45.25.327,Cat face rating experiment_1500-2000,2021.1.4,MacIntel,120.0048002
,,,,,,space,1.9031,3,1.6272,0,239,239,239,1,239,images/pixabay_cat_001689.jpg,Youjia Chen,001,2022-05-31_01h45.25.327,Cat face rating experiment_1500-2000,2021.1.4,MacIntel,120.0048002
,,,,,,space,2.307,1,1.846,0,240,240,240,1,240,images/pixabay_cat_002493.jpg,Youjia Chen,001,2022-05-31_01h45.25.327,Cat face rating experiment_1500-2000,2021.1.4,MacIntel,120.0048002
,,,,,,space,2.5917,7,2.3454,0,241,241,241,1,241,images/pixabay_cat_004159.jpg,Youjia Chen,001,2022-05-31_01h45.25.327,Cat face rating experiment_1500-2000,2021.1.4,MacIntel,120.0048002
,,,,,,space,1.1188,7,0.9548,0,242,242,242,1,242,images/pixabay_cat_001713.jpg,Youjia Chen,001,2022-05-31_01h45.25.327,Cat face rating experiment_1500-2000,2021.1.4,MacIntel,120.0048002
,,,,,,space,0.9696,7,0.7542,0,243,243,243,1,243,images/pixabay_cat_002955.jpg,Youjia Chen,001,2022-05-31_01h45.25.327,Cat face rating experiment_1500-2000,2021.1.4,MacIntel,120.0048002
,,,,,,space,1.3649,5,0.9539,0,244,244,244,1,244,images/pixabay_cat_001006.jpg,Youjia Chen,001,2022-05-31_01h45.25.327,Cat face rating experiment_1500-2000,2021.1.4,MacIntel,120.0048002
,,,,,,space,2.2254,5,1.9401,0,245,245,245,1,245,images/pixabay_cat_001882.jpg,Youjia Chen,001,2022-05-31_01h45.25.327,Cat face rating experiment_1500-2000,2021.1.4,MacIntel,120.0048002
,,,,,,space,2.8973,7,2.6118,0,246,246,246,1,246,images/pixabay_cat_003673.jpg,Youjia Chen,001,2022-05-31_01h45.25.327,Cat face rating experiment_1500-2000,2021.1.4,MacIntel,120.0048002
,,,,,,space,1.025,7,0.7204,0,247,247,247,1,247,images/pixabay_cat_003919.jpg,Youjia Chen,001,2022-05-31_01h45.25.327,Cat face rating experiment_1500-2000,2021.1.4,MacIntel,120.0048002
,,,,,,space,1.0827,7,0.804,0,248,248,248,1,248,images/pixabay_cat_001918.jpg,Youjia Chen,001,2022-05-31_01h45.25.327,Cat face rating experiment_1500-2000,2021.1.4,MacIntel,120.0048002
,,,,,,space,0.9973,7,0.7431,0,249,249,249,1,249,images/flickr_cat_000429.jpg,Youjia Chen,001,2022-05-31_01h45.25.327,Cat face rating experiment_1500-2000,2021.1.4,MacIntel,120.0048002
,,,,,,space,1.2626,7,0.9863,0,250,250,250,1,250,images/pixabay_cat_003465.jpg,Youjia Chen,001,2022-05-31_01h45.25.327,Cat face rating experiment_1500-2000,2021.1.4,MacIntel,120.0048002
,,,,,,space,1.0348,7,0.7349,0,251,251,251,1,251,images/pixabay_cat_002752.jpg,Youjia Chen,001,2022-05-31_01h45.25.327,Cat face rating experiment_1500-2000,2021.1.4,MacIntel,120.0048002
,,,,,,space,1.3654,7,1.1127,0,252,252,252,1,252,images/flickr_cat_000600.jpg,Youjia Chen,001,2022-05-31_01h45.25.327,Cat face rating experiment_1500-2000,2021.1.4,MacIntel,120.0048002
,,,,,,space,20.8147,1,2.5663,0,253,253,253,1,253,images/pixabay_cat_001731.jpg,Youjia Chen,001,2022-05-31_01h45.25.327,Cat face rating experiment_1500-2000,2021.1.4,MacIntel,120.0048002
,,,,,,space,2.3782,7,2.0606,0,254,254,254,1,254,images/pixabay_cat_002508.jpg,Youjia Chen,001,2022-05-31_01h45.25.327,Cat face rating experiment_1500-2000,2021.1.4,MacIntel,120.0048002
,,,,,,space,0.9883,7,0.7107,0,255,255,255,1,255,images/pixabay_cat_002894.jpg,Youjia Chen,001,2022-05-31_01h45.25.327,Cat face rating experiment_1500-2000,2021.1.4,MacIntel,120.0048002
,,,,,,space,0.9513,7,0.7367,0,256,256,256,1,256,images/pixabay_cat_002614.jpg,Youjia Chen,001,2022-05-31_01h45.25.327,Cat face rating experiment_1500-2000,2021.1.4,MacIntel,120.0048002
,,,,,,space,0.9853,7,0.7042,0,257,257,257,1,257,images/flickr_cat_000161.jpg,Youjia Chen,001,2022-05-31_01h45.25.327,Cat face rating experiment_1500-2000,2021.1.4,MacIntel,120.0048002
,,,,,,space,0.8939,7,0.7214,0,258,258,258,1,258,images/pixabay_cat_001849.jpg,Youjia Chen,001,2022-05-31_01h45.25.327,Cat face rating experiment_1500-2000,2021.1.4,MacIntel,120.0048002
,,,,,,space,0.8958,7,0.6719,0,259,259,259,1,259,images/pixabay_cat_001835.jpg,Youjia Chen,001,2022-05-31_01h45.25.327,Cat face rating experiment_1500-2000,2021.1.4,MacIntel,120.0048002
,,,,,,space,0.8424,7,0.6087,0,260,260,260,1,260,images/flickr_cat_000151.jpg,Youjia Chen,001,2022-05-31_01h45.25.327,Cat face rating experiment_1500-2000,2021.1.4,MacIntel,120.0048002
,,,,,,space,0.9382,7,0.6952,0,261,261,261,1,261,images/pixabay_cat_004388.jpg,Youjia Chen,001,2022-05-31_01h45.25.327,Cat face rating experiment_1500-2000,2021.1.4,MacIntel,120.0048002
,,,,,,space,0.9223,7,0.6796,0,262,262,262,1,262,images/flickr_cat_000486.jpg,Youjia Chen,001,2022-05-31_01h45.25.327,Cat face rating experiment_1500-2000,2021.1.4,MacIntel,120.0048002
,,,,,,space,0.8626,7,0.6023,0,263,263,263,1,263,images/pixabay_cat_001797.jpg,Youjia Chen,001,2022-05-31_01h45.25.327,Cat face rating experiment_1500-2000,2021.1.4,MacIntel,120.0048002
,,,,,,space,1.0553,7,0.802,0,264,264,264,1,264,images/flickr_cat_000750.jpg,Youjia Chen,001,2022-05-31_01h45.25.327,Cat face rating experiment_1500-2000,2021.1.4,MacIntel,120.0048002
,,,,,,space,2.5192,2,2.2626,0,265,265,265,1,265,images/pixabay_cat_004688.jpg,Youjia Chen,001,2022-05-31_01h45.25.327,Cat face rating experiment_1500-2000,2021.1.4,MacIntel,120.0048002
,,,,,,space,1.6331,7,1.3212,0,266,266,266,1,266,images/pixabay_cat_000609.jpg,Youjia Chen,001,2022-05-31_01h45.25.327,Cat face rating experiment_1500-2000,2021.1.4,MacIntel,120.0048002
,,,,,,space,0.969,7,0.7054,0,267,267,267,1,267,images/pixabay_cat_001170.jpg,Youjia Chen,001,2022-05-31_01h45.25.327,Cat face rating experiment_1500-2000,2021.1.4,MacIntel,120.0048002
,,,,,,space,0.9281,7,0.6184,0,268,268,268,1,268,images/pixabay_cat_001543.jpg,Youjia Chen,001,2022-05-31_01h45.25.327,Cat face rating experiment_1500-2000,2021.1.4,MacIntel,120.0048002
,,,,,,space,0.9422,7,0.6618,0,269,269,269,1,269,images/flickr_cat_000261.jpg,Youjia Chen,001,2022-05-31_01h45.25.327,Cat face rating experiment_1500-2000,2021.1.4,MacIntel,120.0048002
,,,,,,space,1.8327,1,1.5721,0,270,270,270,1,270,images/pixabay_cat_002646.jpg,Youjia Chen,001,2022-05-31_01h45.25.327,Cat face rating experiment_1500-2000,2021.1.4,MacIntel,120.0048002
,,,,,,space,1.7163,7,1.4714,0,271,271,271,1,271,images/pixabay_cat_004702.jpg,Youjia Chen,001,2022-05-31_01h45.25.327,Cat face rating experiment_1500-2000,2021.1.4,MacIntel,120.0048002
,,,,,,space,3.674,5,3.3577,0,272,272,272,1,272,images/flickr_cat_000758.jpg,Youjia Chen,001,2022-05-31_01h45.25.327,Cat face rating experiment_1500-2000,2021.1.4,MacIntel,120.0048002
,,,,,,space,2.6011,7,2.2872,0,273,273,273,1,273,images/pixabay_cat_001036.jpg,Youjia Chen,001,2022-05-31_01h45.25.327,Cat face rating experiment_1500-2000,2021.1.4,MacIntel,120.0048002
,,,,,,space,1.0035,7,0.7208,0,274,274,274,1,274,images/pixabay_cat_001872.jpg,Youjia Chen,001,2022-05-31_01h45.25.327,Cat face rating experiment_1500-2000,2021.1.4,MacIntel,120.0048002
,,,,,,space,0.8637,7,0.5942,0,275,275,275,1,275,images/flickr_cat_000580.jpg,Youjia Chen,001,2022-05-31_01h45.25.327,Cat face rating experiment_1500-2000,2021.1.4,MacIntel,120.0048002
,,,,,,space,1.9294,1,1.7028,0,276,276,276,1,276,images/pixabay_cat_004446.jpg,Youjia Chen,001,2022-05-31_01h45.25.327,Cat face rating experiment_1500-2000,2021.1.4,MacIntel,120.0048002
,,,,,,space,1.7851,7,1.4132,0,277,277,277,1,277,images/flickr_cat_000760.jpg,Youjia Chen,001,2022-05-31_01h45.25.327,Cat face rating experiment_1500-2000,2021.1.4,MacIntel,120.0048002
,,,,,,space,1.8058,1,1.5311,0,278,278,278,1,278,images/pixabay_cat_001803.jpg,Youjia Chen,001,2022-05-31_01h45.25.327,Cat face rating experiment_1500-2000,2021.1.4,MacIntel,120.0048002
,,,,,,space,2.2884,7,1.995,0,279,279,279,1,279,images/pixabay_cat_001416.jpg,Youjia Chen,001,2022-05-31_01h45.25.327,Cat face rating experiment_1500-2000,2021.1.4,MacIntel,120.0048002
,,,,,,space,1.3286,7,1.0699,0,280,280,280,1,280,images/pixabay_cat_000796.jpg,Youjia Chen,001,2022-05-31_01h45.25.327,Cat face rating experiment_1500-2000,2021.1.4,MacIntel,120.0048002
,,,,,,space,0.7897,7,0.5698,0,281,281,281,1,281,images/flickr_cat_000120.jpg,Youjia Chen,001,2022-05-31_01h45.25.327,Cat face rating experiment_1500-2000,2021.1.4,MacIntel,120.0048002
,,,,,,space,1.0101,7,0.8684,0,282,282,282,1,282,images/pixabay_cat_001850.jpg,Youjia Chen,001,2022-05-31_01h45.25.327,Cat face rating experiment_1500-2000,2021.1.4,MacIntel,120.0048002
,,,,,,space,2.114,2,1.8374,0,283,283,283,1,283,images/pixabay_cat_003625.jpg,Youjia Chen,001,2022-05-31_01h45.25.327,Cat face rating experiment_1500-2000,2021.1.4,MacIntel,120.0048002
,,,,,,space,1.2401,2,0.7851,0,284,284,284,1,284,images/pixabay_cat_002264.jpg,Youjia Chen,001,2022-05-31_01h45.25.327,Cat face rating experiment_1500-2000,2021.1.4,MacIntel,120.0048002
,,,,,,space,2.458,2,2.1887,0,285,285,285,1,285,images/pixabay_cat_003553.jpg,Youjia Chen,001,2022-05-31_01h45.25.327,Cat face rating experiment_1500-2000,2021.1.4,MacIntel,120.0048002
,,,,,,space,3.3242,2,3.035,0,286,286,286,1,286,images/pixabay_cat_000009.jpg,Youjia Chen,001,2022-05-31_01h45.25.327,Cat face rating experiment_1500-2000,2021.1.4,MacIntel,120.0048002
,,,,,,space,1.3219,1,1.0189,0,287,287,287,1,287,images/pixabay_cat_002719.jpg,Youjia Chen,001,2022-05-31_01h45.25.327,Cat face rating experiment_1500-2000,2021.1.4,MacIntel,120.0048002
,,,,,,space,2.2078,6,1.8951,0,288,288,288,1,288,images/pixabay_cat_004251.jpg,Youjia Chen,001,2022-05-31_01h45.25.327,Cat face rating experiment_1500-2000,2021.1.4,MacIntel,120.0048002
,,,,,,space,1.8576,1,1.6053,0,289,289,289,1,289,images/flickr_cat_000319.jpg,Youjia Chen,001,2022-05-31_01h45.25.327,Cat face rating experiment_1500-2000,2021.1.4,MacIntel,120.0048002
,,,,,,space,1.4744,1,1.254,0,290,290,290,1,290,images/pixabay_cat_002261.jpg,Youjia Chen,001,2022-05-31_01h45.25.327,Cat face rating experiment_1500-2000,2021.1.4,MacIntel,120.0048002
,,,,,,space,1.7636,6,1.5586,0,291,291,291,1,291,images/pixabay_cat_004065.jpg,Youjia Chen,001,2022-05-31_01h45.25.327,Cat face rating experiment_1500-2000,2021.1.4,MacIntel,120.0048002
,,,,,,space,1.3375,7,1.0444,0,292,292,292,1,292,images/pixabay_cat_004817.jpg,Youjia Chen,001,2022-05-31_01h45.25.327,Cat face rating experiment_1500-2000,2021.1.4,MacIntel,120.0048002
,,,,,,space,0.9498,7,0.6952,0,293,293,293,1,293,images/pixabay_cat_002637.jpg,Youjia Chen,001,2022-05-31_01h45.25.327,Cat face rating experiment_1500-2000,2021.1.4,MacIntel,120.0048002
,,,,,,space,1.0224,7,0.7616,0,294,294,294,1,294,images/pixabay_cat_001598.jpg,Youjia Chen,001,2022-05-31_01h45.25.327,Cat face rating experiment_1500-2000,2021.1.4,MacIntel,120.0048002
,,,,,,space,1.0664,7,0.8104,0,295,295,295,1,295,images/flickr_cat_000431.jpg,Youjia Chen,001,2022-05-31_01h45.25.327,Cat face rating experiment_1500-2000,2021.1.4,MacIntel,120.0048002
,,,,,,space,0.9635,7,0.6625,0,296,296,296,1,296,images/pixabay_cat_004351.jpg,Youjia Chen,001,2022-05-31_01h45.25.327,Cat face rating experiment_1500-2000,2021.1.4,MacIntel,120.0048002
,,,,,,space,0.9249,7,0.6852,0,297,297,297,1,297,images/pixabay_cat_001969.jpg,Youjia Chen,001,2022-05-31_01h45.25.327,Cat face rating experiment_1500-2000,2021.1.4,MacIntel,120.0048002
,,,,,,space,0.8944,7,0.6385,0,298,298,298,1,298,images/pixabay_cat_003074.jpg,Youjia Chen,001,2022-05-31_01h45.25.327,Cat face rating experiment_1500-2000,2021.1.4,MacIntel,120.0048002
,,,,,,space,0.8407,7,0.5993,0,299,299,299,1,299,images/pixabay_cat_000576.jpg,Youjia Chen,001,2022-05-31_01h45.25.327,Cat face rating experiment_1500-2000,2021.1.4,MacIntel,120.0048002
,,,,,,space,0.9703,7,0.6957,0,300,300,300,1,300,images/pixabay_cat_001259.jpg,Youjia Chen,001,2022-05-31_01h45.25.327,Cat face rating experiment_1500-2000,2021.1.4,MacIntel,120.0048002
,,,,,,space,2.0167,7,0.7306,0,301,301,301,1,301,images/flickr_cat_000721.jpg,Youjia Chen,001,2022-05-31_01h45.25.327,Cat face rating experiment_1500-2000,2021.1.4,MacIntel,120.0048002
,,,,,,space,2.3261,1,2.0284,0,302,302,302,1,302,images/pixabay_cat_002687.jpg,Youjia Chen,001,2022-05-31_01h45.25.327,Cat face rating experiment_1500-2000,2021.1.4,MacIntel,120.0048002
,,,,,,space,1.7387,6,1.4698,0,303,303,303,1,303,images/pixabay_cat_002841.jpg,Youjia Chen,001,2022-05-31_01h45.25.327,Cat face rating experiment_1500-2000,2021.1.4,MacIntel,120.0048002
,,,,,,space,2.2317,5,1.7194,0,304,304,304,1,304,images/pixabay_cat_000256.jpg,Youjia Chen,001,2022-05-31_01h45.25.327,Cat face rating experiment_1500-2000,2021.1.4,MacIntel,120.0048002
,,,,,,space,1.1835,6,0.8919,0,305,305,305,1,305,images/pixabay_cat_004377.jpg,Youjia Chen,001,2022-05-31_01h45.25.327,Cat face rating experiment_1500-2000,2021.1.4,MacIntel,120.0048002
,,,,,,space,1.0195,7,0.8112,0,306,306,306,1,306,images/pixabay_cat_002942.jpg,Youjia Chen,001,2022-05-31_01h45.25.327,Cat face rating experiment_1500-2000,2021.1.4,MacIntel,120.0048002
,,,,,,space,1.0458,7,0.7533,0,307,307,307,1,307,images/pixabay_cat_002230.jpg,Youjia Chen,001,2022-05-31_01h45.25.327,Cat face rating experiment_1500-2000,2021.1.4,MacIntel,120.0048002
,,,,,,space,2.4107,2,2.1297,0,308,308,308,1,308,images/flickr_cat_000482.jpg,Youjia Chen,001,2022-05-31_01h45.25.327,Cat face rating experiment_1500-2000,2021.1.4,MacIntel,120.0048002
,,,,,,space,1.4841,3,1.1872,0,309,309,309,1,309,images/pixabay_cat_004089.jpg,Youjia Chen,001,2022-05-31_01h45.25.327,Cat face rating experiment_1500-2000,2021.1.4,MacIntel,120.0048002
,,,,,,space,1.7893,3,1.5466,0,310,310,310,1,310,images/pixabay_cat_004138.jpg,Youjia Chen,001,2022-05-31_01h45.25.327,Cat face rating experiment_1500-2000,2021.1.4,MacIntel,120.0048002
,,,,,,space,1.2906,5,1.0051,0,311,311,311,1,311,images/flickr_cat_000722.jpg,Youjia Chen,001,2022-05-31_01h45.25.327,Cat face rating experiment_1500-2000,2021.1.4,MacIntel,120.0048002
,,,,,,space,0.8821,6,0.5959,0,312,312,312,1,312,images/pixabay_cat_004563.jpg,Youjia Chen,001,2022-05-31_01h45.25.327,Cat face rating experiment_1500-2000,2021.1.4,MacIntel,120.0048002
,,,,,,space,1.1235,6,0.8278,0,313,313,313,1,313,images/flickr_cat_000798.jpg,Youjia Chen,001,2022-05-31_01h45.25.327,Cat face rating experiment_1500-2000,2021.1.4,MacIntel,120.0048002
,,,,,,space,1.134,7,0.8348,0,314,314,314,1,314,images/flickr_cat_000480.jpg,Youjia Chen,001,2022-05-31_01h45.25.327,Cat face rating experiment_1500-2000,2021.1.4,MacIntel,120.0048002
,,,,,,space,0.9648,7,0.7283,0,315,315,315,1,315,images/pixabay_cat_002130.jpg,Youjia Chen,001,2022-05-31_01h45.25.327,Cat face rating experiment_1500-2000,2021.1.4,MacIntel,120.0048002
,,,,,,space,0.9442,7,0.6555,0,316,316,316,1,316,images/pixabay_cat_001522.jpg,Youjia Chen,001,2022-05-31_01h45.25.327,Cat face rating experiment_1500-2000,2021.1.4,MacIntel,120.0048002
,,,,,,space,0.9793,7,0.7674,0,317,317,317,1,317,images/pixabay_cat_001956.jpg,Youjia Chen,001,2022-05-31_01h45.25.327,Cat face rating experiment_1500-2000,2021.1.4,MacIntel,120.0048002
,,,,,,space,1.5871,1,1.335,0,318,318,318,1,318,images/pixabay_cat_001339.jpg,Youjia Chen,001,2022-05-31_01h45.25.327,Cat face rating experiment_1500-2000,2021.1.4,MacIntel,120.0048002
,,,,,,space,1.1885,2,0.9094,0,319,319,319,1,319,images/pixabay_cat_001619.jpg,Youjia Chen,001,2022-05-31_01h45.25.327,Cat face rating experiment_1500-2000,2021.1.4,MacIntel,120.0048002
,,,,,,space,1.7098,1,1.4542,0,320,320,320,1,320,images/pixabay_cat_001057.jpg,Youjia Chen,001,2022-05-31_01h45.25.327,Cat face rating experiment_1500-2000,2021.1.4,MacIntel,120.0048002
,,,,,,space,0.9437,1,0.7126,0,321,321,321,1,321,images/pixabay_cat_002407.jpg,Youjia Chen,001,2022-05-31_01h45.25.327,Cat face rating experiment_1500-2000,2021.1.4,MacIntel,120.0048002
,,,,,,space,1.1412,2,0.8511,0,322,322,322,1,322,images/flickr_cat_000739.jpg,Youjia Chen,001,2022-05-31_01h45.25.327,Cat face rating experiment_1500-2000,2021.1.4,MacIntel,120.0048002
,,,,,,space,1.7697,6,1.5118,0,323,323,323,1,323,images/flickr_cat_000765.jpg,Youjia Chen,001,2022-05-31_01h45.25.327,Cat face rating experiment_1500-2000,2021.1.4,MacIntel,120.0048002
,,,,,,space,1.094,6,0.7872,0,324,324,324,1,324,images/pixabay_cat_000748.jpg,Youjia Chen,001,2022-05-31_01h45.25.327,Cat face rating experiment_1500-2000,2021.1.4,MacIntel,120.0048002
,,,,,,space,0.9082,6,0.7635,0,325,325,325,1,325,images/pixabay_cat_001766.jpg,Youjia Chen,001,2022-05-31_01h45.25.327,Cat face rating experiment_1500-2000,2021.1.4,MacIntel,120.0048002
,,,,,,space,2.2723,6,0.7501,0,326,326,326,1,326,images/pixabay_cat_001331.jpg,Youjia Chen,001,2022-05-31_01h45.25.327,Cat face rating experiment_1500-2000,2021.1.4,MacIntel,120.0048002
,,,,,,space,1.533,3,1.1787,0,327,327,327,1,327,images/pixabay_cat_000967.jpg,Youjia Chen,001,2022-05-31_01h45.25.327,Cat face rating experiment_1500-2000,2021.1.4,MacIntel,120.0048002
,,,,,,space,1.6124,2,1.404,0,328,328,328,1,328,images/flickr_cat_000410.jpg,Youjia Chen,001,2022-05-31_01h45.25.327,Cat face rating experiment_1500-2000,2021.1.4,MacIntel,120.0048002
,,,,,,space,1.0954,5,0.8389,0,329,329,329,1,329,images/pixabay_cat_001682.jpg,Youjia Chen,001,2022-05-31_01h45.25.327,Cat face rating experiment_1500-2000,2021.1.4,MacIntel,120.0048002
,,,,,,space,0.9698,6,0.7372,0,330,330,330,1,330,images/pixabay_cat_001053.jpg,Youjia Chen,001,2022-05-31_01h45.25.327,Cat face rating experiment_1500-2000,2021.1.4,MacIntel,120.0048002
,,,,,,space,0.963,6,0.7119,0,331,331,331,1,331,images/pixabay_cat_004199.jpg,Youjia Chen,001,2022-05-31_01h45.25.327,Cat face rating experiment_1500-2000,2021.1.4,MacIntel,120.0048002
,,,,,,space,1.8695,2,1.6293,0,332,332,332,1,332,images/flickr_cat_000263.jpg,Youjia Chen,001,2022-05-31_01h45.25.327,Cat face rating experiment_1500-2000,2021.1.4,MacIntel,120.0048002
,,,,,,space,2.6289,7,2.3381,0,333,333,333,1,333,images/pixabay_cat_003992.jpg,Youjia Chen,001,2022-05-31_01h45.25.327,Cat face rating experiment_1500-2000,2021.1.4,MacIntel,120.0048002
,,,,,,space,1.807,2,1.4853,0,334,334,334,1,334,images/pixabay_cat_003866.jpg,Youjia Chen,001,2022-05-31_01h45.25.327,Cat face rating experiment_1500-2000,2021.1.4,MacIntel,120.0048002
,,,,,,space,1.3222,3,1.0204,0,335,335,335,1,335,images/pixabay_cat_002105.jpg,Youjia Chen,001,2022-05-31_01h45.25.327,Cat face rating experiment_1500-2000,2021.1.4,MacIntel,120.0048002
,,,,,,space,2.2547,1,1.6635,0,336,336,336,1,336,images/pixabay_cat_003784.jpg,Youjia Chen,001,2022-05-31_01h45.25.327,Cat face rating experiment_1500-2000,2021.1.4,MacIntel,120.0048002
,,,,,,space,1.8115,6,1.501,0,337,337,337,1,337,images/pixabay_cat_003353.jpg,Youjia Chen,001,2022-05-31_01h45.25.327,Cat face rating experiment_1500-2000,2021.1.4,MacIntel,120.0048002
,,,,,,space,1.0139,7,0.7536,0,338,338,338,1,338,images/pixabay_cat_000554.jpg,Youjia Chen,001,2022-05-31_01h45.25.327,Cat face rating experiment_1500-2000,2021.1.4,MacIntel,120.0048002
,,,,,,space,0.9183,7,0.6693,0,339,339,339,1,339,images/pixabay_cat_004284.jpg,Youjia Chen,001,2022-05-31_01h45.25.327,Cat face rating experiment_1500-2000,2021.1.4,MacIntel,120.0048002
,,,,,,space,0.9116,7,0.6543,0,340,340,340,1,340,images/pixabay_cat_004229.jpg,Youjia Chen,001,2022-05-31_01h45.25.327,Cat face rating experiment_1500-2000,2021.1.4,MacIntel,120.0048002
,,,,,,space,1.6631,2,1.378,0,341,341,341,1,341,images/pixabay_cat_000071.jpg,Youjia Chen,001,2022-05-31_01h45.25.327,Cat face rating experiment_1500-2000,2021.1.4,MacIntel,120.0048002
,,,,,,space,1.9494,7,1.6715,0,342,342,342,1,342,images/pixabay_cat_003284.jpg,Youjia Chen,001,2022-05-31_01h45.25.327,Cat face rating experiment_1500-2000,2021.1.4,MacIntel,120.0048002
,,,,,,space,1.1404,7,0.8456,0,343,343,343,1,343,images/pixabay_cat_004620.jpg,Youjia Chen,001,2022-05-31_01h45.25.327,Cat face rating experiment_1500-2000,2021.1.4,MacIntel,120.0048002
,,,,,,space,4.4459,6,4.1227,0,344,344,344,1,344,images/pixabay_cat_003240.jpg,Youjia Chen,001,2022-05-31_01h45.25.327,Cat face rating experiment_1500-2000,2021.1.4,MacIntel,120.0048002
,,,,,,space,1.0808,6,0.7537,0,345,345,345,1,345,images/pixabay_cat_003638.jpg,Youjia Chen,001,2022-05-31_01h45.25.327,Cat face rating experiment_1500-2000,2021.1.4,MacIntel,120.0048002
,,,,,,space,1.0096,7,0.7041,0,346,346,346,1,346,images/pixabay_cat_002830.jpg,Youjia Chen,001,2022-05-31_01h45.25.327,Cat face rating experiment_1500-2000,2021.1.4,MacIntel,120.0048002
,,,,,,space,1.0071,7,0.7253,0,347,347,347,1,347,images/pixabay_cat_004828.jpg,Youjia Chen,001,2022-05-31_01h45.25.327,Cat face rating experiment_1500-2000,2021.1.4,MacIntel,120.0048002
,,,,,,space,1.5674,2,1.2876,0,348,348,348,1,348,images/pixabay_cat_004763.jpg,Youjia Chen,001,2022-05-31_01h45.25.327,Cat face rating experiment_1500-2000,2021.1.4,MacIntel,120.0048002
,,,,,,space,1.3545,2,1.0624,0,349,349,349,1,349,images/pixabay_cat_000503.jpg,Youjia Chen,001,2022-05-31_01h45.25.327,Cat face rating experiment_1500-2000,2021.1.4,MacIntel,120.0048002
,,,,,,space,1.8029,7,1.5544,0,350,350,350,1,350,images/flickr_cat_000810.jpg,Youjia Chen,001,2022-05-31_01h45.25.327,Cat face rating experiment_1500-2000,2021.1.4,MacIntel,120.0048002
,,,,,,space,1.5282,2,1.3384,0,351,351,351,1,351,images/pixabay_cat_001809.jpg,Youjia Chen,001,2022-05-31_01h45.25.327,Cat face rating experiment_1500-2000,2021.1.4,MacIntel,120.0048002
,,,,,,space,1.6469,6,1.3933,0,352,352,352,1,352,images/pixabay_cat_002560.jpg,Youjia Chen,001,2022-05-31_01h45.25.327,Cat face rating experiment_1500-2000,2021.1.4,MacIntel,120.0048002
,,,,,,space,1.4645,1,1.1967,0,353,353,353,1,353,images/pixabay_cat_000371.jpg,Youjia Chen,001,2022-05-31_01h45.25.327,Cat face rating experiment_1500-2000,2021.1.4,MacIntel,120.0048002
,,,,,,space,3.1637,2,1.2472,0,354,354,354,1,354,images/pixabay_cat_003061.jpg,Youjia Chen,001,2022-05-31_01h45.25.327,Cat face rating experiment_1500-2000,2021.1.4,MacIntel,120.0048002
,,,,,,space,2.0739,5,1.7853,0,355,355,355,1,355,images/flickr_cat_000303.jpg,Youjia Chen,001,2022-05-31_01h45.25.327,Cat face rating experiment_1500-2000,2021.1.4,MacIntel,120.0048002
,,,,,,space,1.2801,6,0.9613,0,356,356,356,1,356,images/flickr_cat_000811.jpg,Youjia Chen,001,2022-05-31_01h45.25.327,Cat face rating experiment_1500-2000,2021.1.4,MacIntel,120.0048002
,,,,,,space,1.1005,7,0.6949,0,357,357,357,1,357,images/pixabay_cat_004540.jpg,Youjia Chen,001,2022-05-31_01h45.25.327,Cat face rating experiment_1500-2000,2021.1.4,MacIntel,120.0048002
,,,,,,space,1.0204,7,0.705,0,358,358,358,1,358,images/pixabay_cat_001692.jpg,Youjia Chen,001,2022-05-31_01h45.25.327,Cat face rating experiment_1500-2000,2021.1.4,MacIntel,120.0048002
,,,,,,space,1.8113,2,1.521,0,359,359,359,1,359,images/pixabay_cat_000581.jpg,Youjia Chen,001,2022-05-31_01h45.25.327,Cat face rating experiment_1500-2000,2021.1.4,MacIntel,120.0048002
,,,,,,space,1.0832,3,0.7792,0,360,360,360,1,360,images/pixabay_cat_000283.jpg,Youjia Chen,001,2022-05-31_01h45.25.327,Cat face rating experiment_1500-2000,2021.1.4,MacIntel,120.0048002
,,,,,,space,2.1607,7,1.9176,0,361,361,361,1,361,images/pixabay_cat_001900.jpg,Youjia Chen,001,2022-05-31_01h45.25.327,Cat face rating experiment_1500-2000,2021.1.4,MacIntel,120.0048002
,,,,,,space,0.9314,7,0.6607,0,362,362,362,1,362,images/pixabay_cat_003268.jpg,Youjia Chen,001,2022-05-31_01h45.25.327,Cat face rating experiment_1500-2000,2021.1.4,MacIntel,120.0048002
,,,,,,space,0.9445,7,0.6626,0,363,363,363,1,363,images/flickr_cat_000363.jpg,Youjia Chen,001,2022-05-31_01h45.25.327,Cat face rating experiment_1500-2000,2021.1.4,MacIntel,120.0048002
,,,,,,space,0.9035,,,0,364,364,364,1,364,images/pixabay_cat_000363.jpg,Youjia Chen,001,2022-05-31_01h45.25.327,Cat face rating experiment_1500-2000,2021.1.4,MacIntel,120.0048002
,,,,,,space,1.1813,7,0.8635,0,365,365,365,1,365,images/pixabay_cat_003785.jpg,Youjia Chen,001,2022-05-31_01h45.25.327,Cat face rating experiment_1500-2000,2021.1.4,MacIntel,120.0048002
,,,,,,space,0.9406,7,0.6289,0,366,366,366,1,366,images/pixabay_cat_003206.jpg,Youjia Chen,001,2022-05-31_01h45.25.327,Cat face rating experiment_1500-2000,2021.1.4,MacIntel,120.0048002
,,,,,,space,0.9163,7,0.6275,0,367,367,367,1,367,images/pixabay_cat_001756.jpg,Youjia Chen,001,2022-05-31_01h45.25.327,Cat face rating experiment_1500-2000,2021.1.4,MacIntel,120.0048002
,,,,,,space,1.0429,7,0.6531,0,368,368,368,1,368,images/pixabay_cat_002332.jpg,Youjia Chen,001,2022-05-31_01h45.25.327,Cat face rating experiment_1500-2000,2021.1.4,MacIntel,120.0048002
,,,,,,space,2.1829,1,1.8195,0,369,369,369,1,369,images/pixabay_cat_004471.jpg,Youjia Chen,001,2022-05-31_01h45.25.327,Cat face rating experiment_1500-2000,2021.1.4,MacIntel,120.0048002
,,,,,,space,1.9773,2,1.2298,0,370,370,370,1,370,images/pixabay_cat_000633.jpg,Youjia Chen,001,2022-05-31_01h45.25.327,Cat face rating experiment_1500-2000,2021.1.4,MacIntel,120.0048002
,,,,,,space,1.4499,3,1.2029,0,371,371,371,1,371,images/flickr_cat_000288.jpg,Youjia Chen,001,2022-05-31_01h45.25.327,Cat face rating experiment_1500-2000,2021.1.4,MacIntel,120.0048002
,,,,,,space,1.8723,5,1.5904,0,372,372,372,1,372,images/pixabay_cat_000774.jpg,Youjia Chen,001,2022-05-31_01h45.25.327,Cat face rating experiment_1500-2000,2021.1.4,MacIntel,120.0048002
,,,,,,space,1.6403,6,1.4381,0,373,373,373,1,373,images/pixabay_cat_001656.jpg,Youjia Chen,001,2022-05-31_01h45.25.327,Cat face rating experiment_1500-2000,2021.1.4,MacIntel,120.0048002
,,,,,,space,2.1987,7,1.8952,0,374,374,374,1,374,images/pixabay_cat_003551.jpg,Youjia Chen,001,2022-05-31_01h45.25.327,Cat face rating experiment_1500-2000,2021.1.4,MacIntel,120.0048002
,,,,,,space,1.406,3,1.2075,0,375,375,375,1,375,images/pixabay_cat_004813.jpg,Youjia Chen,001,2022-05-31_01h45.25.327,Cat face rating experiment_1500-2000,2021.1.4,MacIntel,120.0048002
,,,,,,space,1.5719,7,1.3263,0,376,376,376,1,376,images/flickr_cat_000468.jpg,Youjia Chen,001,2022-05-31_01h45.25.327,Cat face rating experiment_1500-2000,2021.1.4,MacIntel,120.0048002
,,,,,,space,3.0839,1,2.7597,0,377,377,377,1,377,images/pixabay_cat_001135.jpg,Youjia Chen,001,2022-05-31_01h45.25.327,Cat face rating experiment_1500-2000,2021.1.4,MacIntel,120.0048002
,,,,,,space,1.4347,2,1.1035,0,378,378,378,1,378,images/pixabay_cat_001712.jpg,Youjia Chen,001,2022-05-31_01h45.25.327,Cat face rating experiment_1500-2000,2021.1.4,MacIntel,120.0048002
,,,,,,space,1.2148,2,0.9779,0,379,379,379,1,379,images/pixabay_cat_004017.jpg,Youjia Chen,001,2022-05-31_01h45.25.327,Cat face rating experiment_1500-2000,2021.1.4,MacIntel,120.0048002
,,,,,,space,1.6476,7,1.3272,0,380,380,380,1,380,images/pixabay_cat_002158.jpg,Youjia Chen,001,2022-05-31_01h45.25.327,Cat face rating experiment_1500-2000,2021.1.4,MacIntel,120.0048002
,,,,,,space,0.9054,7,0.6372,0,381,381,381,1,381,images/flickr_cat_000805.jpg,Youjia Chen,001,2022-05-31_01h45.25.327,Cat face rating experiment_1500-2000,2021.1.4,MacIntel,120.0048002
,,,,,,space,0.9926,7,0.7373,0,382,382,382,1,382,images/pixabay_cat_000288.jpg,Youjia Chen,001,2022-05-31_01h45.25.327,Cat face rating experiment_1500-2000,2021.1.4,MacIntel,120.0048002
,,,,,,space,0.9101,7,0.6199,0,383,383,383,1,383,images/pixabay_cat_004554.jpg,Youjia Chen,001,2022-05-31_01h45.25.327,Cat face rating experiment_1500-2000,2021.1.4,MacIntel,120.0048002
,,,,,,space,0.8443,7,0.603,0,384,384,384,1,384,images/pixabay_cat_002933.jpg,Youjia Chen,001,2022-05-31_01h45.25.327,Cat face rating experiment_1500-2000,2021.1.4,MacIntel,120.0048002
,,,,,,space,0.8558,7,0.5754,0,385,385,385,1,385,images/pixabay_cat_001565.jpg,Youjia Chen,001,2022-05-31_01h45.25.327,Cat face rating experiment_1500-2000,2021.1.4,MacIntel,120.0048002
,,,,,,space,1.1431,7,0.8782,0,386,386,386,1,386,images/pixabay_cat_004400.jpg,Youjia Chen,001,2022-05-31_01h45.25.327,Cat face rating experiment_1500-2000,2021.1.4,MacIntel,120.0048002
,,,,,,space,0.949,7,0.6617,0,387,387,387,1,387,images/pixabay_cat_003703.jpg,Youjia Chen,001,2022-05-31_01h45.25.327,Cat face rating experiment_1500-2000,2021.1.4,MacIntel,120.0048002
,,,,,,space,1.7489,2,1.4764,0,388,388,388,1,388,images/pixabay_cat_004140.jpg,Youjia Chen,001,2022-05-31_01h45.25.327,Cat face rating experiment_1500-2000,2021.1.4,MacIntel,120.0048002
,,,,,,space,1.523,6,1.2283,0,389,389,389,1,389,images/pixabay_cat_002755.jpg,Youjia Chen,001,2022-05-31_01h45.25.327,Cat face rating experiment_1500-2000,2021.1.4,MacIntel,120.0048002
,,,,,,space,1.0981,7,0.844,0,390,390,390,1,390,images/pixabay_cat_004224.jpg,Youjia Chen,001,2022-05-31_01h45.25.327,Cat face rating experiment_1500-2000,2021.1.4,MacIntel,120.0048002
,,,,,,space,1.5353,2,1.2718,0,391,391,391,1,391,images/pixabay_cat_000987.jpg,Youjia Chen,001,2022-05-31_01h45.25.327,Cat face rating experiment_1500-2000,2021.1.4,MacIntel,120.0048002
,,,,,,space,1.8909,6,1.6029,0,392,392,392,1,392,images/pixabay_cat_001039.jpg,Youjia Chen,001,2022-05-31_01h45.25.327,Cat face rating experiment_1500-2000,2021.1.4,MacIntel,120.0048002
,,,,,,space,1.642,7,1.2873,0,393,393,393,1,393,images/pixabay_cat_003598.jpg,Youjia Chen,001,2022-05-31_01h45.25.327,Cat face rating experiment_1500-2000,2021.1.4,MacIntel,120.0048002
,,,,,,space,1.6967,2,1.3332,0,394,394,394,1,394,images/pixabay_cat_000433.jpg,Youjia Chen,001,2022-05-31_01h45.25.327,Cat face rating experiment_1500-2000,2021.1.4,MacIntel,120.0048002
,,,,,,space,1.5833,7,1.3364,0,395,395,395,1,395,images/flickr_cat_000256.jpg,Youjia Chen,001,2022-05-31_01h45.25.327,Cat face rating experiment_1500-2000,2021.1.4,MacIntel,120.0048002
,,,,,,space,0.9814,7,0.8302,0,396,396,396,1,396,images/pixabay_cat_003581.jpg,Youjia Chen,001,2022-05-31_01h45.25.327,Cat face rating experiment_1500-2000,2021.1.4,MacIntel,120.0048002
,,,,,,space,0.92,7,0.6706,0,397,397,397,1,397,images/pixabay_cat_002034.jpg,Youjia Chen,001,2022-05-31_01h45.25.327,Cat face rating experiment_1500-2000,2021.1.4,MacIntel,120.0048002
,,,,,,space,1.1181,7,0.9045,0,398,398,398,1,398,images/pixabay_cat_001038.jpg,Youjia Chen,001,2022-05-31_01h45.25.327,Cat face rating experiment_1500-2000,2021.1.4,MacIntel,120.0048002
,,,,,,space,1.0053,7,0.8226,0,399,399,399,1,399,images/pixabay_cat_002957.jpg,Youjia Chen,001,2022-05-31_01h45.25.327,Cat face rating experiment_1500-2000,2021.1.4,MacIntel,120.0048002
,,,,,,space,2.3846,7,1.7539,0,400,400,400,1,400,images/pixabay_cat_003882.jpg,Youjia Chen,001,2022-05-31_01h45.25.327,Cat face rating experiment_1500-2000,2021.1.4,MacIntel,120.0048002
,,,,,,space,0.9409,7,0.6137,0,401,401,401,1,401,images/pixabay_cat_002523.jpg,Youjia Chen,001,2022-05-31_01h45.25.327,Cat face rating experiment_1500-2000,2021.1.4,MacIntel,120.0048002
,,,,,,space,1.3614,2,1.0637,0,402,402,402,1,402,images/pixabay_cat_002681.jpg,Youjia Chen,001,2022-05-31_01h45.25.327,Cat face rating experiment_1500-2000,2021.1.4,MacIntel,120.0048002
,,,,,,space,1.1287,6,0.7279,0,403,403,403,1,403,images/pixabay_cat_003945.jpg,Youjia Chen,001,2022-05-31_01h45.25.327,Cat face rating experiment_1500-2000,2021.1.4,MacIntel,120.0048002
,,,,,,space,0.87,7,0.5702,0,404,404,404,1,404,images/pixabay_cat_001297.jpg,Youjia Chen,001,2022-05-31_01h45.25.327,Cat face rating experiment_1500-2000,2021.1.4,MacIntel,120.0048002
,,,,,,space,2.1876,1,1.9127,0,405,405,405,1,405,images/pixabay_cat_002625.jpg,Youjia Chen,001,2022-05-31_01h45.25.327,Cat face rating experiment_1500-2000,2021.1.4,MacIntel,120.0048002
,,,,,,space,1.9344,7,1.5613,0,406,406,406,1,406,images/pixabay_cat_000483.jpg,Youjia Chen,001,2022-05-31_01h45.25.327,Cat face rating experiment_1500-2000,2021.1.4,MacIntel,120.0048002
,,,,,,space,1.1873,7,0.8937,0,407,407,407,1,407,images/pixabay_cat_000158.jpg,Youjia Chen,001,2022-05-31_01h45.25.327,Cat face rating experiment_1500-2000,2021.1.4,MacIntel,120.0048002
,,,,,,space,1.0207,7,0.755,0,408,408,408,1,408,images/pixabay_cat_003257.jpg,Youjia Chen,001,2022-05-31_01h45.25.327,Cat face rating experiment_1500-2000,2021.1.4,MacIntel,120.0048002
,,,,,,space,1.0021,7,0.7013,0,409,409,409,1,409,images/pixabay_cat_000715.jpg,Youjia Chen,001,2022-05-31_01h45.25.327,Cat face rating experiment_1500-2000,2021.1.4,MacIntel,120.0048002
,,,,,,space,1.1926,7,0.8861,0,410,410,410,1,410,images/pixabay_cat_003895.jpg,Youjia Chen,001,2022-05-31_01h45.25.327,Cat face rating experiment_1500-2000,2021.1.4,MacIntel,120.0048002
,,,,,,space,0.9174,7,0.6785,0,411,411,411,1,411,images/flickr_cat_000677.jpg,Youjia Chen,001,2022-05-31_01h45.25.327,Cat face rating experiment_1500-2000,2021.1.4,MacIntel,120.0048002
,,,,,,space,2.3635,3,2.0416,0,412,412,412,1,412,images/pixabay_cat_003906.jpg,Youjia Chen,001,2022-05-31_01h45.25.327,Cat face rating experiment_1500-2000,2021.1.4,MacIntel,120.0048002
,,,,,,space,2.1743,7,1.8274,0,413,413,413,1,413,images/flickr_cat_000405.jpg,Youjia Chen,001,2022-05-31_01h45.25.327,Cat face rating experiment_1500-2000,2021.1.4,MacIntel,120.0048002
,,,,,,space,2.0491,7,1.7542,0,414,414,414,1,414,images/flickr_cat_000388.jpg,Youjia Chen,001,2022-05-31_01h45.25.327,Cat face rating experiment_1500-2000,2021.1.4,MacIntel,120.0048002
,,,,,,space,0.9043,7,0.5777,0,415,415,415,1,415,images/pixabay_cat_002884.jpg,Youjia Chen,001,2022-05-31_01h45.25.327,Cat face rating experiment_1500-2000,2021.1.4,MacIntel,120.0048002
,,,,,,space,1.1732,7,0.803,0,416,416,416,1,416,images/pixabay_cat_004282.jpg,Youjia Chen,001,2022-05-31_01h45.25.327,Cat face rating experiment_1500-2000,2021.1.4,MacIntel,120.0048002
,,,,,,space,1.4589,3,1.1624,0,417,417,417,1,417,images/pixabay_cat_002448.jpg,Youjia Chen,001,2022-05-31_01h45.25.327,Cat face rating experiment_1500-2000,2021.1.4,MacIntel,120.0048002
,,,,,,space,2.8093,3,2.5442,0,418,418,418,1,418,images/pixabay_cat_002554.jpg,Youjia Chen,001,2022-05-31_01h45.25.327,Cat face rating experiment_1500-2000,2021.1.4,MacIntel,120.0048002
,,,,,,space,1.7848,7,1.4437,0,419,419,419,1,419,images/pixabay_cat_004272.jpg,Youjia Chen,001,2022-05-31_01h45.25.327,Cat face rating experiment_1500-2000,2021.1.4,MacIntel,120.0048002
,,,,,,space,0.9806,7,0.6731,0,420,420,420,1,420,images/flickr_cat_000009.jpg,Youjia Chen,001,2022-05-31_01h45.25.327,Cat face rating experiment_1500-2000,2021.1.4,MacIntel,120.0048002
,,,,,,space,1.0197,7,0.7094,0,421,421,421,1,421,images/pixabay_cat_003808.jpg,Youjia Chen,001,2022-05-31_01h45.25.327,Cat face rating experiment_1500-2000,2021.1.4,MacIntel,120.0048002
,,,,,,space,0.9426,7,0.6085,0,422,422,422,1,422,images/pixabay_cat_004524.jpg,Youjia Chen,001,2022-05-31_01h45.25.327,Cat face rating experiment_1500-2000,2021.1.4,MacIntel,120.0048002
,,,,,,space,0.9464,7,0.5707,0,423,423,423,1,423,images/pixabay_cat_003375.jpg,Youjia Chen,001,2022-05-31_01h45.25.327,Cat face rating experiment_1500-2000,2021.1.4,MacIntel,120.0048002
,,,,,,space,0.9492,7,0.6441,0,424,424,424,1,424,images/pixabay_cat_002362.jpg,Youjia Chen,001,2022-05-31_01h45.25.327,Cat face rating experiment_1500-2000,2021.1.4,MacIntel,120.0048002
,,,,,,space,0.9442,7,0.6046,0,425,425,425,1,425,images/pixabay_cat_004641.jpg,Youjia Chen,001,2022-05-31_01h45.25.327,Cat face rating experiment_1500-2000,2021.1.4,MacIntel,120.0048002
,,,,,,space,0.9171,7,0.6049,0,426,426,426,1,426,images/flickr_cat_000686.jpg,Youjia Chen,001,2022-05-31_01h45.25.327,Cat face rating experiment_1500-2000,2021.1.4,MacIntel,120.0048002
,,,,,,space,0.9037,7,0.5889,0,427,427,427,1,427,images/pixabay_cat_004362.jpg,Youjia Chen,001,2022-05-31_01h45.25.327,Cat face rating experiment_1500-2000,2021.1.4,MacIntel,120.0048002
,,,,,,space,0.9199,7,0.5881,0,428,428,428,1,428,images/pixabay_cat_000110.jpg,Youjia Chen,001,2022-05-31_01h45.25.327,Cat face rating experiment_1500-2000,2021.1.4,MacIntel,120.0048002
,,,,,,space,1.9419,2,1.6417,0,429,429,429,1,429,images/pixabay_cat_004038.jpg,Youjia Chen,001,2022-05-31_01h45.25.327,Cat face rating experiment_1500-2000,2021.1.4,MacIntel,120.0048002
,,,,,,space,1.9198,1,1.7049,0,430,430,430,1,430,images/pixabay_cat_004707.jpg,Youjia Chen,001,2022-05-31_01h45.25.327,Cat face rating experiment_1500-2000,2021.1.4,MacIntel,120.0048002
,,,,,,space,1.5777,7,1.2285,0,431,431,431,1,431,images/pixabay_cat_004372.jpg,Youjia Chen,001,2022-05-31_01h45.25.327,Cat face rating experiment_1500-2000,2021.1.4,MacIntel,120.0048002
,,,,,,space,1.0815,7,0.6891,0,432,432,432,1,432,images/pixabay_cat_002605.jpg,Youjia Chen,001,2022-05-31_01h45.25.327,Cat face rating experiment_1500-2000,2021.1.4,MacIntel,120.0048002
,,,,,,space,0.8682,7,0.5315,0,433,433,433,1,433,images/flickr_cat_000673.jpg,Youjia Chen,001,2022-05-31_01h45.25.327,Cat face rating experiment_1500-2000,2021.1.4,MacIntel,120.0048002
,,,,,,space,1.578,3,1.3291,0,434,434,434,1,434,images/pixabay_cat_001631.jpg,Youjia Chen,001,2022-05-31_01h45.25.327,Cat face rating experiment_1500-2000,2021.1.4,MacIntel,120.0048002
,,,,,,space,2.4862,6,2.1631,0,435,435,435,1,435,images/pixabay_cat_001258.jpg,Youjia Chen,001,2022-05-31_01h45.25.327,Cat face rating experiment_1500-2000,2021.1.4,MacIntel,120.0048002
,,,,,,space,1.0773,6,0.8282,0,436,436,436,1,436,images/pixabay_cat_002120.jpg,Youjia Chen,001,2022-05-31_01h45.25.327,Cat face rating experiment_1500-2000,2021.1.4,MacIntel,120.0048002
,,,,,,space,1.0577,6,0.7369,0,437,437,437,1,437,images/pixabay_cat_000544.jpg,Youjia Chen,001,2022-05-31_01h45.25.327,Cat face rating experiment_1500-2000,2021.1.4,MacIntel,120.0048002
,,,,,,space,0.961,7,0.6797,0,438,438,438,1,438,images/pixabay_cat_000923.jpg,Youjia Chen,001,2022-05-31_01h45.25.327,Cat face rating experiment_1500-2000,2021.1.4,MacIntel,120.0048002
,,,,,,space,0.9814,6,0.6612,0,439,439,439,1,439,images/flickr_cat_000302.jpg,Youjia Chen,001,2022-05-31_01h45.25.327,Cat face rating experiment_1500-2000,2021.1.4,MacIntel,120.0048002
,,,,,,space,2.2225,3,1.7866,0,440,440,440,1,440,images/flickr_cat_000458.jpg,Youjia Chen,001,2022-05-31_01h45.25.327,Cat face rating experiment_1500-2000,2021.1.4,MacIntel,120.0048002
,,,,,,space,1.976,6,1.6708,0,441,441,441,1,441,images/pixabay_cat_000311.jpg,Youjia Chen,001,2022-05-31_01h45.25.327,Cat face rating experiment_1500-2000,2021.1.4,MacIntel,120.0048002
,,,,,,space,1.0399,7,0.7866,0,442,442,442,1,442,images/pixabay_cat_002277.jpg,Youjia Chen,001,2022-05-31_01h45.25.327,Cat face rating experiment_1500-2000,2021.1.4,MacIntel,120.0048002
,,,,,,space,0.8331,7,0.6342,0,443,443,443,1,443,images/pixabay_cat_003290.jpg,Youjia Chen,001,2022-05-31_01h45.25.327,Cat face rating experiment_1500-2000,2021.1.4,MacIntel,120.0048002
,,,,,,space,2.056,2,1.8107,0,444,444,444,1,444,images/pixabay_cat_000913.jpg,Youjia Chen,001,2022-05-31_01h45.25.327,Cat face rating experiment_1500-2000,2021.1.4,MacIntel,120.0048002
,,,,,,space,1.0148,6,0.8135,0,445,445,445,1,445,images/pixabay_cat_002921.jpg,Youjia Chen,001,2022-05-31_01h45.25.327,Cat face rating experiment_1500-2000,2021.1.4,MacIntel,120.0048002
,,,,,,space,1.916,3,1.5083,0,446,446,446,1,446,images/flickr_cat_000040.jpg,Youjia Chen,001,2022-05-31_01h45.25.327,Cat face rating experiment_1500-2000,2021.1.4,MacIntel,120.0048002
,,,,,,space,1.8361,7,1.5371,0,447,447,447,1,447,images/flickr_cat_000251.jpg,Youjia Chen,001,2022-05-31_01h45.25.327,Cat face rating experiment_1500-2000,2021.1.4,MacIntel,120.0048002
,,,,,,space,2.1305,2,1.779,0,448,448,448,1,448,images/pixabay_cat_004278.jpg,Youjia Chen,001,2022-05-31_01h45.25.327,Cat face rating experiment_1500-2000,2021.1.4,MacIntel,120.0048002
,,,,,,space,1.5322,6,1.064,0,449,449,449,1,449,images/pixabay_cat_002463.jpg,Youjia Chen,001,2022-05-31_01h45.25.327,Cat face rating experiment_1500-2000,2021.1.4,MacIntel,120.0048002
,,,,,,space,1.5271,2,1.2865,0,450,450,450,1,450,images/flickr_cat_000022.jpg,Youjia Chen,001,2022-05-31_01h45.25.327,Cat face rating experiment_1500-2000,2021.1.4,MacIntel,120.0048002
,,,,,,space,1.2352,7,0.9455,0,451,451,451,1,451,images/pixabay_cat_003133.jpg,Youjia Chen,001,2022-05-31_01h45.25.327,Cat face rating experiment_1500-2000,2021.1.4,MacIntel,120.0048002
,,,,,,space,0.8267,7,0.6692,0,452,452,452,1,452,images/pixabay_cat_000744.jpg,Youjia Chen,001,2022-05-31_01h45.25.327,Cat face rating experiment_1500-2000,2021.1.4,MacIntel,120.0048002
,,,,,,space,0.9554,7,0.5456,0,453,453,453,1,453,images/pixabay_cat_000997.jpg,Youjia Chen,001,2022-05-31_01h45.25.327,Cat face rating experiment_1500-2000,2021.1.4,MacIntel,120.0048002
,,,,,,space,0.8511,7,0.5852,0,454,454,454,1,454,images/pixabay_cat_000036.jpg,Youjia Chen,001,2022-05-31_01h45.25.327,Cat face rating experiment_1500-2000,2021.1.4,MacIntel,120.0048002
,,,,,,space,1.727,7,0.6542,0,455,455,455,1,455,images/flickr_cat_000074.jpg,Youjia Chen,001,2022-05-31_01h45.25.327,Cat face rating experiment_1500-2000,2021.1.4,MacIntel,120.0048002
,,,,,,space,0.8341,6,0.6199,0,456,456,456,1,456,images/flickr_cat_000255.jpg,Youjia Chen,001,2022-05-31_01h45.25.327,Cat face rating experiment_1500-2000,2021.1.4,MacIntel,120.0048002
,,,,,,space,0.9608,6,0.653,0,457,457,457,1,457,images/pixabay_cat_003172.jpg,Youjia Chen,001,2022-05-31_01h45.25.327,Cat face rating experiment_1500-2000,2021.1.4,MacIntel,120.0048002
,,,,,,space,0.8082,7,0.5097,0,458,458,458,1,458,images/pixabay_cat_004350.jpg,Youjia Chen,001,2022-05-31_01h45.25.327,Cat face rating experiment_1500-2000,2021.1.4,MacIntel,120.0048002
,,,,,,space,1.0383,6,0.648,0,459,459,459,1,459,images/pixabay_cat_004473.jpg,Youjia Chen,001,2022-05-31_01h45.25.327,Cat face rating experiment_1500-2000,2021.1.4,MacIntel,120.0048002
,,,,,,space,0.9182,7,0.6372,0,460,460,460,1,460,images/pixabay_cat_003349.jpg,Youjia Chen,001,2022-05-31_01h45.25.327,Cat face rating experiment_1500-2000,2021.1.4,MacIntel,120.0048002
,,,,,,space,2.1849,2,1.7768,0,461,461,461,1,461,images/pixabay_cat_002832.jpg,Youjia Chen,001,2022-05-31_01h45.25.327,Cat face rating experiment_1500-2000,2021.1.4,MacIntel,120.0048002
,,,,,,space,1.2044,1,0.9344,0,462,462,462,1,462,images/pixabay_cat_004375.jpg,Youjia Chen,001,2022-05-31_01h45.25.327,Cat face rating experiment_1500-2000,2021.1.4,MacIntel,120.0048002
,,,,,,space,1.5548,6,1.1101,0,463,463,463,1,463,images/pixabay_cat_001791.jpg,Youjia Chen,001,2022-05-31_01h45.25.327,Cat face rating experiment_1500-2000,2021.1.4,MacIntel,120.0048002
,,,,,,space,1.7191,2,1.4763,0,464,464,464,1,464,images/pixabay_cat_002761.jpg,Youjia Chen,001,2022-05-31_01h45.25.327,Cat face rating experiment_1500-2000,2021.1.4,MacIntel,120.0048002
,,,,,,space,1.3281,6,1.0185,0,465,465,465,1,465,images/pixabay_cat_003754.jpg,Youjia Chen,001,2022-05-31_01h45.25.327,Cat face rating experiment_1500-2000,2021.1.4,MacIntel,120.0048002
,,,,,,space,1.9446,6,1.3131,0,466,466,466,1,466,images/pixabay_cat_001720.jpg,Youjia Chen,001,2022-05-31_01h45.25.327,Cat face rating experiment_1500-2000,2021.1.4,MacIntel,120.0048002
,,,,,,space,1.4489,2,1.1376,0,467,467,467,1,467,images/pixabay_cat_002914.jpg,Youjia Chen,001,2022-05-31_01h45.25.327,Cat face rating experiment_1500-2000,2021.1.4,MacIntel,120.0048002
,,,,,,space,2.9006,2,2.5961,0,468,468,468,1,468,images/flickr_cat_000551.jpg,Youjia Chen,001,2022-05-31_01h45.25.327,Cat face rating experiment_1500-2000,2021.1.4,MacIntel,120.0048002
,,,,,,space,2.4242,7,2.1038,0,469,469,469,1,469,images/pixabay_cat_004201.jpg,Youjia Chen,001,2022-05-31_01h45.25.327,Cat face rating experiment_1500-2000,2021.1.4,MacIntel,120.0048002
,,,,,,space,1.6536,2,1.2976,0,470,470,470,1,470,images/flickr_cat_000142.jpg,Youjia Chen,001,2022-05-31_01h45.25.327,Cat face rating experiment_1500-2000,2021.1.4,MacIntel,120.0048002
,,,,,,space,1.9014,1,1.6311,0,471,471,471,1,471,images/pixabay_cat_001167.jpg,Youjia Chen,001,2022-05-31_01h45.25.327,Cat face rating experiment_1500-2000,2021.1.4,MacIntel,120.0048002
,,,,,,space,1.4797,6,1.1787,0,472,472,472,1,472,images/pixabay_cat_000827.jpg,Youjia Chen,001,2022-05-31_01h45.25.327,Cat face rating experiment_1500-2000,2021.1.4,MacIntel,120.0048002
,,,,,,space,1.1917,6,0.8615,0,473,473,473,1,473,images/pixabay_cat_001198.jpg,Youjia Chen,001,2022-05-31_01h45.25.327,Cat face rating experiment_1500-2000,2021.1.4,MacIntel,120.0048002
,,,,,,space,1.1094,6,0.8208,0,474,474,474,1,474,images/flickr_cat_000499.jpg,Youjia Chen,001,2022-05-31_01h45.25.327,Cat face rating experiment_1500-2000,2021.1.4,MacIntel,120.0048002
,,,,,,space,1.6331,7,1.3378,0,475,475,475,1,475,images/pixabay_cat_001128.jpg,Youjia Chen,001,2022-05-31_01h45.25.327,Cat face rating experiment_1500-2000,2021.1.4,MacIntel,120.0048002
,,,,,,space,1.5486,2,1.2767,0,476,476,476,1,476,images/pixabay_cat_000457.jpg,Youjia Chen,001,2022-05-31_01h45.25.327,Cat face rating experiment_1500-2000,2021.1.4,MacIntel,120.0048002
,,,,,,space,1.3627,3,1.0287,0,477,477,477,1,477,images/pixabay_cat_001896.jpg,Youjia Chen,001,2022-05-31_01h45.25.327,Cat face rating experiment_1500-2000,2021.1.4,MacIntel,120.0048002
,,,,,,space,1.4805,2,1.0704,0,478,478,478,1,478,images/pixabay_cat_002061.jpg,Youjia Chen,001,2022-05-31_01h45.25.327,Cat face rating experiment_1500-2000,2021.1.4,MacIntel,120.0048002
,,,,,,space,2.4697,2,1.8641,0,479,479,479,1,479,images/pixabay_cat_000626.jpg,Youjia Chen,001,2022-05-31_01h45.25.327,Cat face rating experiment_1500-2000,2021.1.4,MacIntel,120.0048002
,,,,,,space,1.2297,2,0.9118,0,480,480,480,1,480,images/pixabay_cat_002951.jpg,Youjia Chen,001,2022-05-31_01h45.25.327,Cat face rating experiment_1500-2000,2021.1.4,MacIntel,120.0048002
,,,,,,space,1.4338,2,1.1017,0,481,481,481,1,481,images/pixabay_cat_000156.jpg,Youjia Chen,001,2022-05-31_01h45.25.327,Cat face rating experiment_1500-2000,2021.1.4,MacIntel,120.0048002
,,,,,,space,1.1327,2,0.7537,0,482,482,482,1,482,images/pixabay_cat_000123.jpg,Youjia Chen,001,2022-05-31_01h45.25.327,Cat face rating experiment_1500-2000,2021.1.4,MacIntel,120.0048002
,,,,,,space,1.8758,7,1.6397,0,483,483,483,1,483,images/flickr_cat_000321.jpg,Youjia Chen,001,2022-05-31_01h45.25.327,Cat face rating experiment_1500-2000,2021.1.4,MacIntel,120.0048002
,,,,,,space,0.8741,7,0.6532,0,484,484,484,1,484,images/pixabay_cat_000341.jpg,Youjia Chen,001,2022-05-31_01h45.25.327,Cat face rating experiment_1500-2000,2021.1.4,MacIntel,120.0048002
,,,,,,space,0.8364,7,0.6533,0,485,485,485,1,485,images/pixabay_cat_002337.jpg,Youjia Chen,001,2022-05-31_01h45.25.327,Cat face rating experiment_1500-2000,2021.1.4,MacIntel,120.0048002
,,,,,,space,0.9276,7,0.653,0,486,486,486,1,486,images/pixabay_cat_000950.jpg,Youjia Chen,001,2022-05-31_01h45.25.327,Cat face rating experiment_1500-2000,2021.1.4,MacIntel,120.0048002
,,,,,,space,1.0974,7,0.7801,0,487,487,487,1,487,images/flickr_cat_000043.jpg,Youjia Chen,001,2022-05-31_01h45.25.327,Cat face rating experiment_1500-2000,2021.1.4,MacIntel,120.0048002
,,,,,,space,0.9451,7,0.6383,0,488,488,488,1,488,images/flickr_cat_000266.jpg,Youjia Chen,001,2022-05-31_01h45.25.327,Cat face rating experiment_1500-2000,2021.1.4,MacIntel,120.0048002
,,,,,,space,1.229,5,0.9951,0,489,489,489,1,489,images/pixabay_cat_004391.jpg,Youjia Chen,001,2022-05-31_01h45.25.327,Cat face rating experiment_1500-2000,2021.1.4,MacIntel,120.0048002
,,,,,,space,0.9147,6,0.6767,0,490,490,490,1,490,images/flickr_cat_000024.jpg,Youjia Chen,001,2022-05-31_01h45.25.327,Cat face rating experiment_1500-2000,2021.1.4,MacIntel,120.0048002
,,,,,,space,0.8488,6,0.6532,0,491,491,491,1,491,images/pixabay_cat_002647.jpg,Youjia Chen,001,2022-05-31_01h45.25.327,Cat face rating experiment_1500-2000,2021.1.4,MacIntel,120.0048002
,,,,,,space,0.919,6,0.6616,0,492,492,492,1,492,images/pixabay_cat_004509.jpg,Youjia Chen,001,2022-05-31_01h45.25.327,Cat face rating experiment_1500-2000,2021.1.4,MacIntel,120.0048002
,,,,,,space,1.0447,6,0.713,0,493,493,493,1,493,images/pixabay_cat_000577.jpg,Youjia Chen,001,2022-05-31_01h45.25.327,Cat face rating experiment_1500-2000,2021.1.4,MacIntel,120.0048002
,,,,,,space,0.9286,6,0.7053,0,494,494,494,1,494,images/pixabay_cat_002326.jpg,Youjia Chen,001,2022-05-31_01h45.25.327,Cat face rating experiment_1500-2000,2021.1.4,MacIntel,120.0048002
,,,,,,space,0.7758,6,0.5557,0,495,495,495,1,495,images/flickr_cat_000044.jpg,Youjia Chen,001,2022-05-31_01h45.25.327,Cat face rating experiment_1500-2000,2021.1.4,MacIntel,120.0048002
,,,,,,space,1.0247,6,0.6957,0,496,496,496,1,496,images/pixabay_cat_001409.jpg,Youjia Chen,001,2022-05-31_01h45.25.327,Cat face rating experiment_1500-2000,2021.1.4,MacIntel,120.0048002
,,,,,,space,1.0378,6,0.7625,0,497,497,497,1,497,images/flickr_cat_000715.jpg,Youjia Chen,001,2022-05-31_01h45.25.327,Cat face rating experiment_1500-2000,2021.1.4,MacIntel,120.0048002
,,,,,,space,0.9,6,0.5711,0,498,498,498,1,498,images/pixabay_cat_000951.jpg,Youjia Chen,001,2022-05-31_01h45.25.327,Cat face rating experiment_1500-2000,2021.1.4,MacIntel,120.0048002
,,,,,,space,0.8565,6,0.5453,0,499,499,499,1,499,images/pixabay_cat_001500.jpg,Youjia Chen,001,2022-05-31_01h45.25.327,Cat face rating experiment_1500-2000,2021.1.4,MacIntel,120.0048002
