key_resp.keys,key_resp.rt,key_resp_2.keys,key_resp_2.rt,key_resp_3.keys,key_resp_3.rt,key_resp_4.keys,key_resp_4.rt,slider.response,slider.rt,trials.thisRepN,trials.thisTrialN,trials.thisN,trials.thisIndex,trials.ran,trial_nums,img,participant,session,date,expName,psychopyVersion,OS,frameRate
space,0.8146,space,0.3601,space,0.5782,space,2.0767,5,1.7685,0,0,0,0,1,0,images/pixabay_cat_002882.jpg,Eddy,001,2022-04-11_14h50.03.189,Cat face rating experiment_1000-1500,2021.1.4,Win32,144.3834825
,,,,,,space,1.2143,3,0.8973,0,1,1,1,1,1,images/pixabay_cat_000521.jpg,Eddy,001,2022-04-11_14h50.03.189,Cat face rating experiment_1000-1500,2021.1.4,Win32,144.3834825
,,,,,,space,2.0737,,,0,2,2,2,1,2,images/pixabay_cat_001788.jpg,Eddy,001,2022-04-11_14h50.03.189,Cat face rating experiment_1000-1500,2021.1.4,Win32,144.3834825
,,,,,,space,2.4854,3,1.0987,0,3,3,3,1,3,images/pixabay_cat_002892.jpg,Eddy,001,2022-04-11_14h50.03.189,Cat face rating experiment_1000-1500,2021.1.4,Win32,144.3834825
,,,,,,space,1.1257,2,0.8769,0,4,4,4,1,4,images/pixabay_cat_001043.jpg,Eddy,001,2022-04-11_14h50.03.189,Cat face rating experiment_1000-1500,2021.1.4,Win32,144.3834825
,,,,,,space,1.4583,3,0.7947,0,5,5,5,1,5,images/pixabay_cat_000055.jpg,Eddy,001,2022-04-11_14h50.03.189,Cat face rating experiment_1000-1500,2021.1.4,Win32,144.3834825
,,,,,,space,1.6124,2,1.2871,0,6,6,6,1,6,images/pixabay_cat_004304.jpg,Eddy,001,2022-04-11_14h50.03.189,Cat face rating experiment_1000-1500,2021.1.4,Win32,144.3834825
,,,,,,space,1.4758,5,1.2105,0,7,7,7,1,7,images/pixabay_cat_000059.jpg,Eddy,001,2022-04-11_14h50.03.189,Cat face rating experiment_1000-1500,2021.1.4,Win32,144.3834825
,,,,,,space,1.7042,4,1.5363,0,8,8,8,1,8,images/flickr_cat_000507.jpg,Eddy,001,2022-04-11_14h50.03.189,Cat face rating experiment_1000-1500,2021.1.4,Win32,144.3834825
,,,,,,space,1.2348,,,0,9,9,9,1,9,images/pixabay_cat_003422.jpg,Eddy,001,2022-04-11_14h50.03.189,Cat face rating experiment_1000-1500,2021.1.4,Win32,144.3834825
,,,,,,space,1.4825,2,1.2937,0,10,10,10,1,10,images/pixabay_cat_002344.jpg,Eddy,001,2022-04-11_14h50.03.189,Cat face rating experiment_1000-1500,2021.1.4,Win32,144.3834825
,,,,,,space,1.7906,2,1.3839,0,11,11,11,1,11,images/pixabay_cat_002073.jpg,Eddy,001,2022-04-11_14h50.03.189,Cat face rating experiment_1000-1500,2021.1.4,Win32,144.3834825
,,,,,,space,1.3197,5,0.9983,0,12,12,12,1,12,images/pixabay_cat_003870.jpg,Eddy,001,2022-04-11_14h50.03.189,Cat face rating experiment_1000-1500,2021.1.4,Win32,144.3834825
,,,,,,space,1.0293,6,0.8317,0,13,13,13,1,13,images/flickr_cat_000375.jpg,Eddy,001,2022-04-11_14h50.03.189,Cat face rating experiment_1000-1500,2021.1.4,Win32,144.3834825
,,,,,,space,1.0777,6,0.8493,0,14,14,14,1,14,images/flickr_cat_000205.jpg,Eddy,001,2022-04-11_14h50.03.189,Cat face rating experiment_1000-1500,2021.1.4,Win32,144.3834825
,,,,,,space,1.1993,,,0,15,15,15,1,15,images/pixabay_cat_002255.jpg,Eddy,001,2022-04-11_14h50.03.189,Cat face rating experiment_1000-1500,2021.1.4,Win32,144.3834825
,,,,,,space,0.9633,,,0,16,16,16,1,16,images/pixabay_cat_000445.jpg,Eddy,001,2022-04-11_14h50.03.189,Cat face rating experiment_1000-1500,2021.1.4,Win32,144.3834825
,,,,,,space,1.9254,5,1.6789,0,17,17,17,1,17,images/flickr_cat_000702.jpg,Eddy,001,2022-04-11_14h50.03.189,Cat face rating experiment_1000-1500,2021.1.4,Win32,144.3834825
,,,,,,space,1.432,3,1.2508,0,18,18,18,1,18,images/pixabay_cat_003927.jpg,Eddy,001,2022-04-11_14h50.03.189,Cat face rating experiment_1000-1500,2021.1.4,Win32,144.3834825
,,,,,,space,1.3685,2,1.1305,0,19,19,19,1,19,images/pixabay_cat_003715.jpg,Eddy,001,2022-04-11_14h50.03.189,Cat face rating experiment_1000-1500,2021.1.4,Win32,144.3834825
,,,,,,space,2.0061,3,1.5326,0,20,20,20,1,20,images/pixabay_cat_002351.jpg,Eddy,001,2022-04-11_14h50.03.189,Cat face rating experiment_1000-1500,2021.1.4,Win32,144.3834825
,,,,,,space,1.1869,5,0.9679,0,21,21,21,1,21,images/pixabay_cat_000685.jpg,Eddy,001,2022-04-11_14h50.03.189,Cat face rating experiment_1000-1500,2021.1.4,Win32,144.3834825
,,,,,,space,3.3871,5,3.2451,0,22,22,22,1,22,images/pixabay_cat_000002.jpg,Eddy,001,2022-04-11_14h50.03.189,Cat face rating experiment_1000-1500,2021.1.4,Win32,144.3834825
,,,,,,space,1.4019,,,0,23,23,23,1,23,images/pixabay_cat_001396.jpg,Eddy,001,2022-04-11_14h50.03.189,Cat face rating experiment_1000-1500,2021.1.4,Win32,144.3834825
,,,,,,space,1.0976,5,0.9355,0,24,24,24,1,24,images/pixabay_cat_003941.jpg,Eddy,001,2022-04-11_14h50.03.189,Cat face rating experiment_1000-1500,2021.1.4,Win32,144.3834825
,,,,,,space,1.0939,6,0.8237,0,25,25,25,1,25,images/pixabay_cat_001290.jpg,Eddy,001,2022-04-11_14h50.03.189,Cat face rating experiment_1000-1500,2021.1.4,Win32,144.3834825
,,,,,,space,1.2762,6,1.0125,0,26,26,26,1,26,images/pixabay_cat_000532.jpg,Eddy,001,2022-04-11_14h50.03.189,Cat face rating experiment_1000-1500,2021.1.4,Win32,144.3834825
,,,,,,space,1.1041,5,0.6559,0,27,27,27,1,27,images/flickr_cat_000613.jpg,Eddy,001,2022-04-11_14h50.03.189,Cat face rating experiment_1000-1500,2021.1.4,Win32,144.3834825
,,,,,,space,0.9736,3,0.7878,0,28,28,28,1,28,images/pixabay_cat_004519.jpg,Eddy,001,2022-04-11_14h50.03.189,Cat face rating experiment_1000-1500,2021.1.4,Win32,144.3834825
,,,,,,space,1.525,3,1.3514,0,29,29,29,1,29,images/pixabay_cat_003251.jpg,Eddy,001,2022-04-11_14h50.03.189,Cat face rating experiment_1000-1500,2021.1.4,Win32,144.3834825
,,,,,,space,1.4551,5,1.3143,0,30,30,30,1,30,images/pixabay_cat_001995.jpg,Eddy,001,2022-04-11_14h50.03.189,Cat face rating experiment_1000-1500,2021.1.4,Win32,144.3834825
,,,,,,space,1.2983,6,1.0729,0,31,31,31,1,31,images/pixabay_cat_000153.jpg,Eddy,001,2022-04-11_14h50.03.189,Cat face rating experiment_1000-1500,2021.1.4,Win32,144.3834825
,,,,,,space,1.5821,3,1.3642,0,32,32,32,1,32,images/pixabay_cat_004561.jpg,Eddy,001,2022-04-11_14h50.03.189,Cat face rating experiment_1000-1500,2021.1.4,Win32,144.3834825
,,,,,,space,1.9487,3,1.7393,0,33,33,33,1,33,images/pixabay_cat_003574.jpg,Eddy,001,2022-04-11_14h50.03.189,Cat face rating experiment_1000-1500,2021.1.4,Win32,144.3834825
,,,,,,space,1.1284,,,0,34,34,34,1,34,images/pixabay_cat_002536.jpg,Eddy,001,2022-04-11_14h50.03.189,Cat face rating experiment_1000-1500,2021.1.4,Win32,144.3834825
,,,,,,space,1.3402,3,1.0719,0,35,35,35,1,35,images/pixabay_cat_003763.jpg,Eddy,001,2022-04-11_14h50.03.189,Cat face rating experiment_1000-1500,2021.1.4,Win32,144.3834825
,,,,,,space,2.4578,5,2.2048,0,36,36,36,1,36,images/pixabay_cat_001235.jpg,Eddy,001,2022-04-11_14h50.03.189,Cat face rating experiment_1000-1500,2021.1.4,Win32,144.3834825
,,,,,,space,1.3897,6,1.0748,0,37,37,37,1,37,images/pixabay_cat_004116.jpg,Eddy,001,2022-04-11_14h50.03.189,Cat face rating experiment_1000-1500,2021.1.4,Win32,144.3834825
,,,,,,space,2.2851,3,1.8913,0,38,38,38,1,38,images/pixabay_cat_001140.jpg,Eddy,001,2022-04-11_14h50.03.189,Cat face rating experiment_1000-1500,2021.1.4,Win32,144.3834825
,,,,,,space,2.226,,,0,39,39,39,1,39,images/pixabay_cat_003623.jpg,Eddy,001,2022-04-11_14h50.03.189,Cat face rating experiment_1000-1500,2021.1.4,Win32,144.3834825
,,,,,,space,1.4925,2,1.0135,0,40,40,40,1,40,images/pixabay_cat_002209.jpg,Eddy,001,2022-04-11_14h50.03.189,Cat face rating experiment_1000-1500,2021.1.4,Win32,144.3834825
,,,,,,space,1.6253,5,1.065,0,41,41,41,1,41,images/flickr_cat_000200.jpg,Eddy,001,2022-04-11_14h50.03.189,Cat face rating experiment_1000-1500,2021.1.4,Win32,144.3834825
,,,,,,space,2.3582,5,2.0662,0,42,42,42,1,42,images/flickr_cat_000695.jpg,Eddy,001,2022-04-11_14h50.03.189,Cat face rating experiment_1000-1500,2021.1.4,Win32,144.3834825
,,,,,,space,1.0683,3,0.8229,0,43,43,43,1,43,images/pixabay_cat_003822.jpg,Eddy,001,2022-04-11_14h50.03.189,Cat face rating experiment_1000-1500,2021.1.4,Win32,144.3834825
,,,,,,space,2.9491,5,1.9049,0,44,44,44,1,44,images/pixabay_cat_001861.jpg,Eddy,001,2022-04-11_14h50.03.189,Cat face rating experiment_1000-1500,2021.1.4,Win32,144.3834825
,,,,,,space,1.5973,2,1.2474,0,45,45,45,1,45,images/pixabay_cat_002628.jpg,Eddy,001,2022-04-11_14h50.03.189,Cat face rating experiment_1000-1500,2021.1.4,Win32,144.3834825
,,,,,,space,1.0559,3,0.8294,0,46,46,46,1,46,images/pixabay_cat_002525.jpg,Eddy,001,2022-04-11_14h50.03.189,Cat face rating experiment_1000-1500,2021.1.4,Win32,144.3834825
,,,,,,space,1.7708,3,1.5229,0,47,47,47,1,47,images/pixabay_cat_001352.jpg,Eddy,001,2022-04-11_14h50.03.189,Cat face rating experiment_1000-1500,2021.1.4,Win32,144.3834825
,,,,,,space,1.3794,2,1.053,0,48,48,48,1,48,images/pixabay_cat_004253.jpg,Eddy,001,2022-04-11_14h50.03.189,Cat face rating experiment_1000-1500,2021.1.4,Win32,144.3834825
,,,,,,space,1.3663,3,1.1197,0,49,49,49,1,49,images/pixabay_cat_003366.jpg,Eddy,001,2022-04-11_14h50.03.189,Cat face rating experiment_1000-1500,2021.1.4,Win32,144.3834825
,,,,,,space,1.317,5,0.9621,0,50,50,50,1,50,images/pixabay_cat_003390.jpg,Eddy,001,2022-04-11_14h50.03.189,Cat face rating experiment_1000-1500,2021.1.4,Win32,144.3834825
,,,,,,space,1.5214,3,1.2952,0,51,51,51,1,51,images/pixabay_cat_002934.jpg,Eddy,001,2022-04-11_14h50.03.189,Cat face rating experiment_1000-1500,2021.1.4,Win32,144.3834825
,,,,,,space,2.206,1,1.8149,0,52,52,52,1,52,images/pixabay_cat_001742.jpg,Eddy,001,2022-04-11_14h50.03.189,Cat face rating experiment_1000-1500,2021.1.4,Win32,144.3834825
,,,,,,space,3.002,3,2.4594,0,53,53,53,1,53,images/pixabay_cat_002305.jpg,Eddy,001,2022-04-11_14h50.03.189,Cat face rating experiment_1000-1500,2021.1.4,Win32,144.3834825
,,,,,,space,2.4506,,,0,54,54,54,1,54,images/pixabay_cat_003950.jpg,Eddy,001,2022-04-11_14h50.03.189,Cat face rating experiment_1000-1500,2021.1.4,Win32,144.3834825
,,,,,,space,2.0548,5,1.7967,0,55,55,55,1,55,images/pixabay_cat_002848.jpg,Eddy,001,2022-04-11_14h50.03.189,Cat face rating experiment_1000-1500,2021.1.4,Win32,144.3834825
,,,,,,space,1.7689,,,0,56,56,56,1,56,images/pixabay_cat_002690.jpg,Eddy,001,2022-04-11_14h50.03.189,Cat face rating experiment_1000-1500,2021.1.4,Win32,144.3834825
,,,,,,space,1.5668,3,1.2457,0,57,57,57,1,57,images/pixabay_cat_001360.jpg,Eddy,001,2022-04-11_14h50.03.189,Cat face rating experiment_1000-1500,2021.1.4,Win32,144.3834825
,,,,,,space,1.2585,5,1.0265,0,58,58,58,1,58,images/flickr_cat_000166.jpg,Eddy,001,2022-04-11_14h50.03.189,Cat face rating experiment_1000-1500,2021.1.4,Win32,144.3834825
,,,,,,space,1.471,2,1.1827,0,59,59,59,1,59,images/pixabay_cat_002736.jpg,Eddy,001,2022-04-11_14h50.03.189,Cat face rating experiment_1000-1500,2021.1.4,Win32,144.3834825
,,,,,,space,1.5719,3,1.2879,0,60,60,60,1,60,images/pixabay_cat_002108.jpg,Eddy,001,2022-04-11_14h50.03.189,Cat face rating experiment_1000-1500,2021.1.4,Win32,144.3834825
,,,,,,space,1.3243,5,1.134,0,61,61,61,1,61,images/pixabay_cat_001387.jpg,Eddy,001,2022-04-11_14h50.03.189,Cat face rating experiment_1000-1500,2021.1.4,Win32,144.3834825
,,,,,,space,1.2262,5,1.0513,0,62,62,62,1,62,images/pixabay_cat_002801.jpg,Eddy,001,2022-04-11_14h50.03.189,Cat face rating experiment_1000-1500,2021.1.4,Win32,144.3834825
,,,,,,space,1.1726,5,0.9686,0,63,63,63,1,63,images/pixabay_cat_001825.jpg,Eddy,001,2022-04-11_14h50.03.189,Cat face rating experiment_1000-1500,2021.1.4,Win32,144.3834825
,,,,,,space,1.4122,2,0.9746,0,64,64,64,1,64,images/flickr_cat_000331.jpg,Eddy,001,2022-04-11_14h50.03.189,Cat face rating experiment_1000-1500,2021.1.4,Win32,144.3834825
,,,,,,space,1.2217,2,1.0789,0,65,65,65,1,65,images/flickr_cat_000296.jpg,Eddy,001,2022-04-11_14h50.03.189,Cat face rating experiment_1000-1500,2021.1.4,Win32,144.3834825
,,,,,,space,1.3431,3,0.9061,0,66,66,66,1,66,images/pixabay_cat_004439.jpg,Eddy,001,2022-04-11_14h50.03.189,Cat face rating experiment_1000-1500,2021.1.4,Win32,144.3834825
,,,,,,space,1.331,3,1.145,0,67,67,67,1,67,images/pixabay_cat_001501.jpg,Eddy,001,2022-04-11_14h50.03.189,Cat face rating experiment_1000-1500,2021.1.4,Win32,144.3834825
,,,,,,space,1.2336,,,0,68,68,68,1,68,images/pixabay_cat_001505.jpg,Eddy,001,2022-04-11_14h50.03.189,Cat face rating experiment_1000-1500,2021.1.4,Win32,144.3834825
,,,,,,space,1.6098,,,0,69,69,69,1,69,images/pixabay_cat_002226.jpg,Eddy,001,2022-04-11_14h50.03.189,Cat face rating experiment_1000-1500,2021.1.4,Win32,144.3834825
,,,,,,space,1.0582,,,0,70,70,70,1,70,images/pixabay_cat_003075.jpg,Eddy,001,2022-04-11_14h50.03.189,Cat face rating experiment_1000-1500,2021.1.4,Win32,144.3834825
,,,,,,space,1.363,,,0,71,71,71,1,71,images/pixabay_cat_002655.jpg,Eddy,001,2022-04-11_14h50.03.189,Cat face rating experiment_1000-1500,2021.1.4,Win32,144.3834825
,,,,,,space,1.8795,5,1.7337,0,72,72,72,1,72,images/flickr_cat_000155.jpg,Eddy,001,2022-04-11_14h50.03.189,Cat face rating experiment_1000-1500,2021.1.4,Win32,144.3834825
,,,,,,space,1.1064,3,0.9549,0,73,73,73,1,73,images/pixabay_cat_002707.jpg,Eddy,001,2022-04-11_14h50.03.189,Cat face rating experiment_1000-1500,2021.1.4,Win32,144.3834825
,,,,,,space,1.9634,3,1.7196,0,74,74,74,1,74,images/flickr_cat_000328.jpg,Eddy,001,2022-04-11_14h50.03.189,Cat face rating experiment_1000-1500,2021.1.4,Win32,144.3834825
,,,,,,space,5.0227,4,4.7433,0,75,75,75,1,75,images/flickr_cat_000471.jpg,Eddy,001,2022-04-11_14h50.03.189,Cat face rating experiment_1000-1500,2021.1.4,Win32,144.3834825
,,,,,,space,1.1443,5,0.9066,0,76,76,76,1,76,images/pixabay_cat_002886.jpg,Eddy,001,2022-04-11_14h50.03.189,Cat face rating experiment_1000-1500,2021.1.4,Win32,144.3834825
,,,,,,space,2.152,3,1.8578,0,77,77,77,1,77,images/pixabay_cat_001002.jpg,Eddy,001,2022-04-11_14h50.03.189,Cat face rating experiment_1000-1500,2021.1.4,Win32,144.3834825
,,,,,,space,1.2529,,,0,78,78,78,1,78,images/pixabay_cat_003029.jpg,Eddy,001,2022-04-11_14h50.03.189,Cat face rating experiment_1000-1500,2021.1.4,Win32,144.3834825
,,,,,,space,2.3654,3,2.0478,0,79,79,79,1,79,images/pixabay_cat_001313.jpg,Eddy,001,2022-04-11_14h50.03.189,Cat face rating experiment_1000-1500,2021.1.4,Win32,144.3834825
,,,,,,space,1.5047,,,0,80,80,80,1,80,images/pixabay_cat_002740.jpg,Eddy,001,2022-04-11_14h50.03.189,Cat face rating experiment_1000-1500,2021.1.4,Win32,144.3834825
,,,,,,space,1.9748,2,1.6793,0,81,81,81,1,81,images/pixabay_cat_004722.jpg,Eddy,001,2022-04-11_14h50.03.189,Cat face rating experiment_1000-1500,2021.1.4,Win32,144.3834825
,,,,,,space,1.4588,,,0,82,82,82,1,82,images/pixabay_cat_004717.jpg,Eddy,001,2022-04-11_14h50.03.189,Cat face rating experiment_1000-1500,2021.1.4,Win32,144.3834825
,,,,,,space,1.9619,6,1.8157,0,83,83,83,1,83,images/pixabay_cat_002940.jpg,Eddy,001,2022-04-11_14h50.03.189,Cat face rating experiment_1000-1500,2021.1.4,Win32,144.3834825
,,,,,,space,1.4564,5,0.9817,0,84,84,84,1,84,images/pixabay_cat_000870.jpg,Eddy,001,2022-04-11_14h50.03.189,Cat face rating experiment_1000-1500,2021.1.4,Win32,144.3834825
,,,,,,space,6.8368,5,4.939,0,85,85,85,1,85,images/pixabay_cat_004516.jpg,Eddy,001,2022-04-11_14h50.03.189,Cat face rating experiment_1000-1500,2021.1.4,Win32,144.3834825
,,,,,,space,1.1924,,,0,86,86,86,1,86,images/pixabay_cat_004399.jpg,Eddy,001,2022-04-11_14h50.03.189,Cat face rating experiment_1000-1500,2021.1.4,Win32,144.3834825
,,,,,,space,1.9365,5,1.6512,0,87,87,87,1,87,images/pixabay_cat_002095.jpg,Eddy,001,2022-04-11_14h50.03.189,Cat face rating experiment_1000-1500,2021.1.4,Win32,144.3834825
,,,,,,space,1.2056,3,0.9639,0,88,88,88,1,88,images/pixabay_cat_004056.jpg,Eddy,001,2022-04-11_14h50.03.189,Cat face rating experiment_1000-1500,2021.1.4,Win32,144.3834825
,,,,,,space,1.6293,5,1.4812,0,89,89,89,1,89,images/pixabay_cat_000723.jpg,Eddy,001,2022-04-11_14h50.03.189,Cat face rating experiment_1000-1500,2021.1.4,Win32,144.3834825
,,,,,,space,1.2187,6,0.9607,0,90,90,90,1,90,images/pixabay_cat_000267.jpg,Eddy,001,2022-04-11_14h50.03.189,Cat face rating experiment_1000-1500,2021.1.4,Win32,144.3834825
,,,,,,space,1.6502,2,1.4602,0,91,91,91,1,91,images/pixabay_cat_004677.jpg,Eddy,001,2022-04-11_14h50.03.189,Cat face rating experiment_1000-1500,2021.1.4,Win32,144.3834825
,,,,,,space,1.8713,2,1.7002,0,92,92,92,1,92,images/pixabay_cat_004805.jpg,Eddy,001,2022-04-11_14h50.03.189,Cat face rating experiment_1000-1500,2021.1.4,Win32,144.3834825
,,,,,,space,1.1535,5,0.9827,0,93,93,93,1,93,images/pixabay_cat_000064.jpg,Eddy,001,2022-04-11_14h50.03.189,Cat face rating experiment_1000-1500,2021.1.4,Win32,144.3834825
,,,,,,space,1.6493,3,1.469,0,94,94,94,1,94,images/pixabay_cat_002191.jpg,Eddy,001,2022-04-11_14h50.03.189,Cat face rating experiment_1000-1500,2021.1.4,Win32,144.3834825
,,,,,,space,1.9862,5,1.1653,0,95,95,95,1,95,images/pixabay_cat_003695.jpg,Eddy,001,2022-04-11_14h50.03.189,Cat face rating experiment_1000-1500,2021.1.4,Win32,144.3834825
,,,,,,space,1.7587,2,1.5023,0,96,96,96,1,96,images/pixabay_cat_000191.jpg,Eddy,001,2022-04-11_14h50.03.189,Cat face rating experiment_1000-1500,2021.1.4,Win32,144.3834825
,,,,,,space,3.8684,5,3.4118,0,97,97,97,1,97,images/flickr_cat_000634.jpg,Eddy,001,2022-04-11_14h50.03.189,Cat face rating experiment_1000-1500,2021.1.4,Win32,144.3834825
,,,,,,space,2.3367,5,1.3017,0,98,98,98,1,98,images/pixabay_cat_003973.jpg,Eddy,001,2022-04-11_14h50.03.189,Cat face rating experiment_1000-1500,2021.1.4,Win32,144.3834825
,,,,,,space,1.9489,4,1.7907,0,99,99,99,1,99,images/pixabay_cat_004785.jpg,Eddy,001,2022-04-11_14h50.03.189,Cat face rating experiment_1000-1500,2021.1.4,Win32,144.3834825
,,,,,,space,6.303,5,1.469,0,100,100,100,1,100,images/pixabay_cat_004404.jpg,Eddy,001,2022-04-11_14h50.03.189,Cat face rating experiment_1000-1500,2021.1.4,Win32,144.3834825
,,,,,,space,1.3881,3,0.9809,0,101,101,101,1,101,images/pixabay_cat_003841.jpg,Eddy,001,2022-04-11_14h50.03.189,Cat face rating experiment_1000-1500,2021.1.4,Win32,144.3834825
,,,,,,space,3.4334,5,3.0532,0,102,102,102,1,102,images/pixabay_cat_004577.jpg,Eddy,001,2022-04-11_14h50.03.189,Cat face rating experiment_1000-1500,2021.1.4,Win32,144.3834825
,,,,,,space,15.9023,6,15.5622,0,103,103,103,1,103,images/pixabay_cat_003110.jpg,Eddy,001,2022-04-11_14h50.03.189,Cat face rating experiment_1000-1500,2021.1.4,Win32,144.3834825
,,,,,,space,1.4551,5,1.3007,0,104,104,104,1,104,images/flickr_cat_000493.jpg,Eddy,001,2022-04-11_14h50.03.189,Cat face rating experiment_1000-1500,2021.1.4,Win32,144.3834825
,,,,,,space,1.3679,,,0,105,105,105,1,105,images/pixabay_cat_004059.jpg,Eddy,001,2022-04-11_14h50.03.189,Cat face rating experiment_1000-1500,2021.1.4,Win32,144.3834825
,,,,,,space,2.5511,5,1.407,0,106,106,106,1,106,images/pixabay_cat_000465.jpg,Eddy,001,2022-04-11_14h50.03.189,Cat face rating experiment_1000-1500,2021.1.4,Win32,144.3834825
,,,,,,space,6.3975,5,3.8097,0,107,107,107,1,107,images/flickr_cat_000201.jpg,Eddy,001,2022-04-11_14h50.03.189,Cat face rating experiment_1000-1500,2021.1.4,Win32,144.3834825
,,,,,,space,1.4287,1,1.1641,0,108,108,108,1,108,images/pixabay_cat_002036.jpg,Eddy,001,2022-04-11_14h50.03.189,Cat face rating experiment_1000-1500,2021.1.4,Win32,144.3834825
,,,,,,space,1.402,3,1.1356,0,109,109,109,1,109,images/pixabay_cat_000843.jpg,Eddy,001,2022-04-11_14h50.03.189,Cat face rating experiment_1000-1500,2021.1.4,Win32,144.3834825
,,,,,,space,2.7382,5,1.5304,0,110,110,110,1,110,images/pixabay_cat_004125.jpg,Eddy,001,2022-04-11_14h50.03.189,Cat face rating experiment_1000-1500,2021.1.4,Win32,144.3834825
,,,,,,space,3.9571,4,2.76,0,111,111,111,1,111,images/pixabay_cat_001423.jpg,Eddy,001,2022-04-11_14h50.03.189,Cat face rating experiment_1000-1500,2021.1.4,Win32,144.3834825
,,,,,,space,4.7015,2,4.492,0,112,112,112,1,112,images/pixabay_cat_001247.jpg,Eddy,001,2022-04-11_14h50.03.189,Cat face rating experiment_1000-1500,2021.1.4,Win32,144.3834825
,,,,,,space,6.6643,4,6.4772,0,113,113,113,1,113,images/pixabay_cat_001468.jpg,Eddy,001,2022-04-11_14h50.03.189,Cat face rating experiment_1000-1500,2021.1.4,Win32,144.3834825
,,,,,,space,44.4104,6,43.6524,0,114,114,114,1,114,images/pixabay_cat_001100.jpg,Eddy,001,2022-04-11_14h50.03.189,Cat face rating experiment_1000-1500,2021.1.4,Win32,144.3834825
,,,,,,space,1.8646,3,1.5591,0,115,115,115,1,115,images/pixabay_cat_002751.jpg,Eddy,001,2022-04-11_14h50.03.189,Cat face rating experiment_1000-1500,2021.1.4,Win32,144.3834825
,,,,,,space,1.3127,3,0.9828,0,116,116,116,1,116,images/pixabay_cat_001769.jpg,Eddy,001,2022-04-11_14h50.03.189,Cat face rating experiment_1000-1500,2021.1.4,Win32,144.3834825
,,,,,,space,2.2928,3,1.7598,0,117,117,117,1,117,images/pixabay_cat_003766.jpg,Eddy,001,2022-04-11_14h50.03.189,Cat face rating experiment_1000-1500,2021.1.4,Win32,144.3834825
,,,,,,space,3.3464,4,3.1005,0,118,118,118,1,118,images/pixabay_cat_003266.jpg,Eddy,001,2022-04-11_14h50.03.189,Cat face rating experiment_1000-1500,2021.1.4,Win32,144.3834825
,,,,,,space,1.0883,5,0.905,0,119,119,119,1,119,images/pixabay_cat_001610.jpg,Eddy,001,2022-04-11_14h50.03.189,Cat face rating experiment_1000-1500,2021.1.4,Win32,144.3834825
,,,,,,space,1.2195,5,1.0618,0,120,120,120,1,120,images/pixabay_cat_002504.jpg,Eddy,001,2022-04-11_14h50.03.189,Cat face rating experiment_1000-1500,2021.1.4,Win32,144.3834825
,,,,,,space,1.3338,,,0,121,121,121,1,121,images/flickr_cat_000474.jpg,Eddy,001,2022-04-11_14h50.03.189,Cat face rating experiment_1000-1500,2021.1.4,Win32,144.3834825
,,,,,,space,13.0816,3,12.7692,0,122,122,122,1,122,images/pixabay_cat_000725.jpg,Eddy,001,2022-04-11_14h50.03.189,Cat face rating experiment_1000-1500,2021.1.4,Win32,144.3834825
,,,,,,space,1.5027,3,1.2391,0,123,123,123,1,123,images/pixabay_cat_002428.jpg,Eddy,001,2022-04-11_14h50.03.189,Cat face rating experiment_1000-1500,2021.1.4,Win32,144.3834825
,,,,,,space,1.6446,5,1.4062,0,124,124,124,1,124,images/pixabay_cat_001805.jpg,Eddy,001,2022-04-11_14h50.03.189,Cat face rating experiment_1000-1500,2021.1.4,Win32,144.3834825
,,,,,,space,1.4393,6,0.9977,0,125,125,125,1,125,images/pixabay_cat_002315.jpg,Eddy,001,2022-04-11_14h50.03.189,Cat face rating experiment_1000-1500,2021.1.4,Win32,144.3834825
,,,,,,space,1.228,3,1.0352,0,126,126,126,1,126,images/pixabay_cat_002786.jpg,Eddy,001,2022-04-11_14h50.03.189,Cat face rating experiment_1000-1500,2021.1.4,Win32,144.3834825
,,,,,,space,1.4508,3,1.2038,0,127,127,127,1,127,images/pixabay_cat_001026.jpg,Eddy,001,2022-04-11_14h50.03.189,Cat face rating experiment_1000-1500,2021.1.4,Win32,144.3834825
,,,,,,space,1.5415,5,1.1073,0,128,128,128,1,128,images/pixabay_cat_003716.jpg,Eddy,001,2022-04-11_14h50.03.189,Cat face rating experiment_1000-1500,2021.1.4,Win32,144.3834825
,,,,,,space,1.7831,,,0,129,129,129,1,129,images/pixabay_cat_004812.jpg,Eddy,001,2022-04-11_14h50.03.189,Cat face rating experiment_1000-1500,2021.1.4,Win32,144.3834825
,,,,,,space,1.6362,6,1.5217,0,130,130,130,1,130,images/pixabay_cat_000041.jpg,Eddy,001,2022-04-11_14h50.03.189,Cat face rating experiment_1000-1500,2021.1.4,Win32,144.3834825
,,,,,,space,1.7875,5,0.9622,0,131,131,131,1,131,images/pixabay_cat_001925.jpg,Eddy,001,2022-04-11_14h50.03.189,Cat face rating experiment_1000-1500,2021.1.4,Win32,144.3834825
,,,,,,space,1.659,3,1.5029,0,132,132,132,1,132,images/pixabay_cat_004803.jpg,Eddy,001,2022-04-11_14h50.03.189,Cat face rating experiment_1000-1500,2021.1.4,Win32,144.3834825
,,,,,,space,1.4743,5,1.0933,0,133,133,133,1,133,images/pixabay_cat_004734.jpg,Eddy,001,2022-04-11_14h50.03.189,Cat face rating experiment_1000-1500,2021.1.4,Win32,144.3834825
,,,,,,space,1.0956,,,0,134,134,134,1,134,images/pixabay_cat_004806.jpg,Eddy,001,2022-04-11_14h50.03.189,Cat face rating experiment_1000-1500,2021.1.4,Win32,144.3834825
,,,,,,space,1.5716,3,1.2723,0,135,135,135,1,135,images/pixabay_cat_003272.jpg,Eddy,001,2022-04-11_14h50.03.189,Cat face rating experiment_1000-1500,2021.1.4,Win32,144.3834825
,,,,,,space,1.2213,,,0,136,136,136,1,136,images/pixabay_cat_004552.jpg,Eddy,001,2022-04-11_14h50.03.189,Cat face rating experiment_1000-1500,2021.1.4,Win32,144.3834825
,,,,,,space,1.5205,3,1.0855,0,137,137,137,1,137,images/pixabay_cat_003402.jpg,Eddy,001,2022-04-11_14h50.03.189,Cat face rating experiment_1000-1500,2021.1.4,Win32,144.3834825
,,,,,,space,1.3589,5,1.0463,0,138,138,138,1,138,images/flickr_cat_000632.jpg,Eddy,001,2022-04-11_14h50.03.189,Cat face rating experiment_1000-1500,2021.1.4,Win32,144.3834825
,,,,,,space,2.3346,3,2.116,0,139,139,139,1,139,images/pixabay_cat_004689.jpg,Eddy,001,2022-04-11_14h50.03.189,Cat face rating experiment_1000-1500,2021.1.4,Win32,144.3834825
,,,,,,space,3.9009,,,0,140,140,140,1,140,images/pixabay_cat_000473.jpg,Eddy,001,2022-04-11_14h50.03.189,Cat face rating experiment_1000-1500,2021.1.4,Win32,144.3834825
,,,,,,space,2.2299,3,1.9969,0,141,141,141,1,141,images/pixabay_cat_000177.jpg,Eddy,001,2022-04-11_14h50.03.189,Cat face rating experiment_1000-1500,2021.1.4,Win32,144.3834825
,,,,,,space,1.6955,6,1.372,0,142,142,142,1,142,images/pixabay_cat_000632.jpg,Eddy,001,2022-04-11_14h50.03.189,Cat face rating experiment_1000-1500,2021.1.4,Win32,144.3834825
,,,,,,space,1.8279,3,1.5241,0,143,143,143,1,143,images/flickr_cat_000786.jpg,Eddy,001,2022-04-11_14h50.03.189,Cat face rating experiment_1000-1500,2021.1.4,Win32,144.3834825
,,,,,,space,1.9841,7,1.7192,0,144,144,144,1,144,images/pixabay_cat_001987.jpg,Eddy,001,2022-04-11_14h50.03.189,Cat face rating experiment_1000-1500,2021.1.4,Win32,144.3834825
,,,,,,space,2.5042,5,1.1336,0,145,145,145,1,145,images/flickr_cat_000767.jpg,Eddy,001,2022-04-11_14h50.03.189,Cat face rating experiment_1000-1500,2021.1.4,Win32,144.3834825
,,,,,,space,1.1656,3,0.9714,0,146,146,146,1,146,images/pixabay_cat_002980.jpg,Eddy,001,2022-04-11_14h50.03.189,Cat face rating experiment_1000-1500,2021.1.4,Win32,144.3834825
,,,,,,space,3.0372,3,2.8164,0,147,147,147,1,147,images/pixabay_cat_002016.jpg,Eddy,001,2022-04-11_14h50.03.189,Cat face rating experiment_1000-1500,2021.1.4,Win32,144.3834825
,,,,,,space,1.852,6,1.693,0,148,148,148,1,148,images/pixabay_cat_000395.jpg,Eddy,001,2022-04-11_14h50.03.189,Cat face rating experiment_1000-1500,2021.1.4,Win32,144.3834825
,,,,,,space,2.4486,4,2.2508,0,149,149,149,1,149,images/pixabay_cat_004827.jpg,Eddy,001,2022-04-11_14h50.03.189,Cat face rating experiment_1000-1500,2021.1.4,Win32,144.3834825
,,,,,,space,1.1556,,,0,150,150,150,1,150,images/pixabay_cat_001410.jpg,Eddy,001,2022-04-11_14h50.03.189,Cat face rating experiment_1000-1500,2021.1.4,Win32,144.3834825
,,,,,,space,1.991,5,1.8448,0,151,151,151,1,151,images/pixabay_cat_003690.jpg,Eddy,001,2022-04-11_14h50.03.189,Cat face rating experiment_1000-1500,2021.1.4,Win32,144.3834825
,,,,,,space,1.3003,3,1.057,0,152,152,152,1,152,images/pixabay_cat_002470.jpg,Eddy,001,2022-04-11_14h50.03.189,Cat face rating experiment_1000-1500,2021.1.4,Win32,144.3834825
,,,,,,space,1.0301,3,0.8219,0,153,153,153,1,153,images/pixabay_cat_002363.jpg,Eddy,001,2022-04-11_14h50.03.189,Cat face rating experiment_1000-1500,2021.1.4,Win32,144.3834825
,,,,,,space,2.5083,3,1.8932,0,154,154,154,1,154,images/pixabay_cat_000866.jpg,Eddy,001,2022-04-11_14h50.03.189,Cat face rating experiment_1000-1500,2021.1.4,Win32,144.3834825
,,,,,,space,1.6296,2,1.351,0,155,155,155,1,155,images/pixabay_cat_000595.jpg,Eddy,001,2022-04-11_14h50.03.189,Cat face rating experiment_1000-1500,2021.1.4,Win32,144.3834825
,,,,,,space,2.2622,3,1.135,0,156,156,156,1,156,images/pixabay_cat_004008.jpg,Eddy,001,2022-04-11_14h50.03.189,Cat face rating experiment_1000-1500,2021.1.4,Win32,144.3834825
,,,,,,space,1.045,,,0,157,157,157,1,157,images/pixabay_cat_003778.jpg,Eddy,001,2022-04-11_14h50.03.189,Cat face rating experiment_1000-1500,2021.1.4,Win32,144.3834825
,,,,,,space,0.9926,,,0,158,158,158,1,158,images/pixabay_cat_001664.jpg,Eddy,001,2022-04-11_14h50.03.189,Cat face rating experiment_1000-1500,2021.1.4,Win32,144.3834825
,,,,,,space,1.3043,,,0,159,159,159,1,159,images/pixabay_cat_001566.jpg,Eddy,001,2022-04-11_14h50.03.189,Cat face rating experiment_1000-1500,2021.1.4,Win32,144.3834825
,,,,,,space,1.5408,,,0,160,160,160,1,160,images/pixabay_cat_003520.jpg,Eddy,001,2022-04-11_14h50.03.189,Cat face rating experiment_1000-1500,2021.1.4,Win32,144.3834825
,,,,,,space,2.0767,,,0,161,161,161,1,161,images/flickr_cat_000289.jpg,Eddy,001,2022-04-11_14h50.03.189,Cat face rating experiment_1000-1500,2021.1.4,Win32,144.3834825
,,,,,,space,2.1303,,,0,162,162,162,1,162,images/pixabay_cat_001164.jpg,Eddy,001,2022-04-11_14h50.03.189,Cat face rating experiment_1000-1500,2021.1.4,Win32,144.3834825
,,,,,,space,0.9872,,,0,163,163,163,1,163,images/pixabay_cat_003943.jpg,Eddy,001,2022-04-11_14h50.03.189,Cat face rating experiment_1000-1500,2021.1.4,Win32,144.3834825
,,,,,,space,2.416,,,0,164,164,164,1,164,images/pixabay_cat_002018.jpg,Eddy,001,2022-04-11_14h50.03.189,Cat face rating experiment_1000-1500,2021.1.4,Win32,144.3834825
,,,,,,space,2.2795,,,0,165,165,165,1,165,images/pixabay_cat_000060.jpg,Eddy,001,2022-04-11_14h50.03.189,Cat face rating experiment_1000-1500,2021.1.4,Win32,144.3834825
,,,,,,space,1.297,5,1.129,0,166,166,166,1,166,images/pixabay_cat_001314.jpg,Eddy,001,2022-04-11_14h50.03.189,Cat face rating experiment_1000-1500,2021.1.4,Win32,144.3834825
,,,,,,space,1.7881,5,1.663,0,167,167,167,1,167,images/pixabay_cat_000229.jpg,Eddy,001,2022-04-11_14h50.03.189,Cat face rating experiment_1000-1500,2021.1.4,Win32,144.3834825
,,,,,,space,1.3808,3,1.1279,0,168,168,168,1,168,images/pixabay_cat_004190.jpg,Eddy,001,2022-04-11_14h50.03.189,Cat face rating experiment_1000-1500,2021.1.4,Win32,144.3834825
,,,,,,space,1.049,3,0.8381,0,169,169,169,1,169,images/pixabay_cat_001856.jpg,Eddy,001,2022-04-11_14h50.03.189,Cat face rating experiment_1000-1500,2021.1.4,Win32,144.3834825
,,,,,,space,2.6017,3,2.2941,0,170,170,170,1,170,images/pixabay_cat_000945.jpg,Eddy,001,2022-04-11_14h50.03.189,Cat face rating experiment_1000-1500,2021.1.4,Win32,144.3834825
,,,,,,space,2.081,5,1.4606,0,171,171,171,1,171,images/pixabay_cat_000219.jpg,Eddy,001,2022-04-11_14h50.03.189,Cat face rating experiment_1000-1500,2021.1.4,Win32,144.3834825
,,,,,,space,1.4076,,,0,172,172,172,1,172,images/pixabay_cat_002115.jpg,Eddy,001,2022-04-11_14h50.03.189,Cat face rating experiment_1000-1500,2021.1.4,Win32,144.3834825
,,,,,,space,2.314,2,1.3778,0,173,173,173,1,173,images/pixabay_cat_000729.jpg,Eddy,001,2022-04-11_14h50.03.189,Cat face rating experiment_1000-1500,2021.1.4,Win32,144.3834825
,,,,,,space,1.9739,3,1.1555,0,174,174,174,1,174,images/flickr_cat_000118.jpg,Eddy,001,2022-04-11_14h50.03.189,Cat face rating experiment_1000-1500,2021.1.4,Win32,144.3834825
,,,,,,space,6.2006,,,0,175,175,175,1,175,images/pixabay_cat_001880.jpg,Eddy,001,2022-04-11_14h50.03.189,Cat face rating experiment_1000-1500,2021.1.4,Win32,144.3834825
,,,,,,space,1.6922,5,1.4345,0,176,176,176,1,176,images/pixabay_cat_002715.jpg,Eddy,001,2022-04-11_14h50.03.189,Cat face rating experiment_1000-1500,2021.1.4,Win32,144.3834825
,,,,,,space,4.1849,5,3.9404,0,177,177,177,1,177,images/pixabay_cat_004670.jpg,Eddy,001,2022-04-11_14h50.03.189,Cat face rating experiment_1000-1500,2021.1.4,Win32,144.3834825
,,,,,,space,1.3452,2,1.1596,0,178,178,178,1,178,images/pixabay_cat_003800.jpg,Eddy,001,2022-04-11_14h50.03.189,Cat face rating experiment_1000-1500,2021.1.4,Win32,144.3834825
,,,,,,space,2.4837,5,2.2394,0,179,179,179,1,179,images/flickr_cat_000505.jpg,Eddy,001,2022-04-11_14h50.03.189,Cat face rating experiment_1000-1500,2021.1.4,Win32,144.3834825
,,,,,,space,7.0123,3,5.7963,0,180,180,180,1,180,images/flickr_cat_000473.jpg,Eddy,001,2022-04-11_14h50.03.189,Cat face rating experiment_1000-1500,2021.1.4,Win32,144.3834825
,,,,,,space,4.9486,5,1.7867,0,181,181,181,1,181,images/pixabay_cat_003601.jpg,Eddy,001,2022-04-11_14h50.03.189,Cat face rating experiment_1000-1500,2021.1.4,Win32,144.3834825
,,,,,,space,1.1903,5,0.9536,0,182,182,182,1,182,images/pixabay_cat_000278.jpg,Eddy,001,2022-04-11_14h50.03.189,Cat face rating experiment_1000-1500,2021.1.4,Win32,144.3834825
,,,,,,space,2.3718,5,2.2357,0,183,183,183,1,183,images/pixabay_cat_000915.jpg,Eddy,001,2022-04-11_14h50.03.189,Cat face rating experiment_1000-1500,2021.1.4,Win32,144.3834825
,,,,,,space,1.5394,6,1.2876,0,184,184,184,1,184,images/pixabay_cat_000466.jpg,Eddy,001,2022-04-11_14h50.03.189,Cat face rating experiment_1000-1500,2021.1.4,Win32,144.3834825
,,,,,,space,9.0534,2,8.2581,0,185,185,185,1,185,images/pixabay_cat_001322.jpg,Eddy,001,2022-04-11_14h50.03.189,Cat face rating experiment_1000-1500,2021.1.4,Win32,144.3834825
,,,,,,space,5.3074,3,4.908,0,186,186,186,1,186,images/flickr_cat_000646.jpg,Eddy,001,2022-04-11_14h50.03.189,Cat face rating experiment_1000-1500,2021.1.4,Win32,144.3834825
,,,,,,space,8.7618,3,2.9218,0,187,187,187,1,187,images/flickr_cat_000460.jpg,Eddy,001,2022-04-11_14h50.03.189,Cat face rating experiment_1000-1500,2021.1.4,Win32,144.3834825
,,,,,,space,2.5453,,,0,188,188,188,1,188,images/pixabay_cat_001636.jpg,Eddy,001,2022-04-11_14h50.03.189,Cat face rating experiment_1000-1500,2021.1.4,Win32,144.3834825
,,,,,,space,4.6485,5,1.4397,0,189,189,189,1,189,images/pixabay_cat_002072.jpg,Eddy,001,2022-04-11_14h50.03.189,Cat face rating experiment_1000-1500,2021.1.4,Win32,144.3834825
,,,,,,space,2.9157,6,1.2628,0,190,190,190,1,190,images/pixabay_cat_003062.jpg,Eddy,001,2022-04-11_14h50.03.189,Cat face rating experiment_1000-1500,2021.1.4,Win32,144.3834825
,,,,,,space,1.0018,6,0.8558,0,191,191,191,1,191,images/pixabay_cat_001616.jpg,Eddy,001,2022-04-11_14h50.03.189,Cat face rating experiment_1000-1500,2021.1.4,Win32,144.3834825
,,,,,,space,1.5374,3,1.0245,0,192,192,192,1,192,images/pixabay_cat_002174.jpg,Eddy,001,2022-04-11_14h50.03.189,Cat face rating experiment_1000-1500,2021.1.4,Win32,144.3834825
,,,,,,space,7.4543,2,2.0799,0,193,193,193,1,193,images/pixabay_cat_000721.jpg,Eddy,001,2022-04-11_14h50.03.189,Cat face rating experiment_1000-1500,2021.1.4,Win32,144.3834825
,,,,,,space,1.6813,3,1.4045,0,194,194,194,1,194,images/pixabay_cat_004435.jpg,Eddy,001,2022-04-11_14h50.03.189,Cat face rating experiment_1000-1500,2021.1.4,Win32,144.3834825
,,,,,,space,4.1749,2,1.4273,0,195,195,195,1,195,images/pixabay_cat_001701.jpg,Eddy,001,2022-04-11_14h50.03.189,Cat face rating experiment_1000-1500,2021.1.4,Win32,144.3834825
,,,,,,space,1.7259,2,1.4746,0,196,196,196,1,196,images/flickr_cat_000264.jpg,Eddy,001,2022-04-11_14h50.03.189,Cat face rating experiment_1000-1500,2021.1.4,Win32,144.3834825
,,,,,,space,2.181,6,1.8081,0,197,197,197,1,197,images/pixabay_cat_001912.jpg,Eddy,001,2022-04-11_14h50.03.189,Cat face rating experiment_1000-1500,2021.1.4,Win32,144.3834825
,,,,,,space,1.6312,3,1.4116,0,198,198,198,1,198,images/pixabay_cat_004741.jpg,Eddy,001,2022-04-11_14h50.03.189,Cat face rating experiment_1000-1500,2021.1.4,Win32,144.3834825
,,,,,,space,1.2277,3,1.0443,0,199,199,199,1,199,images/pixabay_cat_002127.jpg,Eddy,001,2022-04-11_14h50.03.189,Cat face rating experiment_1000-1500,2021.1.4,Win32,144.3834825
,,,,,,space,1.9143,4,1.5719,0,200,200,200,1,200,images/pixabay_cat_003372.jpg,Eddy,001,2022-04-11_14h50.03.189,Cat face rating experiment_1000-1500,2021.1.4,Win32,144.3834825
,,,,,,space,1.6649,3,1.3825,0,201,201,201,1,201,images/pixabay_cat_004686.jpg,Eddy,001,2022-04-11_14h50.03.189,Cat face rating experiment_1000-1500,2021.1.4,Win32,144.3834825
,,,,,,space,1.652,2,1.2476,0,202,202,202,1,202,images/pixabay_cat_001971.jpg,Eddy,001,2022-04-11_14h50.03.189,Cat face rating experiment_1000-1500,2021.1.4,Win32,144.3834825
,,,,,,space,1.4082,3,1.0508,0,203,203,203,1,203,images/pixabay_cat_000410.jpg,Eddy,001,2022-04-11_14h50.03.189,Cat face rating experiment_1000-1500,2021.1.4,Win32,144.3834825
,,,,,,space,3.8276,5,3.6628,0,204,204,204,1,204,images/pixabay_cat_000045.jpg,Eddy,001,2022-04-11_14h50.03.189,Cat face rating experiment_1000-1500,2021.1.4,Win32,144.3834825
,,,,,,space,1.4345,5,1.2669,0,205,205,205,1,205,images/pixabay_cat_001940.jpg,Eddy,001,2022-04-11_14h50.03.189,Cat face rating experiment_1000-1500,2021.1.4,Win32,144.3834825
,,,,,,space,1.3603,5,1.2042,0,206,206,206,1,206,images/pixabay_cat_001229.jpg,Eddy,001,2022-04-11_14h50.03.189,Cat face rating experiment_1000-1500,2021.1.4,Win32,144.3834825
,,,,,,space,2.5432,5,1.6275,0,207,207,207,1,207,images/pixabay_cat_001474.jpg,Eddy,001,2022-04-11_14h50.03.189,Cat face rating experiment_1000-1500,2021.1.4,Win32,144.3834825
,,,,,,space,1.5928,3,1.3091,0,208,208,208,1,208,images/pixabay_cat_004153.jpg,Eddy,001,2022-04-11_14h50.03.189,Cat face rating experiment_1000-1500,2021.1.4,Win32,144.3834825
,,,,,,space,2.3038,5,1.6968,0,209,209,209,1,209,images/pixabay_cat_003354.jpg,Eddy,001,2022-04-11_14h50.03.189,Cat face rating experiment_1000-1500,2021.1.4,Win32,144.3834825
,,,,,,space,1.5703,3,1.3438,0,210,210,210,1,210,images/pixabay_cat_004810.jpg,Eddy,001,2022-04-11_14h50.03.189,Cat face rating experiment_1000-1500,2021.1.4,Win32,144.3834825
,,,,,,space,2.4024,6,2.225,0,211,211,211,1,211,images/pixabay_cat_002293.jpg,Eddy,001,2022-04-11_14h50.03.189,Cat face rating experiment_1000-1500,2021.1.4,Win32,144.3834825
,,,,,,space,2.2991,5,2.0164,0,212,212,212,1,212,images/flickr_cat_000606.jpg,Eddy,001,2022-04-11_14h50.03.189,Cat face rating experiment_1000-1500,2021.1.4,Win32,144.3834825
,,,,,,space,1.2014,5,1.0085,0,213,213,213,1,213,images/flickr_cat_000800.jpg,Eddy,001,2022-04-11_14h50.03.189,Cat face rating experiment_1000-1500,2021.1.4,Win32,144.3834825
,,,,,,space,1.8522,6,1.6772,0,214,214,214,1,214,images/pixabay_cat_003090.jpg,Eddy,001,2022-04-11_14h50.03.189,Cat face rating experiment_1000-1500,2021.1.4,Win32,144.3834825
,,,,,,space,1.4864,3,1.3082,0,215,215,215,1,215,images/pixabay_cat_000411.jpg,Eddy,001,2022-04-11_14h50.03.189,Cat face rating experiment_1000-1500,2021.1.4,Win32,144.3834825
,,,,,,space,1.0779,,,0,216,216,216,1,216,images/flickr_cat_000207.jpg,Eddy,001,2022-04-11_14h50.03.189,Cat face rating experiment_1000-1500,2021.1.4,Win32,144.3834825
,,,,,,space,0.9967,,,0,217,217,217,1,217,images/flickr_cat_000512.jpg,Eddy,001,2022-04-11_14h50.03.189,Cat face rating experiment_1000-1500,2021.1.4,Win32,144.3834825
,,,,,,space,1.2833,,,0,218,218,218,1,218,images/pixabay_cat_002040.jpg,Eddy,001,2022-04-11_14h50.03.189,Cat face rating experiment_1000-1500,2021.1.4,Win32,144.3834825
,,,,,,space,2.2958,3,1.7793,0,219,219,219,1,219,images/pixabay_cat_000127.jpg,Eddy,001,2022-04-11_14h50.03.189,Cat face rating experiment_1000-1500,2021.1.4,Win32,144.3834825
,,,,,,space,1.2494,2,1.0198,0,220,220,220,1,220,images/pixabay_cat_000575.jpg,Eddy,001,2022-04-11_14h50.03.189,Cat face rating experiment_1000-1500,2021.1.4,Win32,144.3834825
,,,,,,space,1.3465,1,0.9911,0,221,221,221,1,221,images/pixabay_cat_000313.jpg,Eddy,001,2022-04-11_14h50.03.189,Cat face rating experiment_1000-1500,2021.1.4,Win32,144.3834825
,,,,,,space,1.6723,2,1.0037,0,222,222,222,1,222,images/pixabay_cat_004048.jpg,Eddy,001,2022-04-11_14h50.03.189,Cat face rating experiment_1000-1500,2021.1.4,Win32,144.3834825
,,,,,,space,4.6443,3,3.308,0,223,223,223,1,223,images/pixabay_cat_003070.jpg,Eddy,001,2022-04-11_14h50.03.189,Cat face rating experiment_1000-1500,2021.1.4,Win32,144.3834825
,,,,,,space,7.036,,,0,224,224,224,1,224,images/flickr_cat_000317.jpg,Eddy,001,2022-04-11_14h50.03.189,Cat face rating experiment_1000-1500,2021.1.4,Win32,144.3834825
,,,,,,space,2.9844,5,1.2469,0,225,225,225,1,225,images/pixabay_cat_000432.jpg,Eddy,001,2022-04-11_14h50.03.189,Cat face rating experiment_1000-1500,2021.1.4,Win32,144.3834825
,,,,,,space,1.7539,6,1.5791,0,226,226,226,1,226,images/pixabay_cat_001013.jpg,Eddy,001,2022-04-11_14h50.03.189,Cat face rating experiment_1000-1500,2021.1.4,Win32,144.3834825
,,,,,,space,2.6308,3,2.2844,0,227,227,227,1,227,images/flickr_cat_000806.jpg,Eddy,001,2022-04-11_14h50.03.189,Cat face rating experiment_1000-1500,2021.1.4,Win32,144.3834825
,,,,,,space,18.3733,2,17.4934,0,228,228,228,1,228,images/pixabay_cat_000900.jpg,Eddy,001,2022-04-11_14h50.03.189,Cat face rating experiment_1000-1500,2021.1.4,Win32,144.3834825
,,,,,,space,1.6976,3,1.3581,0,229,229,229,1,229,images/pixabay_cat_003348.jpg,Eddy,001,2022-04-11_14h50.03.189,Cat face rating experiment_1000-1500,2021.1.4,Win32,144.3834825
,,,,,,space,1.8744,3,1.2534,0,230,230,230,1,230,images/pixabay_cat_002444.jpg,Eddy,001,2022-04-11_14h50.03.189,Cat face rating experiment_1000-1500,2021.1.4,Win32,144.3834825
,,,,,,space,1.0892,5,0.9507,0,231,231,231,1,231,images/pixabay_cat_004327.jpg,Eddy,001,2022-04-11_14h50.03.189,Cat face rating experiment_1000-1500,2021.1.4,Win32,144.3834825
,,,,,,space,3.1437,2,2.441,0,232,232,232,1,232,images/pixabay_cat_001955.jpg,Eddy,001,2022-04-11_14h50.03.189,Cat face rating experiment_1000-1500,2021.1.4,Win32,144.3834825
,,,,,,space,1.5551,5,1.4247,0,233,233,233,1,233,images/pixabay_cat_003894.jpg,Eddy,001,2022-04-11_14h50.03.189,Cat face rating experiment_1000-1500,2021.1.4,Win32,144.3834825
,,,,,,space,1.5263,6,1.1437,0,234,234,234,1,234,images/pixabay_cat_003347.jpg,Eddy,001,2022-04-11_14h50.03.189,Cat face rating experiment_1000-1500,2021.1.4,Win32,144.3834825
,,,,,,space,1.3397,6,1.1455,0,235,235,235,1,235,images/pixabay_cat_004691.jpg,Eddy,001,2022-04-11_14h50.03.189,Cat face rating experiment_1000-1500,2021.1.4,Win32,144.3834825
,,,,,,space,1.7281,5,1.622,0,236,236,236,1,236,images/pixabay_cat_002116.jpg,Eddy,001,2022-04-11_14h50.03.189,Cat face rating experiment_1000-1500,2021.1.4,Win32,144.3834825
,,,,,,space,0.9283,,,0,237,237,237,1,237,images/pixabay_cat_000836.jpg,Eddy,001,2022-04-11_14h50.03.189,Cat face rating experiment_1000-1500,2021.1.4,Win32,144.3834825
,,,,,,space,1.9269,,,0,238,238,238,1,238,images/pixabay_cat_000090.jpg,Eddy,001,2022-04-11_14h50.03.189,Cat face rating experiment_1000-1500,2021.1.4,Win32,144.3834825
,,,,,,space,1.5072,3,1.3589,0,239,239,239,1,239,images/pixabay_cat_002231.jpg,Eddy,001,2022-04-11_14h50.03.189,Cat face rating experiment_1000-1500,2021.1.4,Win32,144.3834825
,,,,,,space,1.8875,5,1.2675,0,240,240,240,1,240,images/pixabay_cat_002674.jpg,Eddy,001,2022-04-11_14h50.03.189,Cat face rating experiment_1000-1500,2021.1.4,Win32,144.3834825
,,,,,,space,2.4591,3,2.2181,0,241,241,241,1,241,images/flickr_cat_000472.jpg,Eddy,001,2022-04-11_14h50.03.189,Cat face rating experiment_1000-1500,2021.1.4,Win32,144.3834825
,,,,,,space,9.6928,,,0,242,242,242,1,242,images/pixabay_cat_001674.jpg,Eddy,001,2022-04-11_14h50.03.189,Cat face rating experiment_1000-1500,2021.1.4,Win32,144.3834825
,,,,,,space,3.3297,6,3.0697,0,243,243,243,1,243,images/pixabay_cat_004499.jpg,Eddy,001,2022-04-11_14h50.03.189,Cat face rating experiment_1000-1500,2021.1.4,Win32,144.3834825
,,,,,,space,1.9801,6,1.9296,0,244,244,244,1,244,images/pixabay_cat_004241.jpg,Eddy,001,2022-04-11_14h50.03.189,Cat face rating experiment_1000-1500,2021.1.4,Win32,144.3834825
,,,,,,space,1.8938,2,1.3292,0,245,245,245,1,245,images/pixabay_cat_003030.jpg,Eddy,001,2022-04-11_14h50.03.189,Cat face rating experiment_1000-1500,2021.1.4,Win32,144.3834825
,,,,,,space,3.3878,5,3.1584,0,246,246,246,1,246,images/pixabay_cat_004535.jpg,Eddy,001,2022-04-11_14h50.03.189,Cat face rating experiment_1000-1500,2021.1.4,Win32,144.3834825
,,,,,,space,2.2456,5,1.6623,0,247,247,247,1,247,images/pixabay_cat_003225.jpg,Eddy,001,2022-04-11_14h50.03.189,Cat face rating experiment_1000-1500,2021.1.4,Win32,144.3834825
,,,,,,space,2.5826,4,2.1928,0,248,248,248,1,248,images/pixabay_cat_001877.jpg,Eddy,001,2022-04-11_14h50.03.189,Cat face rating experiment_1000-1500,2021.1.4,Win32,144.3834825
,,,,,,space,4.9155,3,4.6461,0,249,249,249,1,249,images/pixabay_cat_001668.jpg,Eddy,001,2022-04-11_14h50.03.189,Cat face rating experiment_1000-1500,2021.1.4,Win32,144.3834825
,,,,,,space,3.4488,2,2.3369,0,250,250,250,1,250,images/pixabay_cat_002619.jpg,Eddy,001,2022-04-11_14h50.03.189,Cat face rating experiment_1000-1500,2021.1.4,Win32,144.3834825
,,,,,,space,3.1134,3,2.8497,0,251,251,251,1,251,images/flickr_cat_000242.jpg,Eddy,001,2022-04-11_14h50.03.189,Cat face rating experiment_1000-1500,2021.1.4,Win32,144.3834825
,,,,,,space,1.9707,6,1.7835,0,252,252,252,1,252,images/pixabay_cat_000062.jpg,Eddy,001,2022-04-11_14h50.03.189,Cat face rating experiment_1000-1500,2021.1.4,Win32,144.3834825
,,,,,,space,3.004,4,2.5982,0,253,253,253,1,253,images/pixabay_cat_000714.jpg,Eddy,001,2022-04-11_14h50.03.189,Cat face rating experiment_1000-1500,2021.1.4,Win32,144.3834825
,,,,,,space,1.9941,3,1.6591,0,254,254,254,1,254,images/pixabay_cat_002220.jpg,Eddy,001,2022-04-11_14h50.03.189,Cat face rating experiment_1000-1500,2021.1.4,Win32,144.3834825
,,,,,,space,1.699,2,1.4287,0,255,255,255,1,255,images/pixabay_cat_000551.jpg,Eddy,001,2022-04-11_14h50.03.189,Cat face rating experiment_1000-1500,2021.1.4,Win32,144.3834825
,,,,,,space,1.3882,3,1.1411,0,256,256,256,1,256,images/pixabay_cat_003198.jpg,Eddy,001,2022-04-11_14h50.03.189,Cat face rating experiment_1000-1500,2021.1.4,Win32,144.3834825
,,,,,,space,1.7233,,,0,257,257,257,1,257,images/pixabay_cat_003384.jpg,Eddy,001,2022-04-11_14h50.03.189,Cat face rating experiment_1000-1500,2021.1.4,Win32,144.3834825
,,,,,,space,2.0023,1,1.7406,0,258,258,258,1,258,images/pixabay_cat_004084.jpg,Eddy,001,2022-04-11_14h50.03.189,Cat face rating experiment_1000-1500,2021.1.4,Win32,144.3834825
,,,,,,space,3.0525,3,1.9962,0,259,259,259,1,259,images/pixabay_cat_004825.jpg,Eddy,001,2022-04-11_14h50.03.189,Cat face rating experiment_1000-1500,2021.1.4,Win32,144.3834825
,,,,,,space,2.2513,2,1.9281,0,260,260,260,1,260,images/pixabay_cat_000556.jpg,Eddy,001,2022-04-11_14h50.03.189,Cat face rating experiment_1000-1500,2021.1.4,Win32,144.3834825
,,,,,,space,10.4917,5,10.1606,0,261,261,261,1,261,images/pixabay_cat_003731.jpg,Eddy,001,2022-04-11_14h50.03.189,Cat face rating experiment_1000-1500,2021.1.4,Win32,144.3834825
,,,,,,space,3.3938,6,1.1534,0,262,262,262,1,262,images/pixabay_cat_004122.jpg,Eddy,001,2022-04-11_14h50.03.189,Cat face rating experiment_1000-1500,2021.1.4,Win32,144.3834825
,,,,,,space,2.8464,3,2.1264,0,263,263,263,1,263,images/pixabay_cat_003547.jpg,Eddy,001,2022-04-11_14h50.03.189,Cat face rating experiment_1000-1500,2021.1.4,Win32,144.3834825
,,,,,,space,1.4238,,,0,264,264,264,1,264,images/pixabay_cat_002352.jpg,Eddy,001,2022-04-11_14h50.03.189,Cat face rating experiment_1000-1500,2021.1.4,Win32,144.3834825
,,,,,,space,2.0289,5,1.8646,0,265,265,265,1,265,images/pixabay_cat_003153.jpg,Eddy,001,2022-04-11_14h50.03.189,Cat face rating experiment_1000-1500,2021.1.4,Win32,144.3834825
,,,,,,space,3.759,5,1.1181,0,266,266,266,1,266,images/pixabay_cat_001216.jpg,Eddy,001,2022-04-11_14h50.03.189,Cat face rating experiment_1000-1500,2021.1.4,Win32,144.3834825
,,,,,,space,1.3239,6,1.1698,0,267,267,267,1,267,images/pixabay_cat_000369.jpg,Eddy,001,2022-04-11_14h50.03.189,Cat face rating experiment_1000-1500,2021.1.4,Win32,144.3834825
,,,,,,space,3.0305,7,2.7147,0,268,268,268,1,268,images/pixabay_cat_001330.jpg,Eddy,001,2022-04-11_14h50.03.189,Cat face rating experiment_1000-1500,2021.1.4,Win32,144.3834825
,,,,,,space,1.3029,3,1.1704,0,269,269,269,1,269,images/pixabay_cat_000555.jpg,Eddy,001,2022-04-11_14h50.03.189,Cat face rating experiment_1000-1500,2021.1.4,Win32,144.3834825
,,,,,,space,2.5023,5,2.2273,0,270,270,270,1,270,images/flickr_cat_000167.jpg,Eddy,001,2022-04-11_14h50.03.189,Cat face rating experiment_1000-1500,2021.1.4,Win32,144.3834825
,,,,,,space,2.2437,3,2.1372,0,271,271,271,1,271,images/pixabay_cat_002197.jpg,Eddy,001,2022-04-11_14h50.03.189,Cat face rating experiment_1000-1500,2021.1.4,Win32,144.3834825
,,,,,,space,2.0893,4,1.9121,0,272,272,272,1,272,images/pixabay_cat_000499.jpg,Eddy,001,2022-04-11_14h50.03.189,Cat face rating experiment_1000-1500,2021.1.4,Win32,144.3834825
,,,,,,space,0.7547,,,0,273,273,273,1,273,images/pixabay_cat_001577.jpg,Eddy,001,2022-04-11_14h50.03.189,Cat face rating experiment_1000-1500,2021.1.4,Win32,144.3834825
,,,,,,space,1.5341,3,1.443,0,274,274,274,1,274,images/pixabay_cat_002454.jpg,Eddy,001,2022-04-11_14h50.03.189,Cat face rating experiment_1000-1500,2021.1.4,Win32,144.3834825
,,,,,,space,1.3064,3,1.1548,0,275,275,275,1,275,images/pixabay_cat_000458.jpg,Eddy,001,2022-04-11_14h50.03.189,Cat face rating experiment_1000-1500,2021.1.4,Win32,144.3834825
,,,,,,space,1.1834,2,1.0435,0,276,276,276,1,276,images/pixabay_cat_003621.jpg,Eddy,001,2022-04-11_14h50.03.189,Cat face rating experiment_1000-1500,2021.1.4,Win32,144.3834825
,,,,,,space,1.6151,3,1.1718,0,277,277,277,1,277,images/pixabay_cat_003583.jpg,Eddy,001,2022-04-11_14h50.03.189,Cat face rating experiment_1000-1500,2021.1.4,Win32,144.3834825
,,,,,,space,1.3452,,,0,278,278,278,1,278,images/pixabay_cat_000255.jpg,Eddy,001,2022-04-11_14h50.03.189,Cat face rating experiment_1000-1500,2021.1.4,Win32,144.3834825
,,,,,,space,3.1942,5,3.0514,0,279,279,279,1,279,images/pixabay_cat_001471.jpg,Eddy,001,2022-04-11_14h50.03.189,Cat face rating experiment_1000-1500,2021.1.4,Win32,144.3834825
,,,,,,space,5.5581,6,5.333,0,280,280,280,1,280,images/pixabay_cat_001407.jpg,Eddy,001,2022-04-11_14h50.03.189,Cat face rating experiment_1000-1500,2021.1.4,Win32,144.3834825
,,,,,,space,3.777,4,3.5178,0,281,281,281,1,281,images/pixabay_cat_001035.jpg,Eddy,001,2022-04-11_14h50.03.189,Cat face rating experiment_1000-1500,2021.1.4,Win32,144.3834825
,,,,,,space,1.5064,,,0,282,282,282,1,282,images/pixabay_cat_001661.jpg,Eddy,001,2022-04-11_14h50.03.189,Cat face rating experiment_1000-1500,2021.1.4,Win32,144.3834825
,,,,,,space,1.2004,5,0.9763,0,283,283,283,1,283,images/pixabay_cat_003498.jpg,Eddy,001,2022-04-11_14h50.03.189,Cat face rating experiment_1000-1500,2021.1.4,Win32,144.3834825
,,,,,,space,2.1458,3,1.5741,0,284,284,284,1,284,images/pixabay_cat_000597.jpg,Eddy,001,2022-04-11_14h50.03.189,Cat face rating experiment_1000-1500,2021.1.4,Win32,144.3834825
,,,,,,space,6.0215,5,5.8791,0,285,285,285,1,285,images/pixabay_cat_000868.jpg,Eddy,001,2022-04-11_14h50.03.189,Cat face rating experiment_1000-1500,2021.1.4,Win32,144.3834825
,,,,,,space,1.246,3,1.0614,0,286,286,286,1,286,images/pixabay_cat_001736.jpg,Eddy,001,2022-04-11_14h50.03.189,Cat face rating experiment_1000-1500,2021.1.4,Win32,144.3834825
,,,,,,space,1.5209,2,1.3221,0,287,287,287,1,287,images/pixabay_cat_000958.jpg,Eddy,001,2022-04-11_14h50.03.189,Cat face rating experiment_1000-1500,2021.1.4,Win32,144.3834825
,,,,,,space,1.9435,,,0,288,288,288,1,288,images/pixabay_cat_003799.jpg,Eddy,001,2022-04-11_14h50.03.189,Cat face rating experiment_1000-1500,2021.1.4,Win32,144.3834825
,,,,,,space,1.6483,,,0,289,289,289,1,289,images/pixabay_cat_004661.jpg,Eddy,001,2022-04-11_14h50.03.189,Cat face rating experiment_1000-1500,2021.1.4,Win32,144.3834825
,,,,,,space,0.928,,,0,290,290,290,1,290,images/pixabay_cat_003227.jpg,Eddy,001,2022-04-11_14h50.03.189,Cat face rating experiment_1000-1500,2021.1.4,Win32,144.3834825
,,,,,,space,0.98,,,0,291,291,291,1,291,images/pixabay_cat_001847.jpg,Eddy,001,2022-04-11_14h50.03.189,Cat face rating experiment_1000-1500,2021.1.4,Win32,144.3834825
,,,,,,space,1.3859,,,0,292,292,292,1,292,images/flickr_cat_000447.jpg,Eddy,001,2022-04-11_14h50.03.189,Cat face rating experiment_1000-1500,2021.1.4,Win32,144.3834825
,,,,,,space,1.1597,3,1.0449,0,293,293,293,1,293,images/pixabay_cat_001446.jpg,Eddy,001,2022-04-11_14h50.03.189,Cat face rating experiment_1000-1500,2021.1.4,Win32,144.3834825
,,,,,,space,1.2357,,,0,294,294,294,1,294,images/pixabay_cat_003294.jpg,Eddy,001,2022-04-11_14h50.03.189,Cat face rating experiment_1000-1500,2021.1.4,Win32,144.3834825
,,,,,,space,1.9831,3,0.8923,0,295,295,295,1,295,images/pixabay_cat_003539.jpg,Eddy,001,2022-04-11_14h50.03.189,Cat face rating experiment_1000-1500,2021.1.4,Win32,144.3834825
,,,,,,space,3.2285,,,0,296,296,296,1,296,images/pixabay_cat_002565.jpg,Eddy,001,2022-04-11_14h50.03.189,Cat face rating experiment_1000-1500,2021.1.4,Win32,144.3834825
,,,,,,space,5.6226,3,5.3568,0,297,297,297,1,297,images/pixabay_cat_003833.jpg,Eddy,001,2022-04-11_14h50.03.189,Cat face rating experiment_1000-1500,2021.1.4,Win32,144.3834825
,,,,,,space,1.2398,5,1.1549,0,298,298,298,1,298,images/pixabay_cat_002998.jpg,Eddy,001,2022-04-11_14h50.03.189,Cat face rating experiment_1000-1500,2021.1.4,Win32,144.3834825
,,,,,,space,1.9386,5,1.8131,0,299,299,299,1,299,images/pixabay_cat_004034.jpg,Eddy,001,2022-04-11_14h50.03.189,Cat face rating experiment_1000-1500,2021.1.4,Win32,144.3834825
,,,,,,space,2.1085,3,1.8079,0,300,300,300,1,300,images/pixabay_cat_002190.jpg,Eddy,001,2022-04-11_14h50.03.189,Cat face rating experiment_1000-1500,2021.1.4,Win32,144.3834825
,,,,,,space,2.4494,,,0,301,301,301,1,301,images/pixabay_cat_001878.jpg,Eddy,001,2022-04-11_14h50.03.189,Cat face rating experiment_1000-1500,2021.1.4,Win32,144.3834825
,,,,,,space,3.2063,5,3.0837,0,302,302,302,1,302,images/pixabay_cat_004727.jpg,Eddy,001,2022-04-11_14h50.03.189,Cat face rating experiment_1000-1500,2021.1.4,Win32,144.3834825
,,,,,,space,1.9492,4,1.5235,0,303,303,303,1,303,images/pixabay_cat_003691.jpg,Eddy,001,2022-04-11_14h50.03.189,Cat face rating experiment_1000-1500,2021.1.4,Win32,144.3834825
,,,,,,space,1.7371,5,1.516,0,304,304,304,1,304,images/pixabay_cat_004744.jpg,Eddy,001,2022-04-11_14h50.03.189,Cat face rating experiment_1000-1500,2021.1.4,Win32,144.3834825
,,,,,,space,2.8138,3,2.3514,0,305,305,305,1,305,images/pixabay_cat_000811.jpg,Eddy,001,2022-04-11_14h50.03.189,Cat face rating experiment_1000-1500,2021.1.4,Win32,144.3834825
,,,,,,space,2.3069,4,2.1076,0,306,306,306,1,306,images/pixabay_cat_003548.jpg,Eddy,001,2022-04-11_14h50.03.189,Cat face rating experiment_1000-1500,2021.1.4,Win32,144.3834825
,,,,,,space,1.8379,3,1.6509,0,307,307,307,1,307,images/flickr_cat_000682.jpg,Eddy,001,2022-04-11_14h50.03.189,Cat face rating experiment_1000-1500,2021.1.4,Win32,144.3834825
,,,,,,space,1.3694,,,0,308,308,308,1,308,images/pixabay_cat_000337.jpg,Eddy,001,2022-04-11_14h50.03.189,Cat face rating experiment_1000-1500,2021.1.4,Win32,144.3834825
,,,,,,space,2.1255,3,1.8632,0,309,309,309,1,309,images/pixabay_cat_003452.jpg,Eddy,001,2022-04-11_14h50.03.189,Cat face rating experiment_1000-1500,2021.1.4,Win32,144.3834825
,,,,,,space,1.515,5,1.1066,0,310,310,310,1,310,images/pixabay_cat_003730.jpg,Eddy,001,2022-04-11_14h50.03.189,Cat face rating experiment_1000-1500,2021.1.4,Win32,144.3834825
,,,,,,space,1.4704,3,1.1814,0,311,311,311,1,311,images/pixabay_cat_002084.jpg,Eddy,001,2022-04-11_14h50.03.189,Cat face rating experiment_1000-1500,2021.1.4,Win32,144.3834825
,,,,,,space,2.0465,3,1.7838,0,312,312,312,1,312,images/pixabay_cat_000996.jpg,Eddy,001,2022-04-11_14h50.03.189,Cat face rating experiment_1000-1500,2021.1.4,Win32,144.3834825
,,,,,,space,2.9965,3,2.7689,0,313,313,313,1,313,images/pixabay_cat_002911.jpg,Eddy,001,2022-04-11_14h50.03.189,Cat face rating experiment_1000-1500,2021.1.4,Win32,144.3834825
,,,,,,space,1.3844,2,1.0393,0,314,314,314,1,314,images/pixabay_cat_002325.jpg,Eddy,001,2022-04-11_14h50.03.189,Cat face rating experiment_1000-1500,2021.1.4,Win32,144.3834825
,,,,,,space,1.7923,,,0,315,315,315,1,315,images/pixabay_cat_003437.jpg,Eddy,001,2022-04-11_14h50.03.189,Cat face rating experiment_1000-1500,2021.1.4,Win32,144.3834825
,,,,,,space,2.1512,5,1.2803,0,316,316,316,1,316,images/flickr_cat_000516.jpg,Eddy,001,2022-04-11_14h50.03.189,Cat face rating experiment_1000-1500,2021.1.4,Win32,144.3834825
,,,,,,space,1.398,6,1.1649,0,317,317,317,1,317,images/pixabay_cat_000608.jpg,Eddy,001,2022-04-11_14h50.03.189,Cat face rating experiment_1000-1500,2021.1.4,Win32,144.3834825
,,,,,,space,1.4363,5,1.1909,0,318,318,318,1,318,images/flickr_cat_000295.jpg,Eddy,001,2022-04-11_14h50.03.189,Cat face rating experiment_1000-1500,2021.1.4,Win32,144.3834825
,,,,,,space,1.5789,5,1.4128,0,319,319,319,1,319,images/flickr_cat_000690.jpg,Eddy,001,2022-04-11_14h50.03.189,Cat face rating experiment_1000-1500,2021.1.4,Win32,144.3834825
,,,,,,space,1.4495,3,1.1983,0,320,320,320,1,320,images/pixabay_cat_003745.jpg,Eddy,001,2022-04-11_14h50.03.189,Cat face rating experiment_1000-1500,2021.1.4,Win32,144.3834825
,,,,,,space,2.4998,5,2.3357,0,321,321,321,1,321,images/pixabay_cat_001364.jpg,Eddy,001,2022-04-11_14h50.03.189,Cat face rating experiment_1000-1500,2021.1.4,Win32,144.3834825
,,,,,,space,1.1791,3,1.0014,0,322,322,322,1,322,images/pixabay_cat_004054.jpg,Eddy,001,2022-04-11_14h50.03.189,Cat face rating experiment_1000-1500,2021.1.4,Win32,144.3834825
,,,,,,space,9.0975,5,8.9691,0,323,323,323,1,323,images/pixabay_cat_002863.jpg,Eddy,001,2022-04-11_14h50.03.189,Cat face rating experiment_1000-1500,2021.1.4,Win32,144.3834825
,,,,,,space,1.4978,6,1.332,0,324,324,324,1,324,images/flickr_cat_000478.jpg,Eddy,001,2022-04-11_14h50.03.189,Cat face rating experiment_1000-1500,2021.1.4,Win32,144.3834825
,,,,,,space,1.3988,7,1.0592,0,325,325,325,1,325,images/pixabay_cat_002479.jpg,Eddy,001,2022-04-11_14h50.03.189,Cat face rating experiment_1000-1500,2021.1.4,Win32,144.3834825
,,,,,,space,3.7758,3,3.5029,0,326,326,326,1,326,images/pixabay_cat_001000.jpg,Eddy,001,2022-04-11_14h50.03.189,Cat face rating experiment_1000-1500,2021.1.4,Win32,144.3834825
,,,,,,space,2.846,4,2.631,0,327,327,327,1,327,images/pixabay_cat_004790.jpg,Eddy,001,2022-04-11_14h50.03.189,Cat face rating experiment_1000-1500,2021.1.4,Win32,144.3834825
,,,,,,space,1.2516,3,1.0876,0,328,328,328,1,328,images/pixabay_cat_004478.jpg,Eddy,001,2022-04-11_14h50.03.189,Cat face rating experiment_1000-1500,2021.1.4,Win32,144.3834825
,,,,,,space,1.7246,5,1.6285,0,329,329,329,1,329,images/flickr_cat_000258.jpg,Eddy,001,2022-04-11_14h50.03.189,Cat face rating experiment_1000-1500,2021.1.4,Win32,144.3834825
,,,,,,space,1.596,6,1.0174,0,330,330,330,1,330,images/flickr_cat_000566.jpg,Eddy,001,2022-04-11_14h50.03.189,Cat face rating experiment_1000-1500,2021.1.4,Win32,144.3834825
,,,,,,space,1.2462,6,1.1257,0,331,331,331,1,331,images/pixabay_cat_000737.jpg,Eddy,001,2022-04-11_14h50.03.189,Cat face rating experiment_1000-1500,2021.1.4,Win32,144.3834825
,,,,,,space,1.2003,6,1.0865,0,332,332,332,1,332,images/pixabay_cat_000107.jpg,Eddy,001,2022-04-11_14h50.03.189,Cat face rating experiment_1000-1500,2021.1.4,Win32,144.3834825
,,,,,,space,1.3498,3,1.0081,0,333,333,333,1,333,images/pixabay_cat_003616.jpg,Eddy,001,2022-04-11_14h50.03.189,Cat face rating experiment_1000-1500,2021.1.4,Win32,144.3834825
,,,,,,space,3.2237,3,2.6691,0,334,334,334,1,334,images/pixabay_cat_001887.jpg,Eddy,001,2022-04-11_14h50.03.189,Cat face rating experiment_1000-1500,2021.1.4,Win32,144.3834825
,,,,,,space,1.409,3,1.1591,0,335,335,335,1,335,images/pixabay_cat_002993.jpg,Eddy,001,2022-04-11_14h50.03.189,Cat face rating experiment_1000-1500,2021.1.4,Win32,144.3834825
,,,,,,space,1.9256,5,1.8391,0,336,336,336,1,336,images/pixabay_cat_000837.jpg,Eddy,001,2022-04-11_14h50.03.189,Cat face rating experiment_1000-1500,2021.1.4,Win32,144.3834825
,,,,,,space,1.2821,6,1.1569,0,337,337,337,1,337,images/pixabay_cat_001239.jpg,Eddy,001,2022-04-11_14h50.03.189,Cat face rating experiment_1000-1500,2021.1.4,Win32,144.3834825
,,,,,,space,1.2337,,,0,338,338,338,1,338,images/flickr_cat_000723.jpg,Eddy,001,2022-04-11_14h50.03.189,Cat face rating experiment_1000-1500,2021.1.4,Win32,144.3834825
,,,,,,space,1.2244,,,0,339,339,339,1,339,images/pixabay_cat_003028.jpg,Eddy,001,2022-04-11_14h50.03.189,Cat face rating experiment_1000-1500,2021.1.4,Win32,144.3834825
,,,,,,space,1.6487,5,0.9885,0,340,340,340,1,340,images/pixabay_cat_000376.jpg,Eddy,001,2022-04-11_14h50.03.189,Cat face rating experiment_1000-1500,2021.1.4,Win32,144.3834825
,,,,,,space,1.5413,5,1.3152,0,341,341,341,1,341,images/pixabay_cat_004494.jpg,Eddy,001,2022-04-11_14h50.03.189,Cat face rating experiment_1000-1500,2021.1.4,Win32,144.3834825
,,,,,,space,1.2682,3,1.1582,0,342,342,342,1,342,images/flickr_cat_000668.jpg,Eddy,001,2022-04-11_14h50.03.189,Cat face rating experiment_1000-1500,2021.1.4,Win32,144.3834825
,,,,,,space,1.4463,,,0,343,343,343,1,343,images/pixabay_cat_002673.jpg,Eddy,001,2022-04-11_14h50.03.189,Cat face rating experiment_1000-1500,2021.1.4,Win32,144.3834825
,,,,,,space,0.7776,,,0,344,344,344,1,344,images/flickr_cat_000490.jpg,Eddy,001,2022-04-11_14h50.03.189,Cat face rating experiment_1000-1500,2021.1.4,Win32,144.3834825
,,,,,,space,1.6036,5,1.558,0,345,345,345,1,345,images/pixabay_cat_003624.jpg,Eddy,001,2022-04-11_14h50.03.189,Cat face rating experiment_1000-1500,2021.1.4,Win32,144.3834825
,,,,,,space,3.2383,3,3.1148,0,346,346,346,1,346,images/pixabay_cat_001073.jpg,Eddy,001,2022-04-11_14h50.03.189,Cat face rating experiment_1000-1500,2021.1.4,Win32,144.3834825
,,,,,,space,4.2902,5,4.0859,0,347,347,347,1,347,images/pixabay_cat_001273.jpg,Eddy,001,2022-04-11_14h50.03.189,Cat face rating experiment_1000-1500,2021.1.4,Win32,144.3834825
,,,,,,space,2.3059,4,2.0807,0,348,348,348,1,348,images/pixabay_cat_000761.jpg,Eddy,001,2022-04-11_14h50.03.189,Cat face rating experiment_1000-1500,2021.1.4,Win32,144.3834825
,,,,,,space,8.782,3,8.0937,0,349,349,349,1,349,images/pixabay_cat_002044.jpg,Eddy,001,2022-04-11_14h50.03.189,Cat face rating experiment_1000-1500,2021.1.4,Win32,144.3834825
,,,,,,space,1.5742,4,1.4628,0,350,350,350,1,350,images/pixabay_cat_002793.jpg,Eddy,001,2022-04-11_14h50.03.189,Cat face rating experiment_1000-1500,2021.1.4,Win32,144.3834825
,,,,,,space,1.9624,5,1.1718,0,351,351,351,1,351,images/pixabay_cat_002741.jpg,Eddy,001,2022-04-11_14h50.03.189,Cat face rating experiment_1000-1500,2021.1.4,Win32,144.3834825
,,,,,,space,1.4505,,,0,352,352,352,1,352,images/pixabay_cat_001686.jpg,Eddy,001,2022-04-11_14h50.03.189,Cat face rating experiment_1000-1500,2021.1.4,Win32,144.3834825
,,,,,,space,4.9114,1,3.5095,0,353,353,353,1,353,images/pixabay_cat_002235.jpg,Eddy,001,2022-04-11_14h50.03.189,Cat face rating experiment_1000-1500,2021.1.4,Win32,144.3834825
,,,,,,space,27.9814,4,26.8284,0,354,354,354,1,354,images/pixabay_cat_000447.jpg,Eddy,001,2022-04-11_14h50.03.189,Cat face rating experiment_1000-1500,2021.1.4,Win32,144.3834825
,,,,,,space,2.1782,3,1.8397,0,355,355,355,1,355,images/flickr_cat_000459.jpg,Eddy,001,2022-04-11_14h50.03.189,Cat face rating experiment_1000-1500,2021.1.4,Win32,144.3834825
,,,,,,space,1.4969,5,1.1971,0,356,356,356,1,356,images/pixabay_cat_002762.jpg,Eddy,001,2022-04-11_14h50.03.189,Cat face rating experiment_1000-1500,2021.1.4,Win32,144.3834825
,,,,,,space,1.2557,5,1.1507,0,357,357,357,1,357,images/pixabay_cat_000519.jpg,Eddy,001,2022-04-11_14h50.03.189,Cat face rating experiment_1000-1500,2021.1.4,Win32,144.3834825
,,,,,,space,1.9759,,,0,358,358,358,1,358,images/pixabay_cat_003336.jpg,Eddy,001,2022-04-11_14h50.03.189,Cat face rating experiment_1000-1500,2021.1.4,Win32,144.3834825
,,,,,,space,0.0008,,,0,359,359,359,1,359,images/pixabay_cat_001279.jpg,Eddy,001,2022-04-11_14h50.03.189,Cat face rating experiment_1000-1500,2021.1.4,Win32,144.3834825
,,,,,,space,9.5654,2,8.5484,0,360,360,360,1,360,images/pixabay_cat_003507.jpg,Eddy,001,2022-04-11_14h50.03.189,Cat face rating experiment_1000-1500,2021.1.4,Win32,144.3834825
,,,,,,space,1.7153,3,1.1867,0,361,361,361,1,361,images/flickr_cat_000659.jpg,Eddy,001,2022-04-11_14h50.03.189,Cat face rating experiment_1000-1500,2021.1.4,Win32,144.3834825
,,,,,,space,1.6179,3,1.3632,0,362,362,362,1,362,images/pixabay_cat_003403.jpg,Eddy,001,2022-04-11_14h50.03.189,Cat face rating experiment_1000-1500,2021.1.4,Win32,144.3834825
,,,,,,space,1.8986,2,1.3463,0,363,363,363,1,363,images/pixabay_cat_001493.jpg,Eddy,001,2022-04-11_14h50.03.189,Cat face rating experiment_1000-1500,2021.1.4,Win32,144.3834825
,,,,,,space,2.7684,5,2.5108,0,364,364,364,1,364,images/pixabay_cat_001820.jpg,Eddy,001,2022-04-11_14h50.03.189,Cat face rating experiment_1000-1500,2021.1.4,Win32,144.3834825
,,,,,,space,2.9143,5,2.6827,0,365,365,365,1,365,images/pixabay_cat_000282.jpg,Eddy,001,2022-04-11_14h50.03.189,Cat face rating experiment_1000-1500,2021.1.4,Win32,144.3834825
,,,,,,space,1.0247,,,0,366,366,366,1,366,images/pixabay_cat_004781.jpg,Eddy,001,2022-04-11_14h50.03.189,Cat face rating experiment_1000-1500,2021.1.4,Win32,144.3834825
,,,,,,space,1.4879,5,1.3618,0,367,367,367,1,367,images/pixabay_cat_002424.jpg,Eddy,001,2022-04-11_14h50.03.189,Cat face rating experiment_1000-1500,2021.1.4,Win32,144.3834825
,,,,,,space,1.2462,6,1.0728,0,368,368,368,1,368,images/pixabay_cat_001211.jpg,Eddy,001,2022-04-11_14h50.03.189,Cat face rating experiment_1000-1500,2021.1.4,Win32,144.3834825
,,,,,,space,1.4715,,,0,369,369,369,1,369,images/pixabay_cat_002867.jpg,Eddy,001,2022-04-11_14h50.03.189,Cat face rating experiment_1000-1500,2021.1.4,Win32,144.3834825
,,,,,,space,1.5007,3,1.3875,0,370,370,370,1,370,images/pixabay_cat_001016.jpg,Eddy,001,2022-04-11_14h50.03.189,Cat face rating experiment_1000-1500,2021.1.4,Win32,144.3834825
,,,,,,space,1.5088,6,1.337,0,371,371,371,1,371,images/pixabay_cat_000952.jpg,Eddy,001,2022-04-11_14h50.03.189,Cat face rating experiment_1000-1500,2021.1.4,Win32,144.3834825
,,,,,,space,1.5064,7,1.2206,0,372,372,372,1,372,images/pixabay_cat_004333.jpg,Eddy,001,2022-04-11_14h50.03.189,Cat face rating experiment_1000-1500,2021.1.4,Win32,144.3834825
,,,,,,space,1.7746,5,1.3745,0,373,373,373,1,373,images/pixabay_cat_003984.jpg,Eddy,001,2022-04-11_14h50.03.189,Cat face rating experiment_1000-1500,2021.1.4,Win32,144.3834825
,,,,,,space,4.5653,3,3.9095,0,374,374,374,1,374,images/pixabay_cat_003514.jpg,Eddy,001,2022-04-11_14h50.03.189,Cat face rating experiment_1000-1500,2021.1.4,Win32,144.3834825
,,,,,,space,2.1525,4,1.8536,0,375,375,375,1,375,images/pixabay_cat_004042.jpg,Eddy,001,2022-04-11_14h50.03.189,Cat face rating experiment_1000-1500,2021.1.4,Win32,144.3834825
,,,,,,space,2.2976,,,0,376,376,376,1,376,images/flickr_cat_000684.jpg,Eddy,001,2022-04-11_14h50.03.189,Cat face rating experiment_1000-1500,2021.1.4,Win32,144.3834825
,,,,,,space,1.4082,3,1.1419,0,377,377,377,1,377,images/pixabay_cat_000754.jpg,Eddy,001,2022-04-11_14h50.03.189,Cat face rating experiment_1000-1500,2021.1.4,Win32,144.3834825
,,,,,,space,1.4835,2,1.0382,0,378,378,378,1,378,images/pixabay_cat_002880.jpg,Eddy,001,2022-04-11_14h50.03.189,Cat face rating experiment_1000-1500,2021.1.4,Win32,144.3834825
,,,,,,space,5.3884,2,4.4472,0,379,379,379,1,379,images/pixabay_cat_000947.jpg,Eddy,001,2022-04-11_14h50.03.189,Cat face rating experiment_1000-1500,2021.1.4,Win32,144.3834825
,,,,,,space,2.8309,1,2.4828,0,380,380,380,1,380,images/pixabay_cat_003855.jpg,Eddy,001,2022-04-11_14h50.03.189,Cat face rating experiment_1000-1500,2021.1.4,Win32,144.3834825
,,,,,,space,3.371,3,2.9564,0,381,381,381,1,381,images/pixabay_cat_001082.jpg,Eddy,001,2022-04-11_14h50.03.189,Cat face rating experiment_1000-1500,2021.1.4,Win32,144.3834825
,,,,,,space,0.7907,,,0,382,382,382,1,382,images/pixabay_cat_004544.jpg,Eddy,001,2022-04-11_14h50.03.189,Cat face rating experiment_1000-1500,2021.1.4,Win32,144.3834825
,,,,,,space,0.7106,,,0,383,383,383,1,383,images/pixabay_cat_003816.jpg,Eddy,001,2022-04-11_14h50.03.189,Cat face rating experiment_1000-1500,2021.1.4,Win32,144.3834825
,,,,,,space,2.3495,3,2.0609,0,384,384,384,1,384,images/pixabay_cat_003068.jpg,Eddy,001,2022-04-11_14h50.03.189,Cat face rating experiment_1000-1500,2021.1.4,Win32,144.3834825
,,,,,,space,1.4907,,,0,385,385,385,1,385,images/pixabay_cat_002181.jpg,Eddy,001,2022-04-11_14h50.03.189,Cat face rating experiment_1000-1500,2021.1.4,Win32,144.3834825
,,,,,,space,1.3753,3,1.1281,0,386,386,386,1,386,images/pixabay_cat_000978.jpg,Eddy,001,2022-04-11_14h50.03.189,Cat face rating experiment_1000-1500,2021.1.4,Win32,144.3834825
,,,,,,space,5.2744,4,4.5831,0,387,387,387,1,387,images/pixabay_cat_000534.jpg,Eddy,001,2022-04-11_14h50.03.189,Cat face rating experiment_1000-1500,2021.1.4,Win32,144.3834825
,,,,,,space,1.3076,5,1.1942,0,388,388,388,1,388,images/pixabay_cat_000159.jpg,Eddy,001,2022-04-11_14h50.03.189,Cat face rating experiment_1000-1500,2021.1.4,Win32,144.3834825
,,,,,,space,2.4103,2,1.832,0,389,389,389,1,389,images/pixabay_cat_004283.jpg,Eddy,001,2022-04-11_14h50.03.189,Cat face rating experiment_1000-1500,2021.1.4,Win32,144.3834825
,,,,,,space,3.1918,5,2.8947,0,390,390,390,1,390,images/pixabay_cat_001792.jpg,Eddy,001,2022-04-11_14h50.03.189,Cat face rating experiment_1000-1500,2021.1.4,Win32,144.3834825
,,,,,,space,1.1881,3,1.0236,0,391,391,391,1,391,images/pixabay_cat_002499.jpg,Eddy,001,2022-04-11_14h50.03.189,Cat face rating experiment_1000-1500,2021.1.4,Win32,144.3834825
,,,,,,space,1.2068,,,0,392,392,392,1,392,images/pixabay_cat_002236.jpg,Eddy,001,2022-04-11_14h50.03.189,Cat face rating experiment_1000-1500,2021.1.4,Win32,144.3834825
,,,,,,space,1.7746,,,0,393,393,393,1,393,images/pixabay_cat_001550.jpg,Eddy,001,2022-04-11_14h50.03.189,Cat face rating experiment_1000-1500,2021.1.4,Win32,144.3834825
,,,,,,space,2.5796,3,2.2634,0,394,394,394,1,394,images/pixabay_cat_002915.jpg,Eddy,001,2022-04-11_14h50.03.189,Cat face rating experiment_1000-1500,2021.1.4,Win32,144.3834825
,,,,,,space,5.9602,,,0,395,395,395,1,395,images/pixabay_cat_004612.jpg,Eddy,001,2022-04-11_14h50.03.189,Cat face rating experiment_1000-1500,2021.1.4,Win32,144.3834825
,,,,,,space,1.3739,,,0,396,396,396,1,396,images/flickr_cat_000098.jpg,Eddy,001,2022-04-11_14h50.03.189,Cat face rating experiment_1000-1500,2021.1.4,Win32,144.3834825
,,,,,,space,1.4088,5,1.2127,0,397,397,397,1,397,images/flickr_cat_000573.jpg,Eddy,001,2022-04-11_14h50.03.189,Cat face rating experiment_1000-1500,2021.1.4,Win32,144.3834825
,,,,,,space,5.3332,,,0,398,398,398,1,398,images/flickr_cat_000394.jpg,Eddy,001,2022-04-11_14h50.03.189,Cat face rating experiment_1000-1500,2021.1.4,Win32,144.3834825
,,,,,,space,2.9501,3,1.5515,0,399,399,399,1,399,images/pixabay_cat_003770.jpg,Eddy,001,2022-04-11_14h50.03.189,Cat face rating experiment_1000-1500,2021.1.4,Win32,144.3834825
,,,,,,space,1.2329,,,0,400,400,400,1,400,images/pixabay_cat_001597.jpg,Eddy,001,2022-04-11_14h50.03.189,Cat face rating experiment_1000-1500,2021.1.4,Win32,144.3834825
,,,,,,space,4.0243,5,2.9634,0,401,401,401,1,401,images/pixabay_cat_002248.jpg,Eddy,001,2022-04-11_14h50.03.189,Cat face rating experiment_1000-1500,2021.1.4,Win32,144.3834825
,,,,,,space,1.7335,3,1.3153,0,402,402,402,1,402,images/pixabay_cat_000424.jpg,Eddy,001,2022-04-11_14h50.03.189,Cat face rating experiment_1000-1500,2021.1.4,Win32,144.3834825
,,,,,,space,1.4794,,,0,403,403,403,1,403,images/pixabay_cat_004653.jpg,Eddy,001,2022-04-11_14h50.03.189,Cat face rating experiment_1000-1500,2021.1.4,Win32,144.3834825
,,,,,,space,2.2137,5,1.2055,0,404,404,404,1,404,images/pixabay_cat_002732.jpg,Eddy,001,2022-04-11_14h50.03.189,Cat face rating experiment_1000-1500,2021.1.4,Win32,144.3834825
,,,,,,space,1.3193,,,0,405,405,405,1,405,images/pixabay_cat_003252.jpg,Eddy,001,2022-04-11_14h50.03.189,Cat face rating experiment_1000-1500,2021.1.4,Win32,144.3834825
,,,,,,space,1.2131,3,1.1065,0,406,406,406,1,406,images/pixabay_cat_000023.jpg,Eddy,001,2022-04-11_14h50.03.189,Cat face rating experiment_1000-1500,2021.1.4,Win32,144.3834825
,,,,,,space,1.0108,,,0,407,407,407,1,407,images/pixabay_cat_004555.jpg,Eddy,001,2022-04-11_14h50.03.189,Cat face rating experiment_1000-1500,2021.1.4,Win32,144.3834825
,,,,,,space,0.9092,,,0,408,408,408,1,408,images/pixabay_cat_003802.jpg,Eddy,001,2022-04-11_14h50.03.189,Cat face rating experiment_1000-1500,2021.1.4,Win32,144.3834825
,,,,,,space,2.3534,3,2.085,0,409,409,409,1,409,images/pixabay_cat_002877.jpg,Eddy,001,2022-04-11_14h50.03.189,Cat face rating experiment_1000-1500,2021.1.4,Win32,144.3834825
,,,,,,space,13.3093,3,13.0024,0,410,410,410,1,410,images/pixabay_cat_004533.jpg,Eddy,001,2022-04-11_14h50.03.189,Cat face rating experiment_1000-1500,2021.1.4,Win32,144.3834825
,,,,,,space,1.9143,2,1.5678,0,411,411,411,1,411,images/pixabay_cat_002103.jpg,Eddy,001,2022-04-11_14h50.03.189,Cat face rating experiment_1000-1500,2021.1.4,Win32,144.3834825
,,,,,,space,2.5499,,,0,412,412,412,1,412,images/pixabay_cat_004709.jpg,Eddy,001,2022-04-11_14h50.03.189,Cat face rating experiment_1000-1500,2021.1.4,Win32,144.3834825
,,,,,,space,0.8016,,,0,413,413,413,1,413,images/pixabay_cat_003750.jpg,Eddy,001,2022-04-11_14h50.03.189,Cat face rating experiment_1000-1500,2021.1.4,Win32,144.3834825
,,,,,,space,2.7984,3,2.51,0,414,414,414,1,414,images/pixabay_cat_002050.jpg,Eddy,001,2022-04-11_14h50.03.189,Cat face rating experiment_1000-1500,2021.1.4,Win32,144.3834825
,,,,,,space,1.4523,3,1.3599,0,415,415,415,1,415,images/pixabay_cat_004619.jpg,Eddy,001,2022-04-11_14h50.03.189,Cat face rating experiment_1000-1500,2021.1.4,Win32,144.3834825
,,,,,,space,2.1328,,,0,416,416,416,1,416,images/pixabay_cat_003502.jpg,Eddy,001,2022-04-11_14h50.03.189,Cat face rating experiment_1000-1500,2021.1.4,Win32,144.3834825
,,,,,,space,1.3739,3,1.1076,0,417,417,417,1,417,images/pixabay_cat_001077.jpg,Eddy,001,2022-04-11_14h50.03.189,Cat face rating experiment_1000-1500,2021.1.4,Win32,144.3834825
,,,,,,space,2.0005,2,1.4822,0,418,418,418,1,418,images/pixabay_cat_001150.jpg,Eddy,001,2022-04-11_14h50.03.189,Cat face rating experiment_1000-1500,2021.1.4,Win32,144.3834825
,,,,,,space,1.3026,,,0,419,419,419,1,419,images/pixabay_cat_001842.jpg,Eddy,001,2022-04-11_14h50.03.189,Cat face rating experiment_1000-1500,2021.1.4,Win32,144.3834825
,,,,,,space,1.7619,5,1.5983,0,420,420,420,1,420,images/pixabay_cat_000475.jpg,Eddy,001,2022-04-11_14h50.03.189,Cat face rating experiment_1000-1500,2021.1.4,Win32,144.3834825
,,,,,,space,45.3113,3,44.8473,0,421,421,421,1,421,images/pixabay_cat_002904.jpg,Eddy,001,2022-04-11_14h50.03.189,Cat face rating experiment_1000-1500,2021.1.4,Win32,144.3834825
,,,,,,space,1.5539,,,0,422,422,422,1,422,images/pixabay_cat_001425.jpg,Eddy,001,2022-04-11_14h50.03.189,Cat face rating experiment_1000-1500,2021.1.4,Win32,144.3834825
,,,,,,space,1.9362,3,1.0784,0,423,423,423,1,423,images/pixabay_cat_004114.jpg,Eddy,001,2022-04-11_14h50.03.189,Cat face rating experiment_1000-1500,2021.1.4,Win32,144.3834825
,,,,,,space,1.5149,,,0,424,424,424,1,424,images/pixabay_cat_002509.jpg,Eddy,001,2022-04-11_14h50.03.189,Cat face rating experiment_1000-1500,2021.1.4,Win32,144.3834825
,,,,,,space,1.5205,6,1.2611,0,425,425,425,1,425,images/flickr_cat_000247.jpg,Eddy,001,2022-04-11_14h50.03.189,Cat face rating experiment_1000-1500,2021.1.4,Win32,144.3834825
,,,,,,space,1.8813,6,1.7052,0,426,426,426,1,426,images/flickr_cat_000703.jpg,Eddy,001,2022-04-11_14h50.03.189,Cat face rating experiment_1000-1500,2021.1.4,Win32,144.3834825
,,,,,,space,1.7609,3,1.6056,0,427,427,427,1,427,images/flickr_cat_000616.jpg,Eddy,001,2022-04-11_14h50.03.189,Cat face rating experiment_1000-1500,2021.1.4,Win32,144.3834825
,,,,,,space,1.5476,2,1.1384,0,428,428,428,1,428,images/pixabay_cat_001438.jpg,Eddy,001,2022-04-11_14h50.03.189,Cat face rating experiment_1000-1500,2021.1.4,Win32,144.3834825
,,,,,,space,1.6699,3,1.4184,0,429,429,429,1,429,images/pixabay_cat_000120.jpg,Eddy,001,2022-04-11_14h50.03.189,Cat face rating experiment_1000-1500,2021.1.4,Win32,144.3834825
,,,,,,space,1.479,,,0,430,430,430,1,430,images/pixabay_cat_001149.jpg,Eddy,001,2022-04-11_14h50.03.189,Cat face rating experiment_1000-1500,2021.1.4,Win32,144.3834825
,,,,,,space,1.5076,5,1.1465,0,431,431,431,1,431,images/pixabay_cat_000533.jpg,Eddy,001,2022-04-11_14h50.03.189,Cat face rating experiment_1000-1500,2021.1.4,Win32,144.3834825
,,,,,,space,1.1835,,,0,432,432,432,1,432,images/flickr_cat_000083.jpg,Eddy,001,2022-04-11_14h50.03.189,Cat face rating experiment_1000-1500,2021.1.4,Win32,144.3834825
,,,,,,space,3.0477,,,0,433,433,433,1,433,images/flickr_cat_000738.jpg,Eddy,001,2022-04-11_14h50.03.189,Cat face rating experiment_1000-1500,2021.1.4,Win32,144.3834825
,,,,,,space,1.3669,6,1.1603,0,434,434,434,1,434,images/pixabay_cat_001321.jpg,Eddy,001,2022-04-11_14h50.03.189,Cat face rating experiment_1000-1500,2021.1.4,Win32,144.3834825
,,,,,,space,1.7139,2,1.475,0,435,435,435,1,435,images/pixabay_cat_002541.jpg,Eddy,001,2022-04-11_14h50.03.189,Cat face rating experiment_1000-1500,2021.1.4,Win32,144.3834825
,,,,,,space,2.1265,5,1.9049,0,436,436,436,1,436,images/pixabay_cat_000736.jpg,Eddy,001,2022-04-11_14h50.03.189,Cat face rating experiment_1000-1500,2021.1.4,Win32,144.3834825
,,,,,,space,1.3877,2,1.0876,0,437,437,437,1,437,images/pixabay_cat_003236.jpg,Eddy,001,2022-04-11_14h50.03.189,Cat face rating experiment_1000-1500,2021.1.4,Win32,144.3834825
,,,,,,space,1.7644,3,0.9541,0,438,438,438,1,438,images/pixabay_cat_001832.jpg,Eddy,001,2022-04-11_14h50.03.189,Cat face rating experiment_1000-1500,2021.1.4,Win32,144.3834825
,,,,,,space,1.2241,,,0,439,439,439,1,439,images/pixabay_cat_001443.jpg,Eddy,001,2022-04-11_14h50.03.189,Cat face rating experiment_1000-1500,2021.1.4,Win32,144.3834825
,,,,,,space,0.6868,,,0,440,440,440,1,440,images/pixabay_cat_002903.jpg,Eddy,001,2022-04-11_14h50.03.189,Cat face rating experiment_1000-1500,2021.1.4,Win32,144.3834825
,,,,,,space,1.7098,3,1.1798,0,441,441,441,1,441,images/pixabay_cat_002970.jpg,Eddy,001,2022-04-11_14h50.03.189,Cat face rating experiment_1000-1500,2021.1.4,Win32,144.3834825
,,,,,,space,1.0834,,,0,442,442,442,1,442,images/pixabay_cat_001735.jpg,Eddy,001,2022-04-11_14h50.03.189,Cat face rating experiment_1000-1500,2021.1.4,Win32,144.3834825
,,,,,,space,4.279,2,1.7949,0,443,443,443,1,443,images/flickr_cat_000712.jpg,Eddy,001,2022-04-11_14h50.03.189,Cat face rating experiment_1000-1500,2021.1.4,Win32,144.3834825
,,,,,,space,1.6216,5,1.3225,0,444,444,444,1,444,images/pixabay_cat_001137.jpg,Eddy,001,2022-04-11_14h50.03.189,Cat face rating experiment_1000-1500,2021.1.4,Win32,144.3834825
,,,,,,space,2.3489,5,2.0896,0,445,445,445,1,445,images/pixabay_cat_001372.jpg,Eddy,001,2022-04-11_14h50.03.189,Cat face rating experiment_1000-1500,2021.1.4,Win32,144.3834825
,,,,,,space,1.0359,,,0,446,446,446,1,446,images/pixabay_cat_000174.jpg,Eddy,001,2022-04-11_14h50.03.189,Cat face rating experiment_1000-1500,2021.1.4,Win32,144.3834825
,,,,,,space,1.1161,3,0.9395,0,447,447,447,1,447,images/pixabay_cat_003828.jpg,Eddy,001,2022-04-11_14h50.03.189,Cat face rating experiment_1000-1500,2021.1.4,Win32,144.3834825
,,,,,,space,1.8819,3,0.8979,0,448,448,448,1,448,images/flickr_cat_000357.jpg,Eddy,001,2022-04-11_14h50.03.189,Cat face rating experiment_1000-1500,2021.1.4,Win32,144.3834825
,,,,,,space,1.2591,5,0.9734,0,449,449,449,1,449,images/pixabay_cat_002356.jpg,Eddy,001,2022-04-11_14h50.03.189,Cat face rating experiment_1000-1500,2021.1.4,Win32,144.3834825
,,,,,,space,1.9506,3,1.7109,0,450,450,450,1,450,images/pixabay_cat_003367.jpg,Eddy,001,2022-04-11_14h50.03.189,Cat face rating experiment_1000-1500,2021.1.4,Win32,144.3834825
,,,,,,space,1.6232,3,1.4649,0,451,451,451,1,451,images/pixabay_cat_002465.jpg,Eddy,001,2022-04-11_14h50.03.189,Cat face rating experiment_1000-1500,2021.1.4,Win32,144.3834825
,,,,,,space,1.4597,,,0,452,452,452,1,452,images/pixabay_cat_002370.jpg,Eddy,001,2022-04-11_14h50.03.189,Cat face rating experiment_1000-1500,2021.1.4,Win32,144.3834825
,,,,,,space,7.4876,5,6.9144,0,453,453,453,1,453,images/pixabay_cat_004647.jpg,Eddy,001,2022-04-11_14h50.03.189,Cat face rating experiment_1000-1500,2021.1.4,Win32,144.3834825
,,,,,,space,1.2759,,,0,454,454,454,1,454,images/pixabay_cat_003309.jpg,Eddy,001,2022-04-11_14h50.03.189,Cat face rating experiment_1000-1500,2021.1.4,Win32,144.3834825
,,,,,,space,1.2342,5,1.0867,0,455,455,455,1,455,images/pixabay_cat_003141.jpg,Eddy,001,2022-04-11_14h50.03.189,Cat face rating experiment_1000-1500,2021.1.4,Win32,144.3834825
,,,,,,space,14.2055,4,12.7807,0,456,456,456,1,456,images/pixabay_cat_002744.jpg,Eddy,001,2022-04-11_14h50.03.189,Cat face rating experiment_1000-1500,2021.1.4,Win32,144.3834825
,,,,,,space,2.0752,4,1.7173,0,457,457,457,1,457,images/pixabay_cat_002982.jpg,Eddy,001,2022-04-11_14h50.03.189,Cat face rating experiment_1000-1500,2021.1.4,Win32,144.3834825
,,,,,,space,1.1764,5,0.9118,0,458,458,458,1,458,images/pixabay_cat_004588.jpg,Eddy,001,2022-04-11_14h50.03.189,Cat face rating experiment_1000-1500,2021.1.4,Win32,144.3834825
,,,,,,space,1.2967,,,0,459,459,459,1,459,images/pixabay_cat_002743.jpg,Eddy,001,2022-04-11_14h50.03.189,Cat face rating experiment_1000-1500,2021.1.4,Win32,144.3834825
,,,,,,space,4.6261,3,4.3716,0,460,460,460,1,460,images/pixabay_cat_003501.jpg,Eddy,001,2022-04-11_14h50.03.189,Cat face rating experiment_1000-1500,2021.1.4,Win32,144.3834825
,,,,,,space,1.814,3,1.5961,0,461,461,461,1,461,images/pixabay_cat_001415.jpg,Eddy,001,2022-04-11_14h50.03.189,Cat face rating experiment_1000-1500,2021.1.4,Win32,144.3834825
,,,,,,space,0.9715,,,0,462,462,462,1,462,images/pixabay_cat_000014.jpg,Eddy,001,2022-04-11_14h50.03.189,Cat face rating experiment_1000-1500,2021.1.4,Win32,144.3834825
,,,,,,space,2.3788,6,2.0314,0,463,463,463,1,463,images/pixabay_cat_000404.jpg,Eddy,001,2022-04-11_14h50.03.189,Cat face rating experiment_1000-1500,2021.1.4,Win32,144.3834825
,,,,,,space,2.0299,5,1.1344,0,464,464,464,1,464,images/pixabay_cat_001510.jpg,Eddy,001,2022-04-11_14h50.03.189,Cat face rating experiment_1000-1500,2021.1.4,Win32,144.3834825
,,,,,,space,1.9219,5,1.6584,0,465,465,465,1,465,images/pixabay_cat_001759.jpg,Eddy,001,2022-04-11_14h50.03.189,Cat face rating experiment_1000-1500,2021.1.4,Win32,144.3834825
,,,,,,space,1.2458,3,1.0239,0,466,466,466,1,466,images/flickr_cat_000269.jpg,Eddy,001,2022-04-11_14h50.03.189,Cat face rating experiment_1000-1500,2021.1.4,Win32,144.3834825
,,,,,,space,2.756,5,2.2108,0,467,467,467,1,467,images/pixabay_cat_002021.jpg,Eddy,001,2022-04-11_14h50.03.189,Cat face rating experiment_1000-1500,2021.1.4,Win32,144.3834825
,,,,,,space,5.1115,3,4.1284,0,468,468,468,1,468,images/pixabay_cat_001649.jpg,Eddy,001,2022-04-11_14h50.03.189,Cat face rating experiment_1000-1500,2021.1.4,Win32,144.3834825
,,,,,,space,2.8199,5,1.9561,0,469,469,469,1,469,images/pixabay_cat_001243.jpg,Eddy,001,2022-04-11_14h50.03.189,Cat face rating experiment_1000-1500,2021.1.4,Win32,144.3834825
,,,,,,space,2.3551,5,1.0439,0,470,470,470,1,470,images/pixabay_cat_003121.jpg,Eddy,001,2022-04-11_14h50.03.189,Cat face rating experiment_1000-1500,2021.1.4,Win32,144.3834825
,,,,,,space,1.3172,5,1.1362,0,471,471,471,1,471,images/pixabay_cat_004183.jpg,Eddy,001,2022-04-11_14h50.03.189,Cat face rating experiment_1000-1500,2021.1.4,Win32,144.3834825
,,,,,,space,2.0882,3,1.324,0,472,472,472,1,472,images/pixabay_cat_002200.jpg,Eddy,001,2022-04-11_14h50.03.189,Cat face rating experiment_1000-1500,2021.1.4,Win32,144.3834825
,,,,,,space,1.8643,,,0,473,473,473,1,473,images/pixabay_cat_001014.jpg,Eddy,001,2022-04-11_14h50.03.189,Cat face rating experiment_1000-1500,2021.1.4,Win32,144.3834825
,,,,,,space,1.9604,2,1.3451,0,474,474,474,1,474,images/flickr_cat_000487.jpg,Eddy,001,2022-04-11_14h50.03.189,Cat face rating experiment_1000-1500,2021.1.4,Win32,144.3834825
,,,,,,space,1.3257,,,0,475,475,475,1,475,images/pixabay_cat_001289.jpg,Eddy,001,2022-04-11_14h50.03.189,Cat face rating experiment_1000-1500,2021.1.4,Win32,144.3834825
,,,,,,space,1.4936,3,1.2506,0,476,476,476,1,476,images/pixabay_cat_000550.jpg,Eddy,001,2022-04-11_14h50.03.189,Cat face rating experiment_1000-1500,2021.1.4,Win32,144.3834825
,,,,,,space,3.5026,,,0,477,477,477,1,477,images/pixabay_cat_003408.jpg,Eddy,001,2022-04-11_14h50.03.189,Cat face rating experiment_1000-1500,2021.1.4,Win32,144.3834825
,,,,,,space,1.349,3,1.1266,0,478,478,478,1,478,images/pixabay_cat_003536.jpg,Eddy,001,2022-04-11_14h50.03.189,Cat face rating experiment_1000-1500,2021.1.4,Win32,144.3834825
,,,,,,space,14.149,3,13.8793,0,479,479,479,1,479,images/pixabay_cat_002912.jpg,Eddy,001,2022-04-11_14h50.03.189,Cat face rating experiment_1000-1500,2021.1.4,Win32,144.3834825
,,,,,,space,1.6858,2,1.0477,0,480,480,480,1,480,images/pixabay_cat_002024.jpg,Eddy,001,2022-04-11_14h50.03.189,Cat face rating experiment_1000-1500,2021.1.4,Win32,144.3834825
,,,,,,space,8.8391,4,8.5688,0,481,481,481,1,481,images/pixabay_cat_004080.jpg,Eddy,001,2022-04-11_14h50.03.189,Cat face rating experiment_1000-1500,2021.1.4,Win32,144.3834825
,,,,,,space,1.6332,3,1.3082,0,482,482,482,1,482,images/pixabay_cat_004665.jpg,Eddy,001,2022-04-11_14h50.03.189,Cat face rating experiment_1000-1500,2021.1.4,Win32,144.3834825
,,,,,,space,1.657,3,1.4775,0,483,483,483,1,483,images/pixabay_cat_001485.jpg,Eddy,001,2022-04-11_14h50.03.189,Cat face rating experiment_1000-1500,2021.1.4,Win32,144.3834825
,,,,,,space,1.3242,5,1.1002,0,484,484,484,1,484,images/pixabay_cat_004276.jpg,Eddy,001,2022-04-11_14h50.03.189,Cat face rating experiment_1000-1500,2021.1.4,Win32,144.3834825
,,,,,,space,1.3454,3,1.1026,0,485,485,485,1,485,images/pixabay_cat_002633.jpg,Eddy,001,2022-04-11_14h50.03.189,Cat face rating experiment_1000-1500,2021.1.4,Win32,144.3834825
,,,,,,space,1.8651,5,1.6389,0,486,486,486,1,486,images/pixabay_cat_004789.jpg,Eddy,001,2022-04-11_14h50.03.189,Cat face rating experiment_1000-1500,2021.1.4,Win32,144.3834825
,,,,,,space,1.0589,,,0,487,487,487,1,487,images/pixabay_cat_002289.jpg,Eddy,001,2022-04-11_14h50.03.189,Cat face rating experiment_1000-1500,2021.1.4,Win32,144.3834825
,,,,,,space,1.5952,3,1.3986,0,488,488,488,1,488,images/pixabay_cat_000690.jpg,Eddy,001,2022-04-11_14h50.03.189,Cat face rating experiment_1000-1500,2021.1.4,Win32,144.3834825
,,,,,,space,3.9136,1,3.5074,0,489,489,489,1,489,images/flickr_cat_000716.jpg,Eddy,001,2022-04-11_14h50.03.189,Cat face rating experiment_1000-1500,2021.1.4,Win32,144.3834825
,,,,,,space,2.4157,6,2.1126,0,490,490,490,1,490,images/pixabay_cat_001031.jpg,Eddy,001,2022-04-11_14h50.03.189,Cat face rating experiment_1000-1500,2021.1.4,Win32,144.3834825
,,,,,,space,1.9411,5,1.3436,0,491,491,491,1,491,images/pixabay_cat_001027.jpg,Eddy,001,2022-04-11_14h50.03.189,Cat face rating experiment_1000-1500,2021.1.4,Win32,144.3834825
,,,,,,space,1.506,5,1.1552,0,492,492,492,1,492,images/pixabay_cat_000211.jpg,Eddy,001,2022-04-11_14h50.03.189,Cat face rating experiment_1000-1500,2021.1.4,Win32,144.3834825
,,,,,,space,2.0259,5,1.4293,0,493,493,493,1,493,images/pixabay_cat_001639.jpg,Eddy,001,2022-04-11_14h50.03.189,Cat face rating experiment_1000-1500,2021.1.4,Win32,144.3834825
,,,,,,space,0.8256,,,0,494,494,494,1,494,images/pixabay_cat_003021.jpg,Eddy,001,2022-04-11_14h50.03.189,Cat face rating experiment_1000-1500,2021.1.4,Win32,144.3834825
,,,,,,space,0.908,,,0,495,495,495,1,495,images/pixabay_cat_000804.jpg,Eddy,001,2022-04-11_14h50.03.189,Cat face rating experiment_1000-1500,2021.1.4,Win32,144.3834825
,,,,,,space,1.3084,,,0,496,496,496,1,496,images/pixabay_cat_003749.jpg,Eddy,001,2022-04-11_14h50.03.189,Cat face rating experiment_1000-1500,2021.1.4,Win32,144.3834825
,,,,,,space,0.9947,,,0,497,497,497,1,497,images/pixabay_cat_000986.jpg,Eddy,001,2022-04-11_14h50.03.189,Cat face rating experiment_1000-1500,2021.1.4,Win32,144.3834825
,,,,,,space,1.0057,,,0,498,498,498,1,498,images/pixabay_cat_004141.jpg,Eddy,001,2022-04-11_14h50.03.189,Cat face rating experiment_1000-1500,2021.1.4,Win32,144.3834825
,,,,,,space,1.4769,3,1.2315,0,499,499,499,1,499,images/pixabay_cat_004269.jpg,Eddy,001,2022-04-11_14h50.03.189,Cat face rating experiment_1000-1500,2021.1.4,Win32,144.3834825
