key_resp.keys,key_resp.rt,key_resp_2.keys,key_resp_2.rt,key_resp_3.keys,key_resp_3.rt,key_resp_4.keys,key_resp_4.rt,slider.response,slider.rt,trials.thisRepN,trials.thisTrialN,trials.thisN,trials.thisIndex,trials.ran,trial_nums,img,participant,session,date,expName,psychopyVersion,OS,frameRate
space,1.9239,space,0.7856,space,1.7164,space,3.6149,6,1.8377,0,0,0,0,1,0,images/pixabay_cat_002882.jpg,Jack Lo,001,2022-05-28_22h53.34.759,Cat face rating experiment_1000-1500,2021.1.4,MacIntel,60.0024001
,,,,,,space,1.7708,3,1.5055,0,1,1,1,1,1,images/pixabay_cat_000521.jpg,Jack Lo,001,2022-05-28_22h53.34.759,Cat face rating experiment_1000-1500,2021.1.4,MacIntel,60.0024001
,,,,,,space,1.7758,4,1.5718,0,2,2,2,1,2,images/pixabay_cat_001788.jpg,Jack Lo,001,2022-05-28_22h53.34.759,Cat face rating experiment_1000-1500,2021.1.4,MacIntel,60.0024001
,,,,,,space,0.8107,4,0.6038,0,3,3,3,1,3,images/pixabay_cat_002892.jpg,Jack Lo,001,2022-05-28_22h53.34.759,Cat face rating experiment_1000-1500,2021.1.4,MacIntel,60.0024001
,,,,,,space,1.1894,3,1.0046,0,4,4,4,1,4,images/pixabay_cat_001043.jpg,Jack Lo,001,2022-05-28_22h53.34.759,Cat face rating experiment_1000-1500,2021.1.4,MacIntel,60.0024001
,,,,,,space,0.6826,3,0.5874,0,5,5,5,1,5,images/pixabay_cat_000055.jpg,Jack Lo,001,2022-05-28_22h53.34.759,Cat face rating experiment_1000-1500,2021.1.4,MacIntel,60.0024001
,,,,,,space,0.8038,3,0.64,0,6,6,6,1,6,images/pixabay_cat_004304.jpg,Jack Lo,001,2022-05-28_22h53.34.759,Cat face rating experiment_1000-1500,2021.1.4,MacIntel,60.0024001
,,,,,,space,0.8417,,,0,7,7,7,1,7,images/pixabay_cat_000059.jpg,Jack Lo,001,2022-05-28_22h53.34.759,Cat face rating experiment_1000-1500,2021.1.4,MacIntel,60.0024001
,,,,,,space,0.9975,3,0.8725,0,8,8,8,1,8,images/flickr_cat_000507.jpg,Jack Lo,001,2022-05-28_22h53.34.759,Cat face rating experiment_1000-1500,2021.1.4,MacIntel,60.0024001
,,,,,,space,0.9743,3,0.6583,0,9,9,9,1,9,images/pixabay_cat_003422.jpg,Jack Lo,001,2022-05-28_22h53.34.759,Cat face rating experiment_1000-1500,2021.1.4,MacIntel,60.0024001
,,,,,,space,1.4722,2,1.251,0,10,10,10,1,10,images/pixabay_cat_002344.jpg,Jack Lo,001,2022-05-28_22h53.34.759,Cat face rating experiment_1000-1500,2021.1.4,MacIntel,60.0024001
,,,,,,space,0.8703,2,0.7233,0,11,11,11,1,11,images/pixabay_cat_002073.jpg,Jack Lo,001,2022-05-28_22h53.34.759,Cat face rating experiment_1000-1500,2021.1.4,MacIntel,60.0024001
,,,,,,space,1.0478,,,0,12,12,12,1,12,images/pixabay_cat_003870.jpg,Jack Lo,001,2022-05-28_22h53.34.759,Cat face rating experiment_1000-1500,2021.1.4,MacIntel,60.0024001
,,,,,,space,1.005,,,0,13,13,13,1,13,images/flickr_cat_000375.jpg,Jack Lo,001,2022-05-28_22h53.34.759,Cat face rating experiment_1000-1500,2021.1.4,MacIntel,60.0024001
,,,,,,space,1.1967,5,1.0066,0,14,14,14,1,14,images/flickr_cat_000205.jpg,Jack Lo,001,2022-05-28_22h53.34.759,Cat face rating experiment_1000-1500,2021.1.4,MacIntel,60.0024001
,,,,,,space,1.0021,5,0.8562,0,15,15,15,1,15,images/pixabay_cat_002255.jpg,Jack Lo,001,2022-05-28_22h53.34.759,Cat face rating experiment_1000-1500,2021.1.4,MacIntel,60.0024001
,,,,,,space,2.1158,5,0.6875,0,16,16,16,1,16,images/pixabay_cat_000445.jpg,Jack Lo,001,2022-05-28_22h53.34.759,Cat face rating experiment_1000-1500,2021.1.4,MacIntel,60.0024001
,,,,,,space,0.7927,5,0.6225,0,17,17,17,1,17,images/flickr_cat_000702.jpg,Jack Lo,001,2022-05-28_22h53.34.759,Cat face rating experiment_1000-1500,2021.1.4,MacIntel,60.0024001
,,,,,,space,1.5066,3,1.4405,0,18,18,18,1,18,images/pixabay_cat_003927.jpg,Jack Lo,001,2022-05-28_22h53.34.759,Cat face rating experiment_1000-1500,2021.1.4,MacIntel,60.0024001
,,,,,,space,1.7148,4,1.4597,0,19,19,19,1,19,images/pixabay_cat_003715.jpg,Jack Lo,001,2022-05-28_22h53.34.759,Cat face rating experiment_1000-1500,2021.1.4,MacIntel,60.0024001
,,,,,,space,1.7237,3,1.6226,0,20,20,20,1,20,images/pixabay_cat_002351.jpg,Jack Lo,001,2022-05-28_22h53.34.759,Cat face rating experiment_1000-1500,2021.1.4,MacIntel,60.0024001
,,,,,,space,1.5894,,,0,21,21,21,1,21,images/pixabay_cat_000685.jpg,Jack Lo,001,2022-05-28_22h53.34.759,Cat face rating experiment_1000-1500,2021.1.4,MacIntel,60.0024001
,,,,,,space,1.0817,3,0.9566,0,22,22,22,1,22,images/pixabay_cat_000002.jpg,Jack Lo,001,2022-05-28_22h53.34.759,Cat face rating experiment_1000-1500,2021.1.4,MacIntel,60.0024001
,,,,,,space,1.2429,3,0.9709,0,23,23,23,1,23,images/pixabay_cat_001396.jpg,Jack Lo,001,2022-05-28_22h53.34.759,Cat face rating experiment_1000-1500,2021.1.4,MacIntel,60.0024001
,,,,,,space,1.0563,,,0,24,24,24,1,24,images/pixabay_cat_003941.jpg,Jack Lo,001,2022-05-28_22h53.34.759,Cat face rating experiment_1000-1500,2021.1.4,MacIntel,60.0024001
,,,,,,space,1.236,5,1.0384,0,25,25,25,1,25,images/pixabay_cat_001290.jpg,Jack Lo,001,2022-05-28_22h53.34.759,Cat face rating experiment_1000-1500,2021.1.4,MacIntel,60.0024001
,,,,,,space,1.3048,5,0.9365,0,26,26,26,1,26,images/pixabay_cat_000532.jpg,Jack Lo,001,2022-05-28_22h53.34.759,Cat face rating experiment_1000-1500,2021.1.4,MacIntel,60.0024001
,,,,,,space,1.4684,6,1.3399,0,27,27,27,1,27,images/flickr_cat_000613.jpg,Jack Lo,001,2022-05-28_22h53.34.759,Cat face rating experiment_1000-1500,2021.1.4,MacIntel,60.0024001
,,,,,,space,2.2071,2,2.0205,0,28,28,28,1,28,images/pixabay_cat_004519.jpg,Jack Lo,001,2022-05-28_22h53.34.759,Cat face rating experiment_1000-1500,2021.1.4,MacIntel,60.0024001
,,,,,,space,1.3047,2,0.7067,0,29,29,29,1,29,images/pixabay_cat_003251.jpg,Jack Lo,001,2022-05-28_22h53.34.759,Cat face rating experiment_1000-1500,2021.1.4,MacIntel,60.0024001
,,,,,,space,1.5039,5,1.2362,0,30,30,30,1,30,images/pixabay_cat_001995.jpg,Jack Lo,001,2022-05-28_22h53.34.759,Cat face rating experiment_1000-1500,2021.1.4,MacIntel,60.0024001
,,,,,,space,1.5885,6,1.3379,0,31,31,31,1,31,images/pixabay_cat_000153.jpg,Jack Lo,001,2022-05-28_22h53.34.759,Cat face rating experiment_1000-1500,2021.1.4,MacIntel,60.0024001
,,,,,,space,1.5618,,,0,32,32,32,1,32,images/pixabay_cat_004561.jpg,Jack Lo,001,2022-05-28_22h53.34.759,Cat face rating experiment_1000-1500,2021.1.4,MacIntel,60.0024001
,,,,,,space,2.1108,3,1.8917,0,33,33,33,1,33,images/pixabay_cat_003574.jpg,Jack Lo,001,2022-05-28_22h53.34.759,Cat face rating experiment_1000-1500,2021.1.4,MacIntel,60.0024001
,,,,,,space,1.1174,3,1.0021,0,34,34,34,1,34,images/pixabay_cat_002536.jpg,Jack Lo,001,2022-05-28_22h53.34.759,Cat face rating experiment_1000-1500,2021.1.4,MacIntel,60.0024001
,,,,,,space,0.7981,3,0.5841,0,35,35,35,1,35,images/pixabay_cat_003763.jpg,Jack Lo,001,2022-05-28_22h53.34.759,Cat face rating experiment_1000-1500,2021.1.4,MacIntel,60.0024001
,,,,,,space,1.8949,4,1.7042,0,36,36,36,1,36,images/pixabay_cat_001235.jpg,Jack Lo,001,2022-05-28_22h53.34.759,Cat face rating experiment_1000-1500,2021.1.4,MacIntel,60.0024001
,,,,,,space,1.0138,3,0.7185,0,37,37,37,1,37,images/pixabay_cat_004116.jpg,Jack Lo,001,2022-05-28_22h53.34.759,Cat face rating experiment_1000-1500,2021.1.4,MacIntel,60.0024001
,,,,,,space,1.7966,,,0,38,38,38,1,38,images/pixabay_cat_001140.jpg,Jack Lo,001,2022-05-28_22h53.34.759,Cat face rating experiment_1000-1500,2021.1.4,MacIntel,60.0024001
,,,,,,space,2.2945,2,2.0712,0,39,39,39,1,39,images/pixabay_cat_003623.jpg,Jack Lo,001,2022-05-28_22h53.34.759,Cat face rating experiment_1000-1500,2021.1.4,MacIntel,60.0024001
,,,,,,space,31.5051,2,28.605,0,40,40,40,1,40,images/pixabay_cat_002209.jpg,Jack Lo,001,2022-05-28_22h53.34.759,Cat face rating experiment_1000-1500,2021.1.4,MacIntel,60.0024001
,,,,,,space,23.8633,5,23.5036,0,41,41,41,1,41,images/flickr_cat_000200.jpg,Jack Lo,001,2022-05-28_22h53.34.759,Cat face rating experiment_1000-1500,2021.1.4,MacIntel,60.0024001
,,,,,,space,1.1724,3,1.0398,0,42,42,42,1,42,images/flickr_cat_000695.jpg,Jack Lo,001,2022-05-28_22h53.34.759,Cat face rating experiment_1000-1500,2021.1.4,MacIntel,60.0024001
,,,,,,space,0.9557,3,0.6695,0,43,43,43,1,43,images/pixabay_cat_003822.jpg,Jack Lo,001,2022-05-28_22h53.34.759,Cat face rating experiment_1000-1500,2021.1.4,MacIntel,60.0024001
,,,,,,space,0.9954,,,0,44,44,44,1,44,images/pixabay_cat_001861.jpg,Jack Lo,001,2022-05-28_22h53.34.759,Cat face rating experiment_1000-1500,2021.1.4,MacIntel,60.0024001
,,,,,,space,1.447,2,1.3548,0,45,45,45,1,45,images/pixabay_cat_002628.jpg,Jack Lo,001,2022-05-28_22h53.34.759,Cat face rating experiment_1000-1500,2021.1.4,MacIntel,60.0024001
,,,,,,space,32.6376,2,32.3204,0,46,46,46,1,46,images/pixabay_cat_002525.jpg,Jack Lo,001,2022-05-28_22h53.34.759,Cat face rating experiment_1000-1500,2021.1.4,MacIntel,60.0024001
,,,,,,space,1.3893,3,1.1863,0,47,47,47,1,47,images/pixabay_cat_001352.jpg,Jack Lo,001,2022-05-28_22h53.34.759,Cat face rating experiment_1000-1500,2021.1.4,MacIntel,60.0024001
,,,,,,space,1.8044,1,1.6389,0,48,48,48,1,48,images/pixabay_cat_004253.jpg,Jack Lo,001,2022-05-28_22h53.34.759,Cat face rating experiment_1000-1500,2021.1.4,MacIntel,60.0024001
,,,,,,space,1.0879,1,0.9045,0,49,49,49,1,49,images/pixabay_cat_003366.jpg,Jack Lo,001,2022-05-28_22h53.34.759,Cat face rating experiment_1000-1500,2021.1.4,MacIntel,60.0024001
,,,,,,space,3.3562,3,3.076,0,50,50,50,1,50,images/pixabay_cat_003390.jpg,Jack Lo,001,2022-05-28_22h53.34.759,Cat face rating experiment_1000-1500,2021.1.4,MacIntel,60.0024001
,,,,,,space,3.3976,2,1.2553,0,51,51,51,1,51,images/pixabay_cat_002934.jpg,Jack Lo,001,2022-05-28_22h53.34.759,Cat face rating experiment_1000-1500,2021.1.4,MacIntel,60.0024001
,,,,,,space,2.0791,3,1.8057,0,52,52,52,1,52,images/pixabay_cat_001742.jpg,Jack Lo,001,2022-05-28_22h53.34.759,Cat face rating experiment_1000-1500,2021.1.4,MacIntel,60.0024001
,,,,,,space,51.749,2,32.7427,0,53,53,53,1,53,images/pixabay_cat_002305.jpg,Jack Lo,001,2022-05-28_22h53.34.759,Cat face rating experiment_1000-1500,2021.1.4,MacIntel,60.0024001
,,,,,,space,2.5712,,,0,54,54,54,1,54,images/pixabay_cat_003950.jpg,Jack Lo,001,2022-05-28_22h53.34.759,Cat face rating experiment_1000-1500,2021.1.4,MacIntel,60.0024001
,,,,,,space,1.4843,5,1.2375,0,55,55,55,1,55,images/pixabay_cat_002848.jpg,Jack Lo,001,2022-05-28_22h53.34.759,Cat face rating experiment_1000-1500,2021.1.4,MacIntel,60.0024001
,,,,,,space,0.9433,5,0.7907,0,56,56,56,1,56,images/pixabay_cat_002690.jpg,Jack Lo,001,2022-05-28_22h53.34.759,Cat face rating experiment_1000-1500,2021.1.4,MacIntel,60.0024001
,,,,,,space,1.872,1,1.6379,0,57,57,57,1,57,images/pixabay_cat_001360.jpg,Jack Lo,001,2022-05-28_22h53.34.759,Cat face rating experiment_1000-1500,2021.1.4,MacIntel,60.0024001
,,,,,,space,1.7407,6,1.4404,0,58,58,58,1,58,images/flickr_cat_000166.jpg,Jack Lo,001,2022-05-28_22h53.34.759,Cat face rating experiment_1000-1500,2021.1.4,MacIntel,60.0024001
,,,,,,space,1.5945,3,1.3512,0,59,59,59,1,59,images/pixabay_cat_002736.jpg,Jack Lo,001,2022-05-28_22h53.34.759,Cat face rating experiment_1000-1500,2021.1.4,MacIntel,60.0024001
,,,,,,space,1.3626,2,1.2223,0,60,60,60,1,60,images/pixabay_cat_002108.jpg,Jack Lo,001,2022-05-28_22h53.34.759,Cat face rating experiment_1000-1500,2021.1.4,MacIntel,60.0024001
,,,,,,space,1.2986,4,1.1064,0,61,61,61,1,61,images/pixabay_cat_001387.jpg,Jack Lo,001,2022-05-28_22h53.34.759,Cat face rating experiment_1000-1500,2021.1.4,MacIntel,60.0024001
,,,,,,space,1.443,6,1.3084,0,62,62,62,1,62,images/pixabay_cat_002801.jpg,Jack Lo,001,2022-05-28_22h53.34.759,Cat face rating experiment_1000-1500,2021.1.4,MacIntel,60.0024001
,,,,,,space,1.3275,5,1.2071,0,63,63,63,1,63,images/pixabay_cat_001825.jpg,Jack Lo,001,2022-05-28_22h53.34.759,Cat face rating experiment_1000-1500,2021.1.4,MacIntel,60.0024001
,,,,,,space,1.4194,2,1.2193,0,64,64,64,1,64,images/flickr_cat_000331.jpg,Jack Lo,001,2022-05-28_22h53.34.759,Cat face rating experiment_1000-1500,2021.1.4,MacIntel,60.0024001
,,,,,,space,2.3371,1,1.8694,0,65,65,65,1,65,images/flickr_cat_000296.jpg,Jack Lo,001,2022-05-28_22h53.34.759,Cat face rating experiment_1000-1500,2021.1.4,MacIntel,60.0024001
,,,,,,space,7.1408,,,0,66,66,66,1,66,images/pixabay_cat_004439.jpg,Jack Lo,001,2022-05-28_22h53.34.759,Cat face rating experiment_1000-1500,2021.1.4,MacIntel,60.0024001
,,,,,,space,1.0526,3,0.8374,0,67,67,67,1,67,images/pixabay_cat_001501.jpg,Jack Lo,001,2022-05-28_22h53.34.759,Cat face rating experiment_1000-1500,2021.1.4,MacIntel,60.0024001
,,,,,,space,0.9277,,,0,68,68,68,1,68,images/pixabay_cat_001505.jpg,Jack Lo,001,2022-05-28_22h53.34.759,Cat face rating experiment_1000-1500,2021.1.4,MacIntel,60.0024001
,,,,,,space,2.339,1,2.1073,0,69,69,69,1,69,images/pixabay_cat_002226.jpg,Jack Lo,001,2022-05-28_22h53.34.759,Cat face rating experiment_1000-1500,2021.1.4,MacIntel,60.0024001
,,,,,,space,2.4585,6,2.2028,0,70,70,70,1,70,images/pixabay_cat_003075.jpg,Jack Lo,001,2022-05-28_22h53.34.759,Cat face rating experiment_1000-1500,2021.1.4,MacIntel,60.0024001
,,,,,,space,1.1004,6,0.8887,0,71,71,71,1,71,images/pixabay_cat_002655.jpg,Jack Lo,001,2022-05-28_22h53.34.759,Cat face rating experiment_1000-1500,2021.1.4,MacIntel,60.0024001
,,,,,,space,0.9563,6,0.7852,0,72,72,72,1,72,images/flickr_cat_000155.jpg,Jack Lo,001,2022-05-28_22h53.34.759,Cat face rating experiment_1000-1500,2021.1.4,MacIntel,60.0024001
,,,,,,space,3.3663,3,3.0586,0,73,73,73,1,73,images/pixabay_cat_002707.jpg,Jack Lo,001,2022-05-28_22h53.34.759,Cat face rating experiment_1000-1500,2021.1.4,MacIntel,60.0024001
,,,,,,space,1.8488,1,1.5239,0,74,74,74,1,74,images/flickr_cat_000328.jpg,Jack Lo,001,2022-05-28_22h53.34.759,Cat face rating experiment_1000-1500,2021.1.4,MacIntel,60.0024001
,,,,,,space,1.2801,3,1.0565,0,75,75,75,1,75,images/flickr_cat_000471.jpg,Jack Lo,001,2022-05-28_22h53.34.759,Cat face rating experiment_1000-1500,2021.1.4,MacIntel,60.0024001
,,,,,,space,1.2625,3,0.8095,0,76,76,76,1,76,images/pixabay_cat_002886.jpg,Jack Lo,001,2022-05-28_22h53.34.759,Cat face rating experiment_1000-1500,2021.1.4,MacIntel,60.0024001
,,,,,,space,1.4127,2,1.2088,0,77,77,77,1,77,images/pixabay_cat_001002.jpg,Jack Lo,001,2022-05-28_22h53.34.759,Cat face rating experiment_1000-1500,2021.1.4,MacIntel,60.0024001
,,,,,,space,0.8227,2,0.657,0,78,78,78,1,78,images/pixabay_cat_003029.jpg,Jack Lo,001,2022-05-28_22h53.34.759,Cat face rating experiment_1000-1500,2021.1.4,MacIntel,60.0024001
,,,,,,space,0.8706,2,0.6717,0,79,79,79,1,79,images/pixabay_cat_001313.jpg,Jack Lo,001,2022-05-28_22h53.34.759,Cat face rating experiment_1000-1500,2021.1.4,MacIntel,60.0024001
,,,,,,space,0.6872,,,0,80,80,80,1,80,images/pixabay_cat_002740.jpg,Jack Lo,001,2022-05-28_22h53.34.759,Cat face rating experiment_1000-1500,2021.1.4,MacIntel,60.0024001
,,,,,,space,1.0237,2,0.8435,0,81,81,81,1,81,images/pixabay_cat_004722.jpg,Jack Lo,001,2022-05-28_22h53.34.759,Cat face rating experiment_1000-1500,2021.1.4,MacIntel,60.0024001
,,,,,,space,1.8653,3,1.5879,0,82,82,82,1,82,images/pixabay_cat_004717.jpg,Jack Lo,001,2022-05-28_22h53.34.759,Cat face rating experiment_1000-1500,2021.1.4,MacIntel,60.0024001
,,,,,,space,1.422,5,1.2235,0,83,83,83,1,83,images/pixabay_cat_002940.jpg,Jack Lo,001,2022-05-28_22h53.34.759,Cat face rating experiment_1000-1500,2021.1.4,MacIntel,60.0024001
,,,,,,space,1.043,,,0,84,84,84,1,84,images/pixabay_cat_000870.jpg,Jack Lo,001,2022-05-28_22h53.34.759,Cat face rating experiment_1000-1500,2021.1.4,MacIntel,60.0024001
,,,,,,space,0.7061,,,0,85,85,85,1,85,images/pixabay_cat_004516.jpg,Jack Lo,001,2022-05-28_22h53.34.759,Cat face rating experiment_1000-1500,2021.1.4,MacIntel,60.0024001
,,,,,,space,1.0507,3,0.9085,0,86,86,86,1,86,images/pixabay_cat_004399.jpg,Jack Lo,001,2022-05-28_22h53.34.759,Cat face rating experiment_1000-1500,2021.1.4,MacIntel,60.0024001
,,,,,,space,1.8158,5,1.6235,0,87,87,87,1,87,images/pixabay_cat_002095.jpg,Jack Lo,001,2022-05-28_22h53.34.759,Cat face rating experiment_1000-1500,2021.1.4,MacIntel,60.0024001
,,,,,,space,0.8254,,,0,88,88,88,1,88,images/pixabay_cat_004056.jpg,Jack Lo,001,2022-05-28_22h53.34.759,Cat face rating experiment_1000-1500,2021.1.4,MacIntel,60.0024001
,,,,,,space,1.1377,5,1.0046,0,89,89,89,1,89,images/pixabay_cat_000723.jpg,Jack Lo,001,2022-05-28_22h53.34.759,Cat face rating experiment_1000-1500,2021.1.4,MacIntel,60.0024001
,,,,,,space,2.7945,3,2.5518,0,90,90,90,1,90,images/pixabay_cat_000267.jpg,Jack Lo,001,2022-05-28_22h53.34.759,Cat face rating experiment_1000-1500,2021.1.4,MacIntel,60.0024001
,,,,,,space,1.7748,3,0.7859,0,91,91,91,1,91,images/pixabay_cat_004677.jpg,Jack Lo,001,2022-05-28_22h53.34.759,Cat face rating experiment_1000-1500,2021.1.4,MacIntel,60.0024001
,,,,,,space,2.585,5,2.2028,0,92,92,92,1,92,images/pixabay_cat_004805.jpg,Jack Lo,001,2022-05-28_22h53.34.759,Cat face rating experiment_1000-1500,2021.1.4,MacIntel,60.0024001
,,,,,,space,15.3426,7,14.7027,0,93,93,93,1,93,images/pixabay_cat_000064.jpg,Jack Lo,001,2022-05-28_22h53.34.759,Cat face rating experiment_1000-1500,2021.1.4,MacIntel,60.0024001
,,,,,,space,4.5236,1,2.4708,0,94,94,94,1,94,images/pixabay_cat_002191.jpg,Jack Lo,001,2022-05-28_22h53.34.759,Cat face rating experiment_1000-1500,2021.1.4,MacIntel,60.0024001
,,,,,,space,2.2574,3,1.9395,0,95,95,95,1,95,images/pixabay_cat_003695.jpg,Jack Lo,001,2022-05-28_22h53.34.759,Cat face rating experiment_1000-1500,2021.1.4,MacIntel,60.0024001
,,,,,,space,2.3942,4,2.1707,0,96,96,96,1,96,images/pixabay_cat_000191.jpg,Jack Lo,001,2022-05-28_22h53.34.759,Cat face rating experiment_1000-1500,2021.1.4,MacIntel,60.0024001
,,,,,,space,1.3063,5,1.0711,0,97,97,97,1,97,images/flickr_cat_000634.jpg,Jack Lo,001,2022-05-28_22h53.34.759,Cat face rating experiment_1000-1500,2021.1.4,MacIntel,60.0024001
,,,,,,space,1.7713,4,1.5714,0,98,98,98,1,98,images/pixabay_cat_003973.jpg,Jack Lo,001,2022-05-28_22h53.34.759,Cat face rating experiment_1000-1500,2021.1.4,MacIntel,60.0024001
,,,,,,space,2.4615,1,1.7203,0,99,99,99,1,99,images/pixabay_cat_004785.jpg,Jack Lo,001,2022-05-28_22h53.34.759,Cat face rating experiment_1000-1500,2021.1.4,MacIntel,60.0024001
,,,,,,space,1.5063,2,0.939,0,100,100,100,1,100,images/pixabay_cat_004404.jpg,Jack Lo,001,2022-05-28_22h53.34.759,Cat face rating experiment_1000-1500,2021.1.4,MacIntel,60.0024001
,,,,,,space,17.7576,2,11.6562,0,101,101,101,1,101,images/pixabay_cat_003841.jpg,Jack Lo,001,2022-05-28_22h53.34.759,Cat face rating experiment_1000-1500,2021.1.4,MacIntel,60.0024001
,,,,,,space,2.9474,2,2.604,0,102,102,102,1,102,images/pixabay_cat_004577.jpg,Jack Lo,001,2022-05-28_22h53.34.759,Cat face rating experiment_1000-1500,2021.1.4,MacIntel,60.0024001
,,,,,,space,3.8234,4,3.424,0,103,103,103,1,103,images/pixabay_cat_003110.jpg,Jack Lo,001,2022-05-28_22h53.34.759,Cat face rating experiment_1000-1500,2021.1.4,MacIntel,60.0024001
,,,,,,space,4.2748,7,3.8575,0,104,104,104,1,104,images/flickr_cat_000493.jpg,Jack Lo,001,2022-05-28_22h53.34.759,Cat face rating experiment_1000-1500,2021.1.4,MacIntel,60.0024001
,,,,,,space,14.1268,3,13.7896,0,105,105,105,1,105,images/pixabay_cat_004059.jpg,Jack Lo,001,2022-05-28_22h53.34.759,Cat face rating experiment_1000-1500,2021.1.4,MacIntel,60.0024001
,,,,,,space,2.526,2,2.1228,0,106,106,106,1,106,images/pixabay_cat_000465.jpg,Jack Lo,001,2022-05-28_22h53.34.759,Cat face rating experiment_1000-1500,2021.1.4,MacIntel,60.0024001
,,,,,,space,1.6792,3,1.3706,0,107,107,107,1,107,images/flickr_cat_000201.jpg,Jack Lo,001,2022-05-28_22h53.34.759,Cat face rating experiment_1000-1500,2021.1.4,MacIntel,60.0024001
,,,,,,space,1.3642,1,1.1433,0,108,108,108,1,108,images/pixabay_cat_002036.jpg,Jack Lo,001,2022-05-28_22h53.34.759,Cat face rating experiment_1000-1500,2021.1.4,MacIntel,60.0024001
,,,,,,space,0.8466,1,0.6883,0,109,109,109,1,109,images/pixabay_cat_000843.jpg,Jack Lo,001,2022-05-28_22h53.34.759,Cat face rating experiment_1000-1500,2021.1.4,MacIntel,60.0024001
,,,,,,space,1.5422,3,1.3534,0,110,110,110,1,110,images/pixabay_cat_004125.jpg,Jack Lo,001,2022-05-28_22h53.34.759,Cat face rating experiment_1000-1500,2021.1.4,MacIntel,60.0024001
,,,,,,space,0.9968,3,0.8025,0,111,111,111,1,111,images/pixabay_cat_001423.jpg,Jack Lo,001,2022-05-28_22h53.34.759,Cat face rating experiment_1000-1500,2021.1.4,MacIntel,60.0024001
,,,,,,space,2.1101,5,1.7366,0,112,112,112,1,112,images/pixabay_cat_001247.jpg,Jack Lo,001,2022-05-28_22h53.34.759,Cat face rating experiment_1000-1500,2021.1.4,MacIntel,60.0024001
,,,,,,space,1.0239,5,0.8528,0,113,113,113,1,113,images/pixabay_cat_001468.jpg,Jack Lo,001,2022-05-28_22h53.34.759,Cat face rating experiment_1000-1500,2021.1.4,MacIntel,60.0024001
,,,,,,space,0.7311,5,0.5733,0,114,114,114,1,114,images/pixabay_cat_001100.jpg,Jack Lo,001,2022-05-28_22h53.34.759,Cat face rating experiment_1000-1500,2021.1.4,MacIntel,60.0024001
,,,,,,space,0.9975,,,0,115,115,115,1,115,images/pixabay_cat_002751.jpg,Jack Lo,001,2022-05-28_22h53.34.759,Cat face rating experiment_1000-1500,2021.1.4,MacIntel,60.0024001
,,,,,,space,1.0563,5,0.9238,0,116,116,116,1,116,images/pixabay_cat_001769.jpg,Jack Lo,001,2022-05-28_22h53.34.759,Cat face rating experiment_1000-1500,2021.1.4,MacIntel,60.0024001
,,,,,,space,1.7146,2,1.5229,0,117,117,117,1,117,images/pixabay_cat_003766.jpg,Jack Lo,001,2022-05-28_22h53.34.759,Cat face rating experiment_1000-1500,2021.1.4,MacIntel,60.0024001
,,,,,,space,1.4578,3,1.2865,0,118,118,118,1,118,images/pixabay_cat_003266.jpg,Jack Lo,001,2022-05-28_22h53.34.759,Cat face rating experiment_1000-1500,2021.1.4,MacIntel,60.0024001
,,,,,,space,1.9789,6,1.7369,0,119,119,119,1,119,images/pixabay_cat_001610.jpg,Jack Lo,001,2022-05-28_22h53.34.759,Cat face rating experiment_1000-1500,2021.1.4,MacIntel,60.0024001
,,,,,,space,1.1097,,,0,120,120,120,1,120,images/pixabay_cat_002504.jpg,Jack Lo,001,2022-05-28_22h53.34.759,Cat face rating experiment_1000-1500,2021.1.4,MacIntel,60.0024001
,,,,,,space,1.0374,5,0.7735,0,121,121,121,1,121,images/flickr_cat_000474.jpg,Jack Lo,001,2022-05-28_22h53.34.759,Cat face rating experiment_1000-1500,2021.1.4,MacIntel,60.0024001
,,,,,,space,1.4289,3,1.172,0,122,122,122,1,122,images/pixabay_cat_000725.jpg,Jack Lo,001,2022-05-28_22h53.34.759,Cat face rating experiment_1000-1500,2021.1.4,MacIntel,60.0024001
,,,,,,space,2.3019,6,1.9599,0,123,123,123,1,123,images/pixabay_cat_002428.jpg,Jack Lo,001,2022-05-28_22h53.34.759,Cat face rating experiment_1000-1500,2021.1.4,MacIntel,60.0024001
,,,,,,space,1.8004,6,1.5267,0,124,124,124,1,124,images/pixabay_cat_001805.jpg,Jack Lo,001,2022-05-28_22h53.34.759,Cat face rating experiment_1000-1500,2021.1.4,MacIntel,60.0024001
,,,,,,space,1.8267,7,1.6891,0,125,125,125,1,125,images/pixabay_cat_002315.jpg,Jack Lo,001,2022-05-28_22h53.34.759,Cat face rating experiment_1000-1500,2021.1.4,MacIntel,60.0024001
,,,,,,space,1.6888,3,1.4713,0,126,126,126,1,126,images/pixabay_cat_002786.jpg,Jack Lo,001,2022-05-28_22h53.34.759,Cat face rating experiment_1000-1500,2021.1.4,MacIntel,60.0024001
,,,,,,space,1.0485,2,0.8262,0,127,127,127,1,127,images/pixabay_cat_001026.jpg,Jack Lo,001,2022-05-28_22h53.34.759,Cat face rating experiment_1000-1500,2021.1.4,MacIntel,60.0024001
,,,,,,space,1.0643,,,0,128,128,128,1,128,images/pixabay_cat_003716.jpg,Jack Lo,001,2022-05-28_22h53.34.759,Cat face rating experiment_1000-1500,2021.1.4,MacIntel,60.0024001
,,,,,,space,0.7671,,,0,129,129,129,1,129,images/pixabay_cat_004812.jpg,Jack Lo,001,2022-05-28_22h53.34.759,Cat face rating experiment_1000-1500,2021.1.4,MacIntel,60.0024001
,,,,,,space,0.5179,,,0,130,130,130,1,130,images/pixabay_cat_000041.jpg,Jack Lo,001,2022-05-28_22h53.34.759,Cat face rating experiment_1000-1500,2021.1.4,MacIntel,60.0024001
,,,,,,space,0.6127,,,0,131,131,131,1,131,images/pixabay_cat_001925.jpg,Jack Lo,001,2022-05-28_22h53.34.759,Cat face rating experiment_1000-1500,2021.1.4,MacIntel,60.0024001
,,,,,,space,0.5545,,,0,132,132,132,1,132,images/pixabay_cat_004803.jpg,Jack Lo,001,2022-05-28_22h53.34.759,Cat face rating experiment_1000-1500,2021.1.4,MacIntel,60.0024001
,,,,,,space,1.7375,3,1.4694,0,133,133,133,1,133,images/pixabay_cat_004734.jpg,Jack Lo,001,2022-05-28_22h53.34.759,Cat face rating experiment_1000-1500,2021.1.4,MacIntel,60.0024001
,,,,,,space,6.3122,3,6.0538,0,134,134,134,1,134,images/pixabay_cat_004806.jpg,Jack Lo,001,2022-05-28_22h53.34.759,Cat face rating experiment_1000-1500,2021.1.4,MacIntel,60.0024001
,,,,,,space,1.608,3,0.674,0,135,135,135,1,135,images/pixabay_cat_003272.jpg,Jack Lo,001,2022-05-28_22h53.34.759,Cat face rating experiment_1000-1500,2021.1.4,MacIntel,60.0024001
,,,,,,space,2.008,4,1.8688,0,136,136,136,1,136,images/pixabay_cat_004552.jpg,Jack Lo,001,2022-05-28_22h53.34.759,Cat face rating experiment_1000-1500,2021.1.4,MacIntel,60.0024001
,,,,,,space,0.8216,3,0.6234,0,137,137,137,1,137,images/pixabay_cat_003402.jpg,Jack Lo,001,2022-05-28_22h53.34.759,Cat face rating experiment_1000-1500,2021.1.4,MacIntel,60.0024001
,,,,,,space,1.3598,2,1.1338,0,138,138,138,1,138,images/flickr_cat_000632.jpg,Jack Lo,001,2022-05-28_22h53.34.759,Cat face rating experiment_1000-1500,2021.1.4,MacIntel,60.0024001
,,,,,,space,0.9754,1,0.6696,0,139,139,139,1,139,images/pixabay_cat_004689.jpg,Jack Lo,001,2022-05-28_22h53.34.759,Cat face rating experiment_1000-1500,2021.1.4,MacIntel,60.0024001
,,,,,,space,1.5914,2,0.6864,0,140,140,140,1,140,images/pixabay_cat_000473.jpg,Jack Lo,001,2022-05-28_22h53.34.759,Cat face rating experiment_1000-1500,2021.1.4,MacIntel,60.0024001
,,,,,,space,0.9063,1,0.6683,0,141,141,141,1,141,images/pixabay_cat_000177.jpg,Jack Lo,001,2022-05-28_22h53.34.759,Cat face rating experiment_1000-1500,2021.1.4,MacIntel,60.0024001
,,,,,,space,1.7425,6,1.6052,0,142,142,142,1,142,images/pixabay_cat_000632.jpg,Jack Lo,001,2022-05-28_22h53.34.759,Cat face rating experiment_1000-1500,2021.1.4,MacIntel,60.0024001
,,,,,,space,0.7881,5,0.6052,0,143,143,143,1,143,images/flickr_cat_000786.jpg,Jack Lo,001,2022-05-28_22h53.34.759,Cat face rating experiment_1000-1500,2021.1.4,MacIntel,60.0024001
,,,,,,space,1.3745,6,1.135,0,144,144,144,1,144,images/pixabay_cat_001987.jpg,Jack Lo,001,2022-05-28_22h53.34.759,Cat face rating experiment_1000-1500,2021.1.4,MacIntel,60.0024001
,,,,,,space,1.0275,6,0.7564,0,145,145,145,1,145,images/flickr_cat_000767.jpg,Jack Lo,001,2022-05-28_22h53.34.759,Cat face rating experiment_1000-1500,2021.1.4,MacIntel,60.0024001
,,,,,,space,1.4439,3,1.2884,0,146,146,146,1,146,images/pixabay_cat_002980.jpg,Jack Lo,001,2022-05-28_22h53.34.759,Cat face rating experiment_1000-1500,2021.1.4,MacIntel,60.0024001
,,,,,,space,1.5415,4,1.3874,0,147,147,147,1,147,images/pixabay_cat_002016.jpg,Jack Lo,001,2022-05-28_22h53.34.759,Cat face rating experiment_1000-1500,2021.1.4,MacIntel,60.0024001
,,,,,,space,1.6529,5,1.3857,0,148,148,148,1,148,images/pixabay_cat_000395.jpg,Jack Lo,001,2022-05-28_22h53.34.759,Cat face rating experiment_1000-1500,2021.1.4,MacIntel,60.0024001
,,,,,,space,0.8116,5,0.6898,0,149,149,149,1,149,images/pixabay_cat_004827.jpg,Jack Lo,001,2022-05-28_22h53.34.759,Cat face rating experiment_1000-1500,2021.1.4,MacIntel,60.0024001
,,,,,,space,0.9723,5,0.6552,0,150,150,150,1,150,images/pixabay_cat_001410.jpg,Jack Lo,001,2022-05-28_22h53.34.759,Cat face rating experiment_1000-1500,2021.1.4,MacIntel,60.0024001
,,,,,,space,0.9264,,,0,151,151,151,1,151,images/pixabay_cat_003690.jpg,Jack Lo,001,2022-05-28_22h53.34.759,Cat face rating experiment_1000-1500,2021.1.4,MacIntel,60.0024001
,,,,,,space,1.0268,5,0.9041,0,152,152,152,1,152,images/pixabay_cat_002470.jpg,Jack Lo,001,2022-05-28_22h53.34.759,Cat face rating experiment_1000-1500,2021.1.4,MacIntel,60.0024001
,,,,,,space,0.905,,,0,153,153,153,1,153,images/pixabay_cat_002363.jpg,Jack Lo,001,2022-05-28_22h53.34.759,Cat face rating experiment_1000-1500,2021.1.4,MacIntel,60.0024001
,,,,,,space,2.0385,3,1.9215,0,154,154,154,1,154,images/pixabay_cat_000866.jpg,Jack Lo,001,2022-05-28_22h53.34.759,Cat face rating experiment_1000-1500,2021.1.4,MacIntel,60.0024001
,,,,,,space,1.2648,2,0.92,0,155,155,155,1,155,images/pixabay_cat_000595.jpg,Jack Lo,001,2022-05-28_22h53.34.759,Cat face rating experiment_1000-1500,2021.1.4,MacIntel,60.0024001
,,,,,,space,0.7481,2,0.7035,0,156,156,156,1,156,images/pixabay_cat_004008.jpg,Jack Lo,001,2022-05-28_22h53.34.759,Cat face rating experiment_1000-1500,2021.1.4,MacIntel,60.0024001
,,,,,,space,1.2022,3,1.0405,0,157,157,157,1,157,images/pixabay_cat_003778.jpg,Jack Lo,001,2022-05-28_22h53.34.759,Cat face rating experiment_1000-1500,2021.1.4,MacIntel,60.0024001
,,,,,,space,0.9974,,,0,158,158,158,1,158,images/pixabay_cat_001664.jpg,Jack Lo,001,2022-05-28_22h53.34.759,Cat face rating experiment_1000-1500,2021.1.4,MacIntel,60.0024001
,,,,,,space,0.9027,,,0,159,159,159,1,159,images/pixabay_cat_001566.jpg,Jack Lo,001,2022-05-28_22h53.34.759,Cat face rating experiment_1000-1500,2021.1.4,MacIntel,60.0024001
,,,,,,space,1.2921,,,0,160,160,160,1,160,images/pixabay_cat_003520.jpg,Jack Lo,001,2022-05-28_22h53.34.759,Cat face rating experiment_1000-1500,2021.1.4,MacIntel,60.0024001
,,,,,,space,0.7792,,,0,161,161,161,1,161,images/flickr_cat_000289.jpg,Jack Lo,001,2022-05-28_22h53.34.759,Cat face rating experiment_1000-1500,2021.1.4,MacIntel,60.0024001
,,,,,,space,0.7861,,,0,162,162,162,1,162,images/pixabay_cat_001164.jpg,Jack Lo,001,2022-05-28_22h53.34.759,Cat face rating experiment_1000-1500,2021.1.4,MacIntel,60.0024001
,,,,,,space,1.505,3,1.3718,0,163,163,163,1,163,images/pixabay_cat_003943.jpg,Jack Lo,001,2022-05-28_22h53.34.759,Cat face rating experiment_1000-1500,2021.1.4,MacIntel,60.0024001
,,,,,,space,1.3046,5,1.2385,0,164,164,164,1,164,images/pixabay_cat_002018.jpg,Jack Lo,001,2022-05-28_22h53.34.759,Cat face rating experiment_1000-1500,2021.1.4,MacIntel,60.0024001
,,,,,,space,1.3371,3,1.2037,0,165,165,165,1,165,images/pixabay_cat_000060.jpg,Jack Lo,001,2022-05-28_22h53.34.759,Cat face rating experiment_1000-1500,2021.1.4,MacIntel,60.0024001
,,,,,,space,1.6224,6,1.4113,0,166,166,166,1,166,images/pixabay_cat_001314.jpg,Jack Lo,001,2022-05-28_22h53.34.759,Cat face rating experiment_1000-1500,2021.1.4,MacIntel,60.0024001
,,,,,,space,1.0801,5,1.0427,0,167,167,167,1,167,images/pixabay_cat_000229.jpg,Jack Lo,001,2022-05-28_22h53.34.759,Cat face rating experiment_1000-1500,2021.1.4,MacIntel,60.0024001
,,,,,,space,1.273,3,1.1865,0,168,168,168,1,168,images/pixabay_cat_004190.jpg,Jack Lo,001,2022-05-28_22h53.34.759,Cat face rating experiment_1000-1500,2021.1.4,MacIntel,60.0024001
,,,,,,space,1.7413,2,1.5876,0,169,169,169,1,169,images/pixabay_cat_001856.jpg,Jack Lo,001,2022-05-28_22h53.34.759,Cat face rating experiment_1000-1500,2021.1.4,MacIntel,60.0024001
,,,,,,space,1.3268,2,1.0699,0,170,170,170,1,170,images/pixabay_cat_000945.jpg,Jack Lo,001,2022-05-28_22h53.34.759,Cat face rating experiment_1000-1500,2021.1.4,MacIntel,60.0024001
,,,,,,space,1.2381,,,0,171,171,171,1,171,images/pixabay_cat_000219.jpg,Jack Lo,001,2022-05-28_22h53.34.759,Cat face rating experiment_1000-1500,2021.1.4,MacIntel,60.0024001
,,,,,,space,1.558,3,1.3208,0,172,172,172,1,172,images/pixabay_cat_002115.jpg,Jack Lo,001,2022-05-28_22h53.34.759,Cat face rating experiment_1000-1500,2021.1.4,MacIntel,60.0024001
,,,,,,space,1.6189,2,1.3891,0,173,173,173,1,173,images/pixabay_cat_000729.jpg,Jack Lo,001,2022-05-28_22h53.34.759,Cat face rating experiment_1000-1500,2021.1.4,MacIntel,60.0024001
,,,,,,space,14.7342,2,13.4732,0,174,174,174,1,174,images/flickr_cat_000118.jpg,Jack Lo,001,2022-05-28_22h53.34.759,Cat face rating experiment_1000-1500,2021.1.4,MacIntel,60.0024001
,,,,,,space,1.3033,3,1.1008,0,175,175,175,1,175,images/pixabay_cat_001880.jpg,Jack Lo,001,2022-05-28_22h53.34.759,Cat face rating experiment_1000-1500,2021.1.4,MacIntel,60.0024001
,,,,,,space,0.9276,2,0.6372,0,176,176,176,1,176,images/pixabay_cat_002715.jpg,Jack Lo,001,2022-05-28_22h53.34.759,Cat face rating experiment_1000-1500,2021.1.4,MacIntel,60.0024001
,,,,,,space,2.2901,,,0,177,177,177,1,177,images/pixabay_cat_004670.jpg,Jack Lo,001,2022-05-28_22h53.34.759,Cat face rating experiment_1000-1500,2021.1.4,MacIntel,60.0024001
,,,,,,space,0.9642,2,0.7225,0,178,178,178,1,178,images/pixabay_cat_003800.jpg,Jack Lo,001,2022-05-28_22h53.34.759,Cat face rating experiment_1000-1500,2021.1.4,MacIntel,60.0024001
,,,,,,space,1.0047,3,0.7896,0,179,179,179,1,179,images/flickr_cat_000505.jpg,Jack Lo,001,2022-05-28_22h53.34.759,Cat face rating experiment_1000-1500,2021.1.4,MacIntel,60.0024001
,,,,,,space,0.8361,2,0.6563,0,180,180,180,1,180,images/flickr_cat_000473.jpg,Jack Lo,001,2022-05-28_22h53.34.759,Cat face rating experiment_1000-1500,2021.1.4,MacIntel,60.0024001
,,,,,,space,0.8048,2,0.603,0,181,181,181,1,181,images/pixabay_cat_003601.jpg,Jack Lo,001,2022-05-28_22h53.34.759,Cat face rating experiment_1000-1500,2021.1.4,MacIntel,60.0024001
,,,,,,space,1.1223,2,1.0913,0,182,182,182,1,182,images/pixabay_cat_000278.jpg,Jack Lo,001,2022-05-28_22h53.34.759,Cat face rating experiment_1000-1500,2021.1.4,MacIntel,60.0024001
,,,,,,space,1.7671,4,1.6023,0,183,183,183,1,183,images/pixabay_cat_000915.jpg,Jack Lo,001,2022-05-28_22h53.34.759,Cat face rating experiment_1000-1500,2021.1.4,MacIntel,60.0024001
,,,,,,space,1.4057,3,1.2033,0,184,184,184,1,184,images/pixabay_cat_000466.jpg,Jack Lo,001,2022-05-28_22h53.34.759,Cat face rating experiment_1000-1500,2021.1.4,MacIntel,60.0024001
,,,,,,space,0.9643,3,0.8033,0,185,185,185,1,185,images/pixabay_cat_001322.jpg,Jack Lo,001,2022-05-28_22h53.34.759,Cat face rating experiment_1000-1500,2021.1.4,MacIntel,60.0024001
,,,,,,space,1.588,4,1.3554,0,186,186,186,1,186,images/flickr_cat_000646.jpg,Jack Lo,001,2022-05-28_22h53.34.759,Cat face rating experiment_1000-1500,2021.1.4,MacIntel,60.0024001
,,,,,,space,2.1105,2,1.3206,0,187,187,187,1,187,images/flickr_cat_000460.jpg,Jack Lo,001,2022-05-28_22h53.34.759,Cat face rating experiment_1000-1500,2021.1.4,MacIntel,60.0024001
,,,,,,space,1.7557,2,1.4794,0,188,188,188,1,188,images/pixabay_cat_001636.jpg,Jack Lo,001,2022-05-28_22h53.34.759,Cat face rating experiment_1000-1500,2021.1.4,MacIntel,60.0024001
,,,,,,space,0.8948,2,0.6554,0,189,189,189,1,189,images/pixabay_cat_002072.jpg,Jack Lo,001,2022-05-28_22h53.34.759,Cat face rating experiment_1000-1500,2021.1.4,MacIntel,60.0024001
,,,,,,space,1.0609,3,0.7879,0,190,190,190,1,190,images/pixabay_cat_003062.jpg,Jack Lo,001,2022-05-28_22h53.34.759,Cat face rating experiment_1000-1500,2021.1.4,MacIntel,60.0024001
,,,,,,space,1.9922,5,1.7064,0,191,191,191,1,191,images/pixabay_cat_001616.jpg,Jack Lo,001,2022-05-28_22h53.34.759,Cat face rating experiment_1000-1500,2021.1.4,MacIntel,60.0024001
,,,,,,space,1.6934,1,1.4398,0,192,192,192,1,192,images/pixabay_cat_002174.jpg,Jack Lo,001,2022-05-28_22h53.34.759,Cat face rating experiment_1000-1500,2021.1.4,MacIntel,60.0024001
,,,,,,space,1.073,1,0.7722,0,193,193,193,1,193,images/pixabay_cat_000721.jpg,Jack Lo,001,2022-05-28_22h53.34.759,Cat face rating experiment_1000-1500,2021.1.4,MacIntel,60.0024001
,,,,,,space,2.0756,3,1.7884,0,194,194,194,1,194,images/pixabay_cat_004435.jpg,Jack Lo,001,2022-05-28_22h53.34.759,Cat face rating experiment_1000-1500,2021.1.4,MacIntel,60.0024001
,,,,,,space,2.1207,1,1.834,0,195,195,195,1,195,images/pixabay_cat_001701.jpg,Jack Lo,001,2022-05-28_22h53.34.759,Cat face rating experiment_1000-1500,2021.1.4,MacIntel,60.0024001
,,,,,,space,1.4069,2,1.1072,0,196,196,196,1,196,images/flickr_cat_000264.jpg,Jack Lo,001,2022-05-28_22h53.34.759,Cat face rating experiment_1000-1500,2021.1.4,MacIntel,60.0024001
,,,,,,space,2.0364,6,1.7539,0,197,197,197,1,197,images/pixabay_cat_001912.jpg,Jack Lo,001,2022-05-28_22h53.34.759,Cat face rating experiment_1000-1500,2021.1.4,MacIntel,60.0024001
,,,,,,space,1.8514,3,1.2711,0,198,198,198,1,198,images/pixabay_cat_004741.jpg,Jack Lo,001,2022-05-28_22h53.34.759,Cat face rating experiment_1000-1500,2021.1.4,MacIntel,60.0024001
,,,,,,space,2.1067,1,1.8382,0,199,199,199,1,199,images/pixabay_cat_002127.jpg,Jack Lo,001,2022-05-28_22h53.34.759,Cat face rating experiment_1000-1500,2021.1.4,MacIntel,60.0024001
,,,,,,space,1.4096,2,0.7711,0,200,200,200,1,200,images/pixabay_cat_003372.jpg,Jack Lo,001,2022-05-28_22h53.34.759,Cat face rating experiment_1000-1500,2021.1.4,MacIntel,60.0024001
,,,,,,space,0.8458,2,0.6218,0,201,201,201,1,201,images/pixabay_cat_004686.jpg,Jack Lo,001,2022-05-28_22h53.34.759,Cat face rating experiment_1000-1500,2021.1.4,MacIntel,60.0024001
,,,,,,space,1.03,1,0.7771,0,202,202,202,1,202,images/pixabay_cat_001971.jpg,Jack Lo,001,2022-05-28_22h53.34.759,Cat face rating experiment_1000-1500,2021.1.4,MacIntel,60.0024001
,,,,,,space,0.8757,1,0.7205,0,203,203,203,1,203,images/pixabay_cat_000410.jpg,Jack Lo,001,2022-05-28_22h53.34.759,Cat face rating experiment_1000-1500,2021.1.4,MacIntel,60.0024001
,,,,,,space,1.0299,2,0.8704,0,204,204,204,1,204,images/pixabay_cat_000045.jpg,Jack Lo,001,2022-05-28_22h53.34.759,Cat face rating experiment_1000-1500,2021.1.4,MacIntel,60.0024001
,,,,,,space,1.8972,4,1.5557,0,205,205,205,1,205,images/pixabay_cat_001940.jpg,Jack Lo,001,2022-05-28_22h53.34.759,Cat face rating experiment_1000-1500,2021.1.4,MacIntel,60.0024001
,,,,,,space,1.695,3,1.5228,0,206,206,206,1,206,images/pixabay_cat_001229.jpg,Jack Lo,001,2022-05-28_22h53.34.759,Cat face rating experiment_1000-1500,2021.1.4,MacIntel,60.0024001
,,,,,,space,2.2904,5,2.0058,0,207,207,207,1,207,images/pixabay_cat_001474.jpg,Jack Lo,001,2022-05-28_22h53.34.759,Cat face rating experiment_1000-1500,2021.1.4,MacIntel,60.0024001
,,,,,,space,1.7051,6,1.5231,0,208,208,208,1,208,images/pixabay_cat_004153.jpg,Jack Lo,001,2022-05-28_22h53.34.759,Cat face rating experiment_1000-1500,2021.1.4,MacIntel,60.0024001
,,,,,,space,1.5028,5,1.2874,0,209,209,209,1,209,images/pixabay_cat_003354.jpg,Jack Lo,001,2022-05-28_22h53.34.759,Cat face rating experiment_1000-1500,2021.1.4,MacIntel,60.0024001
,,,,,,space,1.3806,5,1.1553,0,210,210,210,1,210,images/pixabay_cat_004810.jpg,Jack Lo,001,2022-05-28_22h53.34.759,Cat face rating experiment_1000-1500,2021.1.4,MacIntel,60.0024001
,,,,,,space,0.8232,5,0.6898,0,211,211,211,1,211,images/pixabay_cat_002293.jpg,Jack Lo,001,2022-05-28_22h53.34.759,Cat face rating experiment_1000-1500,2021.1.4,MacIntel,60.0024001
,,,,,,space,0.7797,5,0.6215,0,212,212,212,1,212,images/flickr_cat_000606.jpg,Jack Lo,001,2022-05-28_22h53.34.759,Cat face rating experiment_1000-1500,2021.1.4,MacIntel,60.0024001
,,,,,,space,0.9712,6,0.821,0,213,213,213,1,213,images/flickr_cat_000800.jpg,Jack Lo,001,2022-05-28_22h53.34.759,Cat face rating experiment_1000-1500,2021.1.4,MacIntel,60.0024001
,,,,,,space,0.8369,5,0.7183,0,214,214,214,1,214,images/pixabay_cat_003090.jpg,Jack Lo,001,2022-05-28_22h53.34.759,Cat face rating experiment_1000-1500,2021.1.4,MacIntel,60.0024001
,,,,,,space,2.0424,3,1.7718,0,215,215,215,1,215,images/pixabay_cat_000411.jpg,Jack Lo,001,2022-05-28_22h53.34.759,Cat face rating experiment_1000-1500,2021.1.4,MacIntel,60.0024001
,,,,,,space,1.7487,2,1.5889,0,216,216,216,1,216,images/flickr_cat_000207.jpg,Jack Lo,001,2022-05-28_22h53.34.759,Cat face rating experiment_1000-1500,2021.1.4,MacIntel,60.0024001
,,,,,,space,4.4667,2,4.0704,0,217,217,217,1,217,images/flickr_cat_000512.jpg,Jack Lo,001,2022-05-28_22h53.34.759,Cat face rating experiment_1000-1500,2021.1.4,MacIntel,60.0024001
,,,,,,space,1.9747,1,1.7564,0,218,218,218,1,218,images/pixabay_cat_002040.jpg,Jack Lo,001,2022-05-28_22h53.34.759,Cat face rating experiment_1000-1500,2021.1.4,MacIntel,60.0024001
,,,,,,space,2.0506,4,1.7567,0,219,219,219,1,219,images/pixabay_cat_000127.jpg,Jack Lo,001,2022-05-28_22h53.34.759,Cat face rating experiment_1000-1500,2021.1.4,MacIntel,60.0024001
,,,,,,space,1.0922,3,0.7912,0,220,220,220,1,220,images/pixabay_cat_000575.jpg,Jack Lo,001,2022-05-28_22h53.34.759,Cat face rating experiment_1000-1500,2021.1.4,MacIntel,60.0024001
,,,,,,space,1.742,5,1.2874,0,221,221,221,1,221,images/pixabay_cat_000313.jpg,Jack Lo,001,2022-05-28_22h53.34.759,Cat face rating experiment_1000-1500,2021.1.4,MacIntel,60.0024001
,,,,,,space,1.5085,6,1.1898,0,222,222,222,1,222,images/pixabay_cat_004048.jpg,Jack Lo,001,2022-05-28_22h53.34.759,Cat face rating experiment_1000-1500,2021.1.4,MacIntel,60.0024001
,,,,,,space,1.5927,5,1.2186,0,223,223,223,1,223,images/pixabay_cat_003070.jpg,Jack Lo,001,2022-05-28_22h53.34.759,Cat face rating experiment_1000-1500,2021.1.4,MacIntel,60.0024001
,,,,,,space,2.0249,3,1.723,0,224,224,224,1,224,images/flickr_cat_000317.jpg,Jack Lo,001,2022-05-28_22h53.34.759,Cat face rating experiment_1000-1500,2021.1.4,MacIntel,60.0024001
,,,,,,space,0.99,2,0.6045,0,225,225,225,1,225,images/pixabay_cat_000432.jpg,Jack Lo,001,2022-05-28_22h53.34.759,Cat face rating experiment_1000-1500,2021.1.4,MacIntel,60.0024001
,,,,,,space,2.2806,6,2.0396,0,226,226,226,1,226,images/pixabay_cat_001013.jpg,Jack Lo,001,2022-05-28_22h53.34.759,Cat face rating experiment_1000-1500,2021.1.4,MacIntel,60.0024001
,,,,,,space,1.8411,7,1.5585,0,227,227,227,1,227,images/flickr_cat_000806.jpg,Jack Lo,001,2022-05-28_22h53.34.759,Cat face rating experiment_1000-1500,2021.1.4,MacIntel,60.0024001
,,,,,,space,2.0426,2,1.6357,0,228,228,228,1,228,images/pixabay_cat_000900.jpg,Jack Lo,001,2022-05-28_22h53.34.759,Cat face rating experiment_1000-1500,2021.1.4,MacIntel,60.0024001
,,,,,,space,1.5062,1,1.2395,0,229,229,229,1,229,images/pixabay_cat_003348.jpg,Jack Lo,001,2022-05-28_22h53.34.759,Cat face rating experiment_1000-1500,2021.1.4,MacIntel,60.0024001
,,,,,,space,2.0126,3,1.6884,0,230,230,230,1,230,images/pixabay_cat_002444.jpg,Jack Lo,001,2022-05-28_22h53.34.759,Cat face rating experiment_1000-1500,2021.1.4,MacIntel,60.0024001
,,,,,,space,1.9095,5,1.6374,0,231,231,231,1,231,images/pixabay_cat_004327.jpg,Jack Lo,001,2022-05-28_22h53.34.759,Cat face rating experiment_1000-1500,2021.1.4,MacIntel,60.0024001
,,,,,,space,1.754,,,0,232,232,232,1,232,images/pixabay_cat_001955.jpg,Jack Lo,001,2022-05-28_22h53.34.759,Cat face rating experiment_1000-1500,2021.1.4,MacIntel,60.0024001
,,,,,,space,1.5737,3,1.2365,0,233,233,233,1,233,images/pixabay_cat_003894.jpg,Jack Lo,001,2022-05-28_22h53.34.759,Cat face rating experiment_1000-1500,2021.1.4,MacIntel,60.0024001
,,,,,,space,1.524,5,1.242,0,234,234,234,1,234,images/pixabay_cat_003347.jpg,Jack Lo,001,2022-05-28_22h53.34.759,Cat face rating experiment_1000-1500,2021.1.4,MacIntel,60.0024001
,,,,,,space,1.0801,6,0.8237,0,235,235,235,1,235,images/pixabay_cat_004691.jpg,Jack Lo,001,2022-05-28_22h53.34.759,Cat face rating experiment_1000-1500,2021.1.4,MacIntel,60.0024001
,,,,,,space,1.5358,,,0,236,236,236,1,236,images/pixabay_cat_002116.jpg,Jack Lo,001,2022-05-28_22h53.34.759,Cat face rating experiment_1000-1500,2021.1.4,MacIntel,60.0024001
,,,,,,space,0.6944,,,0,237,237,237,1,237,images/pixabay_cat_000836.jpg,Jack Lo,001,2022-05-28_22h53.34.759,Cat face rating experiment_1000-1500,2021.1.4,MacIntel,60.0024001
,,,,,,space,0.5839,,,0,238,238,238,1,238,images/pixabay_cat_000090.jpg,Jack Lo,001,2022-05-28_22h53.34.759,Cat face rating experiment_1000-1500,2021.1.4,MacIntel,60.0024001
,,,,,,space,1.724,6,1.4382,0,239,239,239,1,239,images/pixabay_cat_002231.jpg,Jack Lo,001,2022-05-28_22h53.34.759,Cat face rating experiment_1000-1500,2021.1.4,MacIntel,60.0024001
,,,,,,space,1.2266,6,0.972,0,240,240,240,1,240,images/pixabay_cat_002674.jpg,Jack Lo,001,2022-05-28_22h53.34.759,Cat face rating experiment_1000-1500,2021.1.4,MacIntel,60.0024001
,,,,,,space,1.5105,3,1.3395,0,241,241,241,1,241,images/flickr_cat_000472.jpg,Jack Lo,001,2022-05-28_22h53.34.759,Cat face rating experiment_1000-1500,2021.1.4,MacIntel,60.0024001
,,,,,,space,1.661,6,1.3233,0,242,242,242,1,242,images/pixabay_cat_001674.jpg,Jack Lo,001,2022-05-28_22h53.34.759,Cat face rating experiment_1000-1500,2021.1.4,MacIntel,60.0024001
,,,,,,space,0.9028,6,0.6913,0,243,243,243,1,243,images/pixabay_cat_004499.jpg,Jack Lo,001,2022-05-28_22h53.34.759,Cat face rating experiment_1000-1500,2021.1.4,MacIntel,60.0024001
,,,,,,space,2.6972,5,2.4533,0,244,244,244,1,244,images/pixabay_cat_004241.jpg,Jack Lo,001,2022-05-28_22h53.34.759,Cat face rating experiment_1000-1500,2021.1.4,MacIntel,60.0024001
,,,,,,space,1.6052,7,1.2898,0,245,245,245,1,245,images/pixabay_cat_003030.jpg,Jack Lo,001,2022-05-28_22h53.34.759,Cat face rating experiment_1000-1500,2021.1.4,MacIntel,60.0024001
,,,,,,space,0.8815,7,0.7384,0,246,246,246,1,246,images/pixabay_cat_004535.jpg,Jack Lo,001,2022-05-28_22h53.34.759,Cat face rating experiment_1000-1500,2021.1.4,MacIntel,60.0024001
,,,,,,space,0.9882,7,0.7876,0,247,247,247,1,247,images/pixabay_cat_003225.jpg,Jack Lo,001,2022-05-28_22h53.34.759,Cat face rating experiment_1000-1500,2021.1.4,MacIntel,60.0024001
,,,,,,space,0.7712,7,0.6405,0,248,248,248,1,248,images/pixabay_cat_001877.jpg,Jack Lo,001,2022-05-28_22h53.34.759,Cat face rating experiment_1000-1500,2021.1.4,MacIntel,60.0024001
,,,,,,space,3.1922,2,1.8389,0,249,249,249,1,249,images/pixabay_cat_001668.jpg,Jack Lo,001,2022-05-28_22h53.34.759,Cat face rating experiment_1000-1500,2021.1.4,MacIntel,60.0024001
,,,,,,space,1.4145,2,0.9173,0,250,250,250,1,250,images/pixabay_cat_002619.jpg,Jack Lo,001,2022-05-28_22h53.34.759,Cat face rating experiment_1000-1500,2021.1.4,MacIntel,60.0024001
,,,,,,space,1.4274,5,1.2208,0,251,251,251,1,251,images/flickr_cat_000242.jpg,Jack Lo,001,2022-05-28_22h53.34.759,Cat face rating experiment_1000-1500,2021.1.4,MacIntel,60.0024001
,,,,,,space,1.0215,5,0.8545,0,252,252,252,1,252,images/pixabay_cat_000062.jpg,Jack Lo,001,2022-05-28_22h53.34.759,Cat face rating experiment_1000-1500,2021.1.4,MacIntel,60.0024001
,,,,,,space,0.7213,5,0.5555,0,253,253,253,1,253,images/pixabay_cat_000714.jpg,Jack Lo,001,2022-05-28_22h53.34.759,Cat face rating experiment_1000-1500,2021.1.4,MacIntel,60.0024001
,,,,,,space,1.4106,3,1.2542,0,254,254,254,1,254,images/pixabay_cat_002220.jpg,Jack Lo,001,2022-05-28_22h53.34.759,Cat face rating experiment_1000-1500,2021.1.4,MacIntel,60.0024001
,,,,,,space,1.2075,3,1.0026,0,255,255,255,1,255,images/pixabay_cat_000551.jpg,Jack Lo,001,2022-05-28_22h53.34.759,Cat face rating experiment_1000-1500,2021.1.4,MacIntel,60.0024001
,,,,,,space,1.3884,3,1.2224,0,256,256,256,1,256,images/pixabay_cat_003198.jpg,Jack Lo,001,2022-05-28_22h53.34.759,Cat face rating experiment_1000-1500,2021.1.4,MacIntel,60.0024001
,,,,,,space,0.9588,,,0,257,257,257,1,257,images/pixabay_cat_003384.jpg,Jack Lo,001,2022-05-28_22h53.34.759,Cat face rating experiment_1000-1500,2021.1.4,MacIntel,60.0024001
,,,,,,space,1.2968,3,1.0884,0,258,258,258,1,258,images/pixabay_cat_004084.jpg,Jack Lo,001,2022-05-28_22h53.34.759,Cat face rating experiment_1000-1500,2021.1.4,MacIntel,60.0024001
,,,,,,space,1.3531,2,0.8515,0,259,259,259,1,259,images/pixabay_cat_004825.jpg,Jack Lo,001,2022-05-28_22h53.34.759,Cat face rating experiment_1000-1500,2021.1.4,MacIntel,60.0024001
,,,,,,space,2.8853,4,2.7068,0,260,260,260,1,260,images/pixabay_cat_000556.jpg,Jack Lo,001,2022-05-28_22h53.34.759,Cat face rating experiment_1000-1500,2021.1.4,MacIntel,60.0024001
,,,,,,space,2.8914,5,2.5675,0,261,261,261,1,261,images/pixabay_cat_003731.jpg,Jack Lo,001,2022-05-28_22h53.34.759,Cat face rating experiment_1000-1500,2021.1.4,MacIntel,60.0024001
,,,,,,space,2.6282,7,2.321,0,262,262,262,1,262,images/pixabay_cat_004122.jpg,Jack Lo,001,2022-05-28_22h53.34.759,Cat face rating experiment_1000-1500,2021.1.4,MacIntel,60.0024001
,,,,,,space,9.1235,4,8.8218,0,263,263,263,1,263,images/pixabay_cat_003547.jpg,Jack Lo,001,2022-05-28_22h53.34.759,Cat face rating experiment_1000-1500,2021.1.4,MacIntel,60.0024001
,,,,,,space,1.6231,5,1.4574,0,264,264,264,1,264,images/pixabay_cat_002352.jpg,Jack Lo,001,2022-05-28_22h53.34.759,Cat face rating experiment_1000-1500,2021.1.4,MacIntel,60.0024001
,,,,,,space,25.7071,6,1.8714,0,265,265,265,1,265,images/pixabay_cat_003153.jpg,Jack Lo,001,2022-05-28_22h53.34.759,Cat face rating experiment_1000-1500,2021.1.4,MacIntel,60.0024001
,,,,,,space,2.0704,2,1.7034,0,266,266,266,1,266,images/pixabay_cat_001216.jpg,Jack Lo,001,2022-05-28_22h53.34.759,Cat face rating experiment_1000-1500,2021.1.4,MacIntel,60.0024001
,,,,,,space,5.7415,2,4.6218,0,267,267,267,1,267,images/pixabay_cat_000369.jpg,Jack Lo,001,2022-05-28_22h53.34.759,Cat face rating experiment_1000-1500,2021.1.4,MacIntel,60.0024001
,,,,,,space,1.4546,1,1.0992,0,268,268,268,1,268,images/pixabay_cat_001330.jpg,Jack Lo,001,2022-05-28_22h53.34.759,Cat face rating experiment_1000-1500,2021.1.4,MacIntel,60.0024001
,,,,,,space,4.5937,1,1.9553,0,269,269,269,1,269,images/pixabay_cat_000555.jpg,Jack Lo,001,2022-05-28_22h53.34.759,Cat face rating experiment_1000-1500,2021.1.4,MacIntel,60.0024001
,,,,,,space,1.6388,4,1.1883,0,270,270,270,1,270,images/flickr_cat_000167.jpg,Jack Lo,001,2022-05-28_22h53.34.759,Cat face rating experiment_1000-1500,2021.1.4,MacIntel,60.0024001
,,,,,,space,0.8226,3,0.5882,0,271,271,271,1,271,images/pixabay_cat_002197.jpg,Jack Lo,001,2022-05-28_22h53.34.759,Cat face rating experiment_1000-1500,2021.1.4,MacIntel,60.0024001
,,,,,,space,1.1629,3,1.057,0,272,272,272,1,272,images/pixabay_cat_000499.jpg,Jack Lo,001,2022-05-28_22h53.34.759,Cat face rating experiment_1000-1500,2021.1.4,MacIntel,60.0024001
,,,,,,space,1.1216,3,0.7234,0,273,273,273,1,273,images/pixabay_cat_001577.jpg,Jack Lo,001,2022-05-28_22h53.34.759,Cat face rating experiment_1000-1500,2021.1.4,MacIntel,60.0024001
,,,,,,space,1.1665,3,0.9879,0,274,274,274,1,274,images/pixabay_cat_002454.jpg,Jack Lo,001,2022-05-28_22h53.34.759,Cat face rating experiment_1000-1500,2021.1.4,MacIntel,60.0024001
,,,,,,space,0.9891,3,0.7229,0,275,275,275,1,275,images/pixabay_cat_000458.jpg,Jack Lo,001,2022-05-28_22h53.34.759,Cat face rating experiment_1000-1500,2021.1.4,MacIntel,60.0024001
,,,,,,space,0.9355,3,0.8397,0,276,276,276,1,276,images/pixabay_cat_003621.jpg,Jack Lo,001,2022-05-28_22h53.34.759,Cat face rating experiment_1000-1500,2021.1.4,MacIntel,60.0024001
,,,,,,space,0.7883,3,0.6519,0,277,277,277,1,277,images/pixabay_cat_003583.jpg,Jack Lo,001,2022-05-28_22h53.34.759,Cat face rating experiment_1000-1500,2021.1.4,MacIntel,60.0024001
,,,,,,space,1.3915,5,1.2392,0,278,278,278,1,278,images/pixabay_cat_000255.jpg,Jack Lo,001,2022-05-28_22h53.34.759,Cat face rating experiment_1000-1500,2021.1.4,MacIntel,60.0024001
,,,,,,space,1.2345,5,0.9876,0,279,279,279,1,279,images/pixabay_cat_001471.jpg,Jack Lo,001,2022-05-28_22h53.34.759,Cat face rating experiment_1000-1500,2021.1.4,MacIntel,60.0024001
,,,,,,space,1.0087,5,0.6568,0,280,280,280,1,280,images/pixabay_cat_001407.jpg,Jack Lo,001,2022-05-28_22h53.34.759,Cat face rating experiment_1000-1500,2021.1.4,MacIntel,60.0024001
,,,,,,space,6.5394,3,5.8888,0,281,281,281,1,281,images/pixabay_cat_001035.jpg,Jack Lo,001,2022-05-28_22h53.34.759,Cat face rating experiment_1000-1500,2021.1.4,MacIntel,60.0024001
,,,,,,space,0.9738,3,0.7679,0,282,282,282,1,282,images/pixabay_cat_001661.jpg,Jack Lo,001,2022-05-28_22h53.34.759,Cat face rating experiment_1000-1500,2021.1.4,MacIntel,60.0024001
,,,,,,space,0.814,3,0.7049,0,283,283,283,1,283,images/pixabay_cat_003498.jpg,Jack Lo,001,2022-05-28_22h53.34.759,Cat face rating experiment_1000-1500,2021.1.4,MacIntel,60.0024001
,,,,,,space,2.1424,4,1.8031,0,284,284,284,1,284,images/pixabay_cat_000597.jpg,Jack Lo,001,2022-05-28_22h53.34.759,Cat face rating experiment_1000-1500,2021.1.4,MacIntel,60.0024001
,,,,,,space,1.5906,6,1.2535,0,285,285,285,1,285,images/pixabay_cat_000868.jpg,Jack Lo,001,2022-05-28_22h53.34.759,Cat face rating experiment_1000-1500,2021.1.4,MacIntel,60.0024001
,,,,,,space,2.3775,4,2.0375,0,286,286,286,1,286,images/pixabay_cat_001736.jpg,Jack Lo,001,2022-05-28_22h53.34.759,Cat face rating experiment_1000-1500,2021.1.4,MacIntel,60.0024001
,,,,,,space,1.4449,4,0.7576,0,287,287,287,1,287,images/pixabay_cat_000958.jpg,Jack Lo,001,2022-05-28_22h53.34.759,Cat face rating experiment_1000-1500,2021.1.4,MacIntel,60.0024001
,,,,,,space,1.1242,,,0,288,288,288,1,288,images/pixabay_cat_003799.jpg,Jack Lo,001,2022-05-28_22h53.34.759,Cat face rating experiment_1000-1500,2021.1.4,MacIntel,60.0024001
,,,,,,space,0.8724,,,0,289,289,289,1,289,images/pixabay_cat_004661.jpg,Jack Lo,001,2022-05-28_22h53.34.759,Cat face rating experiment_1000-1500,2021.1.4,MacIntel,60.0024001
,,,,,,space,0.7798,,,0,290,290,290,1,290,images/pixabay_cat_003227.jpg,Jack Lo,001,2022-05-28_22h53.34.759,Cat face rating experiment_1000-1500,2021.1.4,MacIntel,60.0024001
,,,,,,space,0.6371,,,0,291,291,291,1,291,images/pixabay_cat_001847.jpg,Jack Lo,001,2022-05-28_22h53.34.759,Cat face rating experiment_1000-1500,2021.1.4,MacIntel,60.0024001
,,,,,,space,1.4606,5,1.2215,0,292,292,292,1,292,images/flickr_cat_000447.jpg,Jack Lo,001,2022-05-28_22h53.34.759,Cat face rating experiment_1000-1500,2021.1.4,MacIntel,60.0024001
,,,,,,space,1.2798,5,0.9743,0,293,293,293,1,293,images/pixabay_cat_001446.jpg,Jack Lo,001,2022-05-28_22h53.34.759,Cat face rating experiment_1000-1500,2021.1.4,MacIntel,60.0024001
,,,,,,space,2.894,3,2.5734,0,294,294,294,1,294,images/pixabay_cat_003294.jpg,Jack Lo,001,2022-05-28_22h53.34.759,Cat face rating experiment_1000-1500,2021.1.4,MacIntel,60.0024001
,,,,,,space,3.8134,2,3.5231,0,295,295,295,1,295,images/pixabay_cat_003539.jpg,Jack Lo,001,2022-05-28_22h53.34.759,Cat face rating experiment_1000-1500,2021.1.4,MacIntel,60.0024001
,,,,,,space,1.1487,,,0,296,296,296,1,296,images/pixabay_cat_002565.jpg,Jack Lo,001,2022-05-28_22h53.34.759,Cat face rating experiment_1000-1500,2021.1.4,MacIntel,60.0024001
,,,,,,space,1.0892,,,0,297,297,297,1,297,images/pixabay_cat_003833.jpg,Jack Lo,001,2022-05-28_22h53.34.759,Cat face rating experiment_1000-1500,2021.1.4,MacIntel,60.0024001
,,,,,,space,0.9971,5,0.7199,0,298,298,298,1,298,images/pixabay_cat_002998.jpg,Jack Lo,001,2022-05-28_22h53.34.759,Cat face rating experiment_1000-1500,2021.1.4,MacIntel,60.0024001
,,,,,,space,0.9078,5,0.6882,0,299,299,299,1,299,images/pixabay_cat_004034.jpg,Jack Lo,001,2022-05-28_22h53.34.759,Cat face rating experiment_1000-1500,2021.1.4,MacIntel,60.0024001
,,,,,,space,1.0262,5,0.705,0,300,300,300,1,300,images/pixabay_cat_002190.jpg,Jack Lo,001,2022-05-28_22h53.34.759,Cat face rating experiment_1000-1500,2021.1.4,MacIntel,60.0024001
,,,,,,space,1.2953,6,1.1068,0,301,301,301,1,301,images/pixabay_cat_001878.jpg,Jack Lo,001,2022-05-28_22h53.34.759,Cat face rating experiment_1000-1500,2021.1.4,MacIntel,60.0024001
,,,,,,space,0.911,5,0.6421,0,302,302,302,1,302,images/pixabay_cat_004727.jpg,Jack Lo,001,2022-05-28_22h53.34.759,Cat face rating experiment_1000-1500,2021.1.4,MacIntel,60.0024001
,,,,,,space,1.4445,5,1.2214,0,303,303,303,1,303,images/pixabay_cat_003691.jpg,Jack Lo,001,2022-05-28_22h53.34.759,Cat face rating experiment_1000-1500,2021.1.4,MacIntel,60.0024001
,,,,,,space,8.8904,7,8.3741,0,304,304,304,1,304,images/pixabay_cat_004744.jpg,Jack Lo,001,2022-05-28_22h53.34.759,Cat face rating experiment_1000-1500,2021.1.4,MacIntel,60.0024001
,,,,,,space,1.624,7,1.3055,0,305,305,305,1,305,images/pixabay_cat_000811.jpg,Jack Lo,001,2022-05-28_22h53.34.759,Cat face rating experiment_1000-1500,2021.1.4,MacIntel,60.0024001
,,,,,,space,2.5221,2,1.7556,0,306,306,306,1,306,images/pixabay_cat_003548.jpg,Jack Lo,001,2022-05-28_22h53.34.759,Cat face rating experiment_1000-1500,2021.1.4,MacIntel,60.0024001
,,,,,,space,1.0694,2,0.906,0,307,307,307,1,307,images/flickr_cat_000682.jpg,Jack Lo,001,2022-05-28_22h53.34.759,Cat face rating experiment_1000-1500,2021.1.4,MacIntel,60.0024001
,,,,,,space,1.2734,,,0,308,308,308,1,308,images/pixabay_cat_000337.jpg,Jack Lo,001,2022-05-28_22h53.34.759,Cat face rating experiment_1000-1500,2021.1.4,MacIntel,60.0024001
,,,,,,space,5.1111,2,4.8224,0,309,309,309,1,309,images/pixabay_cat_003452.jpg,Jack Lo,001,2022-05-28_22h53.34.759,Cat face rating experiment_1000-1500,2021.1.4,MacIntel,60.0024001
,,,,,,space,2.3251,6,1.8893,0,310,310,310,1,310,images/pixabay_cat_003730.jpg,Jack Lo,001,2022-05-28_22h53.34.759,Cat face rating experiment_1000-1500,2021.1.4,MacIntel,60.0024001
,,,,,,space,1.2249,,,0,311,311,311,1,311,images/pixabay_cat_002084.jpg,Jack Lo,001,2022-05-28_22h53.34.759,Cat face rating experiment_1000-1500,2021.1.4,MacIntel,60.0024001
,,,,,,space,3.0516,1,2.6893,0,312,312,312,1,312,images/pixabay_cat_000996.jpg,Jack Lo,001,2022-05-28_22h53.34.759,Cat face rating experiment_1000-1500,2021.1.4,MacIntel,60.0024001
,,,,,,space,1.2644,1,0.8387,0,313,313,313,1,313,images/pixabay_cat_002911.jpg,Jack Lo,001,2022-05-28_22h53.34.759,Cat face rating experiment_1000-1500,2021.1.4,MacIntel,60.0024001
,,,,,,space,6.5523,2,1.5682,0,314,314,314,1,314,images/pixabay_cat_002325.jpg,Jack Lo,001,2022-05-28_22h53.34.759,Cat face rating experiment_1000-1500,2021.1.4,MacIntel,60.0024001
,,,,,,space,5.7743,2,5.1866,0,315,315,315,1,315,images/pixabay_cat_003437.jpg,Jack Lo,001,2022-05-28_22h53.34.759,Cat face rating experiment_1000-1500,2021.1.4,MacIntel,60.0024001
,,,,,,space,28.8055,4,26.9223,0,316,316,316,1,316,images/flickr_cat_000516.jpg,Jack Lo,001,2022-05-28_22h53.34.759,Cat face rating experiment_1000-1500,2021.1.4,MacIntel,60.0024001
,,,,,,space,2.4078,1,1.6728,0,317,317,317,1,317,images/pixabay_cat_000608.jpg,Jack Lo,001,2022-05-28_22h53.34.759,Cat face rating experiment_1000-1500,2021.1.4,MacIntel,60.0024001
,,,,,,space,16.5246,2,4.5737,0,318,318,318,1,318,images/flickr_cat_000295.jpg,Jack Lo,001,2022-05-28_22h53.34.759,Cat face rating experiment_1000-1500,2021.1.4,MacIntel,60.0024001
,,,,,,space,0.9759,,,0,319,319,319,1,319,images/flickr_cat_000690.jpg,Jack Lo,001,2022-05-28_22h53.34.759,Cat face rating experiment_1000-1500,2021.1.4,MacIntel,60.0024001
,,,,,,space,4.4988,3,4.1701,0,320,320,320,1,320,images/pixabay_cat_003745.jpg,Jack Lo,001,2022-05-28_22h53.34.759,Cat face rating experiment_1000-1500,2021.1.4,MacIntel,60.0024001
,,,,,,space,1.122,,,0,321,321,321,1,321,images/pixabay_cat_001364.jpg,Jack Lo,001,2022-05-28_22h53.34.759,Cat face rating experiment_1000-1500,2021.1.4,MacIntel,60.0024001
,,,,,,space,1.1172,,,0,322,322,322,1,322,images/pixabay_cat_004054.jpg,Jack Lo,001,2022-05-28_22h53.34.759,Cat face rating experiment_1000-1500,2021.1.4,MacIntel,60.0024001
,,,,,,space,1.631,5,1.4586,0,323,323,323,1,323,images/pixabay_cat_002863.jpg,Jack Lo,001,2022-05-28_22h53.34.759,Cat face rating experiment_1000-1500,2021.1.4,MacIntel,60.0024001
,,,,,,space,1.0902,5,0.8731,0,324,324,324,1,324,images/flickr_cat_000478.jpg,Jack Lo,001,2022-05-28_22h53.34.759,Cat face rating experiment_1000-1500,2021.1.4,MacIntel,60.0024001
,,,,,,space,0.9054,5,0.6877,0,325,325,325,1,325,images/pixabay_cat_002479.jpg,Jack Lo,001,2022-05-28_22h53.34.759,Cat face rating experiment_1000-1500,2021.1.4,MacIntel,60.0024001
,,,,,,space,1.2943,,,0,326,326,326,1,326,images/pixabay_cat_001000.jpg,Jack Lo,001,2022-05-28_22h53.34.759,Cat face rating experiment_1000-1500,2021.1.4,MacIntel,60.0024001
,,,,,,space,1.7222,,,0,327,327,327,1,327,images/pixabay_cat_004790.jpg,Jack Lo,001,2022-05-28_22h53.34.759,Cat face rating experiment_1000-1500,2021.1.4,MacIntel,60.0024001
,,,,,,space,2.0494,3,1.7878,0,328,328,328,1,328,images/pixabay_cat_004478.jpg,Jack Lo,001,2022-05-28_22h53.34.759,Cat face rating experiment_1000-1500,2021.1.4,MacIntel,60.0024001
,,,,,,space,14.8641,3,14.4222,0,329,329,329,1,329,images/flickr_cat_000258.jpg,Jack Lo,001,2022-05-28_22h53.34.759,Cat face rating experiment_1000-1500,2021.1.4,MacIntel,60.0024001
,,,,,,space,1.0084,,,0,330,330,330,1,330,images/flickr_cat_000566.jpg,Jack Lo,001,2022-05-28_22h53.34.759,Cat face rating experiment_1000-1500,2021.1.4,MacIntel,60.0024001
,,,,,,space,1.6764,3,1.4541,0,331,331,331,1,331,images/pixabay_cat_000737.jpg,Jack Lo,001,2022-05-28_22h53.34.759,Cat face rating experiment_1000-1500,2021.1.4,MacIntel,60.0024001
,,,,,,space,1.8043,2,1.5396,0,332,332,332,1,332,images/pixabay_cat_000107.jpg,Jack Lo,001,2022-05-28_22h53.34.759,Cat face rating experiment_1000-1500,2021.1.4,MacIntel,60.0024001
,,,,,,space,1.1131,2,0.9372,0,333,333,333,1,333,images/pixabay_cat_003616.jpg,Jack Lo,001,2022-05-28_22h53.34.759,Cat face rating experiment_1000-1500,2021.1.4,MacIntel,60.0024001
,,,,,,space,1.3061,2,1.036,0,334,334,334,1,334,images/pixabay_cat_001887.jpg,Jack Lo,001,2022-05-28_22h53.34.759,Cat face rating experiment_1000-1500,2021.1.4,MacIntel,60.0024001
,,,,,,space,1.8263,1,1.7053,0,335,335,335,1,335,images/pixabay_cat_002993.jpg,Jack Lo,001,2022-05-28_22h53.34.759,Cat face rating experiment_1000-1500,2021.1.4,MacIntel,60.0024001
,,,,,,space,1.2078,2,0.8051,0,336,336,336,1,336,images/pixabay_cat_000837.jpg,Jack Lo,001,2022-05-28_22h53.34.759,Cat face rating experiment_1000-1500,2021.1.4,MacIntel,60.0024001
,,,,,,space,4.7709,1,4.5393,0,337,337,337,1,337,images/pixabay_cat_001239.jpg,Jack Lo,001,2022-05-28_22h53.34.759,Cat face rating experiment_1000-1500,2021.1.4,MacIntel,60.0024001
,,,,,,space,2.2237,2,1.8724,0,338,338,338,1,338,images/flickr_cat_000723.jpg,Jack Lo,001,2022-05-28_22h53.34.759,Cat face rating experiment_1000-1500,2021.1.4,MacIntel,60.0024001
,,,,,,space,1.5057,2,0.6403,0,339,339,339,1,339,images/pixabay_cat_003028.jpg,Jack Lo,001,2022-05-28_22h53.34.759,Cat face rating experiment_1000-1500,2021.1.4,MacIntel,60.0024001
,,,,,,space,3.034,6,2.806,0,340,340,340,1,340,images/pixabay_cat_000376.jpg,Jack Lo,001,2022-05-28_22h53.34.759,Cat face rating experiment_1000-1500,2021.1.4,MacIntel,60.0024001
,,,,,,space,10.2378,5,10.0252,0,341,341,341,1,341,images/pixabay_cat_004494.jpg,Jack Lo,001,2022-05-28_22h53.34.759,Cat face rating experiment_1000-1500,2021.1.4,MacIntel,60.0024001
,,,,,,space,1.5934,3,1.3596,0,342,342,342,1,342,images/flickr_cat_000668.jpg,Jack Lo,001,2022-05-28_22h53.34.759,Cat face rating experiment_1000-1500,2021.1.4,MacIntel,60.0024001
,,,,,,space,0.8219,3,0.6242,0,343,343,343,1,343,images/pixabay_cat_002673.jpg,Jack Lo,001,2022-05-28_22h53.34.759,Cat face rating experiment_1000-1500,2021.1.4,MacIntel,60.0024001
,,,,,,space,1.1971,,,0,344,344,344,1,344,images/flickr_cat_000490.jpg,Jack Lo,001,2022-05-28_22h53.34.759,Cat face rating experiment_1000-1500,2021.1.4,MacIntel,60.0024001
,,,,,,space,31.4062,3,30.3188,0,345,345,345,1,345,images/pixabay_cat_003624.jpg,Jack Lo,001,2022-05-28_22h53.34.759,Cat face rating experiment_1000-1500,2021.1.4,MacIntel,60.0024001
,,,,,,space,13.1414,2,12.2195,0,346,346,346,1,346,images/pixabay_cat_001073.jpg,Jack Lo,001,2022-05-28_22h53.34.759,Cat face rating experiment_1000-1500,2021.1.4,MacIntel,60.0024001
,,,,,,space,12.6686,2,2.0736,0,347,347,347,1,347,images/pixabay_cat_001273.jpg,Jack Lo,001,2022-05-28_22h53.34.759,Cat face rating experiment_1000-1500,2021.1.4,MacIntel,60.0024001
,,,,,,space,1.2441,2,0.967,0,348,348,348,1,348,images/pixabay_cat_000761.jpg,Jack Lo,001,2022-05-28_22h53.34.759,Cat face rating experiment_1000-1500,2021.1.4,MacIntel,60.0024001
,,,,,,space,0.7844,2,0.623,0,349,349,349,1,349,images/pixabay_cat_002044.jpg,Jack Lo,001,2022-05-28_22h53.34.759,Cat face rating experiment_1000-1500,2021.1.4,MacIntel,60.0024001
,,,,,,space,1.019,,,0,350,350,350,1,350,images/pixabay_cat_002793.jpg,Jack Lo,001,2022-05-28_22h53.34.759,Cat face rating experiment_1000-1500,2021.1.4,MacIntel,60.0024001
,,,,,,space,1.6517,3,1.4377,0,351,351,351,1,351,images/pixabay_cat_002741.jpg,Jack Lo,001,2022-05-28_22h53.34.759,Cat face rating experiment_1000-1500,2021.1.4,MacIntel,60.0024001
,,,,,,space,1.6173,2,1.3726,0,352,352,352,1,352,images/pixabay_cat_001686.jpg,Jack Lo,001,2022-05-28_22h53.34.759,Cat face rating experiment_1000-1500,2021.1.4,MacIntel,60.0024001
,,,,,,space,2.9821,1,2.9062,0,353,353,353,1,353,images/pixabay_cat_002235.jpg,Jack Lo,001,2022-05-28_22h53.34.759,Cat face rating experiment_1000-1500,2021.1.4,MacIntel,60.0024001
,,,,,,space,2.3543,5,2.001,0,354,354,354,1,354,images/pixabay_cat_000447.jpg,Jack Lo,001,2022-05-28_22h53.34.759,Cat face rating experiment_1000-1500,2021.1.4,MacIntel,60.0024001
,,,,,,space,14.9681,4,14.6573,0,355,355,355,1,355,images/flickr_cat_000459.jpg,Jack Lo,001,2022-05-28_22h53.34.759,Cat face rating experiment_1000-1500,2021.1.4,MacIntel,60.0024001
,,,,,,space,1.3679,5,1.1642,0,356,356,356,1,356,images/pixabay_cat_002762.jpg,Jack Lo,001,2022-05-28_22h53.34.759,Cat face rating experiment_1000-1500,2021.1.4,MacIntel,60.0024001
,,,,,,space,1.1679,5,0.9684,0,357,357,357,1,357,images/pixabay_cat_000519.jpg,Jack Lo,001,2022-05-28_22h53.34.759,Cat face rating experiment_1000-1500,2021.1.4,MacIntel,60.0024001
,,,,,,space,2.0416,6,1.706,0,358,358,358,1,358,images/pixabay_cat_003336.jpg,Jack Lo,001,2022-05-28_22h53.34.759,Cat face rating experiment_1000-1500,2021.1.4,MacIntel,60.0024001
,,,,,,space,18.5117,5,18.1714,0,359,359,359,1,359,images/pixabay_cat_001279.jpg,Jack Lo,001,2022-05-28_22h53.34.759,Cat face rating experiment_1000-1500,2021.1.4,MacIntel,60.0024001
,,,,,,space,1.5682,3,1.2873,0,360,360,360,1,360,images/pixabay_cat_003507.jpg,Jack Lo,001,2022-05-28_22h53.34.759,Cat face rating experiment_1000-1500,2021.1.4,MacIntel,60.0024001
,,,,,,space,11.6958,3,10.3901,0,361,361,361,1,361,images/flickr_cat_000659.jpg,Jack Lo,001,2022-05-28_22h53.34.759,Cat face rating experiment_1000-1500,2021.1.4,MacIntel,60.0024001
,,,,,,space,4.9594,1,4.4058,0,362,362,362,1,362,images/pixabay_cat_003403.jpg,Jack Lo,001,2022-05-28_22h53.34.759,Cat face rating experiment_1000-1500,2021.1.4,MacIntel,60.0024001
,,,,,,space,1.2031,1,1.0063,0,363,363,363,1,363,images/pixabay_cat_001493.jpg,Jack Lo,001,2022-05-28_22h53.34.759,Cat face rating experiment_1000-1500,2021.1.4,MacIntel,60.0024001
,,,,,,space,3.5756,2,3.206,0,364,364,364,1,364,images/pixabay_cat_001820.jpg,Jack Lo,001,2022-05-28_22h53.34.759,Cat face rating experiment_1000-1500,2021.1.4,MacIntel,60.0024001
,,,,,,space,29.2557,5,28.9222,0,365,365,365,1,365,images/pixabay_cat_000282.jpg,Jack Lo,001,2022-05-28_22h53.34.759,Cat face rating experiment_1000-1500,2021.1.4,MacIntel,60.0024001
,,,,,,space,1.4348,3,1.2566,0,366,366,366,1,366,images/pixabay_cat_004781.jpg,Jack Lo,001,2022-05-28_22h53.34.759,Cat face rating experiment_1000-1500,2021.1.4,MacIntel,60.0024001
,,,,,,space,1.0889,3,0.8861,0,367,367,367,1,367,images/pixabay_cat_002424.jpg,Jack Lo,001,2022-05-28_22h53.34.759,Cat face rating experiment_1000-1500,2021.1.4,MacIntel,60.0024001
,,,,,,space,1.4972,6,1.1215,0,368,368,368,1,368,images/pixabay_cat_001211.jpg,Jack Lo,001,2022-05-28_22h53.34.759,Cat face rating experiment_1000-1500,2021.1.4,MacIntel,60.0024001
,,,,,,space,0.907,,,0,369,369,369,1,369,images/pixabay_cat_002867.jpg,Jack Lo,001,2022-05-28_22h53.34.759,Cat face rating experiment_1000-1500,2021.1.4,MacIntel,60.0024001
,,,,,,space,1.4169,5,1.2549,0,370,370,370,1,370,images/pixabay_cat_001016.jpg,Jack Lo,001,2022-05-28_22h53.34.759,Cat face rating experiment_1000-1500,2021.1.4,MacIntel,60.0024001
,,,,,,space,1.2732,5,1.0392,0,371,371,371,1,371,images/pixabay_cat_000952.jpg,Jack Lo,001,2022-05-28_22h53.34.759,Cat face rating experiment_1000-1500,2021.1.4,MacIntel,60.0024001
,,,,,,space,1.4799,7,1.1426,0,372,372,372,1,372,images/pixabay_cat_004333.jpg,Jack Lo,001,2022-05-28_22h53.34.759,Cat face rating experiment_1000-1500,2021.1.4,MacIntel,60.0024001
,,,,,,space,0.9361,6,0.7722,0,373,373,373,1,373,images/pixabay_cat_003984.jpg,Jack Lo,001,2022-05-28_22h53.34.759,Cat face rating experiment_1000-1500,2021.1.4,MacIntel,60.0024001
,,,,,,space,1.2815,,,0,374,374,374,1,374,images/pixabay_cat_003514.jpg,Jack Lo,001,2022-05-28_22h53.34.759,Cat face rating experiment_1000-1500,2021.1.4,MacIntel,60.0024001
,,,,,,space,16.5877,6,12.891,0,375,375,375,1,375,images/pixabay_cat_004042.jpg,Jack Lo,001,2022-05-28_22h53.34.759,Cat face rating experiment_1000-1500,2021.1.4,MacIntel,60.0024001
,,,,,,space,26.1378,,,0,376,376,376,1,376,images/flickr_cat_000684.jpg,Jack Lo,001,2022-05-28_22h53.34.759,Cat face rating experiment_1000-1500,2021.1.4,MacIntel,60.0024001
,,,,,,space,1.7148,1,1.3353,0,377,377,377,1,377,images/pixabay_cat_000754.jpg,Jack Lo,001,2022-05-28_22h53.34.759,Cat face rating experiment_1000-1500,2021.1.4,MacIntel,60.0024001
,,,,,,space,1.7741,2,1.4731,0,378,378,378,1,378,images/pixabay_cat_002880.jpg,Jack Lo,001,2022-05-28_22h53.34.759,Cat face rating experiment_1000-1500,2021.1.4,MacIntel,60.0024001
,,,,,,space,1.2941,2,1.0693,0,379,379,379,1,379,images/pixabay_cat_000947.jpg,Jack Lo,001,2022-05-28_22h53.34.759,Cat face rating experiment_1000-1500,2021.1.4,MacIntel,60.0024001
,,,,,,space,2.2896,3,2.0205,0,380,380,380,1,380,images/pixabay_cat_003855.jpg,Jack Lo,001,2022-05-28_22h53.34.759,Cat face rating experiment_1000-1500,2021.1.4,MacIntel,60.0024001
,,,,,,space,2.1022,2,1.7837,0,381,381,381,1,381,images/pixabay_cat_001082.jpg,Jack Lo,001,2022-05-28_22h53.34.759,Cat face rating experiment_1000-1500,2021.1.4,MacIntel,60.0024001
,,,,,,space,1.4065,,,0,382,382,382,1,382,images/pixabay_cat_004544.jpg,Jack Lo,001,2022-05-28_22h53.34.759,Cat face rating experiment_1000-1500,2021.1.4,MacIntel,60.0024001
,,,,,,space,20.8343,3,20.526,0,383,383,383,1,383,images/pixabay_cat_003816.jpg,Jack Lo,001,2022-05-28_22h53.34.759,Cat face rating experiment_1000-1500,2021.1.4,MacIntel,60.0024001
,,,,,,space,4.9556,2,2.503,0,384,384,384,1,384,images/pixabay_cat_003068.jpg,Jack Lo,001,2022-05-28_22h53.34.759,Cat face rating experiment_1000-1500,2021.1.4,MacIntel,60.0024001
,,,,,,space,2.3263,4,2.0387,0,385,385,385,1,385,images/pixabay_cat_002181.jpg,Jack Lo,001,2022-05-28_22h53.34.759,Cat face rating experiment_1000-1500,2021.1.4,MacIntel,60.0024001
,,,,,,space,1.2517,3,1.0215,0,386,386,386,1,386,images/pixabay_cat_000978.jpg,Jack Lo,001,2022-05-28_22h53.34.759,Cat face rating experiment_1000-1500,2021.1.4,MacIntel,60.0024001
,,,,,,space,0.902,,,0,387,387,387,1,387,images/pixabay_cat_000534.jpg,Jack Lo,001,2022-05-28_22h53.34.759,Cat face rating experiment_1000-1500,2021.1.4,MacIntel,60.0024001
,,,,,,space,1.5878,5,1.4031,0,388,388,388,1,388,images/pixabay_cat_000159.jpg,Jack Lo,001,2022-05-28_22h53.34.759,Cat face rating experiment_1000-1500,2021.1.4,MacIntel,60.0024001
,,,,,,space,1.9797,7,1.6208,0,389,389,389,1,389,images/pixabay_cat_004283.jpg,Jack Lo,001,2022-05-28_22h53.34.759,Cat face rating experiment_1000-1500,2021.1.4,MacIntel,60.0024001
,,,,,,space,0.9987,6,0.7542,0,390,390,390,1,390,images/pixabay_cat_001792.jpg,Jack Lo,001,2022-05-28_22h53.34.759,Cat face rating experiment_1000-1500,2021.1.4,MacIntel,60.0024001
,,,,,,space,1.8139,3,1.5042,0,391,391,391,1,391,images/pixabay_cat_002499.jpg,Jack Lo,001,2022-05-28_22h53.34.759,Cat face rating experiment_1000-1500,2021.1.4,MacIntel,60.0024001
,,,,,,space,3.6397,4,3.1747,0,392,392,392,1,392,images/pixabay_cat_002236.jpg,Jack Lo,001,2022-05-28_22h53.34.759,Cat face rating experiment_1000-1500,2021.1.4,MacIntel,60.0024001
,,,,,,space,1.5632,3,1.0056,0,393,393,393,1,393,images/pixabay_cat_001550.jpg,Jack Lo,001,2022-05-28_22h53.34.759,Cat face rating experiment_1000-1500,2021.1.4,MacIntel,60.0024001
,,,,,,space,11.8927,1,11.4904,0,394,394,394,1,394,images/pixabay_cat_002915.jpg,Jack Lo,001,2022-05-28_22h53.34.759,Cat face rating experiment_1000-1500,2021.1.4,MacIntel,60.0024001
,,,,,,space,15.422,2,14.3232,0,395,395,395,1,395,images/pixabay_cat_004612.jpg,Jack Lo,001,2022-05-28_22h53.34.759,Cat face rating experiment_1000-1500,2021.1.4,MacIntel,60.0024001
,,,,,,space,5.2824,5,1.5209,0,396,396,396,1,396,images/flickr_cat_000098.jpg,Jack Lo,001,2022-05-28_22h53.34.759,Cat face rating experiment_1000-1500,2021.1.4,MacIntel,60.0024001
,,,,,,space,2.0378,3,1.1047,0,397,397,397,1,397,images/flickr_cat_000573.jpg,Jack Lo,001,2022-05-28_22h53.34.759,Cat face rating experiment_1000-1500,2021.1.4,MacIntel,60.0024001
,,,,,,space,1.8876,2,1.5528,0,398,398,398,1,398,images/flickr_cat_000394.jpg,Jack Lo,001,2022-05-28_22h53.34.759,Cat face rating experiment_1000-1500,2021.1.4,MacIntel,60.0024001
,,,,,,space,6.7872,3,6.5399,0,399,399,399,1,399,images/pixabay_cat_003770.jpg,Jack Lo,001,2022-05-28_22h53.34.759,Cat face rating experiment_1000-1500,2021.1.4,MacIntel,60.0024001
,,,,,,space,32.3969,1,31.756,0,400,400,400,1,400,images/pixabay_cat_001597.jpg,Jack Lo,001,2022-05-28_22h53.34.759,Cat face rating experiment_1000-1500,2021.1.4,MacIntel,60.0024001
,,,,,,space,5.0521,5,4.6562,0,401,401,401,1,401,images/pixabay_cat_002248.jpg,Jack Lo,001,2022-05-28_22h53.34.759,Cat face rating experiment_1000-1500,2021.1.4,MacIntel,60.0024001
,,,,,,space,1.6293,3,1.3369,0,402,402,402,1,402,images/pixabay_cat_000424.jpg,Jack Lo,001,2022-05-28_22h53.34.759,Cat face rating experiment_1000-1500,2021.1.4,MacIntel,60.0024001
,,,,,,space,0.8821,,,0,403,403,403,1,403,images/pixabay_cat_004653.jpg,Jack Lo,001,2022-05-28_22h53.34.759,Cat face rating experiment_1000-1500,2021.1.4,MacIntel,60.0024001
,,,,,,space,0.636,,,0,404,404,404,1,404,images/pixabay_cat_002732.jpg,Jack Lo,001,2022-05-28_22h53.34.759,Cat face rating experiment_1000-1500,2021.1.4,MacIntel,60.0024001
,,,,,,space,2.3318,3,2.0043,0,405,405,405,1,405,images/pixabay_cat_003252.jpg,Jack Lo,001,2022-05-28_22h53.34.759,Cat face rating experiment_1000-1500,2021.1.4,MacIntel,60.0024001
,,,,,,space,1.4817,4,1.2738,0,406,406,406,1,406,images/pixabay_cat_000023.jpg,Jack Lo,001,2022-05-28_22h53.34.759,Cat face rating experiment_1000-1500,2021.1.4,MacIntel,60.0024001
,,,,,,space,1.7331,2,1.4365,0,407,407,407,1,407,images/pixabay_cat_004555.jpg,Jack Lo,001,2022-05-28_22h53.34.759,Cat face rating experiment_1000-1500,2021.1.4,MacIntel,60.0024001
,,,,,,space,5.2745,5,5.0385,0,408,408,408,1,408,images/pixabay_cat_003802.jpg,Jack Lo,001,2022-05-28_22h53.34.759,Cat face rating experiment_1000-1500,2021.1.4,MacIntel,60.0024001
,,,,,,space,2.9177,6,1.5328,0,409,409,409,1,409,images/pixabay_cat_002877.jpg,Jack Lo,001,2022-05-28_22h53.34.759,Cat face rating experiment_1000-1500,2021.1.4,MacIntel,60.0024001
,,,,,,space,2.5031,3,1.8834,0,410,410,410,1,410,images/pixabay_cat_004533.jpg,Jack Lo,001,2022-05-28_22h53.34.759,Cat face rating experiment_1000-1500,2021.1.4,MacIntel,60.0024001
,,,,,,space,17.6635,2,17.2715,0,411,411,411,1,411,images/pixabay_cat_002103.jpg,Jack Lo,001,2022-05-28_22h53.34.759,Cat face rating experiment_1000-1500,2021.1.4,MacIntel,60.0024001
,,,,,,space,1.419,2,1.1899,0,412,412,412,1,412,images/pixabay_cat_004709.jpg,Jack Lo,001,2022-05-28_22h53.34.759,Cat face rating experiment_1000-1500,2021.1.4,MacIntel,60.0024001
,,,,,,space,1.3932,2,1.0235,0,413,413,413,1,413,images/pixabay_cat_003750.jpg,Jack Lo,001,2022-05-28_22h53.34.759,Cat face rating experiment_1000-1500,2021.1.4,MacIntel,60.0024001
,,,,,,space,0.7225,2,0.5945,0,414,414,414,1,414,images/pixabay_cat_002050.jpg,Jack Lo,001,2022-05-28_22h53.34.759,Cat face rating experiment_1000-1500,2021.1.4,MacIntel,60.0024001
,,,,,,space,0.751,2,0.6525,0,415,415,415,1,415,images/pixabay_cat_004619.jpg,Jack Lo,001,2022-05-28_22h53.34.759,Cat face rating experiment_1000-1500,2021.1.4,MacIntel,60.0024001
,,,,,,space,0.6575,2,0.5243,0,416,416,416,1,416,images/pixabay_cat_003502.jpg,Jack Lo,001,2022-05-28_22h53.34.759,Cat face rating experiment_1000-1500,2021.1.4,MacIntel,60.0024001
,,,,,,space,0.6089,2,0.5221,0,417,417,417,1,417,images/pixabay_cat_001077.jpg,Jack Lo,001,2022-05-28_22h53.34.759,Cat face rating experiment_1000-1500,2021.1.4,MacIntel,60.0024001
,,,,,,space,0.6921,2,0.5868,0,418,418,418,1,418,images/pixabay_cat_001150.jpg,Jack Lo,001,2022-05-28_22h53.34.759,Cat face rating experiment_1000-1500,2021.1.4,MacIntel,60.0024001
,,,,,,space,0.8717,2,0.6728,0,419,419,419,1,419,images/pixabay_cat_001842.jpg,Jack Lo,001,2022-05-28_22h53.34.759,Cat face rating experiment_1000-1500,2021.1.4,MacIntel,60.0024001
,,,,,,space,1.4416,,,0,420,420,420,1,420,images/pixabay_cat_000475.jpg,Jack Lo,001,2022-05-28_22h53.34.759,Cat face rating experiment_1000-1500,2021.1.4,MacIntel,60.0024001
,,,,,,space,1.2081,3,1.0189,0,421,421,421,1,421,images/pixabay_cat_002904.jpg,Jack Lo,001,2022-05-28_22h53.34.759,Cat face rating experiment_1000-1500,2021.1.4,MacIntel,60.0024001
,,,,,,space,0.7595,3,0.6212,0,422,422,422,1,422,images/pixabay_cat_001425.jpg,Jack Lo,001,2022-05-28_22h53.34.759,Cat face rating experiment_1000-1500,2021.1.4,MacIntel,60.0024001
,,,,,,space,1.1381,3,0.7401,0,423,423,423,1,423,images/pixabay_cat_004114.jpg,Jack Lo,001,2022-05-28_22h53.34.759,Cat face rating experiment_1000-1500,2021.1.4,MacIntel,60.0024001
,,,,,,space,1.2892,4,1.1522,0,424,424,424,1,424,images/pixabay_cat_002509.jpg,Jack Lo,001,2022-05-28_22h53.34.759,Cat face rating experiment_1000-1500,2021.1.4,MacIntel,60.0024001
,,,,,,space,1.9299,6,1.7233,0,425,425,425,1,425,images/flickr_cat_000247.jpg,Jack Lo,001,2022-05-28_22h53.34.759,Cat face rating experiment_1000-1500,2021.1.4,MacIntel,60.0024001
,,,,,,space,1.239,6,1.0375,0,426,426,426,1,426,images/flickr_cat_000703.jpg,Jack Lo,001,2022-05-28_22h53.34.759,Cat face rating experiment_1000-1500,2021.1.4,MacIntel,60.0024001
,,,,,,space,0.7864,6,0.6233,0,427,427,427,1,427,images/flickr_cat_000616.jpg,Jack Lo,001,2022-05-28_22h53.34.759,Cat face rating experiment_1000-1500,2021.1.4,MacIntel,60.0024001
,,,,,,space,2.108,6,1.7021,0,428,428,428,1,428,images/pixabay_cat_001438.jpg,Jack Lo,001,2022-05-28_22h53.34.759,Cat face rating experiment_1000-1500,2021.1.4,MacIntel,60.0024001
,,,,,,space,1.4892,6,1.339,0,429,429,429,1,429,images/pixabay_cat_000120.jpg,Jack Lo,001,2022-05-28_22h53.34.759,Cat face rating experiment_1000-1500,2021.1.4,MacIntel,60.0024001
,,,,,,space,8.9049,5,0.7571,0,430,430,430,1,430,images/pixabay_cat_001149.jpg,Jack Lo,001,2022-05-28_22h53.34.759,Cat face rating experiment_1000-1500,2021.1.4,MacIntel,60.0024001
,,,,,,space,1.9934,3,1.4037,0,431,431,431,1,431,images/pixabay_cat_000533.jpg,Jack Lo,001,2022-05-28_22h53.34.759,Cat face rating experiment_1000-1500,2021.1.4,MacIntel,60.0024001
,,,,,,space,2.4956,2,1.8375,0,432,432,432,1,432,images/flickr_cat_000083.jpg,Jack Lo,001,2022-05-28_22h53.34.759,Cat face rating experiment_1000-1500,2021.1.4,MacIntel,60.0024001
,,,,,,space,4.6912,3,2.1226,0,433,433,433,1,433,images/flickr_cat_000738.jpg,Jack Lo,001,2022-05-28_22h53.34.759,Cat face rating experiment_1000-1500,2021.1.4,MacIntel,60.0024001
,,,,,,space,1.0841,,,0,434,434,434,1,434,images/pixabay_cat_001321.jpg,Jack Lo,001,2022-05-28_22h53.34.759,Cat face rating experiment_1000-1500,2021.1.4,MacIntel,60.0024001
,,,,,,space,1.5008,2,1.2547,0,435,435,435,1,435,images/pixabay_cat_002541.jpg,Jack Lo,001,2022-05-28_22h53.34.759,Cat face rating experiment_1000-1500,2021.1.4,MacIntel,60.0024001
,,,,,,space,1.3292,2,1.1522,0,436,436,436,1,436,images/pixabay_cat_000736.jpg,Jack Lo,001,2022-05-28_22h53.34.759,Cat face rating experiment_1000-1500,2021.1.4,MacIntel,60.0024001
,,,,,,space,1.1097,2,0.6917,0,437,437,437,1,437,images/pixabay_cat_003236.jpg,Jack Lo,001,2022-05-28_22h53.34.759,Cat face rating experiment_1000-1500,2021.1.4,MacIntel,60.0024001
,,,,,,space,0.6615,2,0.552,0,438,438,438,1,438,images/pixabay_cat_001832.jpg,Jack Lo,001,2022-05-28_22h53.34.759,Cat face rating experiment_1000-1500,2021.1.4,MacIntel,60.0024001
,,,,,,space,1.859,4,1.5034,0,439,439,439,1,439,images/pixabay_cat_001443.jpg,Jack Lo,001,2022-05-28_22h53.34.759,Cat face rating experiment_1000-1500,2021.1.4,MacIntel,60.0024001
,,,,,,space,0.6078,,,0,440,440,440,1,440,images/pixabay_cat_002903.jpg,Jack Lo,001,2022-05-28_22h53.34.759,Cat face rating experiment_1000-1500,2021.1.4,MacIntel,60.0024001
,,,,,,space,1.1202,3,0.903,0,441,441,441,1,441,images/pixabay_cat_002970.jpg,Jack Lo,001,2022-05-28_22h53.34.759,Cat face rating experiment_1000-1500,2021.1.4,MacIntel,60.0024001
,,,,,,space,1.6062,2,1.4713,0,442,442,442,1,442,images/pixabay_cat_001735.jpg,Jack Lo,001,2022-05-28_22h53.34.759,Cat face rating experiment_1000-1500,2021.1.4,MacIntel,60.0024001
,,,,,,space,0.6982,2,0.5572,0,443,443,443,1,443,images/flickr_cat_000712.jpg,Jack Lo,001,2022-05-28_22h53.34.759,Cat face rating experiment_1000-1500,2021.1.4,MacIntel,60.0024001
,,,,,,space,1.0544,,,0,444,444,444,1,444,images/pixabay_cat_001137.jpg,Jack Lo,001,2022-05-28_22h53.34.759,Cat face rating experiment_1000-1500,2021.1.4,MacIntel,60.0024001
,,,,,,space,1.6561,5,1.4203,0,445,445,445,1,445,images/pixabay_cat_001372.jpg,Jack Lo,001,2022-05-28_22h53.34.759,Cat face rating experiment_1000-1500,2021.1.4,MacIntel,60.0024001
,,,,,,space,3.1253,6,2.7904,0,446,446,446,1,446,images/pixabay_cat_000174.jpg,Jack Lo,001,2022-05-28_22h53.34.759,Cat face rating experiment_1000-1500,2021.1.4,MacIntel,60.0024001
,,,,,,space,1.6225,3,1.4522,0,447,447,447,1,447,images/pixabay_cat_003828.jpg,Jack Lo,001,2022-05-28_22h53.34.759,Cat face rating experiment_1000-1500,2021.1.4,MacIntel,60.0024001
,,,,,,space,1.1975,2,1.0391,0,448,448,448,1,448,images/flickr_cat_000357.jpg,Jack Lo,001,2022-05-28_22h53.34.759,Cat face rating experiment_1000-1500,2021.1.4,MacIntel,60.0024001
,,,,,,space,2.0068,5,1.8005,0,449,449,449,1,449,images/pixabay_cat_002356.jpg,Jack Lo,001,2022-05-28_22h53.34.759,Cat face rating experiment_1000-1500,2021.1.4,MacIntel,60.0024001
,,,,,,space,1.6387,2,1.522,0,450,450,450,1,450,images/pixabay_cat_003367.jpg,Jack Lo,001,2022-05-28_22h53.34.759,Cat face rating experiment_1000-1500,2021.1.4,MacIntel,60.0024001
,,,,,,space,1.2975,2,1.0901,0,451,451,451,1,451,images/pixabay_cat_002465.jpg,Jack Lo,001,2022-05-28_22h53.34.759,Cat face rating experiment_1000-1500,2021.1.4,MacIntel,60.0024001
,,,,,,space,0.7249,2,0.6057,0,452,452,452,1,452,images/pixabay_cat_002370.jpg,Jack Lo,001,2022-05-28_22h53.34.759,Cat face rating experiment_1000-1500,2021.1.4,MacIntel,60.0024001
,,,,,,space,1.6233,5,1.5036,0,453,453,453,1,453,images/pixabay_cat_004647.jpg,Jack Lo,001,2022-05-28_22h53.34.759,Cat face rating experiment_1000-1500,2021.1.4,MacIntel,60.0024001
,,,,,,space,1.7819,3,1.5065,0,454,454,454,1,454,images/pixabay_cat_003309.jpg,Jack Lo,001,2022-05-28_22h53.34.759,Cat face rating experiment_1000-1500,2021.1.4,MacIntel,60.0024001
,,,,,,space,1.9892,,,0,455,455,455,1,455,images/pixabay_cat_003141.jpg,Jack Lo,001,2022-05-28_22h53.34.759,Cat face rating experiment_1000-1500,2021.1.4,MacIntel,60.0024001
,,,,,,space,1.2314,3,1.0554,0,456,456,456,1,456,images/pixabay_cat_002744.jpg,Jack Lo,001,2022-05-28_22h53.34.759,Cat face rating experiment_1000-1500,2021.1.4,MacIntel,60.0024001
,,,,,,space,0.8854,3,0.7088,0,457,457,457,1,457,images/pixabay_cat_002982.jpg,Jack Lo,001,2022-05-28_22h53.34.759,Cat face rating experiment_1000-1500,2021.1.4,MacIntel,60.0024001
,,,,,,space,1.3603,2,1.1714,0,458,458,458,1,458,images/pixabay_cat_004588.jpg,Jack Lo,001,2022-05-28_22h53.34.759,Cat face rating experiment_1000-1500,2021.1.4,MacIntel,60.0024001
,,,,,,space,1.7363,6,1.4868,0,459,459,459,1,459,images/pixabay_cat_002743.jpg,Jack Lo,001,2022-05-28_22h53.34.759,Cat face rating experiment_1000-1500,2021.1.4,MacIntel,60.0024001
,,,,,,space,1.4729,6,1.2709,0,460,460,460,1,460,images/pixabay_cat_003501.jpg,Jack Lo,001,2022-05-28_22h53.34.759,Cat face rating experiment_1000-1500,2021.1.4,MacIntel,60.0024001
,,,,,,space,1.7039,3,1.5723,0,461,461,461,1,461,images/pixabay_cat_001415.jpg,Jack Lo,001,2022-05-28_22h53.34.759,Cat face rating experiment_1000-1500,2021.1.4,MacIntel,60.0024001
,,,,,,space,2.7382,3,2.5059,0,462,462,462,1,462,images/pixabay_cat_000014.jpg,Jack Lo,001,2022-05-28_22h53.34.759,Cat face rating experiment_1000-1500,2021.1.4,MacIntel,60.0024001
,,,,,,space,1.2285,3,1.0551,0,463,463,463,1,463,images/pixabay_cat_000404.jpg,Jack Lo,001,2022-05-28_22h53.34.759,Cat face rating experiment_1000-1500,2021.1.4,MacIntel,60.0024001
,,,,,,space,2.2917,2,2.0575,0,464,464,464,1,464,images/pixabay_cat_001510.jpg,Jack Lo,001,2022-05-28_22h53.34.759,Cat face rating experiment_1000-1500,2021.1.4,MacIntel,60.0024001
,,,,,,space,2.4874,2,1.2696,0,465,465,465,1,465,images/pixabay_cat_001759.jpg,Jack Lo,001,2022-05-28_22h53.34.759,Cat face rating experiment_1000-1500,2021.1.4,MacIntel,60.0024001
,,,,,,space,0.9355,2,0.8053,0,466,466,466,1,466,images/flickr_cat_000269.jpg,Jack Lo,001,2022-05-28_22h53.34.759,Cat face rating experiment_1000-1500,2021.1.4,MacIntel,60.0024001
,,,,,,space,3.6392,3,3.3475,0,467,467,467,1,467,images/pixabay_cat_002021.jpg,Jack Lo,001,2022-05-28_22h53.34.759,Cat face rating experiment_1000-1500,2021.1.4,MacIntel,60.0024001
,,,,,,space,1.872,2,1.6892,0,468,468,468,1,468,images/pixabay_cat_001649.jpg,Jack Lo,001,2022-05-28_22h53.34.759,Cat face rating experiment_1000-1500,2021.1.4,MacIntel,60.0024001
,,,,,,space,1.5004,5,1.4243,0,469,469,469,1,469,images/pixabay_cat_001243.jpg,Jack Lo,001,2022-05-28_22h53.34.759,Cat face rating experiment_1000-1500,2021.1.4,MacIntel,60.0024001
,,,,,,space,1.3624,3,1.2697,0,470,470,470,1,470,images/pixabay_cat_003121.jpg,Jack Lo,001,2022-05-28_22h53.34.759,Cat face rating experiment_1000-1500,2021.1.4,MacIntel,60.0024001
,,,,,,space,1.1508,3,0.7557,0,471,471,471,1,471,images/pixabay_cat_004183.jpg,Jack Lo,001,2022-05-28_22h53.34.759,Cat face rating experiment_1000-1500,2021.1.4,MacIntel,60.0024001
,,,,,,space,0.7625,2,0.6402,0,472,472,472,1,472,images/pixabay_cat_002200.jpg,Jack Lo,001,2022-05-28_22h53.34.759,Cat face rating experiment_1000-1500,2021.1.4,MacIntel,60.0024001
,,,,,,space,1.7193,3,1.5393,0,473,473,473,1,473,images/pixabay_cat_001014.jpg,Jack Lo,001,2022-05-28_22h53.34.759,Cat face rating experiment_1000-1500,2021.1.4,MacIntel,60.0024001
,,,,,,space,1.7686,2,1.369,0,474,474,474,1,474,images/flickr_cat_000487.jpg,Jack Lo,001,2022-05-28_22h53.34.759,Cat face rating experiment_1000-1500,2021.1.4,MacIntel,60.0024001
,,,,,,space,2.0404,6,1.9571,0,475,475,475,1,475,images/pixabay_cat_001289.jpg,Jack Lo,001,2022-05-28_22h53.34.759,Cat face rating experiment_1000-1500,2021.1.4,MacIntel,60.0024001
,,,,,,space,1.9588,6,1.242,0,476,476,476,1,476,images/pixabay_cat_000550.jpg,Jack Lo,001,2022-05-28_22h53.34.759,Cat face rating experiment_1000-1500,2021.1.4,MacIntel,60.0024001
,,,,,,space,2.1921,3,1.988,0,477,477,477,1,477,images/pixabay_cat_003408.jpg,Jack Lo,001,2022-05-28_22h53.34.759,Cat face rating experiment_1000-1500,2021.1.4,MacIntel,60.0024001
,,,,,,space,1.6832,5,1.5224,0,478,478,478,1,478,images/pixabay_cat_003536.jpg,Jack Lo,001,2022-05-28_22h53.34.759,Cat face rating experiment_1000-1500,2021.1.4,MacIntel,60.0024001
,,,,,,space,1.8077,2,1.6014,0,479,479,479,1,479,images/pixabay_cat_002912.jpg,Jack Lo,001,2022-05-28_22h53.34.759,Cat face rating experiment_1000-1500,2021.1.4,MacIntel,60.0024001
,,,,,,space,3.546,2,0.8723,0,480,480,480,1,480,images/pixabay_cat_002024.jpg,Jack Lo,001,2022-05-28_22h53.34.759,Cat face rating experiment_1000-1500,2021.1.4,MacIntel,60.0024001
,,,,,,space,50.7489,3,49.1241,0,481,481,481,1,481,images/pixabay_cat_004080.jpg,Jack Lo,001,2022-05-28_22h53.34.759,Cat face rating experiment_1000-1500,2021.1.4,MacIntel,60.0024001
,,,,,,space,15.1573,3,14.6386,0,482,482,482,1,482,images/pixabay_cat_004665.jpg,Jack Lo,001,2022-05-28_22h53.34.759,Cat face rating experiment_1000-1500,2021.1.4,MacIntel,60.0024001
,,,,,,space,1.2928,2,1.003,0,483,483,483,1,483,images/pixabay_cat_001485.jpg,Jack Lo,001,2022-05-28_22h53.34.759,Cat face rating experiment_1000-1500,2021.1.4,MacIntel,60.0024001
,,,,,,space,4.6286,2,4.1577,0,484,484,484,1,484,images/pixabay_cat_004276.jpg,Jack Lo,001,2022-05-28_22h53.34.759,Cat face rating experiment_1000-1500,2021.1.4,MacIntel,60.0024001
,,,,,,space,2.6188,2,2.4211,0,485,485,485,1,485,images/pixabay_cat_002633.jpg,Jack Lo,001,2022-05-28_22h53.34.759,Cat face rating experiment_1000-1500,2021.1.4,MacIntel,60.0024001
,,,,,,space,1.423,3,1.2537,0,486,486,486,1,486,images/pixabay_cat_004789.jpg,Jack Lo,001,2022-05-28_22h53.34.759,Cat face rating experiment_1000-1500,2021.1.4,MacIntel,60.0024001
,,,,,,space,0.8731,2,0.6551,0,487,487,487,1,487,images/pixabay_cat_002289.jpg,Jack Lo,001,2022-05-28_22h53.34.759,Cat face rating experiment_1000-1500,2021.1.4,MacIntel,60.0024001
,,,,,,space,1.739,4,1.5193,0,488,488,488,1,488,images/pixabay_cat_000690.jpg,Jack Lo,001,2022-05-28_22h53.34.759,Cat face rating experiment_1000-1500,2021.1.4,MacIntel,60.0024001
,,,,,,space,2.0215,1,1.787,0,489,489,489,1,489,images/flickr_cat_000716.jpg,Jack Lo,001,2022-05-28_22h53.34.759,Cat face rating experiment_1000-1500,2021.1.4,MacIntel,60.0024001
,,,,,,space,0.8946,1,0.7218,0,490,490,490,1,490,images/pixabay_cat_001031.jpg,Jack Lo,001,2022-05-28_22h53.34.759,Cat face rating experiment_1000-1500,2021.1.4,MacIntel,60.0024001
,,,,,,space,0.7616,1,0.5873,0,491,491,491,1,491,images/pixabay_cat_001027.jpg,Jack Lo,001,2022-05-28_22h53.34.759,Cat face rating experiment_1000-1500,2021.1.4,MacIntel,60.0024001
,,,,,,space,1.0934,2,0.9068,0,492,492,492,1,492,images/pixabay_cat_000211.jpg,Jack Lo,001,2022-05-28_22h53.34.759,Cat face rating experiment_1000-1500,2021.1.4,MacIntel,60.0024001
,,,,,,space,1.8931,3,1.7033,0,493,493,493,1,493,images/pixabay_cat_001639.jpg,Jack Lo,001,2022-05-28_22h53.34.759,Cat face rating experiment_1000-1500,2021.1.4,MacIntel,60.0024001
,,,,,,space,0.8731,2,0.7242,0,494,494,494,1,494,images/pixabay_cat_003021.jpg,Jack Lo,001,2022-05-28_22h53.34.759,Cat face rating experiment_1000-1500,2021.1.4,MacIntel,60.0024001
,,,,,,space,1.2046,2,1.0897,0,495,495,495,1,495,images/pixabay_cat_000804.jpg,Jack Lo,001,2022-05-28_22h53.34.759,Cat face rating experiment_1000-1500,2021.1.4,MacIntel,60.0024001
,,,,,,space,0.7509,2,0.6899,0,496,496,496,1,496,images/pixabay_cat_003749.jpg,Jack Lo,001,2022-05-28_22h53.34.759,Cat face rating experiment_1000-1500,2021.1.4,MacIntel,60.0024001
,,,,,,space,1.324,,,0,497,497,497,1,497,images/pixabay_cat_000986.jpg,Jack Lo,001,2022-05-28_22h53.34.759,Cat face rating experiment_1000-1500,2021.1.4,MacIntel,60.0024001
,,,,,,space,0.7572,,,0,498,498,498,1,498,images/pixabay_cat_004141.jpg,Jack Lo,001,2022-05-28_22h53.34.759,Cat face rating experiment_1000-1500,2021.1.4,MacIntel,60.0024001
,,,,,,space,1.8563,7,1.6232,0,499,499,499,1,499,images/pixabay_cat_004269.jpg,Jack Lo,001,2022-05-28_22h53.34.759,Cat face rating experiment_1000-1500,2021.1.4,MacIntel,60.0024001
