key_resp.keys,key_resp.rt,key_resp_2.keys,key_resp_2.rt,key_resp_3.keys,key_resp_3.rt,key_resp_4.keys,key_resp_4.rt,slider.response,slider.rt,trials.thisRepN,trials.thisTrialN,trials.thisN,trials.thisIndex,trials.ran,trial_nums,img,participant,session,date,expName,psychopyVersion,OS,frameRate
space,1.624,space,0.631,space,0.496,space,3.532,3,3.164,0,0,0,0,1,0,images/pixabay_cat_003488.jpg,bx,001,2022-04-08_18h15.08.843,Cat face rating experiment_500-1000,2021.1.4,MacIntel,58.82352941
,,,,,,space,1.489,5,1.224,0,1,1,1,1,1,images/pixabay_cat_002487.jpg,bx,001,2022-04-08_18h15.08.843,Cat face rating experiment_500-1000,2021.1.4,MacIntel,58.82352941
,,,,,,space,1.847,6,1.615,0,2,2,2,1,2,images/pixabay_cat_004502.jpg,bx,001,2022-04-08_18h15.08.843,Cat face rating experiment_500-1000,2021.1.4,MacIntel,58.82352941
,,,,,,space,1.215,5,1.054,0,3,3,3,1,3,images/pixabay_cat_004332.jpg,bx,001,2022-04-08_18h15.08.843,Cat face rating experiment_500-1000,2021.1.4,MacIntel,58.82352941
,,,,,,space,0.845,4,0.711,0,4,4,4,1,4,images/pixabay_cat_004678.jpg,bx,001,2022-04-08_18h15.08.843,Cat face rating experiment_500-1000,2021.1.4,MacIntel,58.82352941
,,,,,,space,1.834,7,1.643,0,5,5,5,1,5,images/pixabay_cat_003953.jpg,bx,001,2022-04-08_18h15.08.843,Cat face rating experiment_500-1000,2021.1.4,MacIntel,58.82352941
,,,,,,space,1.119,4,1.043,0,6,6,6,1,6,images/pixabay_cat_000066.jpg,bx,001,2022-04-08_18h15.08.843,Cat face rating experiment_500-1000,2021.1.4,MacIntel,58.82352941
,,,,,,space,1.144,3,0.955,0,7,7,7,1,7,images/pixabay_cat_004307.jpg,bx,001,2022-04-08_18h15.08.843,Cat face rating experiment_500-1000,2021.1.4,MacIntel,58.82352941
,,,,,,space,1.135,4,0.999,0,8,8,8,1,8,images/pixabay_cat_002361.jpg,bx,001,2022-04-08_18h15.08.843,Cat face rating experiment_500-1000,2021.1.4,MacIntel,58.82352941
,,,,,,space,1.132,5,1.039,0,9,9,9,1,9,images/pixabay_cat_003116.jpg,bx,001,2022-04-08_18h15.08.843,Cat face rating experiment_500-1000,2021.1.4,MacIntel,58.82352941
,,,,,,space,1.584,4,1.372,0,10,10,10,1,10,images/pixabay_cat_003632.jpg,bx,001,2022-04-08_18h15.08.843,Cat face rating experiment_500-1000,2021.1.4,MacIntel,58.82352941
,,,,,,space,1.193,5,1.03,0,11,11,11,1,11,images/pixabay_cat_000083.jpg,bx,001,2022-04-08_18h15.08.843,Cat face rating experiment_500-1000,2021.1.4,MacIntel,58.82352941
,,,,,,space,1.285,3,1.124,0,12,12,12,1,12,images/pixabay_cat_004027.jpg,bx,001,2022-04-08_18h15.08.843,Cat face rating experiment_500-1000,2021.1.4,MacIntel,58.82352941
,,,,,,space,1.804,1,1.598,0,13,13,13,1,13,images/flickr_cat_000621.jpg,bx,001,2022-04-08_18h15.08.843,Cat face rating experiment_500-1000,2021.1.4,MacIntel,58.82352941
,,,,,,space,1.086,2,0.823,0,14,14,14,1,14,images/pixabay_cat_004191.jpg,bx,001,2022-04-08_18h15.08.843,Cat face rating experiment_500-1000,2021.1.4,MacIntel,58.82352941
,,,,,,space,1.033,3,0.791,0,15,15,15,1,15,images/pixabay_cat_003779.jpg,bx,001,2022-04-08_18h15.08.843,Cat face rating experiment_500-1000,2021.1.4,MacIntel,58.82352941
,,,,,,space,1.014,4,0.794,0,16,16,16,1,16,images/flickr_cat_000369.jpg,bx,001,2022-04-08_18h15.08.843,Cat face rating experiment_500-1000,2021.1.4,MacIntel,58.82352941
,,,,,,space,0.872,5,0.664,0,17,17,17,1,17,images/pixabay_cat_001572.jpg,bx,001,2022-04-08_18h15.08.843,Cat face rating experiment_500-1000,2021.1.4,MacIntel,58.82352941
,,,,,,space,12.07,3,11.339,0,18,18,18,1,18,images/flickr_cat_000107.jpg,bx,001,2022-04-08_18h15.08.843,Cat face rating experiment_500-1000,2021.1.4,MacIntel,58.82352941
,,,,,,space,2.985,3,2.213,0,19,19,19,1,19,images/pixabay_cat_002366.jpg,bx,001,2022-04-08_18h15.08.843,Cat face rating experiment_500-1000,2021.1.4,MacIntel,58.82352941
,,,,,,space,1.517,3,0.979,0,20,20,20,1,20,images/pixabay_cat_002856.jpg,bx,001,2022-04-08_18h15.08.843,Cat face rating experiment_500-1000,2021.1.4,MacIntel,58.82352941
,,,,,,space,2.374,1,1.773,0,21,21,21,1,21,images/pixabay_cat_001957.jpg,bx,001,2022-04-08_18h15.08.843,Cat face rating experiment_500-1000,2021.1.4,MacIntel,58.82352941
,,,,,,space,1.853,2,1.19,0,22,22,22,1,22,images/pixabay_cat_002320.jpg,bx,001,2022-04-08_18h15.08.843,Cat face rating experiment_500-1000,2021.1.4,MacIntel,58.82352941
,,,,,,space,2.916,5,2.284,0,23,23,23,1,23,images/pixabay_cat_003627.jpg,bx,001,2022-04-08_18h15.08.843,Cat face rating experiment_500-1000,2021.1.4,MacIntel,58.82352941
,,,,,,space,1.978,3,1.308,0,24,24,24,1,24,images/pixabay_cat_002965.jpg,bx,001,2022-04-08_18h15.08.843,Cat face rating experiment_500-1000,2021.1.4,MacIntel,58.82352941
,,,,,,space,6759.624,1,6759.214,0,25,25,25,1,25,images/pixabay_cat_001209.jpg,bx,001,2022-04-08_18h15.08.843,Cat face rating experiment_500-1000,2021.1.4,MacIntel,58.82352941
,,,,,,space,5.947,5,5.626,0,26,26,26,1,26,images/pixabay_cat_003769.jpg,bx,001,2022-04-08_18h15.08.843,Cat face rating experiment_500-1000,2021.1.4,MacIntel,58.82352941
,,,,,,space,2.392,7,2.093,0,27,27,27,1,27,images/pixabay_cat_001302.jpg,bx,001,2022-04-08_18h15.08.843,Cat face rating experiment_500-1000,2021.1.4,MacIntel,58.82352941
,,,,,,space,2.302,2,1.831,0,28,28,28,1,28,images/pixabay_cat_003342.jpg,bx,001,2022-04-08_18h15.08.843,Cat face rating experiment_500-1000,2021.1.4,MacIntel,58.82352941
,,,,,,space,4.656,6,4.426,0,29,29,29,1,29,images/pixabay_cat_001604.jpg,bx,001,2022-04-08_18h15.08.843,Cat face rating experiment_500-1000,2021.1.4,MacIntel,58.82352941
,,,,,,space,3.983,7,3.076,0,30,30,30,1,30,images/pixabay_cat_003657.jpg,bx,001,2022-04-08_18h15.08.843,Cat face rating experiment_500-1000,2021.1.4,MacIntel,58.82352941
,,,,,,space,5.13,3,4.124,0,31,31,31,1,31,images/pixabay_cat_004021.jpg,bx,001,2022-04-08_18h15.08.843,Cat face rating experiment_500-1000,2021.1.4,MacIntel,58.82352941
,,,,,,space,7.708,3,6.802,0,32,32,32,1,32,images/pixabay_cat_002477.jpg,bx,001,2022-04-08_18h15.08.843,Cat face rating experiment_500-1000,2021.1.4,MacIntel,58.82352941
,,,,,,space,3.939,6,2.809,0,33,33,33,1,33,images/pixabay_cat_000087.jpg,bx,001,2022-04-08_18h15.08.843,Cat face rating experiment_500-1000,2021.1.4,MacIntel,58.82352941
,,,,,,space,4.228,7,3.759,0,34,34,34,1,34,images/flickr_cat_000349.jpg,bx,001,2022-04-08_18h15.08.843,Cat face rating experiment_500-1000,2021.1.4,MacIntel,58.82352941
,,,,,,space,10.393,3,10.038,0,35,35,35,1,35,images/pixabay_cat_001574.jpg,bx,001,2022-04-08_18h15.08.843,Cat face rating experiment_500-1000,2021.1.4,MacIntel,58.82352941
,,,,,,space,3.795,7,3.408,0,36,36,36,1,36,images/pixabay_cat_002498.jpg,bx,001,2022-04-08_18h15.08.843,Cat face rating experiment_500-1000,2021.1.4,MacIntel,58.82352941
,,,,,,space,11.792,4,11.566,0,37,37,37,1,37,images/pixabay_cat_001747.jpg,bx,001,2022-04-08_18h15.08.843,Cat face rating experiment_500-1000,2021.1.4,MacIntel,58.82352941
,,,,,,space,5.212,,,0,38,38,38,1,38,images/pixabay_cat_004336.jpg,bx,001,2022-04-08_18h15.08.843,Cat face rating experiment_500-1000,2021.1.4,MacIntel,58.82352941
,,,,,,space,1.817,1,1.508,0,39,39,39,1,39,images/pixabay_cat_004646.jpg,bx,001,2022-04-08_18h15.08.843,Cat face rating experiment_500-1000,2021.1.4,MacIntel,58.82352941
,,,,,,space,2721.059,1,2720.097,0,40,40,40,1,40,images/pixabay_cat_004640.jpg,bx,001,2022-04-08_18h15.08.843,Cat face rating experiment_500-1000,2021.1.4,MacIntel,58.82352941
,,,,,,space,0.899,1,0.681,0,41,41,41,1,41,images/pixabay_cat_003966.jpg,bx,001,2022-04-08_18h15.08.843,Cat face rating experiment_500-1000,2021.1.4,MacIntel,58.82352941
,,,,,,space,1.425,3,1.039,0,42,42,42,1,42,images/pixabay_cat_001356.jpg,bx,001,2022-04-08_18h15.08.843,Cat face rating experiment_500-1000,2021.1.4,MacIntel,58.82352941
,,,,,,space,1.45,1,1.223,0,43,43,43,1,43,images/pixabay_cat_002888.jpg,bx,001,2022-04-08_18h15.08.843,Cat face rating experiment_500-1000,2021.1.4,MacIntel,58.82352941
,,,,,,space,0.905,2,0.631,0,44,44,44,1,44,images/pixabay_cat_000933.jpg,bx,001,2022-04-08_18h15.08.843,Cat face rating experiment_500-1000,2021.1.4,MacIntel,58.82352941
,,,,,,space,1.261,4,1.114,0,45,45,45,1,45,images/flickr_cat_000038.jpg,bx,001,2022-04-08_18h15.08.843,Cat face rating experiment_500-1000,2021.1.4,MacIntel,58.82352941
,,,,,,space,1.667,5,1.331,0,46,46,46,1,46,images/pixabay_cat_000589.jpg,bx,001,2022-04-08_18h15.08.843,Cat face rating experiment_500-1000,2021.1.4,MacIntel,58.82352941
,,,,,,space,1.906,5,1.639,0,47,47,47,1,47,images/pixabay_cat_001439.jpg,bx,001,2022-04-08_18h15.08.843,Cat face rating experiment_500-1000,2021.1.4,MacIntel,58.82352941
,,,,,,space,1.57,3,1.323,0,48,48,48,1,48,images/flickr_cat_000649.jpg,bx,001,2022-04-08_18h15.08.843,Cat face rating experiment_500-1000,2021.1.4,MacIntel,58.82352941
,,,,,,space,1.229,4,1.057,0,49,49,49,1,49,images/pixabay_cat_000702.jpg,bx,001,2022-04-08_18h15.08.843,Cat face rating experiment_500-1000,2021.1.4,MacIntel,58.82352941
,,,,,,space,1.304,3,1.14,0,50,50,50,1,50,images/pixabay_cat_004775.jpg,bx,001,2022-04-08_18h15.08.843,Cat face rating experiment_500-1000,2021.1.4,MacIntel,58.82352941
,,,,,,space,1.417,3,1.182,0,51,51,51,1,51,images/pixabay_cat_004368.jpg,bx,001,2022-04-08_18h15.08.843,Cat face rating experiment_500-1000,2021.1.4,MacIntel,58.82352941
,,,,,,space,1.426,4,0.939,0,52,52,52,1,52,images/pixabay_cat_000460.jpg,bx,001,2022-04-08_18h15.08.843,Cat face rating experiment_500-1000,2021.1.4,MacIntel,58.82352941
,,,,,,space,1.297,2,0.956,0,53,53,53,1,53,images/pixabay_cat_004319.jpg,bx,001,2022-04-08_18h15.08.843,Cat face rating experiment_500-1000,2021.1.4,MacIntel,58.82352941
,,,,,,space,1.21,1,0.889,0,54,54,54,1,54,images/pixabay_cat_002496.jpg,bx,001,2022-04-08_18h15.08.843,Cat face rating experiment_500-1000,2021.1.4,MacIntel,58.82352941
,,,,,,space,1.894,5,1.715,0,55,55,55,1,55,images/pixabay_cat_001800.jpg,bx,001,2022-04-08_18h15.08.843,Cat face rating experiment_500-1000,2021.1.4,MacIntel,58.82352941
,,,,,,space,1.414,2,1.19,0,56,56,56,1,56,images/pixabay_cat_002878.jpg,bx,001,2022-04-08_18h15.08.843,Cat face rating experiment_500-1000,2021.1.4,MacIntel,58.82352941
,,,,,,space,1.448,5,1.29,0,57,57,57,1,57,images/pixabay_cat_004438.jpg,bx,001,2022-04-08_18h15.08.843,Cat face rating experiment_500-1000,2021.1.4,MacIntel,58.82352941
,,,,,,space,1430.961,2,1430.458,0,58,58,58,1,58,images/pixabay_cat_002400.jpg,bx,001,2022-04-08_18h15.08.843,Cat face rating experiment_500-1000,2021.1.4,MacIntel,58.82352941
,,,,,,space,1.157,2,0.889,0,59,59,59,1,59,images/pixabay_cat_004302.jpg,bx,001,2022-04-08_18h15.08.843,Cat face rating experiment_500-1000,2021.1.4,MacIntel,58.82352941
,,,,,,space,1.04,2,0.789,0,60,60,60,1,60,images/pixabay_cat_000877.jpg,bx,001,2022-04-08_18h15.08.843,Cat face rating experiment_500-1000,2021.1.4,MacIntel,58.82352941
,,,,,,space,1.559,5,1.282,0,61,61,61,1,61,images/pixabay_cat_004288.jpg,bx,001,2022-04-08_18h15.08.843,Cat face rating experiment_500-1000,2021.1.4,MacIntel,58.82352941
,,,,,,space,1.374,2,1.04,0,62,62,62,1,62,images/pixabay_cat_003790.jpg,bx,001,2022-04-08_18h15.08.843,Cat face rating experiment_500-1000,2021.1.4,MacIntel,58.82352941
,,,,,,space,1.373,2,1.081,0,63,63,63,1,63,images/pixabay_cat_002299.jpg,bx,001,2022-04-08_18h15.08.843,Cat face rating experiment_500-1000,2021.1.4,MacIntel,58.82352941
,,,,,,space,1.169,2,0.845,0,64,64,64,1,64,images/pixabay_cat_000643.jpg,bx,001,2022-04-08_18h15.08.843,Cat face rating experiment_500-1000,2021.1.4,MacIntel,58.82352941
,,,,,,space,2.255,3,1.982,0,65,65,65,1,65,images/pixabay_cat_000279.jpg,bx,001,2022-04-08_18h15.08.843,Cat face rating experiment_500-1000,2021.1.4,MacIntel,58.82352941
,,,,,,space,2.054,3,1.832,0,66,66,66,1,66,images/pixabay_cat_000749.jpg,bx,001,2022-04-08_18h15.08.843,Cat face rating experiment_500-1000,2021.1.4,MacIntel,58.82352941
,,,,,,space,1.329,3,1.115,0,67,67,67,1,67,images/flickr_cat_000491.jpg,bx,001,2022-04-08_18h15.08.843,Cat face rating experiment_500-1000,2021.1.4,MacIntel,58.82352941
,,,,,,space,1.437,2,1.156,0,68,68,68,1,68,images/pixabay_cat_001393.jpg,bx,001,2022-04-08_18h15.08.843,Cat face rating experiment_500-1000,2021.1.4,MacIntel,58.82352941
,,,,,,space,1.525,1,1.222,0,69,69,69,1,69,images/pixabay_cat_001306.jpg,bx,001,2022-04-08_18h15.08.843,Cat face rating experiment_500-1000,2021.1.4,MacIntel,58.82352941
,,,,,,space,1.508,2,1.182,0,70,70,70,1,70,images/pixabay_cat_001232.jpg,bx,001,2022-04-08_18h15.08.843,Cat face rating experiment_500-1000,2021.1.4,MacIntel,58.82352941
,,,,,,space,1.659,3,1.339,0,71,71,71,1,71,images/pixabay_cat_004204.jpg,bx,001,2022-04-08_18h15.08.843,Cat face rating experiment_500-1000,2021.1.4,MacIntel,58.82352941
,,,,,,space,1.41,2,0.94,0,72,72,72,1,72,images/pixabay_cat_000286.jpg,bx,001,2022-04-08_18h15.08.843,Cat face rating experiment_500-1000,2021.1.4,MacIntel,58.82352941
,,,,,,space,1.558,1,1.232,0,73,73,73,1,73,images/pixabay_cat_002003.jpg,bx,001,2022-04-08_18h15.08.843,Cat face rating experiment_500-1000,2021.1.4,MacIntel,58.82352941
,,,,,,space,2.452,1,2.108,0,74,74,74,1,74,images/flickr_cat_000476.jpg,bx,001,2022-04-08_18h15.08.843,Cat face rating experiment_500-1000,2021.1.4,MacIntel,58.82352941
,,,,,,space,2.498,3,2.182,0,75,75,75,1,75,images/pixabay_cat_002626.jpg,bx,001,2022-04-08_18h15.08.843,Cat face rating experiment_500-1000,2021.1.4,MacIntel,58.82352941
,,,,,,space,1.891,6,1.523,0,76,76,76,1,76,images/pixabay_cat_003259.jpg,bx,001,2022-04-08_18h15.08.843,Cat face rating experiment_500-1000,2021.1.4,MacIntel,58.82352941
,,,,,,space,1.34,3,1.04,0,77,77,77,1,77,images/pixabay_cat_000905.jpg,bx,001,2022-04-08_18h15.08.843,Cat face rating experiment_500-1000,2021.1.4,MacIntel,58.82352941
,,,,,,space,1.713,5,1.273,0,78,78,78,1,78,images/pixabay_cat_002123.jpg,bx,001,2022-04-08_18h15.08.843,Cat face rating experiment_500-1000,2021.1.4,MacIntel,58.82352941
,,,,,,space,1.493,5,1.15,0,79,79,79,1,79,images/flickr_cat_000521.jpg,bx,001,2022-04-08_18h15.08.843,Cat face rating experiment_500-1000,2021.1.4,MacIntel,58.82352941
,,,,,,space,1.343,3,1.009,0,80,80,80,1,80,images/pixabay_cat_003620.jpg,bx,001,2022-04-08_18h15.08.843,Cat face rating experiment_500-1000,2021.1.4,MacIntel,58.82352941
,,,,,,space,1.541,4,1.408,0,81,81,81,1,81,images/pixabay_cat_004489.jpg,bx,001,2022-04-08_18h15.08.843,Cat face rating experiment_500-1000,2021.1.4,MacIntel,58.82352941
,,,,,,space,1.075,3,0.857,0,82,82,82,1,82,images/pixabay_cat_003468.jpg,bx,001,2022-04-08_18h15.08.843,Cat face rating experiment_500-1000,2021.1.4,MacIntel,58.82352941
,,,,,,space,1.102,2,0.838,0,83,83,83,1,83,images/pixabay_cat_001310.jpg,bx,001,2022-04-08_18h15.08.843,Cat face rating experiment_500-1000,2021.1.4,MacIntel,58.82352941
,,,,,,space,1.038,2,0.822,0,84,84,84,1,84,images/pixabay_cat_001617.jpg,bx,001,2022-04-08_18h15.08.843,Cat face rating experiment_500-1000,2021.1.4,MacIntel,58.82352941
,,,,,,space,0.902,2,0.658,0,85,85,85,1,85,images/pixabay_cat_003431.jpg,bx,001,2022-04-08_18h15.08.843,Cat face rating experiment_500-1000,2021.1.4,MacIntel,58.82352941
,,,,,,space,0.874,2,0.692,0,86,86,86,1,86,images/flickr_cat_000422.jpg,bx,001,2022-04-08_18h15.08.843,Cat face rating experiment_500-1000,2021.1.4,MacIntel,58.82352941
,,,,,,space,1.613,6,1.343,0,87,87,87,1,87,images/pixabay_cat_003970.jpg,bx,001,2022-04-08_18h15.08.843,Cat face rating experiment_500-1000,2021.1.4,MacIntel,58.82352941
,,,,,,space,306.109,5,305.435,0,88,88,88,1,88,images/pixabay_cat_002324.jpg,bx,001,2022-04-08_18h15.08.843,Cat face rating experiment_500-1000,2021.1.4,MacIntel,58.82352941
,,,,,,space,12.388,1,11.966,0,89,89,89,1,89,images/pixabay_cat_002954.jpg,bx,001,2022-04-08_18h15.08.843,Cat face rating experiment_500-1000,2021.1.4,MacIntel,58.82352941
,,,,,,space,13.824,3,4.892,0,90,90,90,1,90,images/pixabay_cat_003345.jpg,bx,001,2022-04-08_18h15.08.843,Cat face rating experiment_500-1000,2021.1.4,MacIntel,58.82352941
,,,,,,space,1.472,,,0,91,91,91,1,91,images/pixabay_cat_001032.jpg,bx,001,2022-04-08_18h15.08.843,Cat face rating experiment_500-1000,2021.1.4,MacIntel,58.82352941
,,,,,,space,1.86,3,1.566,0,92,92,92,1,92,images/pixabay_cat_003917.jpg,bx,001,2022-04-08_18h15.08.843,Cat face rating experiment_500-1000,2021.1.4,MacIntel,58.82352941
,,,,,,space,9.86,2,9.506,0,93,93,93,1,93,images/pixabay_cat_002548.jpg,bx,001,2022-04-08_18h15.08.843,Cat face rating experiment_500-1000,2021.1.4,MacIntel,58.82352941
,,,,,,space,2.208,5,1.542,0,94,94,94,1,94,images/pixabay_cat_001108.jpg,bx,001,2022-04-08_18h15.08.843,Cat face rating experiment_500-1000,2021.1.4,MacIntel,58.82352941
,,,,,,space,1.629,6,1.182,0,95,95,95,1,95,images/flickr_cat_000817.jpg,bx,001,2022-04-08_18h15.08.843,Cat face rating experiment_500-1000,2021.1.4,MacIntel,58.82352941
,,,,,,space,1.555,2,1.216,0,96,96,96,1,96,images/pixabay_cat_002339.jpg,bx,001,2022-04-08_18h15.08.843,Cat face rating experiment_500-1000,2021.1.4,MacIntel,58.82352941
,,,,,,space,1.096,2,0.84,0,97,97,97,1,97,images/flickr_cat_000012.jpg,bx,001,2022-04-08_18h15.08.843,Cat face rating experiment_500-1000,2021.1.4,MacIntel,58.82352941
,,,,,,space,1.274,2,0.923,0,98,98,98,1,98,images/pixabay_cat_003533.jpg,bx,001,2022-04-08_18h15.08.843,Cat face rating experiment_500-1000,2021.1.4,MacIntel,58.82352941
,,,,,,space,1.57,3,1.323,0,99,99,99,1,99,images/pixabay_cat_002544.jpg,bx,001,2022-04-08_18h15.08.843,Cat face rating experiment_500-1000,2021.1.4,MacIntel,58.82352941
,,,,,,space,1.303,3,0.982,0,100,100,100,1,100,images/pixabay_cat_002215.jpg,bx,001,2022-04-08_18h15.08.843,Cat face rating experiment_500-1000,2021.1.4,MacIntel,58.82352941
,,,,,,space,1.594,1,1.281,0,101,101,101,1,101,images/flickr_cat_000444.jpg,bx,001,2022-04-08_18h15.08.843,Cat face rating experiment_500-1000,2021.1.4,MacIntel,58.82352941
,,,,,,space,1.667,5,1.423,0,102,102,102,1,102,images/pixabay_cat_002035.jpg,bx,001,2022-04-08_18h15.08.843,Cat face rating experiment_500-1000,2021.1.4,MacIntel,58.82352941
,,,,,,space,1.267,3,0.972,0,103,103,103,1,103,images/flickr_cat_000168.jpg,bx,001,2022-04-08_18h15.08.843,Cat face rating experiment_500-1000,2021.1.4,MacIntel,58.82352941
,,,,,,space,2.168,2,0.927,0,104,104,104,1,104,images/pixabay_cat_002771.jpg,bx,001,2022-04-08_18h15.08.843,Cat face rating experiment_500-1000,2021.1.4,MacIntel,58.82352941
,,,,,,space,2.519,3,2.149,0,105,105,105,1,105,images/pixabay_cat_004344.jpg,bx,001,2022-04-08_18h15.08.843,Cat face rating experiment_500-1000,2021.1.4,MacIntel,58.82352941
,,,,,,space,1.45,3,1.105,0,106,106,106,1,106,images/pixabay_cat_002959.jpg,bx,001,2022-04-08_18h15.08.843,Cat face rating experiment_500-1000,2021.1.4,MacIntel,58.82352941
,,,,,,space,1.359,2,1.089,0,107,107,107,1,107,images/pixabay_cat_000364.jpg,bx,001,2022-04-08_18h15.08.843,Cat face rating experiment_500-1000,2021.1.4,MacIntel,58.82352941
,,,,,,space,1.459,1,1.177,0,108,108,108,1,108,images/pixabay_cat_001453.jpg,bx,001,2022-04-08_18h15.08.843,Cat face rating experiment_500-1000,2021.1.4,MacIntel,58.82352941
,,,,,,space,1.692,2,1.399,0,109,109,109,1,109,images/pixabay_cat_004012.jpg,bx,001,2022-04-08_18h15.08.843,Cat face rating experiment_500-1000,2021.1.4,MacIntel,58.82352941
,,,,,,space,1.06,2,0.832,0,110,110,110,1,110,images/pixabay_cat_000235.jpg,bx,001,2022-04-08_18h15.08.843,Cat face rating experiment_500-1000,2021.1.4,MacIntel,58.82352941
,,,,,,space,1.727,6,1.383,0,111,111,111,1,111,images/pixabay_cat_004209.jpg,bx,001,2022-04-08_18h15.08.843,Cat face rating experiment_500-1000,2021.1.4,MacIntel,58.82352941
,,,,,,space,2.02,3,1.716,0,112,112,112,1,112,images/pixabay_cat_004402.jpg,bx,001,2022-04-08_18h15.08.843,Cat face rating experiment_500-1000,2021.1.4,MacIntel,58.82352941
,,,,,,space,1.475,2,1.198,0,113,113,113,1,113,images/pixabay_cat_002476.jpg,bx,001,2022-04-08_18h15.08.843,Cat face rating experiment_500-1000,2021.1.4,MacIntel,58.82352941
,,,,,,space,1.793,5,1.473,0,114,114,114,1,114,images/pixabay_cat_002513.jpg,bx,001,2022-04-08_18h15.08.843,Cat face rating experiment_500-1000,2021.1.4,MacIntel,58.82352941
,,,,,,space,1.885,1,1.524,0,115,115,115,1,115,images/flickr_cat_000087.jpg,bx,001,2022-04-08_18h15.08.843,Cat face rating experiment_500-1000,2021.1.4,MacIntel,58.82352941
,,,,,,space,1.339,2,1.115,0,116,116,116,1,116,images/pixabay_cat_004724.jpg,bx,001,2022-04-08_18h15.08.843,Cat face rating experiment_500-1000,2021.1.4,MacIntel,58.82352941
,,,,,,space,1.284,2,1.049,0,117,117,117,1,117,images/pixabay_cat_001242.jpg,bx,001,2022-04-08_18h15.08.843,Cat face rating experiment_500-1000,2021.1.4,MacIntel,58.82352941
,,,,,,space,1.109,2,0.891,0,118,118,118,1,118,images/pixabay_cat_002606.jpg,bx,001,2022-04-08_18h15.08.843,Cat face rating experiment_500-1000,2021.1.4,MacIntel,58.82352941
,,,,,,space,1.259,2,0.982,0,119,119,119,1,119,images/flickr_cat_000417.jpg,bx,001,2022-04-08_18h15.08.843,Cat face rating experiment_500-1000,2021.1.4,MacIntel,58.82352941
,,,,,,space,1.076,2,0.856,0,120,120,120,1,120,images/pixabay_cat_001122.jpg,bx,001,2022-04-08_18h15.08.843,Cat face rating experiment_500-1000,2021.1.4,MacIntel,58.82352941
,,,,,,space,1.071,2,0.807,0,121,121,121,1,121,images/pixabay_cat_003199.jpg,bx,001,2022-04-08_18h15.08.843,Cat face rating experiment_500-1000,2021.1.4,MacIntel,58.82352941
,,,,,,space,1.9,3,1.606,0,122,122,122,1,122,images/flickr_cat_000648.jpg,bx,001,2022-04-08_18h15.08.843,Cat face rating experiment_500-1000,2021.1.4,MacIntel,58.82352941
,,,,,,space,1.168,2,0.848,0,123,123,123,1,123,images/pixabay_cat_002412.jpg,bx,001,2022-04-08_18h15.08.843,Cat face rating experiment_500-1000,2021.1.4,MacIntel,58.82352941
,,,,,,space,9.234,2,8.922,0,124,124,124,1,124,images/pixabay_cat_003145.jpg,bx,001,2022-04-08_18h15.08.843,Cat face rating experiment_500-1000,2021.1.4,MacIntel,58.82352941
,,,,,,space,4.192,1,3.709,0,125,125,125,1,125,images/pixabay_cat_003066.jpg,bx,001,2022-04-08_18h15.08.843,Cat face rating experiment_500-1000,2021.1.4,MacIntel,58.82352941
,,,,,,space,3.577,5,3.083,0,126,126,126,1,126,images/pixabay_cat_004736.jpg,bx,001,2022-04-08_18h15.08.843,Cat face rating experiment_500-1000,2021.1.4,MacIntel,58.82352941
,,,,,,space,4.162,3,3.75,0,127,127,127,1,127,images/pixabay_cat_003163.jpg,bx,001,2022-04-08_18h15.08.843,Cat face rating experiment_500-1000,2021.1.4,MacIntel,58.82352941
,,,,,,space,1.994,3,1.644,0,128,128,128,1,128,images/pixabay_cat_002777.jpg,bx,001,2022-04-08_18h15.08.843,Cat face rating experiment_500-1000,2021.1.4,MacIntel,58.82352941
,,,,,,space,3.619,2,1.799,0,129,129,129,1,129,images/pixabay_cat_003523.jpg,bx,001,2022-04-08_18h15.08.843,Cat face rating experiment_500-1000,2021.1.4,MacIntel,58.82352941
,,,,,,space,4.441,2,3.867,0,130,130,130,1,130,images/pixabay_cat_002758.jpg,bx,001,2022-04-08_18h15.08.843,Cat face rating experiment_500-1000,2021.1.4,MacIntel,58.82352941
,,,,,,space,1.687,1,1.264,0,131,131,131,1,131,images/pixabay_cat_004659.jpg,bx,001,2022-04-08_18h15.08.843,Cat face rating experiment_500-1000,2021.1.4,MacIntel,58.82352941
,,,,,,space,3.204,1,1.056,0,132,132,132,1,132,images/pixabay_cat_002725.jpg,bx,001,2022-04-08_18h15.08.843,Cat face rating experiment_500-1000,2021.1.4,MacIntel,58.82352941
,,,,,,space,5.862,2,5.521,0,133,133,133,1,133,images/pixabay_cat_000488.jpg,bx,001,2022-04-08_18h15.08.843,Cat face rating experiment_500-1000,2021.1.4,MacIntel,58.82352941
,,,,,,space,1.99,2,1.361,0,134,134,134,1,134,images/pixabay_cat_003232.jpg,bx,001,2022-04-08_18h15.08.843,Cat face rating experiment_500-1000,2021.1.4,MacIntel,58.82352941
,,,,,,space,1.979,2,1.36,0,135,135,135,1,135,images/pixabay_cat_001764.jpg,bx,001,2022-04-08_18h15.08.843,Cat face rating experiment_500-1000,2021.1.4,MacIntel,58.82352941
,,,,,,space,2.448,3,2.052,0,136,136,136,1,136,images/pixabay_cat_003339.jpg,bx,001,2022-04-08_18h15.08.843,Cat face rating experiment_500-1000,2021.1.4,MacIntel,58.82352941
,,,,,,space,1.375,2,1.028,0,137,137,137,1,137,images/pixabay_cat_003499.jpg,bx,001,2022-04-08_18h15.08.843,Cat face rating experiment_500-1000,2021.1.4,MacIntel,58.82352941
,,,,,,space,1.615,1,1.298,0,138,138,138,1,138,images/pixabay_cat_003157.jpg,bx,001,2022-04-08_18h15.08.843,Cat face rating experiment_500-1000,2021.1.4,MacIntel,58.82352941
,,,,,,space,1.087,1,0.856,0,139,139,139,1,139,images/pixabay_cat_004749.jpg,bx,001,2022-04-08_18h15.08.843,Cat face rating experiment_500-1000,2021.1.4,MacIntel,58.82352941
,,,,,,space,1.345,1,1.133,0,140,140,140,1,140,images/pixabay_cat_000232.jpg,bx,001,2022-04-08_18h15.08.843,Cat face rating experiment_500-1000,2021.1.4,MacIntel,58.82352941
,,,,,,space,2.312,3,1.711,0,141,141,141,1,141,images/flickr_cat_000037.jpg,bx,001,2022-04-08_18h15.08.843,Cat face rating experiment_500-1000,2021.1.4,MacIntel,58.82352941
,,,,,,space,1.638,1,1.248,0,142,142,142,1,142,images/pixabay_cat_001162.jpg,bx,001,2022-04-08_18h15.08.843,Cat face rating experiment_500-1000,2021.1.4,MacIntel,58.82352941
,,,,,,space,2.47,2,2.107,0,143,143,143,1,143,images/pixabay_cat_002213.jpg,bx,001,2022-04-08_18h15.08.843,Cat face rating experiment_500-1000,2021.1.4,MacIntel,58.82352941
,,,,,,space,1.96,3,1.516,0,144,144,144,1,144,images/pixabay_cat_004105.jpg,bx,001,2022-04-08_18h15.08.843,Cat face rating experiment_500-1000,2021.1.4,MacIntel,58.82352941
,,,,,,space,1.403,3,1.091,0,145,145,145,1,145,images/pixabay_cat_004205.jpg,bx,001,2022-04-08_18h15.08.843,Cat face rating experiment_500-1000,2021.1.4,MacIntel,58.82352941
,,,,,,space,1.566,3,1.208,0,146,146,146,1,146,images/pixabay_cat_004518.jpg,bx,001,2022-04-08_18h15.08.843,Cat face rating experiment_500-1000,2021.1.4,MacIntel,58.82352941
,,,,,,space,8.264,5,7.831,0,147,147,147,1,147,images/pixabay_cat_001246.jpg,bx,001,2022-04-08_18h15.08.843,Cat face rating experiment_500-1000,2021.1.4,MacIntel,58.82352941
,,,,,,space,2.948,4,1.932,0,148,148,148,1,148,images/pixabay_cat_003002.jpg,bx,001,2022-04-08_18h15.08.843,Cat face rating experiment_500-1000,2021.1.4,MacIntel,58.82352941
,,,,,,space,6.891,2,6.619,0,149,149,149,1,149,images/pixabay_cat_003234.jpg,bx,001,2022-04-08_18h15.08.843,Cat face rating experiment_500-1000,2021.1.4,MacIntel,58.82352941
,,,,,,space,7.005,2,6.587,0,150,150,150,1,150,images/pixabay_cat_001948.jpg,bx,001,2022-04-08_18h15.08.843,Cat face rating experiment_500-1000,2021.1.4,MacIntel,58.82352941
,,,,,,space,2.599,4,2.282,0,151,151,151,1,151,images/pixabay_cat_004172.jpg,bx,001,2022-04-08_18h15.08.843,Cat face rating experiment_500-1000,2021.1.4,MacIntel,58.82352941
,,,,,,space,1.522,3,1.189,0,152,152,152,1,152,images/pixabay_cat_003955.jpg,bx,001,2022-04-08_18h15.08.843,Cat face rating experiment_500-1000,2021.1.4,MacIntel,58.82352941
,,,,,,space,2.142,2,1.232,0,153,153,153,1,153,images/pixabay_cat_002828.jpg,bx,001,2022-04-08_18h15.08.843,Cat face rating experiment_500-1000,2021.1.4,MacIntel,58.82352941
,,,,,,space,2.595,3,2.233,0,154,154,154,1,154,images/flickr_cat_000004.jpg,bx,001,2022-04-08_18h15.08.843,Cat face rating experiment_500-1000,2021.1.4,MacIntel,58.82352941
,,,,,,space,1.367,3,1.032,0,155,155,155,1,155,images/pixabay_cat_001633.jpg,bx,001,2022-04-08_18h15.08.843,Cat face rating experiment_500-1000,2021.1.4,MacIntel,58.82352941
,,,,,,space,2.067,6,1.583,0,156,156,156,1,156,images/pixabay_cat_000451.jpg,bx,001,2022-04-08_18h15.08.843,Cat face rating experiment_500-1000,2021.1.4,MacIntel,58.82352941
,,,,,,space,1.592,3,1.257,0,157,157,157,1,157,images/pixabay_cat_004432.jpg,bx,001,2022-04-08_18h15.08.843,Cat face rating experiment_500-1000,2021.1.4,MacIntel,58.82352941
,,,,,,space,1.549,1,1.225,0,158,158,158,1,158,images/flickr_cat_000475.jpg,bx,001,2022-04-08_18h15.08.843,Cat face rating experiment_500-1000,2021.1.4,MacIntel,58.82352941
,,,,,,space,1.245,1,0.882,0,159,159,159,1,159,images/pixabay_cat_003737.jpg,bx,001,2022-04-08_18h15.08.843,Cat face rating experiment_500-1000,2021.1.4,MacIntel,58.82352941
,,,,,,space,1.16,1,0.922,0,160,160,160,1,160,images/flickr_cat_000259.jpg,bx,001,2022-04-08_18h15.08.843,Cat face rating experiment_500-1000,2021.1.4,MacIntel,58.82352941
,,,,,,space,1.645,5,1.341,0,161,161,161,1,161,images/pixabay_cat_001089.jpg,bx,001,2022-04-08_18h15.08.843,Cat face rating experiment_500-1000,2021.1.4,MacIntel,58.82352941
,,,,,,space,1.554,3,1.265,0,162,162,162,1,162,images/pixabay_cat_000778.jpg,bx,001,2022-04-08_18h15.08.843,Cat face rating experiment_500-1000,2021.1.4,MacIntel,58.82352941
,,,,,,space,1.716,6,1.411,0,163,163,163,1,163,images/pixabay_cat_000558.jpg,bx,001,2022-04-08_18h15.08.843,Cat face rating experiment_500-1000,2021.1.4,MacIntel,58.82352941
,,,,,,space,2.615,4,1.748,0,164,164,164,1,164,images/flickr_cat_000324.jpg,bx,001,2022-04-08_18h15.08.843,Cat face rating experiment_500-1000,2021.1.4,MacIntel,58.82352941
,,,,,,space,1.706,1,1.412,0,165,165,165,1,165,images/pixabay_cat_004748.jpg,bx,001,2022-04-08_18h15.08.843,Cat face rating experiment_500-1000,2021.1.4,MacIntel,58.82352941
,,,,,,space,1.072,1,0.796,0,166,166,166,1,166,images/pixabay_cat_004567.jpg,bx,001,2022-04-08_18h15.08.843,Cat face rating experiment_500-1000,2021.1.4,MacIntel,58.82352941
,,,,,,space,3.924,2,3.525,0,167,167,167,1,167,images/pixabay_cat_004184.jpg,bx,001,2022-04-08_18h15.08.843,Cat face rating experiment_500-1000,2021.1.4,MacIntel,58.82352941
,,,,,,space,1.759,1,1.433,0,168,168,168,1,168,images/pixabay_cat_003067.jpg,bx,001,2022-04-08_18h15.08.843,Cat face rating experiment_500-1000,2021.1.4,MacIntel,58.82352941
,,,,,,space,1.602,5,1.273,0,169,169,169,1,169,images/pixabay_cat_003588.jpg,bx,001,2022-04-08_18h15.08.843,Cat face rating experiment_500-1000,2021.1.4,MacIntel,58.82352941
,,,,,,space,2.201,4,1.625,0,170,170,170,1,170,images/pixabay_cat_001201.jpg,bx,001,2022-04-08_18h15.08.843,Cat face rating experiment_500-1000,2021.1.4,MacIntel,58.82352941
,,,,,,space,8.196,3,7.92,0,171,171,171,1,171,images/pixabay_cat_002964.jpg,bx,001,2022-04-08_18h15.08.843,Cat face rating experiment_500-1000,2021.1.4,MacIntel,58.82352941
,,,,,,space,1.609,3,1.244,0,172,172,172,1,172,images/pixabay_cat_003947.jpg,bx,001,2022-04-08_18h15.08.843,Cat face rating experiment_500-1000,2021.1.4,MacIntel,58.82352941
,,,,,,space,3.261,4,3.041,0,173,173,173,1,173,images/flickr_cat_000239.jpg,bx,001,2022-04-08_18h15.08.843,Cat face rating experiment_500-1000,2021.1.4,MacIntel,58.82352941
,,,,,,space,1.617,1,1.315,0,174,174,174,1,174,images/flickr_cat_000623.jpg,bx,001,2022-04-08_18h15.08.843,Cat face rating experiment_500-1000,2021.1.4,MacIntel,58.82352941
,,,,,,space,2.602,2,2.276,0,175,175,175,1,175,images/flickr_cat_000435.jpg,bx,001,2022-04-08_18h15.08.843,Cat face rating experiment_500-1000,2021.1.4,MacIntel,58.82352941
,,,,,,space,1.757,5,1.478,0,176,176,176,1,176,images/pixabay_cat_004000.jpg,bx,001,2022-04-08_18h15.08.843,Cat face rating experiment_500-1000,2021.1.4,MacIntel,58.82352941
,,,,,,space,2.452,5,2.132,0,177,177,177,1,177,images/pixabay_cat_000886.jpg,bx,001,2022-04-08_18h15.08.843,Cat face rating experiment_500-1000,2021.1.4,MacIntel,58.82352941
,,,,,,space,2.159,3,1.61,0,178,178,178,1,178,images/pixabay_cat_002330.jpg,bx,001,2022-04-08_18h15.08.843,Cat face rating experiment_500-1000,2021.1.4,MacIntel,58.82352941
,,,,,,space,1.156,3,0.873,0,179,179,179,1,179,images/pixabay_cat_004501.jpg,bx,001,2022-04-08_18h15.08.843,Cat face rating experiment_500-1000,2021.1.4,MacIntel,58.82352941
,,,,,,space,1.473,2,1.165,0,180,180,180,1,180,images/pixabay_cat_000528.jpg,bx,001,2022-04-08_18h15.08.843,Cat face rating experiment_500-1000,2021.1.4,MacIntel,58.82352941
,,,,,,space,1.315,2,1.099,0,181,181,181,1,181,images/pixabay_cat_004040.jpg,bx,001,2022-04-08_18h15.08.843,Cat face rating experiment_500-1000,2021.1.4,MacIntel,58.82352941
,,,,,,space,1.808,1,1.492,0,182,182,182,1,182,images/pixabay_cat_001982.jpg,bx,001,2022-04-08_18h15.08.843,Cat face rating experiment_500-1000,2021.1.4,MacIntel,58.82352941
,,,,,,space,1.31,1,0.946,0,183,183,183,1,183,images/pixabay_cat_004129.jpg,bx,001,2022-04-08_18h15.08.843,Cat face rating experiment_500-1000,2021.1.4,MacIntel,58.82352941
,,,,,,space,229.401,,,0,184,184,184,1,184,images/pixabay_cat_003142.jpg,bx,001,2022-04-08_18h15.08.843,Cat face rating experiment_500-1000,2021.1.4,MacIntel,58.82352941
,,,,,,space,1.514,3,1.281,0,185,185,185,1,185,images/pixabay_cat_002110.jpg,bx,001,2022-04-08_18h15.08.843,Cat face rating experiment_500-1000,2021.1.4,MacIntel,58.82352941
,,,,,,space,1.934,2,1.623,0,186,186,186,1,186,images/pixabay_cat_000580.jpg,bx,001,2022-04-08_18h15.08.843,Cat face rating experiment_500-1000,2021.1.4,MacIntel,58.82352941
,,,,,,space,1.41,1,1.032,0,187,187,187,1,187,images/pixabay_cat_000271.jpg,bx,001,2022-04-08_18h15.08.843,Cat face rating experiment_500-1000,2021.1.4,MacIntel,58.82352941
,,,,,,space,1.106,1,0.815,0,188,188,188,1,188,images/pixabay_cat_002864.jpg,bx,001,2022-04-08_18h15.08.843,Cat face rating experiment_500-1000,2021.1.4,MacIntel,58.82352941
,,,,,,space,1.918,3,1.582,0,189,189,189,1,189,images/pixabay_cat_004389.jpg,bx,001,2022-04-08_18h15.08.843,Cat face rating experiment_500-1000,2021.1.4,MacIntel,58.82352941
,,,,,,space,1.528,2,1.215,0,190,190,190,1,190,images/pixabay_cat_001514.jpg,bx,001,2022-04-08_18h15.08.843,Cat face rating experiment_500-1000,2021.1.4,MacIntel,58.82352941
,,,,,,space,1.364,1,1.039,0,191,191,191,1,191,images/pixabay_cat_000640.jpg,bx,001,2022-04-08_18h15.08.843,Cat face rating experiment_500-1000,2021.1.4,MacIntel,58.82352941
,,,,,,space,1.708,3,1.367,0,192,192,192,1,192,images/pixabay_cat_004547.jpg,bx,001,2022-04-08_18h15.08.843,Cat face rating experiment_500-1000,2021.1.4,MacIntel,58.82352941
,,,,,,space,1.979,2,0.895,0,193,193,193,1,193,images/pixabay_cat_002667.jpg,bx,001,2022-04-08_18h15.08.843,Cat face rating experiment_500-1000,2021.1.4,MacIntel,58.82352941
,,,,,,space,1.338,1,1.307,0,194,194,194,1,194,images/pixabay_cat_000199.jpg,bx,001,2022-04-08_18h15.08.843,Cat face rating experiment_500-1000,2021.1.4,MacIntel,58.82352941
,,,,,,space,510.091,1,509.671,0,195,195,195,1,195,images/pixabay_cat_000711.jpg,bx,001,2022-04-08_18h15.08.843,Cat face rating experiment_500-1000,2021.1.4,MacIntel,58.82352941
,,,,,,space,1.516,2,1.107,0,196,196,196,1,196,images/pixabay_cat_004786.jpg,bx,001,2022-04-08_18h15.08.843,Cat face rating experiment_500-1000,2021.1.4,MacIntel,58.82352941
,,,,,,space,1.293,3,0.877,0,197,197,197,1,197,images/pixabay_cat_001741.jpg,bx,001,2022-04-08_18h15.08.843,Cat face rating experiment_500-1000,2021.1.4,MacIntel,58.82352941
,,,,,,space,1.658,4,1.49,0,198,198,198,1,198,images/pixabay_cat_004628.jpg,bx,001,2022-04-08_18h15.08.843,Cat face rating experiment_500-1000,2021.1.4,MacIntel,58.82352941
,,,,,,space,1.772,1,1.465,0,199,199,199,1,199,images/pixabay_cat_002551.jpg,bx,001,2022-04-08_18h15.08.843,Cat face rating experiment_500-1000,2021.1.4,MacIntel,58.82352941
,,,,,,space,1.579,2,1.299,0,200,200,200,1,200,images/pixabay_cat_002012.jpg,bx,001,2022-04-08_18h15.08.843,Cat face rating experiment_500-1000,2021.1.4,MacIntel,58.82352941
,,,,,,space,1.3,2,0.925,0,201,201,201,1,201,images/flickr_cat_000725.jpg,bx,001,2022-04-08_18h15.08.843,Cat face rating experiment_500-1000,2021.1.4,MacIntel,58.82352941
,,,,,,space,1.539,1,1.188,0,202,202,202,1,202,images/pixabay_cat_000259.jpg,bx,001,2022-04-08_18h15.08.843,Cat face rating experiment_500-1000,2021.1.4,MacIntel,58.82352941
,,,,,,space,1.558,2,1.289,0,203,203,203,1,203,images/pixabay_cat_004423.jpg,bx,001,2022-04-08_18h15.08.843,Cat face rating experiment_500-1000,2021.1.4,MacIntel,58.82352941
,,,,,,space,1.181,2,0.955,0,204,204,204,1,204,images/flickr_cat_000587.jpg,bx,001,2022-04-08_18h15.08.843,Cat face rating experiment_500-1000,2021.1.4,MacIntel,58.82352941
,,,,,,space,0.976,2,0.848,0,205,205,205,1,205,images/pixabay_cat_001737.jpg,bx,001,2022-04-08_18h15.08.843,Cat face rating experiment_500-1000,2021.1.4,MacIntel,58.82352941
,,,,,,space,0.761,2,0.657,0,206,206,206,1,206,images/pixabay_cat_004757.jpg,bx,001,2022-04-08_18h15.08.843,Cat face rating experiment_500-1000,2021.1.4,MacIntel,58.82352941
,,,,,,space,1.353,2,1.2,0,207,207,207,1,207,images/pixabay_cat_004248.jpg,bx,001,2022-04-08_18h15.08.843,Cat face rating experiment_500-1000,2021.1.4,MacIntel,58.82352941
,,,,,,space,1.197,2,0.874,0,208,208,208,1,208,images/pixabay_cat_000154.jpg,bx,001,2022-04-08_18h15.08.843,Cat face rating experiment_500-1000,2021.1.4,MacIntel,58.82352941
,,,,,,space,1.555,5,1.373,0,209,209,209,1,209,images/pixabay_cat_000243.jpg,bx,001,2022-04-08_18h15.08.843,Cat face rating experiment_500-1000,2021.1.4,MacIntel,58.82352941
,,,,,,space,1.253,3,1.072,0,210,210,210,1,210,images/pixabay_cat_000022.jpg,bx,001,2022-04-08_18h15.08.843,Cat face rating experiment_500-1000,2021.1.4,MacIntel,58.82352941
,,,,,,space,1.372,2,1.148,0,211,211,211,1,211,images/pixabay_cat_000740.jpg,bx,001,2022-04-08_18h15.08.843,Cat face rating experiment_500-1000,2021.1.4,MacIntel,58.82352941
,,,,,,space,1.817,4,1.539,0,212,212,212,1,212,images/pixabay_cat_003922.jpg,bx,001,2022-04-08_18h15.08.843,Cat face rating experiment_500-1000,2021.1.4,MacIntel,58.82352941
,,,,,,space,1.76,2,1.506,0,213,213,213,1,213,images/pixabay_cat_004609.jpg,bx,001,2022-04-08_18h15.08.843,Cat face rating experiment_500-1000,2021.1.4,MacIntel,58.82352941
,,,,,,space,2.17,5,1.86,0,214,214,214,1,214,images/pixabay_cat_003765.jpg,bx,001,2022-04-08_18h15.08.843,Cat face rating experiment_500-1000,2021.1.4,MacIntel,58.82352941
,,,,,,space,1.92,2,1.71,0,215,215,215,1,215,images/pixabay_cat_002222.jpg,bx,001,2022-04-08_18h15.08.843,Cat face rating experiment_500-1000,2021.1.4,MacIntel,58.82352941
,,,,,,space,1.43,3,1.115,0,216,216,216,1,216,images/pixabay_cat_002853.jpg,bx,001,2022-04-08_18h15.08.843,Cat face rating experiment_500-1000,2021.1.4,MacIntel,58.82352941
,,,,,,space,1.151,1,0.873,0,217,217,217,1,217,images/pixabay_cat_004352.jpg,bx,001,2022-04-08_18h15.08.843,Cat face rating experiment_500-1000,2021.1.4,MacIntel,58.82352941
,,,,,,space,28.232,6,27.054,0,218,218,218,1,218,images/pixabay_cat_003019.jpg,bx,001,2022-04-08_18h15.08.843,Cat face rating experiment_500-1000,2021.1.4,MacIntel,58.82352941
,,,,,,space,73.118,3,72.152,0,219,219,219,1,219,images/pixabay_cat_000493.jpg,bx,001,2022-04-08_18h15.08.843,Cat face rating experiment_500-1000,2021.1.4,MacIntel,58.82352941
,,,,,,space,2.465,3,1.582,0,220,220,220,1,220,images/pixabay_cat_003659.jpg,bx,001,2022-04-08_18h15.08.843,Cat face rating experiment_500-1000,2021.1.4,MacIntel,58.82352941
,,,,,,space,1.788,3,1.098,0,221,221,221,1,221,images/pixabay_cat_001524.jpg,bx,001,2022-04-08_18h15.08.843,Cat face rating experiment_500-1000,2021.1.4,MacIntel,58.82352941
,,,,,,space,23.881,2,22.392,0,222,222,222,1,222,images/pixabay_cat_004634.jpg,bx,001,2022-04-08_18h15.08.843,Cat face rating experiment_500-1000,2021.1.4,MacIntel,58.82352941
,,,,,,space,2.342,1,1.55,0,223,223,223,1,223,images/pixabay_cat_004730.jpg,bx,001,2022-04-08_18h15.08.843,Cat face rating experiment_500-1000,2021.1.4,MacIntel,58.82352941
,,,,,,space,3.129,3,1.742,0,224,224,224,1,224,images/pixabay_cat_000874.jpg,bx,001,2022-04-08_18h15.08.843,Cat face rating experiment_500-1000,2021.1.4,MacIntel,58.82352941
,,,,,,space,3.64,2,3.049,0,225,225,225,1,225,images/flickr_cat_000379.jpg,bx,001,2022-04-08_18h15.08.843,Cat face rating experiment_500-1000,2021.1.4,MacIntel,58.82352941
,,,,,,space,2.458,4,1.841,0,226,226,226,1,226,images/pixabay_cat_003852.jpg,bx,001,2022-04-08_18h15.08.843,Cat face rating experiment_500-1000,2021.1.4,MacIntel,58.82352941
,,,,,,space,2.531,3,1.433,0,227,227,227,1,227,images/pixabay_cat_000805.jpg,bx,001,2022-04-08_18h15.08.843,Cat face rating experiment_500-1000,2021.1.4,MacIntel,58.82352941
,,,,,,space,2.918,3,2.098,0,228,228,228,1,228,images/pixabay_cat_001579.jpg,bx,001,2022-04-08_18h15.08.843,Cat face rating experiment_500-1000,2021.1.4,MacIntel,58.82352941
,,,,,,space,2.416,3,1.848,0,229,229,229,1,229,images/pixabay_cat_000422.jpg,bx,001,2022-04-08_18h15.08.843,Cat face rating experiment_500-1000,2021.1.4,MacIntel,58.82352941
,,,,,,space,2.226,4,1.566,0,230,230,230,1,230,images/pixabay_cat_002348.jpg,bx,001,2022-04-08_18h15.08.843,Cat face rating experiment_500-1000,2021.1.4,MacIntel,58.82352941
,,,,,,space,1.982,4,1.341,0,231,231,231,1,231,images/pixabay_cat_001839.jpg,bx,001,2022-04-08_18h15.08.843,Cat face rating experiment_500-1000,2021.1.4,MacIntel,58.82352941
,,,,,,space,2.186,1,1.44,0,232,232,232,1,232,images/pixabay_cat_003168.jpg,bx,001,2022-04-08_18h15.08.843,Cat face rating experiment_500-1000,2021.1.4,MacIntel,58.82352941
,,,,,,space,2.084,1,1.7,0,233,233,233,1,233,images/pixabay_cat_002052.jpg,bx,001,2022-04-08_18h15.08.843,Cat face rating experiment_500-1000,2021.1.4,MacIntel,58.82352941
,,,,,,space,2.289,4,1.873,0,234,234,234,1,234,images/pixabay_cat_000280.jpg,bx,001,2022-04-08_18h15.08.843,Cat face rating experiment_500-1000,2021.1.4,MacIntel,58.82352941
,,,,,,space,1.857,3,1.299,0,235,235,235,1,235,images/pixabay_cat_004329.jpg,bx,001,2022-04-08_18h15.08.843,Cat face rating experiment_500-1000,2021.1.4,MacIntel,58.82352941
,,,,,,space,5.472,3,5.169,0,236,236,236,1,236,images/pixabay_cat_001068.jpg,bx,001,2022-04-08_18h15.08.843,Cat face rating experiment_500-1000,2021.1.4,MacIntel,58.82352941
,,,,,,space,1.384,4,1.192,0,237,237,237,1,237,images/pixabay_cat_001328.jpg,bx,001,2022-04-08_18h15.08.843,Cat face rating experiment_500-1000,2021.1.4,MacIntel,58.82352941
,,,,,,space,1.291,3,0.932,0,238,238,238,1,238,images/pixabay_cat_002953.jpg,bx,001,2022-04-08_18h15.08.843,Cat face rating experiment_500-1000,2021.1.4,MacIntel,58.82352941
,,,,,,space,1.149,4,0.624,0,239,239,239,1,239,images/pixabay_cat_001508.jpg,bx,001,2022-04-08_18h15.08.843,Cat face rating experiment_500-1000,2021.1.4,MacIntel,58.82352941
,,,,,,space,1.393,1,1.224,0,240,240,240,1,240,images/flickr_cat_000093.jpg,bx,001,2022-04-08_18h15.08.843,Cat face rating experiment_500-1000,2021.1.4,MacIntel,58.82352941
,,,,,,space,1.708,5,1.54,0,241,241,241,1,241,images/pixabay_cat_001627.jpg,bx,001,2022-04-08_18h15.08.843,Cat face rating experiment_500-1000,2021.1.4,MacIntel,58.82352941
,,,,,,space,1.553,5,1.415,0,242,242,242,1,242,images/pixabay_cat_000011.jpg,bx,001,2022-04-08_18h15.08.843,Cat face rating experiment_500-1000,2021.1.4,MacIntel,58.82352941
,,,,,,space,0.977,4,0.881,0,243,243,243,1,243,images/flickr_cat_000787.jpg,bx,001,2022-04-08_18h15.08.843,Cat face rating experiment_500-1000,2021.1.4,MacIntel,58.82352941
,,,,,,space,1.392,3,1.066,0,244,244,244,1,244,images/flickr_cat_000467.jpg,bx,001,2022-04-08_18h15.08.843,Cat face rating experiment_500-1000,2021.1.4,MacIntel,58.82352941
,,,,,,space,0.993,3,0.798,0,245,245,245,1,245,images/pixabay_cat_001986.jpg,bx,001,2022-04-08_18h15.08.843,Cat face rating experiment_500-1000,2021.1.4,MacIntel,58.82352941
,,,,,,space,1.204,2,1.022,0,246,246,246,1,246,images/pixabay_cat_000547.jpg,bx,001,2022-04-08_18h15.08.843,Cat face rating experiment_500-1000,2021.1.4,MacIntel,58.82352941
,,,,,,space,1.265,2,1.164,0,247,247,247,1,247,images/pixabay_cat_001236.jpg,bx,001,2022-04-08_18h15.08.843,Cat face rating experiment_500-1000,2021.1.4,MacIntel,58.82352941
,,,,,,space,0.783,2,0.664,0,248,248,248,1,248,images/pixabay_cat_004820.jpg,bx,001,2022-04-08_18h15.08.843,Cat face rating experiment_500-1000,2021.1.4,MacIntel,58.82352941
,,,,,,space,1.294,3,1.206,0,249,249,249,1,249,images/pixabay_cat_004575.jpg,bx,001,2022-04-08_18h15.08.843,Cat face rating experiment_500-1000,2021.1.4,MacIntel,58.82352941
,,,,,,space,12.125,2,11.807,0,250,250,250,1,250,images/flickr_cat_000190.jpg,bx,001,2022-04-08_18h15.08.843,Cat face rating experiment_500-1000,2021.1.4,MacIntel,58.82352941
,,,,,,space,1.029,2,0.798,0,251,251,251,1,251,images/pixabay_cat_000538.jpg,bx,001,2022-04-08_18h15.08.843,Cat face rating experiment_500-1000,2021.1.4,MacIntel,58.82352941
,,,,,,space,0.833,2,0.605,0,252,252,252,1,252,images/pixabay_cat_003399.jpg,bx,001,2022-04-08_18h15.08.843,Cat face rating experiment_500-1000,2021.1.4,MacIntel,58.82352941
,,,,,,space,2.769,2,2.309,0,253,253,253,1,253,images/pixabay_cat_004385.jpg,bx,001,2022-04-08_18h15.08.843,Cat face rating experiment_500-1000,2021.1.4,MacIntel,58.82352941
,,,,,,space,1.625,2,1.197,0,254,254,254,1,254,images/pixabay_cat_000333.jpg,bx,001,2022-04-08_18h15.08.843,Cat face rating experiment_500-1000,2021.1.4,MacIntel,58.82352941
,,,,,,space,1.649,3,1.372,0,255,255,255,1,255,images/pixabay_cat_003689.jpg,bx,001,2022-04-08_18h15.08.843,Cat face rating experiment_500-1000,2021.1.4,MacIntel,58.82352941
,,,,,,space,1.89,1,1.54,0,256,256,256,1,256,images/pixabay_cat_002601.jpg,bx,001,2022-04-08_18h15.08.843,Cat face rating experiment_500-1000,2021.1.4,MacIntel,58.82352941
,,,,,,space,1.456,2,1.124,0,257,257,257,1,257,images/pixabay_cat_002449.jpg,bx,001,2022-04-08_18h15.08.843,Cat face rating experiment_500-1000,2021.1.4,MacIntel,58.82352941
,,,,,,space,4.138,1,3.792,0,258,258,258,1,258,images/pixabay_cat_003086.jpg,bx,001,2022-04-08_18h15.08.843,Cat face rating experiment_500-1000,2021.1.4,MacIntel,58.82352941
,,,,,,space,1.179,1,0.829,0,259,259,259,1,259,images/pixabay_cat_001583.jpg,bx,001,2022-04-08_18h15.08.843,Cat face rating experiment_500-1000,2021.1.4,MacIntel,58.82352941
,,,,,,space,1.416,1,1.049,0,260,260,260,1,260,images/pixabay_cat_002100.jpg,bx,001,2022-04-08_18h15.08.843,Cat face rating experiment_500-1000,2021.1.4,MacIntel,58.82352941
,,,,,,space,1.769,3,1.472,0,261,261,261,1,261,images/pixabay_cat_002612.jpg,bx,001,2022-04-08_18h15.08.843,Cat face rating experiment_500-1000,2021.1.4,MacIntel,58.82352941
,,,,,,space,1.86,4,1.375,0,262,262,262,1,262,images/pixabay_cat_001444.jpg,bx,001,2022-04-08_18h15.08.843,Cat face rating experiment_500-1000,2021.1.4,MacIntel,58.82352941
,,,,,,space,1.696,3,1.306,0,263,263,263,1,263,images/pixabay_cat_000247.jpg,bx,001,2022-04-08_18h15.08.843,Cat face rating experiment_500-1000,2021.1.4,MacIntel,58.82352941
,,,,,,space,2.242,4,2.06,0,264,264,264,1,264,images/pixabay_cat_000635.jpg,bx,001,2022-04-08_18h15.08.843,Cat face rating experiment_500-1000,2021.1.4,MacIntel,58.82352941
,,,,,,space,1.369,2,1.081,0,265,265,265,1,265,images/pixabay_cat_003327.jpg,bx,001,2022-04-08_18h15.08.843,Cat face rating experiment_500-1000,2021.1.4,MacIntel,58.82352941
,,,,,,space,2.035,3,1.525,0,266,266,266,1,266,images/pixabay_cat_003410.jpg,bx,001,2022-04-08_18h15.08.843,Cat face rating experiment_500-1000,2021.1.4,MacIntel,58.82352941
,,,,,,space,1.59,2,1.156,0,267,267,267,1,267,images/pixabay_cat_003814.jpg,bx,001,2022-04-08_18h15.08.843,Cat face rating experiment_500-1000,2021.1.4,MacIntel,58.82352941
,,,,,,space,1.803,4,1.656,0,268,268,268,1,268,images/pixabay_cat_004216.jpg,bx,001,2022-04-08_18h15.08.843,Cat face rating experiment_500-1000,2021.1.4,MacIntel,58.82352941
,,,,,,space,2.475,5,2.141,0,269,269,269,1,269,images/pixabay_cat_003317.jpg,bx,001,2022-04-08_18h15.08.843,Cat face rating experiment_500-1000,2021.1.4,MacIntel,58.82352941
,,,,,,space,1.351,4,0.796,0,270,270,270,1,270,images/pixabay_cat_000027.jpg,bx,001,2022-04-08_18h15.08.843,Cat face rating experiment_500-1000,2021.1.4,MacIntel,58.82352941
,,,,,,space,1.963,1,1.648,0,271,271,271,1,271,images/pixabay_cat_003433.jpg,bx,001,2022-04-08_18h15.08.843,Cat face rating experiment_500-1000,2021.1.4,MacIntel,58.82352941
,,,,,,space,1.586,3,1.292,0,272,272,272,1,272,images/pixabay_cat_004266.jpg,bx,001,2022-04-08_18h15.08.843,Cat face rating experiment_500-1000,2021.1.4,MacIntel,58.82352941
,,,,,,space,1.616,5,1.374,0,273,273,273,1,273,images/pixabay_cat_000437.jpg,bx,001,2022-04-08_18h15.08.843,Cat face rating experiment_500-1000,2021.1.4,MacIntel,58.82352941
,,,,,,space,1.624,3,1.306,0,274,274,274,1,274,images/pixabay_cat_003713.jpg,bx,001,2022-04-08_18h15.08.843,Cat face rating experiment_500-1000,2021.1.4,MacIntel,58.82352941
,,,,,,space,2.755,2,2.44,0,275,275,275,1,275,images/pixabay_cat_003757.jpg,bx,001,2022-04-08_18h15.08.843,Cat face rating experiment_500-1000,2021.1.4,MacIntel,58.82352941
,,,,,,space,3.093,1,1.514,0,276,276,276,1,276,images/pixabay_cat_001233.jpg,bx,001,2022-04-08_18h15.08.843,Cat face rating experiment_500-1000,2021.1.4,MacIntel,58.82352941
,,,,,,space,1.607,2,1.35,0,277,277,277,1,277,images/pixabay_cat_004198.jpg,bx,001,2022-04-08_18h15.08.843,Cat face rating experiment_500-1000,2021.1.4,MacIntel,58.82352941
,,,,,,space,1.48,3,1.206,0,278,278,278,1,278,images/flickr_cat_000179.jpg,bx,001,2022-04-08_18h15.08.843,Cat face rating experiment_500-1000,2021.1.4,MacIntel,58.82352941
,,,,,,space,1.037,3,0.84,0,279,279,279,1,279,images/pixabay_cat_000821.jpg,bx,001,2022-04-08_18h15.08.843,Cat face rating experiment_500-1000,2021.1.4,MacIntel,58.82352941
,,,,,,space,1.438,3,1.274,0,280,280,280,1,280,images/flickr_cat_000126.jpg,bx,001,2022-04-08_18h15.08.843,Cat face rating experiment_500-1000,2021.1.4,MacIntel,58.82352941
,,,,,,space,1.042,3,0.825,0,281,281,281,1,281,images/flickr_cat_000788.jpg,bx,001,2022-04-08_18h15.08.843,Cat face rating experiment_500-1000,2021.1.4,MacIntel,58.82352941
,,,,,,space,1.247,2,1.031,0,282,282,282,1,282,images/pixabay_cat_003298.jpg,bx,001,2022-04-08_18h15.08.843,Cat face rating experiment_500-1000,2021.1.4,MacIntel,58.82352941
,,,,,,space,1.451,3,1.281,0,283,283,283,1,283,images/pixabay_cat_000709.jpg,bx,001,2022-04-08_18h15.08.843,Cat face rating experiment_500-1000,2021.1.4,MacIntel,58.82352941
,,,,,,space,1.857,4,1.681,0,284,284,284,1,284,images/flickr_cat_000060.jpg,bx,001,2022-04-08_18h15.08.843,Cat face rating experiment_500-1000,2021.1.4,MacIntel,58.82352941
,,,,,,space,2.26,2,1.608,0,285,285,285,1,285,images/pixabay_cat_004720.jpg,bx,001,2022-04-08_18h15.08.843,Cat face rating experiment_500-1000,2021.1.4,MacIntel,58.82352941
,,,,,,space,1.48,2,1.341,0,286,286,286,1,286,images/pixabay_cat_002033.jpg,bx,001,2022-04-08_18h15.08.843,Cat face rating experiment_500-1000,2021.1.4,MacIntel,58.82352941
,,,,,,space,3.221,3,2.973,0,287,287,287,1,287,images/pixabay_cat_001134.jpg,bx,001,2022-04-08_18h15.08.843,Cat face rating experiment_500-1000,2021.1.4,MacIntel,58.82352941
,,,,,,space,1.832,1,1.457,0,288,288,288,1,288,images/pixabay_cat_001673.jpg,bx,001,2022-04-08_18h15.08.843,Cat face rating experiment_500-1000,2021.1.4,MacIntel,58.82352941
,,,,,,space,1.699,3,1.365,0,289,289,289,1,289,images/pixabay_cat_000205.jpg,bx,001,2022-04-08_18h15.08.843,Cat face rating experiment_500-1000,2021.1.4,MacIntel,58.82352941
,,,,,,space,1.408,,,0,290,290,290,1,290,images/pixabay_cat_001564.jpg,bx,001,2022-04-08_18h15.08.843,Cat face rating experiment_500-1000,2021.1.4,MacIntel,58.82352941
,,,,,,space,2.5,5,2.199,0,291,291,291,1,291,images/pixabay_cat_000522.jpg,bx,001,2022-04-08_18h15.08.843,Cat face rating experiment_500-1000,2021.1.4,MacIntel,58.82352941
,,,,,,space,1.376,3,0.999,0,292,292,292,1,292,images/flickr_cat_000749.jpg,bx,001,2022-04-08_18h15.08.843,Cat face rating experiment_500-1000,2021.1.4,MacIntel,58.82352941
,,,,,,space,1.653,2,1.042,0,293,293,293,1,293,images/pixabay_cat_001203.jpg,bx,001,2022-04-08_18h15.08.843,Cat face rating experiment_500-1000,2021.1.4,MacIntel,58.82352941
,,,,,,space,1.094,2,0.864,0,294,294,294,1,294,images/pixabay_cat_003861.jpg,bx,001,2022-04-08_18h15.08.843,Cat face rating experiment_500-1000,2021.1.4,MacIntel,58.82352941
,,,,,,space,1.584,3,1.358,0,295,295,295,1,295,images/pixabay_cat_004794.jpg,bx,001,2022-04-08_18h15.08.843,Cat face rating experiment_500-1000,2021.1.4,MacIntel,58.82352941
,,,,,,space,1.151,2,0.84,0,296,296,296,1,296,images/pixabay_cat_002147.jpg,bx,001,2022-04-08_18h15.08.843,Cat face rating experiment_500-1000,2021.1.4,MacIntel,58.82352941
,,,,,,space,0.901,2,0.69,0,297,297,297,1,297,images/pixabay_cat_003042.jpg,bx,001,2022-04-08_18h15.08.843,Cat face rating experiment_500-1000,2021.1.4,MacIntel,58.82352941
,,,,,,space,0.836,2,0.639,0,298,298,298,1,298,images/pixabay_cat_004169.jpg,bx,001,2022-04-08_18h15.08.843,Cat face rating experiment_500-1000,2021.1.4,MacIntel,58.82352941
,,,,,,space,1.816,3,1.54,0,299,299,299,1,299,images/pixabay_cat_000251.jpg,bx,001,2022-04-08_18h15.08.843,Cat face rating experiment_500-1000,2021.1.4,MacIntel,58.82352941
,,,,,,space,1.515,3,1.256,0,300,300,300,1,300,images/pixabay_cat_003974.jpg,bx,001,2022-04-08_18h15.08.843,Cat face rating experiment_500-1000,2021.1.4,MacIntel,58.82352941
,,,,,,space,1.62,2,1.39,0,301,301,301,1,301,images/pixabay_cat_004819.jpg,bx,001,2022-04-08_18h15.08.843,Cat face rating experiment_500-1000,2021.1.4,MacIntel,58.82352941
,,,,,,space,2.572,3,2.257,0,302,302,302,1,302,images/pixabay_cat_000238.jpg,bx,001,2022-04-08_18h15.08.843,Cat face rating experiment_500-1000,2021.1.4,MacIntel,58.82352941
,,,,,,space,1.597,5,1.322,0,303,303,303,1,303,images/pixabay_cat_003758.jpg,bx,001,2022-04-08_18h15.08.843,Cat face rating experiment_500-1000,2021.1.4,MacIntel,58.82352941
,,,,,,space,12.499,3,12.233,0,304,304,304,1,304,images/pixabay_cat_003555.jpg,bx,001,2022-04-08_18h15.08.843,Cat face rating experiment_500-1000,2021.1.4,MacIntel,58.82352941
,,,,,,space,1.499,1,1.197,0,305,305,305,1,305,images/pixabay_cat_000446.jpg,bx,001,2022-04-08_18h15.08.843,Cat face rating experiment_500-1000,2021.1.4,MacIntel,58.82352941
,,,,,,space,3.628,2,1.907,0,306,306,306,1,306,images/flickr_cat_000390.jpg,bx,001,2022-04-08_18h15.08.843,Cat face rating experiment_500-1000,2021.1.4,MacIntel,58.82352941
,,,,,,space,2.353,2,2.058,0,307,307,307,1,307,images/pixabay_cat_001644.jpg,bx,001,2022-04-08_18h15.08.843,Cat face rating experiment_500-1000,2021.1.4,MacIntel,58.82352941
,,,,,,space,1.761,1,1.449,0,308,308,308,1,308,images/pixabay_cat_001779.jpg,bx,001,2022-04-08_18h15.08.843,Cat face rating experiment_500-1000,2021.1.4,MacIntel,58.82352941
,,,,,,space,3.342,2,3.051,0,309,309,309,1,309,images/pixabay_cat_003661.jpg,bx,001,2022-04-08_18h15.08.843,Cat face rating experiment_500-1000,2021.1.4,MacIntel,58.82352941
,,,,,,space,3.635,3,3.25,0,310,310,310,1,310,images/flickr_cat_000102.jpg,bx,001,2022-04-08_18h15.08.843,Cat face rating experiment_500-1000,2021.1.4,MacIntel,58.82352941
,,,,,,space,1.333,3,0.992,0,311,311,311,1,311,images/pixabay_cat_000611.jpg,bx,001,2022-04-08_18h15.08.843,Cat face rating experiment_500-1000,2021.1.4,MacIntel,58.82352941
,,,,,,space,1.253,3,1.006,0,312,312,312,1,312,images/pixabay_cat_001021.jpg,bx,001,2022-04-08_18h15.08.843,Cat face rating experiment_500-1000,2021.1.4,MacIntel,58.82352941
,,,,,,space,1.651,2,1.383,0,313,313,313,1,313,images/pixabay_cat_001573.jpg,bx,001,2022-04-08_18h15.08.843,Cat face rating experiment_500-1000,2021.1.4,MacIntel,58.82352941
,,,,,,space,1.665,1,1.394,0,314,314,314,1,314,images/pixabay_cat_003285.jpg,bx,001,2022-04-08_18h15.08.843,Cat face rating experiment_500-1000,2021.1.4,MacIntel,58.82352941
,,,,,,space,1.425,2,0.925,0,315,315,315,1,315,images/pixabay_cat_003043.jpg,bx,001,2022-04-08_18h15.08.843,Cat face rating experiment_500-1000,2021.1.4,MacIntel,58.82352941
,,,,,,space,1.291,1,0.966,0,316,316,316,1,316,images/pixabay_cat_003291.jpg,bx,001,2022-04-08_18h15.08.843,Cat face rating experiment_500-1000,2021.1.4,MacIntel,58.82352941
,,,,,,space,1.189,1,0.805,0,317,317,317,1,317,images/pixabay_cat_004395.jpg,bx,001,2022-04-08_18h15.08.843,Cat face rating experiment_500-1000,2021.1.4,MacIntel,58.82352941
,,,,,,space,1.144,2,0.9,0,318,318,318,1,318,images/flickr_cat_000010.jpg,bx,001,2022-04-08_18h15.08.843,Cat face rating experiment_500-1000,2021.1.4,MacIntel,58.82352941
,,,,,,space,1.263,1,0.955,0,319,319,319,1,319,images/pixabay_cat_003534.jpg,bx,001,2022-04-08_18h15.08.843,Cat face rating experiment_500-1000,2021.1.4,MacIntel,58.82352941
,,,,,,space,2.537,2,2.19,0,320,320,320,1,320,images/pixabay_cat_003293.jpg,bx,001,2022-04-08_18h15.08.843,Cat face rating experiment_500-1000,2021.1.4,MacIntel,58.82352941
,,,,,,space,1.77,3,1.449,0,321,321,321,1,321,images/pixabay_cat_002974.jpg,bx,001,2022-04-08_18h15.08.843,Cat face rating experiment_500-1000,2021.1.4,MacIntel,58.82352941
,,,,,,space,1.329,2,0.975,0,322,322,322,1,322,images/pixabay_cat_000524.jpg,bx,001,2022-04-08_18h15.08.843,Cat face rating experiment_500-1000,2021.1.4,MacIntel,58.82352941
,,,,,,space,1.46,1,1.182,0,323,323,323,1,323,images/pixabay_cat_004639.jpg,bx,001,2022-04-08_18h15.08.843,Cat face rating experiment_500-1000,2021.1.4,MacIntel,58.82352941
,,,,,,space,1.152,1,0.948,0,324,324,324,1,324,images/pixabay_cat_002455.jpg,bx,001,2022-04-08_18h15.08.843,Cat face rating experiment_500-1000,2021.1.4,MacIntel,58.82352941
,,,,,,space,1.676,2,1.415,0,325,325,325,1,325,images/pixabay_cat_003166.jpg,bx,001,2022-04-08_18h15.08.843,Cat face rating experiment_500-1000,2021.1.4,MacIntel,58.82352941
,,,,,,space,1.648,1,1.365,0,326,326,326,1,326,images/pixabay_cat_002568.jpg,bx,001,2022-04-08_18h15.08.843,Cat face rating experiment_500-1000,2021.1.4,MacIntel,58.82352941
,,,,,,space,2.678,2,2.367,0,327,327,327,1,327,images/pixabay_cat_000944.jpg,bx,001,2022-04-08_18h15.08.843,Cat face rating experiment_500-1000,2021.1.4,MacIntel,58.82352941
,,,,,,space,2.694,4,2.391,0,328,328,328,1,328,images/pixabay_cat_003910.jpg,bx,001,2022-04-08_18h15.08.843,Cat face rating experiment_500-1000,2021.1.4,MacIntel,58.82352941
,,,,,,space,1.796,2,1.559,0,329,329,329,1,329,images/pixabay_cat_002495.jpg,bx,001,2022-04-08_18h15.08.843,Cat face rating experiment_500-1000,2021.1.4,MacIntel,58.82352941
,,,,,,space,1.687,3,1.348,0,330,330,330,1,330,images/pixabay_cat_000981.jpg,bx,001,2022-04-08_18h15.08.843,Cat face rating experiment_500-1000,2021.1.4,MacIntel,58.82352941
,,,,,,space,1.426,1,1.116,0,331,331,331,1,331,images/pixabay_cat_001173.jpg,bx,001,2022-04-08_18h15.08.843,Cat face rating experiment_500-1000,2021.1.4,MacIntel,58.82352941
,,,,,,space,1.409,1,0.882,0,332,332,332,1,332,images/flickr_cat_000588.jpg,bx,001,2022-04-08_18h15.08.843,Cat face rating experiment_500-1000,2021.1.4,MacIntel,58.82352941
,,,,,,space,1.56,2,1.275,0,333,333,333,1,333,images/pixabay_cat_000391.jpg,bx,001,2022-04-08_18h15.08.843,Cat face rating experiment_500-1000,2021.1.4,MacIntel,58.82352941
,,,,,,space,1.216,1,0.89,0,334,334,334,1,334,images/pixabay_cat_000131.jpg,bx,001,2022-04-08_18h15.08.843,Cat face rating experiment_500-1000,2021.1.4,MacIntel,58.82352941
,,,,,,space,1.302,2,1.057,0,335,335,335,1,335,images/pixabay_cat_001194.jpg,bx,001,2022-04-08_18h15.08.843,Cat face rating experiment_500-1000,2021.1.4,MacIntel,58.82352941
,,,,,,space,3.402,5,3.05,0,336,336,336,1,336,images/pixabay_cat_000393.jpg,bx,001,2022-04-08_18h15.08.843,Cat face rating experiment_500-1000,2021.1.4,MacIntel,58.82352941
,,,,,,space,1.939,2,1.65,0,337,337,337,1,337,images/pixabay_cat_002266.jpg,bx,001,2022-04-08_18h15.08.843,Cat face rating experiment_500-1000,2021.1.4,MacIntel,58.82352941
,,,,,,space,2.087,1,1.809,0,338,338,338,1,338,images/pixabay_cat_002506.jpg,bx,001,2022-04-08_18h15.08.843,Cat face rating experiment_500-1000,2021.1.4,MacIntel,58.82352941
,,,,,,space,1.248,1,0.94,0,339,339,339,1,339,images/pixabay_cat_001373.jpg,bx,001,2022-04-08_18h15.08.843,Cat face rating experiment_500-1000,2021.1.4,MacIntel,58.82352941
,,,,,,space,3.794,2,3.458,0,340,340,340,1,340,images/pixabay_cat_000526.jpg,bx,001,2022-04-08_18h15.08.843,Cat face rating experiment_500-1000,2021.1.4,MacIntel,58.82352941
,,,,,,space,1.828,2,1.578,0,341,341,341,1,341,images/pixabay_cat_004418.jpg,bx,001,2022-04-08_18h15.08.843,Cat face rating experiment_500-1000,2021.1.4,MacIntel,58.82352941
,,,,,,space,1.583,2,0.974,0,342,342,342,1,342,images/pixabay_cat_003775.jpg,bx,001,2022-04-08_18h15.08.843,Cat face rating experiment_500-1000,2021.1.4,MacIntel,58.82352941
,,,,,,space,1.636,1,1.3,0,343,343,343,1,343,images/pixabay_cat_002247.jpg,bx,001,2022-04-08_18h15.08.843,Cat face rating experiment_500-1000,2021.1.4,MacIntel,58.82352941
,,,,,,space,3.551,2,3.317,0,344,344,344,1,344,images/pixabay_cat_004610.jpg,bx,001,2022-04-08_18h15.08.843,Cat face rating experiment_500-1000,2021.1.4,MacIntel,58.82352941
,,,,,,space,30.767,3,30.134,0,345,345,345,1,345,images/pixabay_cat_002058.jpg,bx,001,2022-04-08_18h15.08.843,Cat face rating experiment_500-1000,2021.1.4,MacIntel,58.82352941
,,,,,,space,3.219,5,2.901,0,346,346,346,1,346,images/pixabay_cat_002321.jpg,bx,001,2022-04-08_18h15.08.843,Cat face rating experiment_500-1000,2021.1.4,MacIntel,58.82352941
,,,,,,space,1.576,2,1.289,0,347,347,347,1,347,images/pixabay_cat_003679.jpg,bx,001,2022-04-08_18h15.08.843,Cat face rating experiment_500-1000,2021.1.4,MacIntel,58.82352941
,,,,,,space,1.273,1,0.932,0,348,348,348,1,348,images/pixabay_cat_000350.jpg,bx,001,2022-04-08_18h15.08.843,Cat face rating experiment_500-1000,2021.1.4,MacIntel,58.82352941
,,,,,,space,3.069,2,2.758,0,349,349,349,1,349,images/pixabay_cat_001953.jpg,bx,001,2022-04-08_18h15.08.843,Cat face rating experiment_500-1000,2021.1.4,MacIntel,58.82352941
,,,,,,space,1.636,3,1.323,0,350,350,350,1,350,images/pixabay_cat_000974.jpg,bx,001,2022-04-08_18h15.08.843,Cat face rating experiment_500-1000,2021.1.4,MacIntel,58.82352941
,,,,,,space,1.719,3,1.04,0,351,351,351,1,351,images/pixabay_cat_002643.jpg,bx,001,2022-04-08_18h15.08.843,Cat face rating experiment_500-1000,2021.1.4,MacIntel,58.82352941
,,,,,,space,2.035,1,1.744,0,352,352,352,1,352,images/pixabay_cat_001200.jpg,bx,001,2022-04-08_18h15.08.843,Cat face rating experiment_500-1000,2021.1.4,MacIntel,58.82352941
,,,,,,space,1.077,1,0.88,0,353,353,353,1,353,images/flickr_cat_000158.jpg,bx,001,2022-04-08_18h15.08.843,Cat face rating experiment_500-1000,2021.1.4,MacIntel,58.82352941
,,,,,,space,1.574,1,0.99,0,354,354,354,1,354,images/pixabay_cat_002163.jpg,bx,001,2022-04-08_18h15.08.843,Cat face rating experiment_500-1000,2021.1.4,MacIntel,58.82352941
,,,,,,space,1.5,2,1.199,0,355,355,355,1,355,images/pixabay_cat_002323.jpg,bx,001,2022-04-08_18h15.08.843,Cat face rating experiment_500-1000,2021.1.4,MacIntel,58.82352941
,,,,,,space,1.515,2,1.224,0,356,356,356,1,356,images/flickr_cat_000735.jpg,bx,001,2022-04-08_18h15.08.843,Cat face rating experiment_500-1000,2021.1.4,MacIntel,58.82352941
,,,,,,space,1.251,1,0.94,0,357,357,357,1,357,images/pixabay_cat_003094.jpg,bx,001,2022-04-08_18h15.08.843,Cat face rating experiment_500-1000,2021.1.4,MacIntel,58.82352941
,,,,,,space,1.603,2,1.315,0,358,358,358,1,358,images/pixabay_cat_004426.jpg,bx,001,2022-04-08_18h15.08.843,Cat face rating experiment_500-1000,2021.1.4,MacIntel,58.82352941
,,,,,,space,1.323,2,1.049,0,359,359,359,1,359,images/pixabay_cat_000953.jpg,bx,001,2022-04-08_18h15.08.843,Cat face rating experiment_500-1000,2021.1.4,MacIntel,58.82352941
,,,,,,space,1,2,0.782,0,360,360,360,1,360,images/pixabay_cat_002420.jpg,bx,001,2022-04-08_18h15.08.843,Cat face rating experiment_500-1000,2021.1.4,MacIntel,58.82352941
,,,,,,space,1.55,3,1.282,0,361,361,361,1,361,images/pixabay_cat_000374.jpg,bx,001,2022-04-08_18h15.08.843,Cat face rating experiment_500-1000,2021.1.4,MacIntel,58.82352941
,,,,,,space,1.16,2,0.806,0,362,362,362,1,362,images/flickr_cat_000300.jpg,bx,001,2022-04-08_18h15.08.843,Cat face rating experiment_500-1000,2021.1.4,MacIntel,58.82352941
,,,,,,space,1.041,2,0.816,0,363,363,363,1,363,images/pixabay_cat_001723.jpg,bx,001,2022-04-08_18h15.08.843,Cat face rating experiment_500-1000,2021.1.4,MacIntel,58.82352941
,,,,,,space,2.278,1,2.007,0,364,364,364,1,364,images/flickr_cat_000549.jpg,bx,001,2022-04-08_18h15.08.843,Cat face rating experiment_500-1000,2021.1.4,MacIntel,58.82352941
,,,,,,space,58.856,3,58.542,0,365,365,365,1,365,images/pixabay_cat_002666.jpg,bx,001,2022-04-08_18h15.08.843,Cat face rating experiment_500-1000,2021.1.4,MacIntel,58.82352941
,,,,,,space,1.537,2,1.201,0,366,366,366,1,366,images/pixabay_cat_000104.jpg,bx,001,2022-04-08_18h15.08.843,Cat face rating experiment_500-1000,2021.1.4,MacIntel,58.82352941
,,,,,,space,2.033,3,1.556,0,367,367,367,1,367,images/pixabay_cat_001695.jpg,bx,001,2022-04-08_18h15.08.843,Cat face rating experiment_500-1000,2021.1.4,MacIntel,58.82352941
,,,,,,space,1.709,3,1.406,0,368,368,368,1,368,images/pixabay_cat_002727.jpg,bx,001,2022-04-08_18h15.08.843,Cat face rating experiment_500-1000,2021.1.4,MacIntel,58.82352941
,,,,,,space,1.552,2,1.326,0,369,369,369,1,369,images/pixabay_cat_003107.jpg,bx,001,2022-04-08_18h15.08.843,Cat face rating experiment_500-1000,2021.1.4,MacIntel,58.82352941
,,,,,,space,1.384,3,1.098,0,370,370,370,1,370,images/pixabay_cat_004751.jpg,bx,001,2022-04-08_18h15.08.843,Cat face rating experiment_500-1000,2021.1.4,MacIntel,58.82352941
,,,,,,space,1.574,2,1.3,0,371,371,371,1,371,images/pixabay_cat_004541.jpg,bx,001,2022-04-08_18h15.08.843,Cat face rating experiment_500-1000,2021.1.4,MacIntel,58.82352941
,,,,,,space,3.263,1,2.6,0,372,372,372,1,372,images/pixabay_cat_003516.jpg,bx,001,2022-04-08_18h15.08.843,Cat face rating experiment_500-1000,2021.1.4,MacIntel,58.82352941
,,,,,,space,1.815,2,1.024,0,373,373,373,1,373,images/pixabay_cat_004118.jpg,bx,001,2022-04-08_18h15.08.843,Cat face rating experiment_500-1000,2021.1.4,MacIntel,58.82352941
,,,,,,space,1.306,1,0.939,0,374,374,374,1,374,images/pixabay_cat_003905.jpg,bx,001,2022-04-08_18h15.08.843,Cat face rating experiment_500-1000,2021.1.4,MacIntel,58.82352941
,,,,,,space,4.187,2,3.418,0,375,375,375,1,375,images/flickr_cat_000556.jpg,bx,001,2022-04-08_18h15.08.843,Cat face rating experiment_500-1000,2021.1.4,MacIntel,58.82352941
,,,,,,space,1.807,4,1.648,0,376,376,376,1,376,images/pixabay_cat_002813.jpg,bx,001,2022-04-08_18h15.08.843,Cat face rating experiment_500-1000,2021.1.4,MacIntel,58.82352941
,,,,,,space,1.958,3,1.239,0,377,377,377,1,377,images/flickr_cat_000358.jpg,bx,001,2022-04-08_18h15.08.843,Cat face rating experiment_500-1000,2021.1.4,MacIntel,58.82352941
,,,,,,space,2.716,3,2.178,0,378,378,378,1,378,images/pixabay_cat_003426.jpg,bx,001,2022-04-08_18h15.08.843,Cat face rating experiment_500-1000,2021.1.4,MacIntel,58.82352941
,,,,,,space,2.277,2,1.866,0,379,379,379,1,379,images/pixabay_cat_001895.jpg,bx,001,2022-04-08_18h15.08.843,Cat face rating experiment_500-1000,2021.1.4,MacIntel,58.82352941
,,,,,,space,2.366,2,2.108,0,380,380,380,1,380,images/pixabay_cat_002769.jpg,bx,001,2022-04-08_18h15.08.843,Cat face rating experiment_500-1000,2021.1.4,MacIntel,58.82352941
,,,,,,space,1.559,1,1.198,0,381,381,381,1,381,images/pixabay_cat_003504.jpg,bx,001,2022-04-08_18h15.08.843,Cat face rating experiment_500-1000,2021.1.4,MacIntel,58.82352941
,,,,,,space,3.799,1,3.6,0,382,382,382,1,382,images/pixabay_cat_000101.jpg,bx,001,2022-04-08_18h15.08.843,Cat face rating experiment_500-1000,2021.1.4,MacIntel,58.82352941
,,,,,,space,1.576,1,1.373,0,383,383,383,1,383,images/pixabay_cat_000510.jpg,bx,001,2022-04-08_18h15.08.843,Cat face rating experiment_500-1000,2021.1.4,MacIntel,58.82352941
,,,,,,space,1.843,3,1.557,0,384,384,384,1,384,images/pixabay_cat_004776.jpg,bx,001,2022-04-08_18h15.08.843,Cat face rating experiment_500-1000,2021.1.4,MacIntel,58.82352941
,,,,,,space,1.417,2,1.115,0,385,385,385,1,385,images/pixabay_cat_003525.jpg,bx,001,2022-04-08_18h15.08.843,Cat face rating experiment_500-1000,2021.1.4,MacIntel,58.82352941
,,,,,,space,1.735,1,1.448,0,386,386,386,1,386,images/pixabay_cat_001517.jpg,bx,001,2022-04-08_18h15.08.843,Cat face rating experiment_500-1000,2021.1.4,MacIntel,58.82352941
,,,,,,space,2.1,3,1.79,0,387,387,387,1,387,images/pixabay_cat_004694.jpg,bx,001,2022-04-08_18h15.08.843,Cat face rating experiment_500-1000,2021.1.4,MacIntel,58.82352941
,,,,,,space,1.671,1,1.398,0,388,388,388,1,388,images/pixabay_cat_001783.jpg,bx,001,2022-04-08_18h15.08.843,Cat face rating experiment_500-1000,2021.1.4,MacIntel,58.82352941
,,,,,,space,2.689,2,2.415,0,389,389,389,1,389,images/pixabay_cat_003027.jpg,bx,001,2022-04-08_18h15.08.843,Cat face rating experiment_500-1000,2021.1.4,MacIntel,58.82352941
,,,,,,space,1.251,1,0.931,0,390,390,390,1,390,images/flickr_cat_000502.jpg,bx,001,2022-04-08_18h15.08.843,Cat face rating experiment_500-1000,2021.1.4,MacIntel,58.82352941
,,,,,,space,1.148,1,0.932,0,391,391,391,1,391,images/flickr_cat_000408.jpg,bx,001,2022-04-08_18h15.08.843,Cat face rating experiment_500-1000,2021.1.4,MacIntel,58.82352941
,,,,,,space,1.006,1,0.764,0,392,392,392,1,392,images/pixabay_cat_003963.jpg,bx,001,2022-04-08_18h15.08.843,Cat face rating experiment_500-1000,2021.1.4,MacIntel,58.82352941
,,,,,,space,1.009,1,0.706,0,393,393,393,1,393,images/pixabay_cat_000399.jpg,bx,001,2022-04-08_18h15.08.843,Cat face rating experiment_500-1000,2021.1.4,MacIntel,58.82352941
,,,,,,space,1.676,2,1.456,0,394,394,394,1,394,images/pixabay_cat_002975.jpg,bx,001,2022-04-08_18h15.08.843,Cat face rating experiment_500-1000,2021.1.4,MacIntel,58.82352941
,,,,,,space,1.075,1,0.782,0,395,395,395,1,395,images/pixabay_cat_002962.jpg,bx,001,2022-04-08_18h15.08.843,Cat face rating experiment_500-1000,2021.1.4,MacIntel,58.82352941
,,,,,,space,1.006,1,0.815,0,396,396,396,1,396,images/pixabay_cat_003307.jpg,bx,001,2022-04-08_18h15.08.843,Cat face rating experiment_500-1000,2021.1.4,MacIntel,58.82352941
,,,,,,space,1.277,1,1.057,0,397,397,397,1,397,images/pixabay_cat_004286.jpg,bx,001,2022-04-08_18h15.08.843,Cat face rating experiment_500-1000,2021.1.4,MacIntel,58.82352941
,,,,,,space,1.585,1,1.24,0,398,398,398,1,398,images/pixabay_cat_000018.jpg,bx,001,2022-04-08_18h15.08.843,Cat face rating experiment_500-1000,2021.1.4,MacIntel,58.82352941
,,,,,,space,1.188,1,1.006,0,399,399,399,1,399,images/pixabay_cat_004456.jpg,bx,001,2022-04-08_18h15.08.843,Cat face rating experiment_500-1000,2021.1.4,MacIntel,58.82352941
,,,,,,space,1.668,3,1.499,0,400,400,400,1,400,images/pixabay_cat_004233.jpg,bx,001,2022-04-08_18h15.08.843,Cat face rating experiment_500-1000,2021.1.4,MacIntel,58.82352941
,,,,,,space,1.936,2,1.679,0,401,401,401,1,401,images/pixabay_cat_000490.jpg,bx,001,2022-04-08_18h15.08.843,Cat face rating experiment_500-1000,2021.1.4,MacIntel,58.82352941
,,,,,,space,1.179,1,0.872,0,402,402,402,1,402,images/pixabay_cat_003908.jpg,bx,001,2022-04-08_18h15.08.843,Cat face rating experiment_500-1000,2021.1.4,MacIntel,58.82352941
,,,,,,space,1.575,4,1.433,0,403,403,403,1,403,images/pixabay_cat_000111.jpg,bx,001,2022-04-08_18h15.08.843,Cat face rating experiment_500-1000,2021.1.4,MacIntel,58.82352941
,,,,,,space,1.439,3,1.188,0,404,404,404,1,404,images/pixabay_cat_001908.jpg,bx,001,2022-04-08_18h15.08.843,Cat face rating experiment_500-1000,2021.1.4,MacIntel,58.82352941
,,,,,,space,1.681,1,1.428,0,405,405,405,1,405,images/pixabay_cat_002682.jpg,bx,001,2022-04-08_18h15.08.843,Cat face rating experiment_500-1000,2021.1.4,MacIntel,58.82352941
,,,,,,space,1.555,3,1.316,0,406,406,406,1,406,images/pixabay_cat_003558.jpg,bx,001,2022-04-08_18h15.08.843,Cat face rating experiment_500-1000,2021.1.4,MacIntel,58.82352941
,,,,,,space,3.865,4,3.374,0,407,407,407,1,407,images/pixabay_cat_000030.jpg,bx,001,2022-04-08_18h15.08.843,Cat face rating experiment_500-1000,2021.1.4,MacIntel,58.82352941
,,,,,,space,1.386,1,1.142,0,408,408,408,1,408,images/pixabay_cat_003572.jpg,bx,001,2022-04-08_18h15.08.843,Cat face rating experiment_500-1000,2021.1.4,MacIntel,58.82352941
,,,,,,space,1.074,1,0.848,0,409,409,409,1,409,images/pixabay_cat_000361.jpg,bx,001,2022-04-08_18h15.08.843,Cat face rating experiment_500-1000,2021.1.4,MacIntel,58.82352941
,,,,,,space,1.838,3,1.607,0,410,410,410,1,410,images/pixabay_cat_001998.jpg,bx,001,2022-04-08_18h15.08.843,Cat face rating experiment_500-1000,2021.1.4,MacIntel,58.82352941
,,,,,,space,1.642,2,1.272,0,411,411,411,1,411,images/pixabay_cat_000450.jpg,bx,001,2022-04-08_18h15.08.843,Cat face rating experiment_500-1000,2021.1.4,MacIntel,58.82352941
,,,,,,space,1.26,1,0.958,0,412,412,412,1,412,images/pixabay_cat_001555.jpg,bx,001,2022-04-08_18h15.08.843,Cat face rating experiment_500-1000,2021.1.4,MacIntel,58.82352941
,,,,,,space,0.91,1,0.69,0,413,413,413,1,413,images/pixabay_cat_000647.jpg,bx,001,2022-04-08_18h15.08.843,Cat face rating experiment_500-1000,2021.1.4,MacIntel,58.82352941
,,,,,,space,1.175,1,0.84,0,414,414,414,1,414,images/flickr_cat_000117.jpg,bx,001,2022-04-08_18h15.08.843,Cat face rating experiment_500-1000,2021.1.4,MacIntel,58.82352941
,,,,,,space,1.586,3,1.34,0,415,415,415,1,415,images/pixabay_cat_000527.jpg,bx,001,2022-04-08_18h15.08.843,Cat face rating experiment_500-1000,2021.1.4,MacIntel,58.82352941
,,,,,,space,1.244,2,0.965,0,416,416,416,1,416,images/pixabay_cat_000857.jpg,bx,001,2022-04-08_18h15.08.843,Cat face rating experiment_500-1000,2021.1.4,MacIntel,58.82352941
,,,,,,space,1.517,2,1.19,0,417,417,417,1,417,images/pixabay_cat_001463.jpg,bx,001,2022-04-08_18h15.08.843,Cat face rating experiment_500-1000,2021.1.4,MacIntel,58.82352941
,,,,,,space,1.285,1,0.999,0,418,418,418,1,418,images/pixabay_cat_000467.jpg,bx,001,2022-04-08_18h15.08.843,Cat face rating experiment_500-1000,2021.1.4,MacIntel,58.82352941
,,,,,,space,1.094,1,0.873,0,419,419,419,1,419,images/pixabay_cat_002026.jpg,bx,001,2022-04-08_18h15.08.843,Cat face rating experiment_500-1000,2021.1.4,MacIntel,58.82352941
,,,,,,space,1.431,3,1.282,0,420,420,420,1,420,images/pixabay_cat_000954.jpg,bx,001,2022-04-08_18h15.08.843,Cat face rating experiment_500-1000,2021.1.4,MacIntel,58.82352941
,,,,,,space,1.418,1,1.158,0,421,421,421,1,421,images/pixabay_cat_002353.jpg,bx,001,2022-04-08_18h15.08.843,Cat face rating experiment_500-1000,2021.1.4,MacIntel,58.82352941
,,,,,,space,1.2,1,0.871,0,422,422,422,1,422,images/pixabay_cat_002913.jpg,bx,001,2022-04-08_18h15.08.843,Cat face rating experiment_500-1000,2021.1.4,MacIntel,58.82352941
,,,,,,space,2.309,4,2.057,0,423,423,423,1,423,images/flickr_cat_000077.jpg,bx,001,2022-04-08_18h15.08.843,Cat face rating experiment_500-1000,2021.1.4,MacIntel,58.82352941
,,,,,,space,1.214,4,0.939,0,424,424,424,1,424,images/pixabay_cat_001384.jpg,bx,001,2022-04-08_18h15.08.843,Cat face rating experiment_500-1000,2021.1.4,MacIntel,58.82352941
,,,,,,space,1.535,3,1.273,0,425,425,425,1,425,images/pixabay_cat_001681.jpg,bx,001,2022-04-08_18h15.08.843,Cat face rating experiment_500-1000,2021.1.4,MacIntel,58.82352941
,,,,,,space,1.888,1,1.566,0,426,426,426,1,426,images/pixabay_cat_001893.jpg,bx,001,2022-04-08_18h15.08.843,Cat face rating experiment_500-1000,2021.1.4,MacIntel,58.82352941
,,,,,,space,2.808,3,2.578,0,427,427,427,1,427,images/pixabay_cat_001343.jpg,bx,001,2022-04-08_18h15.08.843,Cat face rating experiment_500-1000,2021.1.4,MacIntel,58.82352941
,,,,,,space,25.803,3,25.096,0,428,428,428,1,428,images/pixabay_cat_003350.jpg,bx,001,2022-04-08_18h15.08.843,Cat face rating experiment_500-1000,2021.1.4,MacIntel,58.82352941
,,,,,,space,1.309,3,1.088,0,429,429,429,1,429,images/pixabay_cat_003939.jpg,bx,001,2022-04-08_18h15.08.843,Cat face rating experiment_500-1000,2021.1.4,MacIntel,58.82352941
,,,,,,space,1.492,3,1.016,0,430,430,430,1,430,images/pixabay_cat_004737.jpg,bx,001,2022-04-08_18h15.08.843,Cat face rating experiment_500-1000,2021.1.4,MacIntel,58.82352941
,,,,,,space,1.767,5,1.499,0,431,431,431,1,431,images/pixabay_cat_004052.jpg,bx,001,2022-04-08_18h15.08.843,Cat face rating experiment_500-1000,2021.1.4,MacIntel,58.82352941
,,,,,,space,1.646,3,1.359,0,432,432,432,1,432,images/pixabay_cat_003925.jpg,bx,001,2022-04-08_18h15.08.843,Cat face rating experiment_500-1000,2021.1.4,MacIntel,58.82352941
,,,,,,space,1.826,2,1.498,0,433,433,433,1,433,images/pixabay_cat_001683.jpg,bx,001,2022-04-08_18h15.08.843,Cat face rating experiment_500-1000,2021.1.4,MacIntel,58.82352941
,,,,,,space,1.149,2,0.948,0,434,434,434,1,434,images/flickr_cat_000671.jpg,bx,001,2022-04-08_18h15.08.843,Cat face rating experiment_500-1000,2021.1.4,MacIntel,58.82352941
,,,,,,space,1.553,3,1.358,0,435,435,435,1,435,images/pixabay_cat_000388.jpg,bx,001,2022-04-08_18h15.08.843,Cat face rating experiment_500-1000,2021.1.4,MacIntel,58.82352941
,,,,,,space,2.503,1,1.742,0,436,436,436,1,436,images/pixabay_cat_004798.jpg,bx,001,2022-04-08_18h15.08.843,Cat face rating experiment_500-1000,2021.1.4,MacIntel,58.82352941
,,,,,,space,1.238,1,0.942,0,437,437,437,1,437,images/pixabay_cat_002057.jpg,bx,001,2022-04-08_18h15.08.843,Cat face rating experiment_500-1000,2021.1.4,MacIntel,58.82352941
,,,,,,space,1.734,3,1.431,0,438,438,438,1,438,images/flickr_cat_000700.jpg,bx,001,2022-04-08_18h15.08.843,Cat face rating experiment_500-1000,2021.1.4,MacIntel,58.82352941
,,,,,,space,1.304,3,1.006,0,439,439,439,1,439,images/pixabay_cat_000809.jpg,bx,001,2022-04-08_18h15.08.843,Cat face rating experiment_500-1000,2021.1.4,MacIntel,58.82352941
,,,,,,space,1.652,2,1.365,0,440,440,440,1,440,images/pixabay_cat_000326.jpg,bx,001,2022-04-08_18h15.08.843,Cat face rating experiment_500-1000,2021.1.4,MacIntel,58.82352941
,,,,,,space,1.899,1,1.559,0,441,441,441,1,441,images/pixabay_cat_000401.jpg,bx,001,2022-04-08_18h15.08.843,Cat face rating experiment_500-1000,2021.1.4,MacIntel,58.82352941
,,,,,,space,2.092,6,1.608,0,442,442,442,1,442,images/flickr_cat_000094.jpg,bx,001,2022-04-08_18h15.08.843,Cat face rating experiment_500-1000,2021.1.4,MacIntel,58.82352941
,,,,,,space,1.437,5,1.183,0,443,443,443,1,443,images/pixabay_cat_003378.jpg,bx,001,2022-04-08_18h15.08.843,Cat face rating experiment_500-1000,2021.1.4,MacIntel,58.82352941
,,,,,,space,1.342,3,1.045,0,444,444,444,1,444,images/pixabay_cat_001207.jpg,bx,001,2022-04-08_18h15.08.843,Cat face rating experiment_500-1000,2021.1.4,MacIntel,58.82352941
,,,,,,space,1.392,2,1.078,0,445,445,445,1,445,images/flickr_cat_000274.jpg,bx,001,2022-04-08_18h15.08.843,Cat face rating experiment_500-1000,2021.1.4,MacIntel,58.82352941
,,,,,,space,4.547,2,4.236,0,446,446,446,1,446,images/pixabay_cat_004630.jpg,bx,001,2022-04-08_18h15.08.843,Cat face rating experiment_500-1000,2021.1.4,MacIntel,58.82352941
,,,,,,space,1.239,2,1.03,0,447,447,447,1,447,images/pixabay_cat_001804.jpg,bx,001,2022-04-08_18h15.08.843,Cat face rating experiment_500-1000,2021.1.4,MacIntel,58.82352941
,,,,,,space,2,1,1.666,0,448,448,448,1,448,images/pixabay_cat_004629.jpg,bx,001,2022-04-08_18h15.08.843,Cat face rating experiment_500-1000,2021.1.4,MacIntel,58.82352941
,,,,,,space,3.352,4,3.05,0,449,449,449,1,449,images/pixabay_cat_003538.jpg,bx,001,2022-04-08_18h15.08.843,Cat face rating experiment_500-1000,2021.1.4,MacIntel,58.82352941
,,,,,,space,1.404,2,1.156,0,450,450,450,1,450,images/pixabay_cat_002991.jpg,bx,001,2022-04-08_18h15.08.843,Cat face rating experiment_500-1000,2021.1.4,MacIntel,58.82352941
,,,,,,space,3.087,4,2.728,0,451,451,451,1,451,images/pixabay_cat_000287.jpg,bx,001,2022-04-08_18h15.08.843,Cat face rating experiment_500-1000,2021.1.4,MacIntel,58.82352941
,,,,,,space,1.699,3,1.416,0,452,452,452,1,452,images/pixabay_cat_000661.jpg,bx,001,2022-04-08_18h15.08.843,Cat face rating experiment_500-1000,2021.1.4,MacIntel,58.82352941
,,,,,,space,2.235,3,1.942,0,453,453,453,1,453,images/flickr_cat_000334.jpg,bx,001,2022-04-08_18h15.08.843,Cat face rating experiment_500-1000,2021.1.4,MacIntel,58.82352941
,,,,,,space,1.478,4,1.198,0,454,454,454,1,454,images/pixabay_cat_002592.jpg,bx,001,2022-04-08_18h15.08.843,Cat face rating experiment_500-1000,2021.1.4,MacIntel,58.82352941
,,,,,,space,1.916,5,1.726,0,455,455,455,1,455,images/pixabay_cat_003194.jpg,bx,001,2022-04-08_18h15.08.843,Cat face rating experiment_500-1000,2021.1.4,MacIntel,58.82352941
,,,,,,space,86.458,3,85.554,0,456,456,456,1,456,images/pixabay_cat_000872.jpg,bx,001,2022-04-08_18h15.08.843,Cat face rating experiment_500-1000,2021.1.4,MacIntel,58.82352941
,,,,,,space,1.49,4,1.306,0,457,457,457,1,457,images/pixabay_cat_003189.jpg,bx,001,2022-04-08_18h15.08.843,Cat face rating experiment_500-1000,2021.1.4,MacIntel,58.82352941
,,,,,,space,1.464,3,1.192,0,458,458,458,1,458,images/pixabay_cat_000402.jpg,bx,001,2022-04-08_18h15.08.843,Cat face rating experiment_500-1000,2021.1.4,MacIntel,58.82352941
,,,,,,space,1.627,1,1.39,0,459,459,459,1,459,images/pixabay_cat_000823.jpg,bx,001,2022-04-08_18h15.08.843,Cat face rating experiment_500-1000,2021.1.4,MacIntel,58.82352941
,,,,,,space,1.975,1,1.158,0,460,460,460,1,460,images/pixabay_cat_004359.jpg,bx,001,2022-04-08_18h15.08.843,Cat face rating experiment_500-1000,2021.1.4,MacIntel,58.82352941
,,,,,,space,0.891,1,0.706,0,461,461,461,1,461,images/pixabay_cat_000080.jpg,bx,001,2022-04-08_18h15.08.843,Cat face rating experiment_500-1000,2021.1.4,MacIntel,58.82352941
,,,,,,space,0.952,1,0.798,0,462,462,462,1,462,images/pixabay_cat_003639.jpg,bx,001,2022-04-08_18h15.08.843,Cat face rating experiment_500-1000,2021.1.4,MacIntel,58.82352941
,,,,,,space,1.552,2,1.277,0,463,463,463,1,463,images/pixabay_cat_002217.jpg,bx,001,2022-04-08_18h15.08.843,Cat face rating experiment_500-1000,2021.1.4,MacIntel,58.82352941
,,,,,,space,1.603,3,1.327,0,464,464,464,1,464,images/pixabay_cat_001076.jpg,bx,001,2022-04-08_18h15.08.843,Cat face rating experiment_500-1000,2021.1.4,MacIntel,58.82352941
,,,,,,space,1.649,1,1.415,0,465,465,465,1,465,images/pixabay_cat_002357.jpg,bx,001,2022-04-08_18h15.08.843,Cat face rating experiment_500-1000,2021.1.4,MacIntel,58.82352941
,,,,,,space,1.893,2,1.632,0,466,466,466,1,466,images/pixabay_cat_002584.jpg,bx,001,2022-04-08_18h15.08.843,Cat face rating experiment_500-1000,2021.1.4,MacIntel,58.82352941
,,,,,,space,1.517,1,1.208,0,467,467,467,1,467,images/pixabay_cat_003492.jpg,bx,001,2022-04-08_18h15.08.843,Cat face rating experiment_500-1000,2021.1.4,MacIntel,58.82352941
,,,,,,space,1.282,1,0.964,0,468,468,468,1,468,images/pixabay_cat_004127.jpg,bx,001,2022-04-08_18h15.08.843,Cat face rating experiment_500-1000,2021.1.4,MacIntel,58.82352941
,,,,,,space,0.967,1,0.782,0,469,469,469,1,469,images/pixabay_cat_003297.jpg,bx,001,2022-04-08_18h15.08.843,Cat face rating experiment_500-1000,2021.1.4,MacIntel,58.82352941
,,,,,,space,0.983,1,0.748,0,470,470,470,1,470,images/pixabay_cat_003542.jpg,bx,001,2022-04-08_18h15.08.843,Cat face rating experiment_500-1000,2021.1.4,MacIntel,58.82352941
,,,,,,space,1.693,3,1.348,0,471,471,471,1,471,images/pixabay_cat_002532.jpg,bx,001,2022-04-08_18h15.08.843,Cat face rating experiment_500-1000,2021.1.4,MacIntel,58.82352941
,,,,,,space,1.483,2,1.199,0,472,472,472,1,472,images/flickr_cat_000483.jpg,bx,001,2022-04-08_18h15.08.843,Cat face rating experiment_500-1000,2021.1.4,MacIntel,58.82352941
,,,,,,space,3.001,3,2.491,0,473,473,473,1,473,images/pixabay_cat_001606.jpg,bx,001,2022-04-08_18h15.08.843,Cat face rating experiment_500-1000,2021.1.4,MacIntel,58.82352941
,,,,,,space,1.159,2,0.915,0,474,474,474,1,474,images/pixabay_cat_002706.jpg,bx,001,2022-04-08_18h15.08.843,Cat face rating experiment_500-1000,2021.1.4,MacIntel,58.82352941
,,,,,,space,1.483,1,1.183,0,475,475,475,1,475,images/pixabay_cat_003497.jpg,bx,001,2022-04-08_18h15.08.843,Cat face rating experiment_500-1000,2021.1.4,MacIntel,58.82352941
,,,,,,space,1.001,1,0.764,0,476,476,476,1,476,images/pixabay_cat_003322.jpg,bx,001,2022-04-08_18h15.08.843,Cat face rating experiment_500-1000,2021.1.4,MacIntel,58.82352941
,,,,,,space,1.09,1,0.832,0,477,477,477,1,477,images/flickr_cat_000542.jpg,bx,001,2022-04-08_18h15.08.843,Cat face rating experiment_500-1000,2021.1.4,MacIntel,58.82352941
,,,,,,space,1.169,1,0.838,0,478,478,478,1,478,images/pixabay_cat_003335.jpg,bx,001,2022-04-08_18h15.08.843,Cat face rating experiment_500-1000,2021.1.4,MacIntel,58.82352941
,,,,,,space,1.196,1,0.94,0,479,479,479,1,479,images/pixabay_cat_004098.jpg,bx,001,2022-04-08_18h15.08.843,Cat face rating experiment_500-1000,2021.1.4,MacIntel,58.82352941
,,,,,,space,0.933,1,0.689,0,480,480,480,1,480,images/pixabay_cat_003381.jpg,bx,001,2022-04-08_18h15.08.843,Cat face rating experiment_500-1000,2021.1.4,MacIntel,58.82352941
,,,,,,space,1.378,1,0.982,0,481,481,481,1,481,images/pixabay_cat_002824.jpg,bx,001,2022-04-08_18h15.08.843,Cat face rating experiment_500-1000,2021.1.4,MacIntel,58.82352941
,,,,,,space,1.501,1,1.165,0,482,482,482,1,482,images/pixabay_cat_001050.jpg,bx,001,2022-04-08_18h15.08.843,Cat face rating experiment_500-1000,2021.1.4,MacIntel,58.82352941
,,,,,,space,4.637,1,3.217,0,483,483,483,1,483,images/pixabay_cat_003956.jpg,bx,001,2022-04-08_18h15.08.843,Cat face rating experiment_500-1000,2021.1.4,MacIntel,58.82352941
,,,,,,space,1.285,1,1.008,0,484,484,484,1,484,images/pixabay_cat_004338.jpg,bx,001,2022-04-08_18h15.08.843,Cat face rating experiment_500-1000,2021.1.4,MacIntel,58.82352941
,,,,,,space,1.103,1,0.848,0,485,485,485,1,485,images/pixabay_cat_004232.jpg,bx,001,2022-04-08_18h15.08.843,Cat face rating experiment_500-1000,2021.1.4,MacIntel,58.82352941
,,,,,,space,1.099,1,0.839,0,486,486,486,1,486,images/flickr_cat_000041.jpg,bx,001,2022-04-08_18h15.08.843,Cat face rating experiment_500-1000,2021.1.4,MacIntel,58.82352941
,,,,,,space,1.124,1,0.815,0,487,487,487,1,487,images/pixabay_cat_002578.jpg,bx,001,2022-04-08_18h15.08.843,Cat face rating experiment_500-1000,2021.1.4,MacIntel,58.82352941
,,,,,,space,2.059,1,0.731,0,488,488,488,1,488,images/pixabay_cat_002952.jpg,bx,001,2022-04-08_18h15.08.843,Cat face rating experiment_500-1000,2021.1.4,MacIntel,58.82352941
,,,,,,space,2.018,3,1.666,0,489,489,489,1,489,images/pixabay_cat_001967.jpg,bx,001,2022-04-08_18h15.08.843,Cat face rating experiment_500-1000,2021.1.4,MacIntel,58.82352941
,,,,,,space,2.704,3,2.326,0,490,490,490,1,490,images/pixabay_cat_001091.jpg,bx,001,2022-04-08_18h15.08.843,Cat face rating experiment_500-1000,2021.1.4,MacIntel,58.82352941
,,,,,,space,1.952,3,1.159,0,491,491,491,1,491,images/pixabay_cat_001334.jpg,bx,001,2022-04-08_18h15.08.843,Cat face rating experiment_500-1000,2021.1.4,MacIntel,58.82352941
,,,,,,space,1.698,1,1.291,0,492,492,492,1,492,images/pixabay_cat_003532.jpg,bx,001,2022-04-08_18h15.08.843,Cat face rating experiment_500-1000,2021.1.4,MacIntel,58.82352941
,,,,,,space,1.225,1,0.922,0,493,493,493,1,493,images/flickr_cat_000338.jpg,bx,001,2022-04-08_18h15.08.843,Cat face rating experiment_500-1000,2021.1.4,MacIntel,58.82352941
,,,,,,space,1.471,2,1.131,0,494,494,494,1,494,images/pixabay_cat_000622.jpg,bx,001,2022-04-08_18h15.08.843,Cat face rating experiment_500-1000,2021.1.4,MacIntel,58.82352941
,,,,,,space,1.474,2,1.057,0,495,495,495,1,495,images/pixabay_cat_002192.jpg,bx,001,2022-04-08_18h15.08.843,Cat face rating experiment_500-1000,2021.1.4,MacIntel,58.82352941
,,,,,,space,2.443,3,2.151,0,496,496,496,1,496,images/pixabay_cat_000270.jpg,bx,001,2022-04-08_18h15.08.843,Cat face rating experiment_500-1000,2021.1.4,MacIntel,58.82352941
,,,,,,space,1.607,3,1.214,0,497,497,497,1,497,images/pixabay_cat_003700.jpg,bx,001,2022-04-08_18h15.08.843,Cat face rating experiment_500-1000,2021.1.4,MacIntel,58.82352941
,,,,,,space,1.802,1,1.474,0,498,498,498,1,498,images/pixabay_cat_000215.jpg,bx,001,2022-04-08_18h15.08.843,Cat face rating experiment_500-1000,2021.1.4,MacIntel,58.82352941
,,,,,,space,1.62,1,1.347,0,499,499,499,1,499,images/pixabay_cat_004364.jpg,bx,001,2022-04-08_18h15.08.843,Cat face rating experiment_500-1000,2021.1.4,MacIntel,58.82352941
