key_resp.keys,key_resp.rt,key_resp_2.keys,key_resp_2.rt,key_resp_3.keys,key_resp_3.rt,key_resp_4.keys,key_resp_4.rt,slider.response,slider.rt,trials.thisRepN,trials.thisTrialN,trials.thisN,trials.thisIndex,trials.ran,trial_nums,img,participant,session,date,expName,psychopyVersion,OS,frameRate
space,1.1513,space,0.1885,space,0.4861,space,3.8781,3,3.2488,0,0,0,0,1,0,images/pixabay_cat_003488.jpg,Eddy,001,2022-04-11_14h11.24.488,Cat face rating experiment_500-1000,2021.1.4,Win32,144.0092166
,,,,,,space,1.6762,,,0,1,1,1,1,1,images/pixabay_cat_002487.jpg,Eddy,001,2022-04-11_14h11.24.488,Cat face rating experiment_500-1000,2021.1.4,Win32,144.0092166
,,,,,,space,2.1923,,,0,2,2,2,1,2,images/pixabay_cat_004502.jpg,Eddy,001,2022-04-11_14h11.24.488,Cat face rating experiment_500-1000,2021.1.4,Win32,144.0092166
,,,,,,space,2.2018,,,0,3,3,3,1,3,images/pixabay_cat_004332.jpg,Eddy,001,2022-04-11_14h11.24.488,Cat face rating experiment_500-1000,2021.1.4,Win32,144.0092166
,,,,,,space,3.5869,4,2.942,0,4,4,4,1,4,images/pixabay_cat_004678.jpg,Eddy,001,2022-04-11_14h11.24.488,Cat face rating experiment_500-1000,2021.1.4,Win32,144.0092166
,,,,,,space,2.1775,6,1.8368,0,5,5,5,1,5,images/pixabay_cat_003953.jpg,Eddy,001,2022-04-11_14h11.24.488,Cat face rating experiment_500-1000,2021.1.4,Win32,144.0092166
,,,,,,space,1.6422,5,0.9173,0,6,6,6,1,6,images/pixabay_cat_000066.jpg,Eddy,001,2022-04-11_14h11.24.488,Cat face rating experiment_500-1000,2021.1.4,Win32,144.0092166
,,,,,,space,2.3968,5,2.2885,0,7,7,7,1,7,images/pixabay_cat_004307.jpg,Eddy,001,2022-04-11_14h11.24.488,Cat face rating experiment_500-1000,2021.1.4,Win32,144.0092166
,,,,,,space,1.9817,5,1.9698,0,8,8,8,1,8,images/pixabay_cat_002361.jpg,Eddy,001,2022-04-11_14h11.24.488,Cat face rating experiment_500-1000,2021.1.4,Win32,144.0092166
,,,,,,space,1.8328,6,1.5953,0,9,9,9,1,9,images/pixabay_cat_003116.jpg,Eddy,001,2022-04-11_14h11.24.488,Cat face rating experiment_500-1000,2021.1.4,Win32,144.0092166
,,,,,,space,1.827,6,1.5877,0,10,10,10,1,10,images/pixabay_cat_003632.jpg,Eddy,001,2022-04-11_14h11.24.488,Cat face rating experiment_500-1000,2021.1.4,Win32,144.0092166
,,,,,,space,1.9274,6,1.4461,0,11,11,11,1,11,images/pixabay_cat_000083.jpg,Eddy,001,2022-04-11_14h11.24.488,Cat face rating experiment_500-1000,2021.1.4,Win32,144.0092166
,,,,,,space,1.2826,,,0,12,12,12,1,12,images/pixabay_cat_004027.jpg,Eddy,001,2022-04-11_14h11.24.488,Cat face rating experiment_500-1000,2021.1.4,Win32,144.0092166
,,,,,,space,1.3071,3,1.072,0,13,13,13,1,13,images/flickr_cat_000621.jpg,Eddy,001,2022-04-11_14h11.24.488,Cat face rating experiment_500-1000,2021.1.4,Win32,144.0092166
,,,,,,space,1.1474,2,1.0162,0,14,14,14,1,14,images/pixabay_cat_004191.jpg,Eddy,001,2022-04-11_14h11.24.488,Cat face rating experiment_500-1000,2021.1.4,Win32,144.0092166
,,,,,,space,1.411,5,1.2176,0,15,15,15,1,15,images/pixabay_cat_003779.jpg,Eddy,001,2022-04-11_14h11.24.488,Cat face rating experiment_500-1000,2021.1.4,Win32,144.0092166
,,,,,,space,1.2429,3,1.0592,0,16,16,16,1,16,images/flickr_cat_000369.jpg,Eddy,001,2022-04-11_14h11.24.488,Cat face rating experiment_500-1000,2021.1.4,Win32,144.0092166
,,,,,,space,1.1155,,,0,17,17,17,1,17,images/pixabay_cat_001572.jpg,Eddy,001,2022-04-11_14h11.24.488,Cat face rating experiment_500-1000,2021.1.4,Win32,144.0092166
,,,,,,space,1.9584,3,1.8075,0,18,18,18,1,18,images/flickr_cat_000107.jpg,Eddy,001,2022-04-11_14h11.24.488,Cat face rating experiment_500-1000,2021.1.4,Win32,144.0092166
,,,,,,space,1.5385,6,1.2954,0,19,19,19,1,19,images/pixabay_cat_002366.jpg,Eddy,001,2022-04-11_14h11.24.488,Cat face rating experiment_500-1000,2021.1.4,Win32,144.0092166
,,,,,,space,1.1035,5,0.8577,0,20,20,20,1,20,images/pixabay_cat_002856.jpg,Eddy,001,2022-04-11_14h11.24.488,Cat face rating experiment_500-1000,2021.1.4,Win32,144.0092166
,,,,,,space,1.663,5,1.5115,0,21,21,21,1,21,images/pixabay_cat_001957.jpg,Eddy,001,2022-04-11_14h11.24.488,Cat face rating experiment_500-1000,2021.1.4,Win32,144.0092166
,,,,,,space,1.867,5,1.1428,0,22,22,22,1,22,images/pixabay_cat_002320.jpg,Eddy,001,2022-04-11_14h11.24.488,Cat face rating experiment_500-1000,2021.1.4,Win32,144.0092166
,,,,,,space,1.6869,5,1.5652,0,23,23,23,1,23,images/pixabay_cat_003627.jpg,Eddy,001,2022-04-11_14h11.24.488,Cat face rating experiment_500-1000,2021.1.4,Win32,144.0092166
,,,,,,space,0.7204,,,0,24,24,24,1,24,images/pixabay_cat_002965.jpg,Eddy,001,2022-04-11_14h11.24.488,Cat face rating experiment_500-1000,2021.1.4,Win32,144.0092166
,,,,,,space,1.4427,,,0,25,25,25,1,25,images/pixabay_cat_001209.jpg,Eddy,001,2022-04-11_14h11.24.488,Cat face rating experiment_500-1000,2021.1.4,Win32,144.0092166
,,,,,,space,1.4381,5,1.2465,0,26,26,26,1,26,images/pixabay_cat_003769.jpg,Eddy,001,2022-04-11_14h11.24.488,Cat face rating experiment_500-1000,2021.1.4,Win32,144.0092166
,,,,,,space,2.0757,7,1.858,0,27,27,27,1,27,images/pixabay_cat_001302.jpg,Eddy,001,2022-04-11_14h11.24.488,Cat face rating experiment_500-1000,2021.1.4,Win32,144.0092166
,,,,,,space,2.2911,3,2.1358,0,28,28,28,1,28,images/pixabay_cat_003342.jpg,Eddy,001,2022-04-11_14h11.24.488,Cat face rating experiment_500-1000,2021.1.4,Win32,144.0092166
,,,,,,space,1.3111,3,1.0996,0,29,29,29,1,29,images/pixabay_cat_001604.jpg,Eddy,001,2022-04-11_14h11.24.488,Cat face rating experiment_500-1000,2021.1.4,Win32,144.0092166
,,,,,,space,1.5568,6,1.2079,0,30,30,30,1,30,images/pixabay_cat_003657.jpg,Eddy,001,2022-04-11_14h11.24.488,Cat face rating experiment_500-1000,2021.1.4,Win32,144.0092166
,,,,,,space,2.9745,3,2.823,0,31,31,31,1,31,images/pixabay_cat_004021.jpg,Eddy,001,2022-04-11_14h11.24.488,Cat face rating experiment_500-1000,2021.1.4,Win32,144.0092166
,,,,,,space,3.1741,5,2.9332,0,32,32,32,1,32,images/pixabay_cat_002477.jpg,Eddy,001,2022-04-11_14h11.24.488,Cat face rating experiment_500-1000,2021.1.4,Win32,144.0092166
,,,,,,space,6.8652,5,6.635,0,33,33,33,1,33,images/pixabay_cat_000087.jpg,Eddy,001,2022-04-11_14h11.24.488,Cat face rating experiment_500-1000,2021.1.4,Win32,144.0092166
,,,,,,space,48.6573,4,48.4446,0,34,34,34,1,34,images/flickr_cat_000349.jpg,Eddy,001,2022-04-11_14h11.24.488,Cat face rating experiment_500-1000,2021.1.4,Win32,144.0092166
,,,,,,space,2.2283,3,1.5105,0,35,35,35,1,35,images/pixabay_cat_001574.jpg,Eddy,001,2022-04-11_14h11.24.488,Cat face rating experiment_500-1000,2021.1.4,Win32,144.0092166
,,,,,,space,9.0741,5,3.327,0,36,36,36,1,36,images/pixabay_cat_002498.jpg,Eddy,001,2022-04-11_14h11.24.488,Cat face rating experiment_500-1000,2021.1.4,Win32,144.0092166
,,,,,,space,1.1823,5,0.9373,0,37,37,37,1,37,images/pixabay_cat_001747.jpg,Eddy,001,2022-04-11_14h11.24.488,Cat face rating experiment_500-1000,2021.1.4,Win32,144.0092166
,,,,,,space,1.3587,,,0,38,38,38,1,38,images/pixabay_cat_004336.jpg,Eddy,001,2022-04-11_14h11.24.488,Cat face rating experiment_500-1000,2021.1.4,Win32,144.0092166
,,,,,,space,3.0599,2,1.4405,0,39,39,39,1,39,images/pixabay_cat_004646.jpg,Eddy,001,2022-04-11_14h11.24.488,Cat face rating experiment_500-1000,2021.1.4,Win32,144.0092166
,,,,,,space,30.4798,2,29.8078,0,40,40,40,1,40,images/pixabay_cat_004640.jpg,Eddy,001,2022-04-11_14h11.24.488,Cat face rating experiment_500-1000,2021.1.4,Win32,144.0092166
,,,,,,space,91.7978,2,90.2207,0,41,41,41,1,41,images/pixabay_cat_003966.jpg,Eddy,001,2022-04-11_14h11.24.488,Cat face rating experiment_500-1000,2021.1.4,Win32,144.0092166
,,,,,,space,5.1693,3,4.6962,0,42,42,42,1,42,images/pixabay_cat_001356.jpg,Eddy,001,2022-04-11_14h11.24.488,Cat face rating experiment_500-1000,2021.1.4,Win32,144.0092166
,,,,,,space,1.4646,,,0,43,43,43,1,43,images/pixabay_cat_002888.jpg,Eddy,001,2022-04-11_14h11.24.488,Cat face rating experiment_500-1000,2021.1.4,Win32,144.0092166
,,,,,,space,2.4812,5,0.9463,0,44,44,44,1,44,images/pixabay_cat_000933.jpg,Eddy,001,2022-04-11_14h11.24.488,Cat face rating experiment_500-1000,2021.1.4,Win32,144.0092166
,,,,,,space,1.3464,6,1.087,0,45,45,45,1,45,images/flickr_cat_000038.jpg,Eddy,001,2022-04-11_14h11.24.488,Cat face rating experiment_500-1000,2021.1.4,Win32,144.0092166
,,,,,,space,1.601,6,1.3779,0,46,46,46,1,46,images/pixabay_cat_000589.jpg,Eddy,001,2022-04-11_14h11.24.488,Cat face rating experiment_500-1000,2021.1.4,Win32,144.0092166
,,,,,,space,2.3688,6,2.1252,0,47,47,47,1,47,images/pixabay_cat_001439.jpg,Eddy,001,2022-04-11_14h11.24.488,Cat face rating experiment_500-1000,2021.1.4,Win32,144.0092166
,,,,,,space,1.8192,3,1.1859,0,48,48,48,1,48,images/flickr_cat_000649.jpg,Eddy,001,2022-04-11_14h11.24.488,Cat face rating experiment_500-1000,2021.1.4,Win32,144.0092166
,,,,,,space,2.0147,6,1.8086,0,49,49,49,1,49,images/pixabay_cat_000702.jpg,Eddy,001,2022-04-11_14h11.24.488,Cat face rating experiment_500-1000,2021.1.4,Win32,144.0092166
,,,,,,space,1.6644,2,1.3633,0,50,50,50,1,50,images/pixabay_cat_004775.jpg,Eddy,001,2022-04-11_14h11.24.488,Cat face rating experiment_500-1000,2021.1.4,Win32,144.0092166
,,,,,,space,1.5645,3,1.2487,0,51,51,51,1,51,images/pixabay_cat_004368.jpg,Eddy,001,2022-04-11_14h11.24.488,Cat face rating experiment_500-1000,2021.1.4,Win32,144.0092166
,,,,,,space,2.9619,,,0,52,52,52,1,52,images/pixabay_cat_000460.jpg,Eddy,001,2022-04-11_14h11.24.488,Cat face rating experiment_500-1000,2021.1.4,Win32,144.0092166
,,,,,,space,1.1018,,,0,53,53,53,1,53,images/pixabay_cat_004319.jpg,Eddy,001,2022-04-11_14h11.24.488,Cat face rating experiment_500-1000,2021.1.4,Win32,144.0092166
,,,,,,space,2.0199,2,1.5582,0,54,54,54,1,54,images/pixabay_cat_002496.jpg,Eddy,001,2022-04-11_14h11.24.488,Cat face rating experiment_500-1000,2021.1.4,Win32,144.0092166
,,,,,,space,2.2008,6,2.0063,0,55,55,55,1,55,images/pixabay_cat_001800.jpg,Eddy,001,2022-04-11_14h11.24.488,Cat face rating experiment_500-1000,2021.1.4,Win32,144.0092166
,,,,,,space,1.9203,5,1.0039,0,56,56,56,1,56,images/pixabay_cat_002878.jpg,Eddy,001,2022-04-11_14h11.24.488,Cat face rating experiment_500-1000,2021.1.4,Win32,144.0092166
,,,,,,space,1.6194,7,1.3216,0,57,57,57,1,57,images/pixabay_cat_004438.jpg,Eddy,001,2022-04-11_14h11.24.488,Cat face rating experiment_500-1000,2021.1.4,Win32,144.0092166
,,,,,,space,1.9559,5,1.648,0,58,58,58,1,58,images/pixabay_cat_002400.jpg,Eddy,001,2022-04-11_14h11.24.488,Cat face rating experiment_500-1000,2021.1.4,Win32,144.0092166
,,,,,,space,1.2434,2,1.0342,0,59,59,59,1,59,images/pixabay_cat_004302.jpg,Eddy,001,2022-04-11_14h11.24.488,Cat face rating experiment_500-1000,2021.1.4,Win32,144.0092166
,,,,,,space,3.0041,4,2.5173,0,60,60,60,1,60,images/pixabay_cat_000877.jpg,Eddy,001,2022-04-11_14h11.24.488,Cat face rating experiment_500-1000,2021.1.4,Win32,144.0092166
,,,,,,space,4.3357,3,4.1066,0,61,61,61,1,61,images/pixabay_cat_004288.jpg,Eddy,001,2022-04-11_14h11.24.488,Cat face rating experiment_500-1000,2021.1.4,Win32,144.0092166
,,,,,,space,1.3031,,,0,62,62,62,1,62,images/pixabay_cat_003790.jpg,Eddy,001,2022-04-11_14h11.24.488,Cat face rating experiment_500-1000,2021.1.4,Win32,144.0092166
,,,,,,space,1.5663,3,1.203,0,63,63,63,1,63,images/pixabay_cat_002299.jpg,Eddy,001,2022-04-11_14h11.24.488,Cat face rating experiment_500-1000,2021.1.4,Win32,144.0092166
,,,,,,space,6.4859,5,6.1163,0,64,64,64,1,64,images/pixabay_cat_000643.jpg,Eddy,001,2022-04-11_14h11.24.488,Cat face rating experiment_500-1000,2021.1.4,Win32,144.0092166
,,,,,,space,9.864,5,7.448,0,65,65,65,1,65,images/pixabay_cat_000279.jpg,Eddy,001,2022-04-11_14h11.24.488,Cat face rating experiment_500-1000,2021.1.4,Win32,144.0092166
,,,,,,space,1.4865,6,1.3425,0,66,66,66,1,66,images/pixabay_cat_000749.jpg,Eddy,001,2022-04-11_14h11.24.488,Cat face rating experiment_500-1000,2021.1.4,Win32,144.0092166
,,,,,,space,1.9623,4,1.7595,0,67,67,67,1,67,images/flickr_cat_000491.jpg,Eddy,001,2022-04-11_14h11.24.488,Cat face rating experiment_500-1000,2021.1.4,Win32,144.0092166
,,,,,,space,1.6827,2,1.4194,0,68,68,68,1,68,images/pixabay_cat_001393.jpg,Eddy,001,2022-04-11_14h11.24.488,Cat face rating experiment_500-1000,2021.1.4,Win32,144.0092166
,,,,,,space,1.5979,1,1.2884,0,69,69,69,1,69,images/pixabay_cat_001306.jpg,Eddy,001,2022-04-11_14h11.24.488,Cat face rating experiment_500-1000,2021.1.4,Win32,144.0092166
,,,,,,space,2.0404,2,1.3915,0,70,70,70,1,70,images/pixabay_cat_001232.jpg,Eddy,001,2022-04-11_14h11.24.488,Cat face rating experiment_500-1000,2021.1.4,Win32,144.0092166
,,,,,,space,1.2926,3,1.0872,0,71,71,71,1,71,images/pixabay_cat_004204.jpg,Eddy,001,2022-04-11_14h11.24.488,Cat face rating experiment_500-1000,2021.1.4,Win32,144.0092166
,,,,,,space,3.0006,6,2.7113,0,72,72,72,1,72,images/pixabay_cat_000286.jpg,Eddy,001,2022-04-11_14h11.24.488,Cat face rating experiment_500-1000,2021.1.4,Win32,144.0092166
,,,,,,space,3.3762,5,0.9775,0,73,73,73,1,73,images/pixabay_cat_002003.jpg,Eddy,001,2022-04-11_14h11.24.488,Cat face rating experiment_500-1000,2021.1.4,Win32,144.0092166
,,,,,,space,1.7435,1,1.1847,0,74,74,74,1,74,images/flickr_cat_000476.jpg,Eddy,001,2022-04-11_14h11.24.488,Cat face rating experiment_500-1000,2021.1.4,Win32,144.0092166
,,,,,,space,1.9774,1,1.1916,0,75,75,75,1,75,images/pixabay_cat_002626.jpg,Eddy,001,2022-04-11_14h11.24.488,Cat face rating experiment_500-1000,2021.1.4,Win32,144.0092166
,,,,,,space,3.7222,3,1.3989,0,76,76,76,1,76,images/pixabay_cat_003259.jpg,Eddy,001,2022-04-11_14h11.24.488,Cat face rating experiment_500-1000,2021.1.4,Win32,144.0092166
,,,,,,space,2.0177,3,1.76,0,77,77,77,1,77,images/pixabay_cat_000905.jpg,Eddy,001,2022-04-11_14h11.24.488,Cat face rating experiment_500-1000,2021.1.4,Win32,144.0092166
,,,,,,space,1.2541,5,1.0401,0,78,78,78,1,78,images/pixabay_cat_002123.jpg,Eddy,001,2022-04-11_14h11.24.488,Cat face rating experiment_500-1000,2021.1.4,Win32,144.0092166
,,,,,,space,1.2849,,,0,79,79,79,1,79,images/flickr_cat_000521.jpg,Eddy,001,2022-04-11_14h11.24.488,Cat face rating experiment_500-1000,2021.1.4,Win32,144.0092166
,,,,,,space,1.5097,3,1.252,0,80,80,80,1,80,images/pixabay_cat_003620.jpg,Eddy,001,2022-04-11_14h11.24.488,Cat face rating experiment_500-1000,2021.1.4,Win32,144.0092166
,,,,,,space,1.5387,,,0,81,81,81,1,81,images/pixabay_cat_004489.jpg,Eddy,001,2022-04-11_14h11.24.488,Cat face rating experiment_500-1000,2021.1.4,Win32,144.0092166
,,,,,,space,1.4671,3,1.2828,0,82,82,82,1,82,images/pixabay_cat_003468.jpg,Eddy,001,2022-04-11_14h11.24.488,Cat face rating experiment_500-1000,2021.1.4,Win32,144.0092166
,,,,,,space,2.2394,3,2.1018,0,83,83,83,1,83,images/pixabay_cat_001310.jpg,Eddy,001,2022-04-11_14h11.24.488,Cat face rating experiment_500-1000,2021.1.4,Win32,144.0092166
,,,,,,space,2.9943,,,0,84,84,84,1,84,images/pixabay_cat_001617.jpg,Eddy,001,2022-04-11_14h11.24.488,Cat face rating experiment_500-1000,2021.1.4,Win32,144.0092166
,,,,,,space,1.2756,,,0,85,85,85,1,85,images/pixabay_cat_003431.jpg,Eddy,001,2022-04-11_14h11.24.488,Cat face rating experiment_500-1000,2021.1.4,Win32,144.0092166
,,,,,,space,1.7336,,,0,86,86,86,1,86,images/flickr_cat_000422.jpg,Eddy,001,2022-04-11_14h11.24.488,Cat face rating experiment_500-1000,2021.1.4,Win32,144.0092166
,,,,,,space,2.1212,5,1.1495,0,87,87,87,1,87,images/pixabay_cat_003970.jpg,Eddy,001,2022-04-11_14h11.24.488,Cat face rating experiment_500-1000,2021.1.4,Win32,144.0092166
,,,,,,space,4.0443,4,3.9131,0,88,88,88,1,88,images/pixabay_cat_002324.jpg,Eddy,001,2022-04-11_14h11.24.488,Cat face rating experiment_500-1000,2021.1.4,Win32,144.0092166
,,,,,,space,4.8309,3,3.4489,0,89,89,89,1,89,images/pixabay_cat_002954.jpg,Eddy,001,2022-04-11_14h11.24.488,Cat face rating experiment_500-1000,2021.1.4,Win32,144.0092166
,,,,,,space,1.3738,5,1.1703,0,90,90,90,1,90,images/pixabay_cat_003345.jpg,Eddy,001,2022-04-11_14h11.24.488,Cat face rating experiment_500-1000,2021.1.4,Win32,144.0092166
,,,,,,space,2.295,3,1.6166,0,91,91,91,1,91,images/pixabay_cat_001032.jpg,Eddy,001,2022-04-11_14h11.24.488,Cat face rating experiment_500-1000,2021.1.4,Win32,144.0092166
,,,,,,space,2.0969,5,1.9003,0,92,92,92,1,92,images/pixabay_cat_003917.jpg,Eddy,001,2022-04-11_14h11.24.488,Cat face rating experiment_500-1000,2021.1.4,Win32,144.0092166
,,,,,,space,1.3644,,,0,93,93,93,1,93,images/pixabay_cat_002548.jpg,Eddy,001,2022-04-11_14h11.24.488,Cat face rating experiment_500-1000,2021.1.4,Win32,144.0092166
,,,,,,space,1.7713,,,0,94,94,94,1,94,images/pixabay_cat_001108.jpg,Eddy,001,2022-04-11_14h11.24.488,Cat face rating experiment_500-1000,2021.1.4,Win32,144.0092166
,,,,,,space,2.2308,5,1.4507,0,95,95,95,1,95,images/flickr_cat_000817.jpg,Eddy,001,2022-04-11_14h11.24.488,Cat face rating experiment_500-1000,2021.1.4,Win32,144.0092166
,,,,,,space,1.8061,2,1.5809,0,96,96,96,1,96,images/pixabay_cat_002339.jpg,Eddy,001,2022-04-11_14h11.24.488,Cat face rating experiment_500-1000,2021.1.4,Win32,144.0092166
,,,,,,space,2.9911,3,1.7403,0,97,97,97,1,97,images/flickr_cat_000012.jpg,Eddy,001,2022-04-11_14h11.24.488,Cat face rating experiment_500-1000,2021.1.4,Win32,144.0092166
,,,,,,space,1.352,,,0,98,98,98,1,98,images/pixabay_cat_003533.jpg,Eddy,001,2022-04-11_14h11.24.488,Cat face rating experiment_500-1000,2021.1.4,Win32,144.0092166
,,,,,,space,1.4351,,,0,99,99,99,1,99,images/pixabay_cat_002544.jpg,Eddy,001,2022-04-11_14h11.24.488,Cat face rating experiment_500-1000,2021.1.4,Win32,144.0092166
,,,,,,space,1.4398,3,1.2661,0,100,100,100,1,100,images/pixabay_cat_002215.jpg,Eddy,001,2022-04-11_14h11.24.488,Cat face rating experiment_500-1000,2021.1.4,Win32,144.0092166
,,,,,,space,1.5812,,,0,101,101,101,1,101,images/flickr_cat_000444.jpg,Eddy,001,2022-04-11_14h11.24.488,Cat face rating experiment_500-1000,2021.1.4,Win32,144.0092166
,,,,,,space,6.266,4,6.0337,0,102,102,102,1,102,images/pixabay_cat_002035.jpg,Eddy,001,2022-04-11_14h11.24.488,Cat face rating experiment_500-1000,2021.1.4,Win32,144.0092166
,,,,,,space,1.7604,3,1.5508,0,103,103,103,1,103,images/flickr_cat_000168.jpg,Eddy,001,2022-04-11_14h11.24.488,Cat face rating experiment_500-1000,2021.1.4,Win32,144.0092166
,,,,,,space,5.6461,3,5.3784,0,104,104,104,1,104,images/pixabay_cat_002771.jpg,Eddy,001,2022-04-11_14h11.24.488,Cat face rating experiment_500-1000,2021.1.4,Win32,144.0092166
,,,,,,space,2.2537,4,2.0161,0,105,105,105,1,105,images/pixabay_cat_004344.jpg,Eddy,001,2022-04-11_14h11.24.488,Cat face rating experiment_500-1000,2021.1.4,Win32,144.0092166
,,,,,,space,3.1047,5,2.823,0,106,106,106,1,106,images/pixabay_cat_002959.jpg,Eddy,001,2022-04-11_14h11.24.488,Cat face rating experiment_500-1000,2021.1.4,Win32,144.0092166
,,,,,,space,1.3065,3,1.1133,0,107,107,107,1,107,images/pixabay_cat_000364.jpg,Eddy,001,2022-04-11_14h11.24.488,Cat face rating experiment_500-1000,2021.1.4,Win32,144.0092166
,,,,,,space,4.332,3,4.059,0,108,108,108,1,108,images/pixabay_cat_001453.jpg,Eddy,001,2022-04-11_14h11.24.488,Cat face rating experiment_500-1000,2021.1.4,Win32,144.0092166
,,,,,,space,2.1422,,,0,109,109,109,1,109,images/pixabay_cat_004012.jpg,Eddy,001,2022-04-11_14h11.24.488,Cat face rating experiment_500-1000,2021.1.4,Win32,144.0092166
,,,,,,space,4.2553,3,3.69,0,110,110,110,1,110,images/pixabay_cat_000235.jpg,Eddy,001,2022-04-11_14h11.24.488,Cat face rating experiment_500-1000,2021.1.4,Win32,144.0092166
,,,,,,space,1.9824,5,1.6942,0,111,111,111,1,111,images/pixabay_cat_004209.jpg,Eddy,001,2022-04-11_14h11.24.488,Cat face rating experiment_500-1000,2021.1.4,Win32,144.0092166
,,,,,,space,1.8937,5,1.6841,0,112,112,112,1,112,images/pixabay_cat_004402.jpg,Eddy,001,2022-04-11_14h11.24.488,Cat face rating experiment_500-1000,2021.1.4,Win32,144.0092166
,,,,,,space,1.6209,5,1.3566,0,113,113,113,1,113,images/pixabay_cat_002476.jpg,Eddy,001,2022-04-11_14h11.24.488,Cat face rating experiment_500-1000,2021.1.4,Win32,144.0092166
,,,,,,space,1.1466,6,0.9128,0,114,114,114,1,114,images/pixabay_cat_002513.jpg,Eddy,001,2022-04-11_14h11.24.488,Cat face rating experiment_500-1000,2021.1.4,Win32,144.0092166
,,,,,,space,1.7181,,,0,115,115,115,1,115,images/flickr_cat_000087.jpg,Eddy,001,2022-04-11_14h11.24.488,Cat face rating experiment_500-1000,2021.1.4,Win32,144.0092166
,,,,,,space,1.1791,,,0,116,116,116,1,116,images/pixabay_cat_004724.jpg,Eddy,001,2022-04-11_14h11.24.488,Cat face rating experiment_500-1000,2021.1.4,Win32,144.0092166
,,,,,,space,7.5715,3,7.3202,0,117,117,117,1,117,images/pixabay_cat_001242.jpg,Eddy,001,2022-04-11_14h11.24.488,Cat face rating experiment_500-1000,2021.1.4,Win32,144.0092166
,,,,,,space,1.3926,,,0,118,118,118,1,118,images/pixabay_cat_002606.jpg,Eddy,001,2022-04-11_14h11.24.488,Cat face rating experiment_500-1000,2021.1.4,Win32,144.0092166
,,,,,,space,1.7373,5,1.4159,0,119,119,119,1,119,images/flickr_cat_000417.jpg,Eddy,001,2022-04-11_14h11.24.488,Cat face rating experiment_500-1000,2021.1.4,Win32,144.0092166
,,,,,,space,3.033,,,0,120,120,120,1,120,images/pixabay_cat_001122.jpg,Eddy,001,2022-04-11_14h11.24.488,Cat face rating experiment_500-1000,2021.1.4,Win32,144.0092166
,,,,,,space,2.8395,3,1.78,0,121,121,121,1,121,images/pixabay_cat_003199.jpg,Eddy,001,2022-04-11_14h11.24.488,Cat face rating experiment_500-1000,2021.1.4,Win32,144.0092166
,,,,,,space,1.1234,,,0,122,122,122,1,122,images/flickr_cat_000648.jpg,Eddy,001,2022-04-11_14h11.24.488,Cat face rating experiment_500-1000,2021.1.4,Win32,144.0092166
,,,,,,space,3.1184,6,2.5242,0,123,123,123,1,123,images/pixabay_cat_002412.jpg,Eddy,001,2022-04-11_14h11.24.488,Cat face rating experiment_500-1000,2021.1.4,Win32,144.0092166
,,,,,,space,10.1223,2,9.8648,0,124,124,124,1,124,images/pixabay_cat_003145.jpg,Eddy,001,2022-04-11_14h11.24.488,Cat face rating experiment_500-1000,2021.1.4,Win32,144.0092166
,,,,,,space,1.7754,2,1.2278,0,125,125,125,1,125,images/pixabay_cat_003066.jpg,Eddy,001,2022-04-11_14h11.24.488,Cat face rating experiment_500-1000,2021.1.4,Win32,144.0092166
,,,,,,space,1.6129,,,0,126,126,126,1,126,images/pixabay_cat_004736.jpg,Eddy,001,2022-04-11_14h11.24.488,Cat face rating experiment_500-1000,2021.1.4,Win32,144.0092166
,,,,,,space,1.28,5,1.0859,0,127,127,127,1,127,images/pixabay_cat_003163.jpg,Eddy,001,2022-04-11_14h11.24.488,Cat face rating experiment_500-1000,2021.1.4,Win32,144.0092166
,,,,,,space,1.2397,6,1.0578,0,128,128,128,1,128,images/pixabay_cat_002777.jpg,Eddy,001,2022-04-11_14h11.24.488,Cat face rating experiment_500-1000,2021.1.4,Win32,144.0092166
,,,,,,space,1.3286,5,1.1217,0,129,129,129,1,129,images/pixabay_cat_003523.jpg,Eddy,001,2022-04-11_14h11.24.488,Cat face rating experiment_500-1000,2021.1.4,Win32,144.0092166
,,,,,,space,1.6125,2,1.2875,0,130,130,130,1,130,images/pixabay_cat_002758.jpg,Eddy,001,2022-04-11_14h11.24.488,Cat face rating experiment_500-1000,2021.1.4,Win32,144.0092166
,,,,,,space,1.8745,2,1.6509,0,131,131,131,1,131,images/pixabay_cat_004659.jpg,Eddy,001,2022-04-11_14h11.24.488,Cat face rating experiment_500-1000,2021.1.4,Win32,144.0092166
,,,,,,space,2.5764,2,2.3636,0,132,132,132,1,132,images/pixabay_cat_002725.jpg,Eddy,001,2022-04-11_14h11.24.488,Cat face rating experiment_500-1000,2021.1.4,Win32,144.0092166
,,,,,,space,1.9862,5,1.7398,0,133,133,133,1,133,images/pixabay_cat_000488.jpg,Eddy,001,2022-04-11_14h11.24.488,Cat face rating experiment_500-1000,2021.1.4,Win32,144.0092166
,,,,,,space,3.3664,4,3.151,0,134,134,134,1,134,images/pixabay_cat_003232.jpg,Eddy,001,2022-04-11_14h11.24.488,Cat face rating experiment_500-1000,2021.1.4,Win32,144.0092166
,,,,,,space,3.3332,3,3.1072,0,135,135,135,1,135,images/pixabay_cat_001764.jpg,Eddy,001,2022-04-11_14h11.24.488,Cat face rating experiment_500-1000,2021.1.4,Win32,144.0092166
,,,,,,space,3.0838,3,2.8236,0,136,136,136,1,136,images/pixabay_cat_003339.jpg,Eddy,001,2022-04-11_14h11.24.488,Cat face rating experiment_500-1000,2021.1.4,Win32,144.0092166
,,,,,,space,4.4627,2,3.9203,0,137,137,137,1,137,images/pixabay_cat_003499.jpg,Eddy,001,2022-04-11_14h11.24.488,Cat face rating experiment_500-1000,2021.1.4,Win32,144.0092166
,,,,,,space,2.2057,2,1.9101,0,138,138,138,1,138,images/pixabay_cat_003157.jpg,Eddy,001,2022-04-11_14h11.24.488,Cat face rating experiment_500-1000,2021.1.4,Win32,144.0092166
,,,,,,space,1.7202,2,1.3985,0,139,139,139,1,139,images/pixabay_cat_004749.jpg,Eddy,001,2022-04-11_14h11.24.488,Cat face rating experiment_500-1000,2021.1.4,Win32,144.0092166
,,,,,,space,2.0061,3,1.3124,0,140,140,140,1,140,images/pixabay_cat_000232.jpg,Eddy,001,2022-04-11_14h11.24.488,Cat face rating experiment_500-1000,2021.1.4,Win32,144.0092166
,,,,,,space,2.5085,5,2.3266,0,141,141,141,1,141,images/flickr_cat_000037.jpg,Eddy,001,2022-04-11_14h11.24.488,Cat face rating experiment_500-1000,2021.1.4,Win32,144.0092166
,,,,,,space,1.7003,3,1.4963,0,142,142,142,1,142,images/pixabay_cat_001162.jpg,Eddy,001,2022-04-11_14h11.24.488,Cat face rating experiment_500-1000,2021.1.4,Win32,144.0092166
,,,,,,space,8.5553,3,8.1501,0,143,143,143,1,143,images/pixabay_cat_002213.jpg,Eddy,001,2022-04-11_14h11.24.488,Cat face rating experiment_500-1000,2021.1.4,Win32,144.0092166
,,,,,,space,2.6882,6,2.4355,0,144,144,144,1,144,images/pixabay_cat_004105.jpg,Eddy,001,2022-04-11_14h11.24.488,Cat face rating experiment_500-1000,2021.1.4,Win32,144.0092166
,,,,,,space,1.5839,6,1.3562,0,145,145,145,1,145,images/pixabay_cat_004205.jpg,Eddy,001,2022-04-11_14h11.24.488,Cat face rating experiment_500-1000,2021.1.4,Win32,144.0092166
,,,,,,space,3.3991,5,2.5026,0,146,146,146,1,146,images/pixabay_cat_004518.jpg,Eddy,001,2022-04-11_14h11.24.488,Cat face rating experiment_500-1000,2021.1.4,Win32,144.0092166
,,,,,,space,1.5337,6,1.2343,0,147,147,147,1,147,images/pixabay_cat_001246.jpg,Eddy,001,2022-04-11_14h11.24.488,Cat face rating experiment_500-1000,2021.1.4,Win32,144.0092166
,,,,,,space,1.3345,6,1.0539,0,148,148,148,1,148,images/pixabay_cat_003002.jpg,Eddy,001,2022-04-11_14h11.24.488,Cat face rating experiment_500-1000,2021.1.4,Win32,144.0092166
,,,,,,space,2.3929,,,0,149,149,149,1,149,images/pixabay_cat_003234.jpg,Eddy,001,2022-04-11_14h11.24.488,Cat face rating experiment_500-1000,2021.1.4,Win32,144.0092166
,,,,,,space,1.5251,3,1.3714,0,150,150,150,1,150,images/pixabay_cat_001948.jpg,Eddy,001,2022-04-11_14h11.24.488,Cat face rating experiment_500-1000,2021.1.4,Win32,144.0092166
,,,,,,space,2.1468,5,1.9473,0,151,151,151,1,151,images/pixabay_cat_004172.jpg,Eddy,001,2022-04-11_14h11.24.488,Cat face rating experiment_500-1000,2021.1.4,Win32,144.0092166
,,,,,,space,11.098,4,4.1622,0,152,152,152,1,152,images/pixabay_cat_003955.jpg,Eddy,001,2022-04-11_14h11.24.488,Cat face rating experiment_500-1000,2021.1.4,Win32,144.0092166
,,,,,,space,1.4829,,,0,153,153,153,1,153,images/pixabay_cat_002828.jpg,Eddy,001,2022-04-11_14h11.24.488,Cat face rating experiment_500-1000,2021.1.4,Win32,144.0092166
,,,,,,space,3.7506,5,2.9111,0,154,154,154,1,154,images/flickr_cat_000004.jpg,Eddy,001,2022-04-11_14h11.24.488,Cat face rating experiment_500-1000,2021.1.4,Win32,144.0092166
,,,,,,space,3.0199,6,2.7733,0,155,155,155,1,155,images/pixabay_cat_001633.jpg,Eddy,001,2022-04-11_14h11.24.488,Cat face rating experiment_500-1000,2021.1.4,Win32,144.0092166
,,,,,,space,1.7028,6,1.4344,0,156,156,156,1,156,images/pixabay_cat_000451.jpg,Eddy,001,2022-04-11_14h11.24.488,Cat face rating experiment_500-1000,2021.1.4,Win32,144.0092166
,,,,,,space,2.0188,6,1.6977,0,157,157,157,1,157,images/pixabay_cat_004432.jpg,Eddy,001,2022-04-11_14h11.24.488,Cat face rating experiment_500-1000,2021.1.4,Win32,144.0092166
,,,,,,space,2.2438,,,0,158,158,158,1,158,images/flickr_cat_000475.jpg,Eddy,001,2022-04-11_14h11.24.488,Cat face rating experiment_500-1000,2021.1.4,Win32,144.0092166
,,,,,,space,1.6146,3,1.2635,0,159,159,159,1,159,images/pixabay_cat_003737.jpg,Eddy,001,2022-04-11_14h11.24.488,Cat face rating experiment_500-1000,2021.1.4,Win32,144.0092166
,,,,,,space,1.8043,5,1.4329,0,160,160,160,1,160,images/flickr_cat_000259.jpg,Eddy,001,2022-04-11_14h11.24.488,Cat face rating experiment_500-1000,2021.1.4,Win32,144.0092166
,,,,,,space,1.6357,5,1.3484,0,161,161,161,1,161,images/pixabay_cat_001089.jpg,Eddy,001,2022-04-11_14h11.24.488,Cat face rating experiment_500-1000,2021.1.4,Win32,144.0092166
,,,,,,space,3.0834,6,2.6241,0,162,162,162,1,162,images/pixabay_cat_000778.jpg,Eddy,001,2022-04-11_14h11.24.488,Cat face rating experiment_500-1000,2021.1.4,Win32,144.0092166
,,,,,,space,2.4229,7,2.2198,0,163,163,163,1,163,images/pixabay_cat_000558.jpg,Eddy,001,2022-04-11_14h11.24.488,Cat face rating experiment_500-1000,2021.1.4,Win32,144.0092166
,,,,,,space,6.9139,5,4.2139,0,164,164,164,1,164,images/flickr_cat_000324.jpg,Eddy,001,2022-04-11_14h11.24.488,Cat face rating experiment_500-1000,2021.1.4,Win32,144.0092166
,,,,,,space,1.9287,5,1.1843,0,165,165,165,1,165,images/pixabay_cat_004748.jpg,Eddy,001,2022-04-11_14h11.24.488,Cat face rating experiment_500-1000,2021.1.4,Win32,144.0092166
,,,,,,space,1.6614,2,1.1308,0,166,166,166,1,166,images/pixabay_cat_004567.jpg,Eddy,001,2022-04-11_14h11.24.488,Cat face rating experiment_500-1000,2021.1.4,Win32,144.0092166
,,,,,,space,1.2354,,,0,167,167,167,1,167,images/pixabay_cat_004184.jpg,Eddy,001,2022-04-11_14h11.24.488,Cat face rating experiment_500-1000,2021.1.4,Win32,144.0092166
,,,,,,space,2.7958,3,1.8228,0,168,168,168,1,168,images/pixabay_cat_003067.jpg,Eddy,001,2022-04-11_14h11.24.488,Cat face rating experiment_500-1000,2021.1.4,Win32,144.0092166
,,,,,,space,1.5769,5,1.3489,0,169,169,169,1,169,images/pixabay_cat_003588.jpg,Eddy,001,2022-04-11_14h11.24.488,Cat face rating experiment_500-1000,2021.1.4,Win32,144.0092166
,,,,,,space,2.6114,5,2.2962,0,170,170,170,1,170,images/pixabay_cat_001201.jpg,Eddy,001,2022-04-11_14h11.24.488,Cat face rating experiment_500-1000,2021.1.4,Win32,144.0092166
,,,,,,space,2.0615,3,1.773,0,171,171,171,1,171,images/pixabay_cat_002964.jpg,Eddy,001,2022-04-11_14h11.24.488,Cat face rating experiment_500-1000,2021.1.4,Win32,144.0092166
,,,,,,space,1.9155,3,1.6854,0,172,172,172,1,172,images/pixabay_cat_003947.jpg,Eddy,001,2022-04-11_14h11.24.488,Cat face rating experiment_500-1000,2021.1.4,Win32,144.0092166
,,,,,,space,2.9515,5,1.8219,0,173,173,173,1,173,images/flickr_cat_000239.jpg,Eddy,001,2022-04-11_14h11.24.488,Cat face rating experiment_500-1000,2021.1.4,Win32,144.0092166
,,,,,,space,1.6644,2,1.4547,0,174,174,174,1,174,images/flickr_cat_000623.jpg,Eddy,001,2022-04-11_14h11.24.488,Cat face rating experiment_500-1000,2021.1.4,Win32,144.0092166
,,,,,,space,2.9503,3,2.3922,0,175,175,175,1,175,images/flickr_cat_000435.jpg,Eddy,001,2022-04-11_14h11.24.488,Cat face rating experiment_500-1000,2021.1.4,Win32,144.0092166
,,,,,,space,1.8918,5,1.5583,0,176,176,176,1,176,images/pixabay_cat_004000.jpg,Eddy,001,2022-04-11_14h11.24.488,Cat face rating experiment_500-1000,2021.1.4,Win32,144.0092166
,,,,,,space,1.6559,5,1.4891,0,177,177,177,1,177,images/pixabay_cat_000886.jpg,Eddy,001,2022-04-11_14h11.24.488,Cat face rating experiment_500-1000,2021.1.4,Win32,144.0092166
,,,,,,space,6.2492,5,5.7732,0,178,178,178,1,178,images/pixabay_cat_002330.jpg,Eddy,001,2022-04-11_14h11.24.488,Cat face rating experiment_500-1000,2021.1.4,Win32,144.0092166
,,,,,,space,1.9755,,,0,179,179,179,1,179,images/pixabay_cat_004501.jpg,Eddy,001,2022-04-11_14h11.24.488,Cat face rating experiment_500-1000,2021.1.4,Win32,144.0092166
,,,,,,space,1.2371,,,0,180,180,180,1,180,images/pixabay_cat_000528.jpg,Eddy,001,2022-04-11_14h11.24.488,Cat face rating experiment_500-1000,2021.1.4,Win32,144.0092166
,,,,,,space,1.3172,,,0,181,181,181,1,181,images/pixabay_cat_004040.jpg,Eddy,001,2022-04-11_14h11.24.488,Cat face rating experiment_500-1000,2021.1.4,Win32,144.0092166
,,,,,,space,1.1204,,,0,182,182,182,1,182,images/pixabay_cat_001982.jpg,Eddy,001,2022-04-11_14h11.24.488,Cat face rating experiment_500-1000,2021.1.4,Win32,144.0092166
,,,,,,space,1.9149,3,1.636,0,183,183,183,1,183,images/pixabay_cat_004129.jpg,Eddy,001,2022-04-11_14h11.24.488,Cat face rating experiment_500-1000,2021.1.4,Win32,144.0092166
,,,,,,space,1.1649,,,0,184,184,184,1,184,images/pixabay_cat_003142.jpg,Eddy,001,2022-04-11_14h11.24.488,Cat face rating experiment_500-1000,2021.1.4,Win32,144.0092166
,,,,,,space,1.4697,5,1.2467,0,185,185,185,1,185,images/pixabay_cat_002110.jpg,Eddy,001,2022-04-11_14h11.24.488,Cat face rating experiment_500-1000,2021.1.4,Win32,144.0092166
,,,,,,space,1.7759,2,1.4563,0,186,186,186,1,186,images/pixabay_cat_000580.jpg,Eddy,001,2022-04-11_14h11.24.488,Cat face rating experiment_500-1000,2021.1.4,Win32,144.0092166
,,,,,,space,1.5417,2,1.2884,0,187,187,187,1,187,images/pixabay_cat_000271.jpg,Eddy,001,2022-04-11_14h11.24.488,Cat face rating experiment_500-1000,2021.1.4,Win32,144.0092166
,,,,,,space,1.7553,2,1.426,0,188,188,188,1,188,images/pixabay_cat_002864.jpg,Eddy,001,2022-04-11_14h11.24.488,Cat face rating experiment_500-1000,2021.1.4,Win32,144.0092166
,,,,,,space,1.4697,5,1.2154,0,189,189,189,1,189,images/pixabay_cat_004389.jpg,Eddy,001,2022-04-11_14h11.24.488,Cat face rating experiment_500-1000,2021.1.4,Win32,144.0092166
,,,,,,space,3.9301,6,3.4841,0,190,190,190,1,190,images/pixabay_cat_001514.jpg,Eddy,001,2022-04-11_14h11.24.488,Cat face rating experiment_500-1000,2021.1.4,Win32,144.0092166
,,,,,,space,1.6852,6,1.0524,0,191,191,191,1,191,images/pixabay_cat_000640.jpg,Eddy,001,2022-04-11_14h11.24.488,Cat face rating experiment_500-1000,2021.1.4,Win32,144.0092166
,,,,,,space,1.8306,5,1.134,0,192,192,192,1,192,images/pixabay_cat_004547.jpg,Eddy,001,2022-04-11_14h11.24.488,Cat face rating experiment_500-1000,2021.1.4,Win32,144.0092166
,,,,,,space,1.423,5,1.2564,0,193,193,193,1,193,images/pixabay_cat_002667.jpg,Eddy,001,2022-04-11_14h11.24.488,Cat face rating experiment_500-1000,2021.1.4,Win32,144.0092166
,,,,,,space,2.4071,2,1.2158,0,194,194,194,1,194,images/pixabay_cat_000199.jpg,Eddy,001,2022-04-11_14h11.24.488,Cat face rating experiment_500-1000,2021.1.4,Win32,144.0092166
,,,,,,space,1.3065,3,0.9938,0,195,195,195,1,195,images/pixabay_cat_000711.jpg,Eddy,001,2022-04-11_14h11.24.488,Cat face rating experiment_500-1000,2021.1.4,Win32,144.0092166
,,,,,,space,1.3113,3,1.0404,0,196,196,196,1,196,images/pixabay_cat_004786.jpg,Eddy,001,2022-04-11_14h11.24.488,Cat face rating experiment_500-1000,2021.1.4,Win32,144.0092166
,,,,,,space,1.6197,3,1.3773,0,197,197,197,1,197,images/pixabay_cat_001741.jpg,Eddy,001,2022-04-11_14h11.24.488,Cat face rating experiment_500-1000,2021.1.4,Win32,144.0092166
,,,,,,space,1.094,,,0,198,198,198,1,198,images/pixabay_cat_004628.jpg,Eddy,001,2022-04-11_14h11.24.488,Cat face rating experiment_500-1000,2021.1.4,Win32,144.0092166
,,,,,,space,0.8996,,,0,199,199,199,1,199,images/pixabay_cat_002551.jpg,Eddy,001,2022-04-11_14h11.24.488,Cat face rating experiment_500-1000,2021.1.4,Win32,144.0092166
,,,,,,space,3.618,3,2.2859,0,200,200,200,1,200,images/pixabay_cat_002012.jpg,Eddy,001,2022-04-11_14h11.24.488,Cat face rating experiment_500-1000,2021.1.4,Win32,144.0092166
,,,,,,space,2.1977,2,1.8988,0,201,201,201,1,201,images/flickr_cat_000725.jpg,Eddy,001,2022-04-11_14h11.24.488,Cat face rating experiment_500-1000,2021.1.4,Win32,144.0092166
,,,,,,space,3.1032,3,2.8219,0,202,202,202,1,202,images/pixabay_cat_000259.jpg,Eddy,001,2022-04-11_14h11.24.488,Cat face rating experiment_500-1000,2021.1.4,Win32,144.0092166
,,,,,,space,2.9351,3,2.5897,0,203,203,203,1,203,images/pixabay_cat_004423.jpg,Eddy,001,2022-04-11_14h11.24.488,Cat face rating experiment_500-1000,2021.1.4,Win32,144.0092166
,,,,,,space,1.7395,5,1.5892,0,204,204,204,1,204,images/flickr_cat_000587.jpg,Eddy,001,2022-04-11_14h11.24.488,Cat face rating experiment_500-1000,2021.1.4,Win32,144.0092166
,,,,,,space,1.1774,,,0,205,205,205,1,205,images/pixabay_cat_001737.jpg,Eddy,001,2022-04-11_14h11.24.488,Cat face rating experiment_500-1000,2021.1.4,Win32,144.0092166
,,,,,,space,1.3528,,,0,206,206,206,1,206,images/pixabay_cat_004757.jpg,Eddy,001,2022-04-11_14h11.24.488,Cat face rating experiment_500-1000,2021.1.4,Win32,144.0092166
,,,,,,space,1.6597,3,1.5131,0,207,207,207,1,207,images/pixabay_cat_004248.jpg,Eddy,001,2022-04-11_14h11.24.488,Cat face rating experiment_500-1000,2021.1.4,Win32,144.0092166
,,,,,,space,3.7603,3,3.5505,0,208,208,208,1,208,images/pixabay_cat_000154.jpg,Eddy,001,2022-04-11_14h11.24.488,Cat face rating experiment_500-1000,2021.1.4,Win32,144.0092166
,,,,,,space,6.5177,5,6.2659,0,209,209,209,1,209,images/pixabay_cat_000243.jpg,Eddy,001,2022-04-11_14h11.24.488,Cat face rating experiment_500-1000,2021.1.4,Win32,144.0092166
,,,,,,space,1.1261,,,0,210,210,210,1,210,images/pixabay_cat_000022.jpg,Eddy,001,2022-04-11_14h11.24.488,Cat face rating experiment_500-1000,2021.1.4,Win32,144.0092166
,,,,,,space,1.88,3,1.5305,0,211,211,211,1,211,images/pixabay_cat_000740.jpg,Eddy,001,2022-04-11_14h11.24.488,Cat face rating experiment_500-1000,2021.1.4,Win32,144.0092166
,,,,,,space,3.8871,3,3.6561,0,212,212,212,1,212,images/pixabay_cat_003922.jpg,Eddy,001,2022-04-11_14h11.24.488,Cat face rating experiment_500-1000,2021.1.4,Win32,144.0092166
,,,,,,space,4.116,5,3.2336,0,213,213,213,1,213,images/pixabay_cat_004609.jpg,Eddy,001,2022-04-11_14h11.24.488,Cat face rating experiment_500-1000,2021.1.4,Win32,144.0092166
,,,,,,space,1.1261,,,0,214,214,214,1,214,images/pixabay_cat_003765.jpg,Eddy,001,2022-04-11_14h11.24.488,Cat face rating experiment_500-1000,2021.1.4,Win32,144.0092166
,,,,,,space,2.9168,2,2.6328,0,215,215,215,1,215,images/pixabay_cat_002222.jpg,Eddy,001,2022-04-11_14h11.24.488,Cat face rating experiment_500-1000,2021.1.4,Win32,144.0092166
,,,,,,space,1.5671,3,1.3996,0,216,216,216,1,216,images/pixabay_cat_002853.jpg,Eddy,001,2022-04-11_14h11.24.488,Cat face rating experiment_500-1000,2021.1.4,Win32,144.0092166
,,,,,,space,4.573,2,2.711,0,217,217,217,1,217,images/pixabay_cat_004352.jpg,Eddy,001,2022-04-11_14h11.24.488,Cat face rating experiment_500-1000,2021.1.4,Win32,144.0092166
,,,,,,space,2.4023,6,2.0659,0,218,218,218,1,218,images/pixabay_cat_003019.jpg,Eddy,001,2022-04-11_14h11.24.488,Cat face rating experiment_500-1000,2021.1.4,Win32,144.0092166
,,,,,,space,1.1945,5,0.9886,0,219,219,219,1,219,images/pixabay_cat_000493.jpg,Eddy,001,2022-04-11_14h11.24.488,Cat face rating experiment_500-1000,2021.1.4,Win32,144.0092166
,,,,,,space,2.0145,3,1.815,0,220,220,220,1,220,images/pixabay_cat_003659.jpg,Eddy,001,2022-04-11_14h11.24.488,Cat face rating experiment_500-1000,2021.1.4,Win32,144.0092166
,,,,,,space,3.2864,2,0.9824,0,221,221,221,1,221,images/pixabay_cat_001524.jpg,Eddy,001,2022-04-11_14h11.24.488,Cat face rating experiment_500-1000,2021.1.4,Win32,144.0092166
,,,,,,space,4.0315,1,3.5484,0,222,222,222,1,222,images/pixabay_cat_004634.jpg,Eddy,001,2022-04-11_14h11.24.488,Cat face rating experiment_500-1000,2021.1.4,Win32,144.0092166
,,,,,,space,7.0505,5,5.0583,0,223,223,223,1,223,images/pixabay_cat_004730.jpg,Eddy,001,2022-04-11_14h11.24.488,Cat face rating experiment_500-1000,2021.1.4,Win32,144.0092166
,,,,,,space,1.8282,6,1.5857,0,224,224,224,1,224,images/pixabay_cat_000874.jpg,Eddy,001,2022-04-11_14h11.24.488,Cat face rating experiment_500-1000,2021.1.4,Win32,144.0092166
,,,,,,space,2.2827,7,1.8841,0,225,225,225,1,225,images/flickr_cat_000379.jpg,Eddy,001,2022-04-11_14h11.24.488,Cat face rating experiment_500-1000,2021.1.4,Win32,144.0092166
,,,,,,space,1.2048,6,0.9355,0,226,226,226,1,226,images/pixabay_cat_003852.jpg,Eddy,001,2022-04-11_14h11.24.488,Cat face rating experiment_500-1000,2021.1.4,Win32,144.0092166
,,,,,,space,2.1473,6,1.3169,0,227,227,227,1,227,images/pixabay_cat_000805.jpg,Eddy,001,2022-04-11_14h11.24.488,Cat face rating experiment_500-1000,2021.1.4,Win32,144.0092166
,,,,,,space,1.7674,5,1.3425,0,228,228,228,1,228,images/pixabay_cat_001579.jpg,Eddy,001,2022-04-11_14h11.24.488,Cat face rating experiment_500-1000,2021.1.4,Win32,144.0092166
,,,,,,space,1.5944,3,1.1409,0,229,229,229,1,229,images/pixabay_cat_000422.jpg,Eddy,001,2022-04-11_14h11.24.488,Cat face rating experiment_500-1000,2021.1.4,Win32,144.0092166
,,,,,,space,2.3817,3,2.0068,0,230,230,230,1,230,images/pixabay_cat_002348.jpg,Eddy,001,2022-04-11_14h11.24.488,Cat face rating experiment_500-1000,2021.1.4,Win32,144.0092166
,,,,,,space,0.9682,,,0,231,231,231,1,231,images/pixabay_cat_001839.jpg,Eddy,001,2022-04-11_14h11.24.488,Cat face rating experiment_500-1000,2021.1.4,Win32,144.0092166
,,,,,,space,0.901,,,0,232,232,232,1,232,images/pixabay_cat_003168.jpg,Eddy,001,2022-04-11_14h11.24.488,Cat face rating experiment_500-1000,2021.1.4,Win32,144.0092166
,,,,,,space,1.1928,3,0.9479,0,233,233,233,1,233,images/pixabay_cat_002052.jpg,Eddy,001,2022-04-11_14h11.24.488,Cat face rating experiment_500-1000,2021.1.4,Win32,144.0092166
,,,,,,space,2.1947,3,1.9464,0,234,234,234,1,234,images/pixabay_cat_000280.jpg,Eddy,001,2022-04-11_14h11.24.488,Cat face rating experiment_500-1000,2021.1.4,Win32,144.0092166
,,,,,,space,6.9837,2,6.6824,0,235,235,235,1,235,images/pixabay_cat_004329.jpg,Eddy,001,2022-04-11_14h11.24.488,Cat face rating experiment_500-1000,2021.1.4,Win32,144.0092166
,,,,,,space,1.4591,5,1.1986,0,236,236,236,1,236,images/pixabay_cat_001068.jpg,Eddy,001,2022-04-11_14h11.24.488,Cat face rating experiment_500-1000,2021.1.4,Win32,144.0092166
,,,,,,space,1.3055,3,1.0457,0,237,237,237,1,237,images/pixabay_cat_001328.jpg,Eddy,001,2022-04-11_14h11.24.488,Cat face rating experiment_500-1000,2021.1.4,Win32,144.0092166
,,,,,,space,1.3801,3,1.2397,0,238,238,238,1,238,images/pixabay_cat_002953.jpg,Eddy,001,2022-04-11_14h11.24.488,Cat face rating experiment_500-1000,2021.1.4,Win32,144.0092166
,,,,,,space,1.0181,,,0,239,239,239,1,239,images/pixabay_cat_001508.jpg,Eddy,001,2022-04-11_14h11.24.488,Cat face rating experiment_500-1000,2021.1.4,Win32,144.0092166
,,,,,,space,1.7764,3,1.1254,0,240,240,240,1,240,images/flickr_cat_000093.jpg,Eddy,001,2022-04-11_14h11.24.488,Cat face rating experiment_500-1000,2021.1.4,Win32,144.0092166
,,,,,,space,1.5524,5,1.3912,0,241,241,241,1,241,images/pixabay_cat_001627.jpg,Eddy,001,2022-04-11_14h11.24.488,Cat face rating experiment_500-1000,2021.1.4,Win32,144.0092166
,,,,,,space,2.1073,6,1.7587,0,242,242,242,1,242,images/pixabay_cat_000011.jpg,Eddy,001,2022-04-11_14h11.24.488,Cat face rating experiment_500-1000,2021.1.4,Win32,144.0092166
,,,,,,space,2.8872,4,2.6913,0,243,243,243,1,243,images/flickr_cat_000787.jpg,Eddy,001,2022-04-11_14h11.24.488,Cat face rating experiment_500-1000,2021.1.4,Win32,144.0092166
,,,,,,space,1.3013,3,1.1222,0,244,244,244,1,244,images/flickr_cat_000467.jpg,Eddy,001,2022-04-11_14h11.24.488,Cat face rating experiment_500-1000,2021.1.4,Win32,144.0092166
,,,,,,space,1.5575,2,1.1702,0,245,245,245,1,245,images/pixabay_cat_001986.jpg,Eddy,001,2022-04-11_14h11.24.488,Cat face rating experiment_500-1000,2021.1.4,Win32,144.0092166
,,,,,,space,3.2217,5,1.9045,0,246,246,246,1,246,images/pixabay_cat_000547.jpg,Eddy,001,2022-04-11_14h11.24.488,Cat face rating experiment_500-1000,2021.1.4,Win32,144.0092166
,,,,,,space,1.6548,5,1.2701,0,247,247,247,1,247,images/pixabay_cat_001236.jpg,Eddy,001,2022-04-11_14h11.24.488,Cat face rating experiment_500-1000,2021.1.4,Win32,144.0092166
,,,,,,space,1.5112,2,1.2509,0,248,248,248,1,248,images/pixabay_cat_004820.jpg,Eddy,001,2022-04-11_14h11.24.488,Cat face rating experiment_500-1000,2021.1.4,Win32,144.0092166
,,,,,,space,4.8971,3,3.9342,0,249,249,249,1,249,images/pixabay_cat_004575.jpg,Eddy,001,2022-04-11_14h11.24.488,Cat face rating experiment_500-1000,2021.1.4,Win32,144.0092166
,,,,,,space,1.2974,,,0,250,250,250,1,250,images/flickr_cat_000190.jpg,Eddy,001,2022-04-11_14h11.24.488,Cat face rating experiment_500-1000,2021.1.4,Win32,144.0092166
,,,,,,space,1.9599,5,1.1659,0,251,251,251,1,251,images/pixabay_cat_000538.jpg,Eddy,001,2022-04-11_14h11.24.488,Cat face rating experiment_500-1000,2021.1.4,Win32,144.0092166
,,,,,,space,1.8605,2,1.4213,0,252,252,252,1,252,images/pixabay_cat_003399.jpg,Eddy,001,2022-04-11_14h11.24.488,Cat face rating experiment_500-1000,2021.1.4,Win32,144.0092166
,,,,,,space,1.838,3,1.1427,0,253,253,253,1,253,images/pixabay_cat_004385.jpg,Eddy,001,2022-04-11_14h11.24.488,Cat face rating experiment_500-1000,2021.1.4,Win32,144.0092166
,,,,,,space,1.3815,,,0,254,254,254,1,254,images/pixabay_cat_000333.jpg,Eddy,001,2022-04-11_14h11.24.488,Cat face rating experiment_500-1000,2021.1.4,Win32,144.0092166
,,,,,,space,1.1474,,,0,255,255,255,1,255,images/pixabay_cat_003689.jpg,Eddy,001,2022-04-11_14h11.24.488,Cat face rating experiment_500-1000,2021.1.4,Win32,144.0092166
,,,,,,space,2.6441,,,0,256,256,256,1,256,images/pixabay_cat_002601.jpg,Eddy,001,2022-04-11_14h11.24.488,Cat face rating experiment_500-1000,2021.1.4,Win32,144.0092166
,,,,,,space,1.2833,5,1.0385,0,257,257,257,1,257,images/pixabay_cat_002449.jpg,Eddy,001,2022-04-11_14h11.24.488,Cat face rating experiment_500-1000,2021.1.4,Win32,144.0092166
,,,,,,space,0.846,,,0,258,258,258,1,258,images/pixabay_cat_003086.jpg,Eddy,001,2022-04-11_14h11.24.488,Cat face rating experiment_500-1000,2021.1.4,Win32,144.0092166
,,,,,,space,1.1899,,,0,259,259,259,1,259,images/pixabay_cat_001583.jpg,Eddy,001,2022-04-11_14h11.24.488,Cat face rating experiment_500-1000,2021.1.4,Win32,144.0092166
,,,,,,space,2.466,5,1.9688,0,260,260,260,1,260,images/pixabay_cat_002100.jpg,Eddy,001,2022-04-11_14h11.24.488,Cat face rating experiment_500-1000,2021.1.4,Win32,144.0092166
,,,,,,space,1.6294,3,1.3454,0,261,261,261,1,261,images/pixabay_cat_002612.jpg,Eddy,001,2022-04-11_14h11.24.488,Cat face rating experiment_500-1000,2021.1.4,Win32,144.0092166
,,,,,,space,5.4124,5,5.1301,0,262,262,262,1,262,images/pixabay_cat_001444.jpg,Eddy,001,2022-04-11_14h11.24.488,Cat face rating experiment_500-1000,2021.1.4,Win32,144.0092166
,,,,,,space,1.547,3,1.2801,0,263,263,263,1,263,images/pixabay_cat_000247.jpg,Eddy,001,2022-04-11_14h11.24.488,Cat face rating experiment_500-1000,2021.1.4,Win32,144.0092166
,,,,,,space,1.7202,5,1.432,0,264,264,264,1,264,images/pixabay_cat_000635.jpg,Eddy,001,2022-04-11_14h11.24.488,Cat face rating experiment_500-1000,2021.1.4,Win32,144.0092166
,,,,,,space,1.6678,,,0,265,265,265,1,265,images/pixabay_cat_003327.jpg,Eddy,001,2022-04-11_14h11.24.488,Cat face rating experiment_500-1000,2021.1.4,Win32,144.0092166
,,,,,,space,1.1767,,,0,266,266,266,1,266,images/pixabay_cat_003410.jpg,Eddy,001,2022-04-11_14h11.24.488,Cat face rating experiment_500-1000,2021.1.4,Win32,144.0092166
,,,,,,space,3.0366,2,2.6901,0,267,267,267,1,267,images/pixabay_cat_003814.jpg,Eddy,001,2022-04-11_14h11.24.488,Cat face rating experiment_500-1000,2021.1.4,Win32,144.0092166
,,,,,,space,1.8325,6,1.6351,0,268,268,268,1,268,images/pixabay_cat_004216.jpg,Eddy,001,2022-04-11_14h11.24.488,Cat face rating experiment_500-1000,2021.1.4,Win32,144.0092166
,,,,,,space,1.6432,6,1.3403,0,269,269,269,1,269,images/pixabay_cat_003317.jpg,Eddy,001,2022-04-11_14h11.24.488,Cat face rating experiment_500-1000,2021.1.4,Win32,144.0092166
,,,,,,space,1.3521,3,1.1213,0,270,270,270,1,270,images/pixabay_cat_000027.jpg,Eddy,001,2022-04-11_14h11.24.488,Cat face rating experiment_500-1000,2021.1.4,Win32,144.0092166
,,,,,,space,1.2092,2,0.9868,0,271,271,271,1,271,images/pixabay_cat_003433.jpg,Eddy,001,2022-04-11_14h11.24.488,Cat face rating experiment_500-1000,2021.1.4,Win32,144.0092166
,,,,,,space,1.3982,5,1.2334,0,272,272,272,1,272,images/pixabay_cat_004266.jpg,Eddy,001,2022-04-11_14h11.24.488,Cat face rating experiment_500-1000,2021.1.4,Win32,144.0092166
,,,,,,space,4.0788,6,3.1627,0,273,273,273,1,273,images/pixabay_cat_000437.jpg,Eddy,001,2022-04-11_14h11.24.488,Cat face rating experiment_500-1000,2021.1.4,Win32,144.0092166
,,,,,,space,6.2141,6,5.8228,0,274,274,274,1,274,images/pixabay_cat_003713.jpg,Eddy,001,2022-04-11_14h11.24.488,Cat face rating experiment_500-1000,2021.1.4,Win32,144.0092166
,,,,,,space,1.5542,5,1.303,0,275,275,275,1,275,images/pixabay_cat_003757.jpg,Eddy,001,2022-04-11_14h11.24.488,Cat face rating experiment_500-1000,2021.1.4,Win32,144.0092166
,,,,,,space,3.1091,1,2.8204,0,276,276,276,1,276,images/pixabay_cat_001233.jpg,Eddy,001,2022-04-11_14h11.24.488,Cat face rating experiment_500-1000,2021.1.4,Win32,144.0092166
,,,,,,space,2.5567,3,2.3227,0,277,277,277,1,277,images/pixabay_cat_004198.jpg,Eddy,001,2022-04-11_14h11.24.488,Cat face rating experiment_500-1000,2021.1.4,Win32,144.0092166
,,,,,,space,1.0613,,,0,278,278,278,1,278,images/flickr_cat_000179.jpg,Eddy,001,2022-04-11_14h11.24.488,Cat face rating experiment_500-1000,2021.1.4,Win32,144.0092166
,,,,,,space,0.9265,,,0,279,279,279,1,279,images/pixabay_cat_000821.jpg,Eddy,001,2022-04-11_14h11.24.488,Cat face rating experiment_500-1000,2021.1.4,Win32,144.0092166
,,,,,,space,0.6236,,,0,280,280,280,1,280,images/flickr_cat_000126.jpg,Eddy,001,2022-04-11_14h11.24.488,Cat face rating experiment_500-1000,2021.1.4,Win32,144.0092166
,,,,,,space,2.3285,,,0,281,281,281,1,281,images/flickr_cat_000788.jpg,Eddy,001,2022-04-11_14h11.24.488,Cat face rating experiment_500-1000,2021.1.4,Win32,144.0092166
,,,,,,space,1.3724,3,1.0298,0,282,282,282,1,282,images/pixabay_cat_003298.jpg,Eddy,001,2022-04-11_14h11.24.488,Cat face rating experiment_500-1000,2021.1.4,Win32,144.0092166
,,,,,,space,1.3628,,,0,283,283,283,1,283,images/pixabay_cat_000709.jpg,Eddy,001,2022-04-11_14h11.24.488,Cat face rating experiment_500-1000,2021.1.4,Win32,144.0092166
,,,,,,space,1.9223,3,1.4769,0,284,284,284,1,284,images/flickr_cat_000060.jpg,Eddy,001,2022-04-11_14h11.24.488,Cat face rating experiment_500-1000,2021.1.4,Win32,144.0092166
,,,,,,space,2.7333,3,2.5204,0,285,285,285,1,285,images/pixabay_cat_004720.jpg,Eddy,001,2022-04-11_14h11.24.488,Cat face rating experiment_500-1000,2021.1.4,Win32,144.0092166
,,,,,,space,3.4394,5,1.3495,0,286,286,286,1,286,images/pixabay_cat_002033.jpg,Eddy,001,2022-04-11_14h11.24.488,Cat face rating experiment_500-1000,2021.1.4,Win32,144.0092166
,,,,,,space,2.3962,6,2.1586,0,287,287,287,1,287,images/pixabay_cat_001134.jpg,Eddy,001,2022-04-11_14h11.24.488,Cat face rating experiment_500-1000,2021.1.4,Win32,144.0092166
,,,,,,space,1.7295,5,0.9052,0,288,288,288,1,288,images/pixabay_cat_001673.jpg,Eddy,001,2022-04-11_14h11.24.488,Cat face rating experiment_500-1000,2021.1.4,Win32,144.0092166
,,,,,,space,1.3382,,,0,289,289,289,1,289,images/pixabay_cat_000205.jpg,Eddy,001,2022-04-11_14h11.24.488,Cat face rating experiment_500-1000,2021.1.4,Win32,144.0092166
,,,,,,space,3.4262,4,3.1217,0,290,290,290,1,290,images/pixabay_cat_001564.jpg,Eddy,001,2022-04-11_14h11.24.488,Cat face rating experiment_500-1000,2021.1.4,Win32,144.0092166
,,,,,,space,1.3257,5,1.1509,0,291,291,291,1,291,images/pixabay_cat_000522.jpg,Eddy,001,2022-04-11_14h11.24.488,Cat face rating experiment_500-1000,2021.1.4,Win32,144.0092166
,,,,,,space,2.2767,6,1.9901,0,292,292,292,1,292,images/flickr_cat_000749.jpg,Eddy,001,2022-04-11_14h11.24.488,Cat face rating experiment_500-1000,2021.1.4,Win32,144.0092166
,,,,,,space,1.0481,,,0,293,293,293,1,293,images/pixabay_cat_001203.jpg,Eddy,001,2022-04-11_14h11.24.488,Cat face rating experiment_500-1000,2021.1.4,Win32,144.0092166
,,,,,,space,0.7844,,,0,294,294,294,1,294,images/pixabay_cat_003861.jpg,Eddy,001,2022-04-11_14h11.24.488,Cat face rating experiment_500-1000,2021.1.4,Win32,144.0092166
,,,,,,space,2.6294,3,1.137,0,295,295,295,1,295,images/pixabay_cat_004794.jpg,Eddy,001,2022-04-11_14h11.24.488,Cat face rating experiment_500-1000,2021.1.4,Win32,144.0092166
,,,,,,space,4.8042,,,0,296,296,296,1,296,images/pixabay_cat_002147.jpg,Eddy,001,2022-04-11_14h11.24.488,Cat face rating experiment_500-1000,2021.1.4,Win32,144.0092166
,,,,,,space,1.643,,,0,297,297,297,1,297,images/pixabay_cat_003042.jpg,Eddy,001,2022-04-11_14h11.24.488,Cat face rating experiment_500-1000,2021.1.4,Win32,144.0092166
,,,,,,space,1.6689,5,1.3351,0,298,298,298,1,298,images/pixabay_cat_004169.jpg,Eddy,001,2022-04-11_14h11.24.488,Cat face rating experiment_500-1000,2021.1.4,Win32,144.0092166
,,,,,,space,3.1724,2,1.6833,0,299,299,299,1,299,images/pixabay_cat_000251.jpg,Eddy,001,2022-04-11_14h11.24.488,Cat face rating experiment_500-1000,2021.1.4,Win32,144.0092166
,,,,,,space,2.9705,2,2.6975,0,300,300,300,1,300,images/pixabay_cat_003974.jpg,Eddy,001,2022-04-11_14h11.24.488,Cat face rating experiment_500-1000,2021.1.4,Win32,144.0092166
,,,,,,space,1.3652,3,1.145,0,301,301,301,1,301,images/pixabay_cat_004819.jpg,Eddy,001,2022-04-11_14h11.24.488,Cat face rating experiment_500-1000,2021.1.4,Win32,144.0092166
,,,,,,space,1.9084,2,1.645,0,302,302,302,1,302,images/pixabay_cat_000238.jpg,Eddy,001,2022-04-11_14h11.24.488,Cat face rating experiment_500-1000,2021.1.4,Win32,144.0092166
,,,,,,space,1.5167,1,1.2243,0,303,303,303,1,303,images/pixabay_cat_003758.jpg,Eddy,001,2022-04-11_14h11.24.488,Cat face rating experiment_500-1000,2021.1.4,Win32,144.0092166
,,,,,,space,2.6029,4,2.3581,0,304,304,304,1,304,images/pixabay_cat_003555.jpg,Eddy,001,2022-04-11_14h11.24.488,Cat face rating experiment_500-1000,2021.1.4,Win32,144.0092166
,,,,,,space,1.1364,,,0,305,305,305,1,305,images/pixabay_cat_000446.jpg,Eddy,001,2022-04-11_14h11.24.488,Cat face rating experiment_500-1000,2021.1.4,Win32,144.0092166
,,,,,,space,1.3389,,,0,306,306,306,1,306,images/flickr_cat_000390.jpg,Eddy,001,2022-04-11_14h11.24.488,Cat face rating experiment_500-1000,2021.1.4,Win32,144.0092166
,,,,,,space,0.8722,,,0,307,307,307,1,307,images/pixabay_cat_001644.jpg,Eddy,001,2022-04-11_14h11.24.488,Cat face rating experiment_500-1000,2021.1.4,Win32,144.0092166
,,,,,,space,4.0676,3,3.3728,0,308,308,308,1,308,images/pixabay_cat_001779.jpg,Eddy,001,2022-04-11_14h11.24.488,Cat face rating experiment_500-1000,2021.1.4,Win32,144.0092166
,,,,,,space,1.6435,2,1.439,0,309,309,309,1,309,images/pixabay_cat_003661.jpg,Eddy,001,2022-04-11_14h11.24.488,Cat face rating experiment_500-1000,2021.1.4,Win32,144.0092166
,,,,,,space,7.4122,3,0.9843,0,310,310,310,1,310,images/flickr_cat_000102.jpg,Eddy,001,2022-04-11_14h11.24.488,Cat face rating experiment_500-1000,2021.1.4,Win32,144.0092166
,,,,,,space,2.8675,3,2.5736,0,311,311,311,1,311,images/pixabay_cat_000611.jpg,Eddy,001,2022-04-11_14h11.24.488,Cat face rating experiment_500-1000,2021.1.4,Win32,144.0092166
,,,,,,space,1.093,,,0,312,312,312,1,312,images/pixabay_cat_001021.jpg,Eddy,001,2022-04-11_14h11.24.488,Cat face rating experiment_500-1000,2021.1.4,Win32,144.0092166
,,,,,,space,1.3753,,,0,313,313,313,1,313,images/pixabay_cat_001573.jpg,Eddy,001,2022-04-11_14h11.24.488,Cat face rating experiment_500-1000,2021.1.4,Win32,144.0092166
,,,,,,space,2.3318,,,0,314,314,314,1,314,images/pixabay_cat_003285.jpg,Eddy,001,2022-04-11_14h11.24.488,Cat face rating experiment_500-1000,2021.1.4,Win32,144.0092166
,,,,,,space,1.876,3,1.2954,0,315,315,315,1,315,images/pixabay_cat_003043.jpg,Eddy,001,2022-04-11_14h11.24.488,Cat face rating experiment_500-1000,2021.1.4,Win32,144.0092166
,,,,,,space,3.9222,3,3.6762,0,316,316,316,1,316,images/pixabay_cat_003291.jpg,Eddy,001,2022-04-11_14h11.24.488,Cat face rating experiment_500-1000,2021.1.4,Win32,144.0092166
,,,,,,space,2.0005,3,1.6406,0,317,317,317,1,317,images/pixabay_cat_004395.jpg,Eddy,001,2022-04-11_14h11.24.488,Cat face rating experiment_500-1000,2021.1.4,Win32,144.0092166
,,,,,,space,2.3186,6,1.9108,0,318,318,318,1,318,images/flickr_cat_000010.jpg,Eddy,001,2022-04-11_14h11.24.488,Cat face rating experiment_500-1000,2021.1.4,Win32,144.0092166
,,,,,,space,1.7104,2,1.4539,0,319,319,319,1,319,images/pixabay_cat_003534.jpg,Eddy,001,2022-04-11_14h11.24.488,Cat face rating experiment_500-1000,2021.1.4,Win32,144.0092166
,,,,,,space,1.8896,3,1.6429,0,320,320,320,1,320,images/pixabay_cat_003293.jpg,Eddy,001,2022-04-11_14h11.24.488,Cat face rating experiment_500-1000,2021.1.4,Win32,144.0092166
,,,,,,space,1.7528,3,1.5436,0,321,321,321,1,321,images/pixabay_cat_002974.jpg,Eddy,001,2022-04-11_14h11.24.488,Cat face rating experiment_500-1000,2021.1.4,Win32,144.0092166
,,,,,,space,1.5819,6,1.4077,0,322,322,322,1,322,images/pixabay_cat_000524.jpg,Eddy,001,2022-04-11_14h11.24.488,Cat face rating experiment_500-1000,2021.1.4,Win32,144.0092166
,,,,,,space,1.9465,3,1.7107,0,323,323,323,1,323,images/pixabay_cat_004639.jpg,Eddy,001,2022-04-11_14h11.24.488,Cat face rating experiment_500-1000,2021.1.4,Win32,144.0092166
,,,,,,space,1.8933,3,1.637,0,324,324,324,1,324,images/pixabay_cat_002455.jpg,Eddy,001,2022-04-11_14h11.24.488,Cat face rating experiment_500-1000,2021.1.4,Win32,144.0092166
,,,,,,space,1.7413,3,1.3748,0,325,325,325,1,325,images/pixabay_cat_003166.jpg,Eddy,001,2022-04-11_14h11.24.488,Cat face rating experiment_500-1000,2021.1.4,Win32,144.0092166
,,,,,,space,2.3456,3,1.7462,0,326,326,326,1,326,images/pixabay_cat_002568.jpg,Eddy,001,2022-04-11_14h11.24.488,Cat face rating experiment_500-1000,2021.1.4,Win32,144.0092166
,,,,,,space,1.6988,3,1.4595,0,327,327,327,1,327,images/pixabay_cat_000944.jpg,Eddy,001,2022-04-11_14h11.24.488,Cat face rating experiment_500-1000,2021.1.4,Win32,144.0092166
,,,,,,space,2.2229,6,1.8507,0,328,328,328,1,328,images/pixabay_cat_003910.jpg,Eddy,001,2022-04-11_14h11.24.488,Cat face rating experiment_500-1000,2021.1.4,Win32,144.0092166
,,,,,,space,1.369,,,0,329,329,329,1,329,images/pixabay_cat_002495.jpg,Eddy,001,2022-04-11_14h11.24.488,Cat face rating experiment_500-1000,2021.1.4,Win32,144.0092166
,,,,,,space,3.0346,5,1.7051,0,330,330,330,1,330,images/pixabay_cat_000981.jpg,Eddy,001,2022-04-11_14h11.24.488,Cat face rating experiment_500-1000,2021.1.4,Win32,144.0092166
,,,,,,space,4.2037,2,3.1063,0,331,331,331,1,331,images/pixabay_cat_001173.jpg,Eddy,001,2022-04-11_14h11.24.488,Cat face rating experiment_500-1000,2021.1.4,Win32,144.0092166
,,,,,,space,1.7233,3,1.1797,0,332,332,332,1,332,images/flickr_cat_000588.jpg,Eddy,001,2022-04-11_14h11.24.488,Cat face rating experiment_500-1000,2021.1.4,Win32,144.0092166
,,,,,,space,2.9097,3,1.9223,0,333,333,333,1,333,images/pixabay_cat_000391.jpg,Eddy,001,2022-04-11_14h11.24.488,Cat face rating experiment_500-1000,2021.1.4,Win32,144.0092166
,,,,,,space,2.0687,,,0,334,334,334,1,334,images/pixabay_cat_000131.jpg,Eddy,001,2022-04-11_14h11.24.488,Cat face rating experiment_500-1000,2021.1.4,Win32,144.0092166
,,,,,,space,1.5843,,,0,335,335,335,1,335,images/pixabay_cat_001194.jpg,Eddy,001,2022-04-11_14h11.24.488,Cat face rating experiment_500-1000,2021.1.4,Win32,144.0092166
,,,,,,space,1.387,5,1.1381,0,336,336,336,1,336,images/pixabay_cat_000393.jpg,Eddy,001,2022-04-11_14h11.24.488,Cat face rating experiment_500-1000,2021.1.4,Win32,144.0092166
,,,,,,space,1.1755,5,0.979,0,337,337,337,1,337,images/pixabay_cat_002266.jpg,Eddy,001,2022-04-11_14h11.24.488,Cat face rating experiment_500-1000,2021.1.4,Win32,144.0092166
,,,,,,space,1.3515,4,0.8927,0,338,338,338,1,338,images/pixabay_cat_002506.jpg,Eddy,001,2022-04-11_14h11.24.488,Cat face rating experiment_500-1000,2021.1.4,Win32,144.0092166
,,,,,,space,1.2627,3,1.0643,0,339,339,339,1,339,images/pixabay_cat_001373.jpg,Eddy,001,2022-04-11_14h11.24.488,Cat face rating experiment_500-1000,2021.1.4,Win32,144.0092166
,,,,,,space,1.1897,2,1.0306,0,340,340,340,1,340,images/pixabay_cat_000526.jpg,Eddy,001,2022-04-11_14h11.24.488,Cat face rating experiment_500-1000,2021.1.4,Win32,144.0092166
,,,,,,space,1.9347,2,1.4811,0,341,341,341,1,341,images/pixabay_cat_004418.jpg,Eddy,001,2022-04-11_14h11.24.488,Cat face rating experiment_500-1000,2021.1.4,Win32,144.0092166
,,,,,,space,1.1726,3,0.9259,0,342,342,342,1,342,images/pixabay_cat_003775.jpg,Eddy,001,2022-04-11_14h11.24.488,Cat face rating experiment_500-1000,2021.1.4,Win32,144.0092166
,,,,,,space,1.3534,,,0,343,343,343,1,343,images/pixabay_cat_002247.jpg,Eddy,001,2022-04-11_14h11.24.488,Cat face rating experiment_500-1000,2021.1.4,Win32,144.0092166
,,,,,,space,1.174,5,0.9988,0,344,344,344,1,344,images/pixabay_cat_004610.jpg,Eddy,001,2022-04-11_14h11.24.488,Cat face rating experiment_500-1000,2021.1.4,Win32,144.0092166
,,,,,,space,1.6142,6,1.3227,0,345,345,345,1,345,images/pixabay_cat_002058.jpg,Eddy,001,2022-04-11_14h11.24.488,Cat face rating experiment_500-1000,2021.1.4,Win32,144.0092166
,,,,,,space,2.9087,2,2.4628,0,346,346,346,1,346,images/pixabay_cat_002321.jpg,Eddy,001,2022-04-11_14h11.24.488,Cat face rating experiment_500-1000,2021.1.4,Win32,144.0092166
,,,,,,space,3.7927,3,3.4725,0,347,347,347,1,347,images/pixabay_cat_003679.jpg,Eddy,001,2022-04-11_14h11.24.488,Cat face rating experiment_500-1000,2021.1.4,Win32,144.0092166
,,,,,,space,1.5412,2,1.1631,0,348,348,348,1,348,images/pixabay_cat_000350.jpg,Eddy,001,2022-04-11_14h11.24.488,Cat face rating experiment_500-1000,2021.1.4,Win32,144.0092166
,,,,,,space,1.1734,3,0.963,0,349,349,349,1,349,images/pixabay_cat_001953.jpg,Eddy,001,2022-04-11_14h11.24.488,Cat face rating experiment_500-1000,2021.1.4,Win32,144.0092166
,,,,,,space,1.2521,,,0,350,350,350,1,350,images/pixabay_cat_000974.jpg,Eddy,001,2022-04-11_14h11.24.488,Cat face rating experiment_500-1000,2021.1.4,Win32,144.0092166
,,,,,,space,0.8969,,,0,351,351,351,1,351,images/pixabay_cat_002643.jpg,Eddy,001,2022-04-11_14h11.24.488,Cat face rating experiment_500-1000,2021.1.4,Win32,144.0092166
,,,,,,space,1.3399,5,1.1144,0,352,352,352,1,352,images/pixabay_cat_001200.jpg,Eddy,001,2022-04-11_14h11.24.488,Cat face rating experiment_500-1000,2021.1.4,Win32,144.0092166
,,,,,,space,0.6705,,,0,353,353,353,1,353,images/flickr_cat_000158.jpg,Eddy,001,2022-04-11_14h11.24.488,Cat face rating experiment_500-1000,2021.1.4,Win32,144.0092166
,,,,,,space,2.8603,4,2.6634,0,354,354,354,1,354,images/pixabay_cat_002163.jpg,Eddy,001,2022-04-11_14h11.24.488,Cat face rating experiment_500-1000,2021.1.4,Win32,144.0092166
,,,,,,space,1.2645,,,0,355,355,355,1,355,images/pixabay_cat_002323.jpg,Eddy,001,2022-04-11_14h11.24.488,Cat face rating experiment_500-1000,2021.1.4,Win32,144.0092166
,,,,,,space,1.2019,,,0,356,356,356,1,356,images/flickr_cat_000735.jpg,Eddy,001,2022-04-11_14h11.24.488,Cat face rating experiment_500-1000,2021.1.4,Win32,144.0092166
,,,,,,space,1.5886,3,1.1199,0,357,357,357,1,357,images/pixabay_cat_003094.jpg,Eddy,001,2022-04-11_14h11.24.488,Cat face rating experiment_500-1000,2021.1.4,Win32,144.0092166
,,,,,,space,1.8879,2,0.9121,0,358,358,358,1,358,images/pixabay_cat_004426.jpg,Eddy,001,2022-04-11_14h11.24.488,Cat face rating experiment_500-1000,2021.1.4,Win32,144.0092166
,,,,,,space,1.7402,2,1.189,0,359,359,359,1,359,images/pixabay_cat_000953.jpg,Eddy,001,2022-04-11_14h11.24.488,Cat face rating experiment_500-1000,2021.1.4,Win32,144.0092166
,,,,,,space,1.3728,3,1.1477,0,360,360,360,1,360,images/pixabay_cat_002420.jpg,Eddy,001,2022-04-11_14h11.24.488,Cat face rating experiment_500-1000,2021.1.4,Win32,144.0092166
,,,,,,space,149.9398,,,0,361,361,361,1,361,images/pixabay_cat_000374.jpg,Eddy,001,2022-04-11_14h11.24.488,Cat face rating experiment_500-1000,2021.1.4,Win32,144.0092166
,,,,,,space,1.5096,5,1.0842,0,362,362,362,1,362,images/flickr_cat_000300.jpg,Eddy,001,2022-04-11_14h11.24.488,Cat face rating experiment_500-1000,2021.1.4,Win32,144.0092166
,,,,,,space,1.5782,2,1.2132,0,363,363,363,1,363,images/pixabay_cat_001723.jpg,Eddy,001,2022-04-11_14h11.24.488,Cat face rating experiment_500-1000,2021.1.4,Win32,144.0092166
,,,,,,space,7.7064,2,1.177,0,364,364,364,1,364,images/flickr_cat_000549.jpg,Eddy,001,2022-04-11_14h11.24.488,Cat face rating experiment_500-1000,2021.1.4,Win32,144.0092166
,,,,,,space,2.0459,5,1.8342,0,365,365,365,1,365,images/pixabay_cat_002666.jpg,Eddy,001,2022-04-11_14h11.24.488,Cat face rating experiment_500-1000,2021.1.4,Win32,144.0092166
,,,,,,space,4.5151,,,0,366,366,366,1,366,images/pixabay_cat_000104.jpg,Eddy,001,2022-04-11_14h11.24.488,Cat face rating experiment_500-1000,2021.1.4,Win32,144.0092166
,,,,,,space,1.3095,5,1.1221,0,367,367,367,1,367,images/pixabay_cat_001695.jpg,Eddy,001,2022-04-11_14h11.24.488,Cat face rating experiment_500-1000,2021.1.4,Win32,144.0092166
,,,,,,space,1.5585,5,1.1489,0,368,368,368,1,368,images/pixabay_cat_002727.jpg,Eddy,001,2022-04-11_14h11.24.488,Cat face rating experiment_500-1000,2021.1.4,Win32,144.0092166
,,,,,,space,1.588,2,1.2959,0,369,369,369,1,369,images/pixabay_cat_003107.jpg,Eddy,001,2022-04-11_14h11.24.488,Cat face rating experiment_500-1000,2021.1.4,Win32,144.0092166
,,,,,,space,1.4196,3,1.1074,0,370,370,370,1,370,images/pixabay_cat_004751.jpg,Eddy,001,2022-04-11_14h11.24.488,Cat face rating experiment_500-1000,2021.1.4,Win32,144.0092166
,,,,,,space,1.7221,5,1.4372,0,371,371,371,1,371,images/pixabay_cat_004541.jpg,Eddy,001,2022-04-11_14h11.24.488,Cat face rating experiment_500-1000,2021.1.4,Win32,144.0092166
,,,,,,space,2.1288,3,1.3326,0,372,372,372,1,372,images/pixabay_cat_003516.jpg,Eddy,001,2022-04-11_14h11.24.488,Cat face rating experiment_500-1000,2021.1.4,Win32,144.0092166
,,,,,,space,1.7853,5,1.6327,0,373,373,373,1,373,images/pixabay_cat_004118.jpg,Eddy,001,2022-04-11_14h11.24.488,Cat face rating experiment_500-1000,2021.1.4,Win32,144.0092166
,,,,,,space,0.7186,,,0,374,374,374,1,374,images/pixabay_cat_003905.jpg,Eddy,001,2022-04-11_14h11.24.488,Cat face rating experiment_500-1000,2021.1.4,Win32,144.0092166
,,,,,,space,1.3149,6,1.1364,0,375,375,375,1,375,images/flickr_cat_000556.jpg,Eddy,001,2022-04-11_14h11.24.488,Cat face rating experiment_500-1000,2021.1.4,Win32,144.0092166
,,,,,,space,1.9124,5,1.7459,0,376,376,376,1,376,images/pixabay_cat_002813.jpg,Eddy,001,2022-04-11_14h11.24.488,Cat face rating experiment_500-1000,2021.1.4,Win32,144.0092166
,,,,,,space,1.2468,3,0.9754,0,377,377,377,1,377,images/flickr_cat_000358.jpg,Eddy,001,2022-04-11_14h11.24.488,Cat face rating experiment_500-1000,2021.1.4,Win32,144.0092166
,,,,,,space,2.9098,2,1.1683,0,378,378,378,1,378,images/pixabay_cat_003426.jpg,Eddy,001,2022-04-11_14h11.24.488,Cat face rating experiment_500-1000,2021.1.4,Win32,144.0092166
,,,,,,space,1.2194,3,1.0379,0,379,379,379,1,379,images/pixabay_cat_001895.jpg,Eddy,001,2022-04-11_14h11.24.488,Cat face rating experiment_500-1000,2021.1.4,Win32,144.0092166
,,,,,,space,1.2345,,,0,380,380,380,1,380,images/pixabay_cat_002769.jpg,Eddy,001,2022-04-11_14h11.24.488,Cat face rating experiment_500-1000,2021.1.4,Win32,144.0092166
,,,,,,space,1.5523,3,1.3886,0,381,381,381,1,381,images/pixabay_cat_003504.jpg,Eddy,001,2022-04-11_14h11.24.488,Cat face rating experiment_500-1000,2021.1.4,Win32,144.0092166
,,,,,,space,1.5818,6,1.0619,0,382,382,382,1,382,images/pixabay_cat_000101.jpg,Eddy,001,2022-04-11_14h11.24.488,Cat face rating experiment_500-1000,2021.1.4,Win32,144.0092166
,,,,,,space,4.797,1,3.5885,0,383,383,383,1,383,images/pixabay_cat_000510.jpg,Eddy,001,2022-04-11_14h11.24.488,Cat face rating experiment_500-1000,2021.1.4,Win32,144.0092166
,,,,,,space,6.0949,3,3.8433,0,384,384,384,1,384,images/pixabay_cat_004776.jpg,Eddy,001,2022-04-11_14h11.24.488,Cat face rating experiment_500-1000,2021.1.4,Win32,144.0092166
,,,,,,space,2.7365,,,0,385,385,385,1,385,images/pixabay_cat_003525.jpg,Eddy,001,2022-04-11_14h11.24.488,Cat face rating experiment_500-1000,2021.1.4,Win32,144.0092166
,,,,,,space,1.9526,3,1.7033,0,386,386,386,1,386,images/pixabay_cat_001517.jpg,Eddy,001,2022-04-11_14h11.24.488,Cat face rating experiment_500-1000,2021.1.4,Win32,144.0092166
,,,,,,space,2.0273,4,1.8369,0,387,387,387,1,387,images/pixabay_cat_004694.jpg,Eddy,001,2022-04-11_14h11.24.488,Cat face rating experiment_500-1000,2021.1.4,Win32,144.0092166
,,,,,,space,1.5809,3,1.3354,0,388,388,388,1,388,images/pixabay_cat_001783.jpg,Eddy,001,2022-04-11_14h11.24.488,Cat face rating experiment_500-1000,2021.1.4,Win32,144.0092166
,,,,,,space,2.0136,6,1.7739,0,389,389,389,1,389,images/pixabay_cat_003027.jpg,Eddy,001,2022-04-11_14h11.24.488,Cat face rating experiment_500-1000,2021.1.4,Win32,144.0092166
,,,,,,space,1.8601,5,0.823,0,390,390,390,1,390,images/flickr_cat_000502.jpg,Eddy,001,2022-04-11_14h11.24.488,Cat face rating experiment_500-1000,2021.1.4,Win32,144.0092166
,,,,,,space,1.4277,5,1.2175,0,391,391,391,1,391,images/flickr_cat_000408.jpg,Eddy,001,2022-04-11_14h11.24.488,Cat face rating experiment_500-1000,2021.1.4,Win32,144.0092166
,,,,,,space,2.0235,4,1.8031,0,392,392,392,1,392,images/pixabay_cat_003963.jpg,Eddy,001,2022-04-11_14h11.24.488,Cat face rating experiment_500-1000,2021.1.4,Win32,144.0092166
,,,,,,space,2.856,4,2.6418,0,393,393,393,1,393,images/pixabay_cat_000399.jpg,Eddy,001,2022-04-11_14h11.24.488,Cat face rating experiment_500-1000,2021.1.4,Win32,144.0092166
,,,,,,space,2.0788,,,0,394,394,394,1,394,images/pixabay_cat_002975.jpg,Eddy,001,2022-04-11_14h11.24.488,Cat face rating experiment_500-1000,2021.1.4,Win32,144.0092166
,,,,,,space,0.8841,,,0,395,395,395,1,395,images/pixabay_cat_002962.jpg,Eddy,001,2022-04-11_14h11.24.488,Cat face rating experiment_500-1000,2021.1.4,Win32,144.0092166
,,,,,,space,1.6165,3,1.1483,0,396,396,396,1,396,images/pixabay_cat_003307.jpg,Eddy,001,2022-04-11_14h11.24.488,Cat face rating experiment_500-1000,2021.1.4,Win32,144.0092166
,,,,,,space,1.8664,5,1.5719,0,397,397,397,1,397,images/pixabay_cat_004286.jpg,Eddy,001,2022-04-11_14h11.24.488,Cat face rating experiment_500-1000,2021.1.4,Win32,144.0092166
,,,,,,space,5.2148,4,4.7942,0,398,398,398,1,398,images/pixabay_cat_000018.jpg,Eddy,001,2022-04-11_14h11.24.488,Cat face rating experiment_500-1000,2021.1.4,Win32,144.0092166
,,,,,,space,2.206,,,0,399,399,399,1,399,images/pixabay_cat_004456.jpg,Eddy,001,2022-04-11_14h11.24.488,Cat face rating experiment_500-1000,2021.1.4,Win32,144.0092166
,,,,,,space,1.2661,,,0,400,400,400,1,400,images/pixabay_cat_004233.jpg,Eddy,001,2022-04-11_14h11.24.488,Cat face rating experiment_500-1000,2021.1.4,Win32,144.0092166
,,,,,,space,4.5932,5,1.0319,0,401,401,401,1,401,images/pixabay_cat_000490.jpg,Eddy,001,2022-04-11_14h11.24.488,Cat face rating experiment_500-1000,2021.1.4,Win32,144.0092166
,,,,,,space,2.2096,5,1.9991,0,402,402,402,1,402,images/pixabay_cat_003908.jpg,Eddy,001,2022-04-11_14h11.24.488,Cat face rating experiment_500-1000,2021.1.4,Win32,144.0092166
,,,,,,space,1.7593,6,1.3506,0,403,403,403,1,403,images/pixabay_cat_000111.jpg,Eddy,001,2022-04-11_14h11.24.488,Cat face rating experiment_500-1000,2021.1.4,Win32,144.0092166
,,,,,,space,2.0002,3,1.7613,0,404,404,404,1,404,images/pixabay_cat_001908.jpg,Eddy,001,2022-04-11_14h11.24.488,Cat face rating experiment_500-1000,2021.1.4,Win32,144.0092166
,,,,,,space,1.9646,3,1.7178,0,405,405,405,1,405,images/pixabay_cat_002682.jpg,Eddy,001,2022-04-11_14h11.24.488,Cat face rating experiment_500-1000,2021.1.4,Win32,144.0092166
,,,,,,space,1.8564,5,1.4501,0,406,406,406,1,406,images/pixabay_cat_003558.jpg,Eddy,001,2022-04-11_14h11.24.488,Cat face rating experiment_500-1000,2021.1.4,Win32,144.0092166
,,,,,,space,2.4365,5,2.2255,0,407,407,407,1,407,images/pixabay_cat_000030.jpg,Eddy,001,2022-04-11_14h11.24.488,Cat face rating experiment_500-1000,2021.1.4,Win32,144.0092166
,,,,,,space,3.4554,3,3.2816,0,408,408,408,1,408,images/pixabay_cat_003572.jpg,Eddy,001,2022-04-11_14h11.24.488,Cat face rating experiment_500-1000,2021.1.4,Win32,144.0092166
,,,,,,space,1.9653,2,1.3237,0,409,409,409,1,409,images/pixabay_cat_000361.jpg,Eddy,001,2022-04-11_14h11.24.488,Cat face rating experiment_500-1000,2021.1.4,Win32,144.0092166
,,,,,,space,1.1023,3,0.9356,0,410,410,410,1,410,images/pixabay_cat_001998.jpg,Eddy,001,2022-04-11_14h11.24.488,Cat face rating experiment_500-1000,2021.1.4,Win32,144.0092166
,,,,,,space,1.6499,3,1.4814,0,411,411,411,1,411,images/pixabay_cat_000450.jpg,Eddy,001,2022-04-11_14h11.24.488,Cat face rating experiment_500-1000,2021.1.4,Win32,144.0092166
,,,,,,space,1.343,,,0,412,412,412,1,412,images/pixabay_cat_001555.jpg,Eddy,001,2022-04-11_14h11.24.488,Cat face rating experiment_500-1000,2021.1.4,Win32,144.0092166
,,,,,,space,1.9189,5,1.5536,0,413,413,413,1,413,images/pixabay_cat_000647.jpg,Eddy,001,2022-04-11_14h11.24.488,Cat face rating experiment_500-1000,2021.1.4,Win32,144.0092166
,,,,,,space,2.0255,,,0,414,414,414,1,414,images/flickr_cat_000117.jpg,Eddy,001,2022-04-11_14h11.24.488,Cat face rating experiment_500-1000,2021.1.4,Win32,144.0092166
,,,,,,space,4.7082,5,3.2806,0,415,415,415,1,415,images/pixabay_cat_000527.jpg,Eddy,001,2022-04-11_14h11.24.488,Cat face rating experiment_500-1000,2021.1.4,Win32,144.0092166
,,,,,,space,1.4296,3,1.1155,0,416,416,416,1,416,images/pixabay_cat_000857.jpg,Eddy,001,2022-04-11_14h11.24.488,Cat face rating experiment_500-1000,2021.1.4,Win32,144.0092166
,,,,,,space,4.906,4,4.7192,0,417,417,417,1,417,images/pixabay_cat_001463.jpg,Eddy,001,2022-04-11_14h11.24.488,Cat face rating experiment_500-1000,2021.1.4,Win32,144.0092166
,,,,,,space,2.0398,3,1.7117,0,418,418,418,1,418,images/pixabay_cat_000467.jpg,Eddy,001,2022-04-11_14h11.24.488,Cat face rating experiment_500-1000,2021.1.4,Win32,144.0092166
,,,,,,space,1.8405,,,0,419,419,419,1,419,images/pixabay_cat_002026.jpg,Eddy,001,2022-04-11_14h11.24.488,Cat face rating experiment_500-1000,2021.1.4,Win32,144.0092166
,,,,,,space,1.4202,3,1.1841,0,420,420,420,1,420,images/pixabay_cat_000954.jpg,Eddy,001,2022-04-11_14h11.24.488,Cat face rating experiment_500-1000,2021.1.4,Win32,144.0092166
,,,,,,space,3.6996,3,3.0651,0,421,421,421,1,421,images/pixabay_cat_002353.jpg,Eddy,001,2022-04-11_14h11.24.488,Cat face rating experiment_500-1000,2021.1.4,Win32,144.0092166
,,,,,,space,1.1932,3,0.9929,0,422,422,422,1,422,images/pixabay_cat_002913.jpg,Eddy,001,2022-04-11_14h11.24.488,Cat face rating experiment_500-1000,2021.1.4,Win32,144.0092166
,,,,,,space,1.2639,5,1.0604,0,423,423,423,1,423,images/flickr_cat_000077.jpg,Eddy,001,2022-04-11_14h11.24.488,Cat face rating experiment_500-1000,2021.1.4,Win32,144.0092166
,,,,,,space,1.6078,,,0,424,424,424,1,424,images/pixabay_cat_001384.jpg,Eddy,001,2022-04-11_14h11.24.488,Cat face rating experiment_500-1000,2021.1.4,Win32,144.0092166
,,,,,,space,26.905,4,26.4829,0,425,425,425,1,425,images/pixabay_cat_001681.jpg,Eddy,001,2022-04-11_14h11.24.488,Cat face rating experiment_500-1000,2021.1.4,Win32,144.0092166
,,,,,,space,1.0929,,,0,426,426,426,1,426,images/pixabay_cat_001893.jpg,Eddy,001,2022-04-11_14h11.24.488,Cat face rating experiment_500-1000,2021.1.4,Win32,144.0092166
,,,,,,space,2.1253,2,1.983,0,427,427,427,1,427,images/pixabay_cat_001343.jpg,Eddy,001,2022-04-11_14h11.24.488,Cat face rating experiment_500-1000,2021.1.4,Win32,144.0092166
,,,,,,space,1.8567,6,1.6546,0,428,428,428,1,428,images/pixabay_cat_003350.jpg,Eddy,001,2022-04-11_14h11.24.488,Cat face rating experiment_500-1000,2021.1.4,Win32,144.0092166
,,,,,,space,1.2086,5,0.864,0,429,429,429,1,429,images/pixabay_cat_003939.jpg,Eddy,001,2022-04-11_14h11.24.488,Cat face rating experiment_500-1000,2021.1.4,Win32,144.0092166
,,,,,,space,1.8484,3,0.9487,0,430,430,430,1,430,images/pixabay_cat_004737.jpg,Eddy,001,2022-04-11_14h11.24.488,Cat face rating experiment_500-1000,2021.1.4,Win32,144.0092166
,,,,,,space,1.8857,2,1.6967,0,431,431,431,1,431,images/pixabay_cat_004052.jpg,Eddy,001,2022-04-11_14h11.24.488,Cat face rating experiment_500-1000,2021.1.4,Win32,144.0092166
,,,,,,space,1.2847,5,1.197,0,432,432,432,1,432,images/pixabay_cat_003925.jpg,Eddy,001,2022-04-11_14h11.24.488,Cat face rating experiment_500-1000,2021.1.4,Win32,144.0092166
,,,,,,space,1.4128,6,1.1874,0,433,433,433,1,433,images/pixabay_cat_001683.jpg,Eddy,001,2022-04-11_14h11.24.488,Cat face rating experiment_500-1000,2021.1.4,Win32,144.0092166
,,,,,,space,2.5496,3,2.28,0,434,434,434,1,434,images/flickr_cat_000671.jpg,Eddy,001,2022-04-11_14h11.24.488,Cat face rating experiment_500-1000,2021.1.4,Win32,144.0092166
,,,,,,space,0.8638,,,0,435,435,435,1,435,images/pixabay_cat_000388.jpg,Eddy,001,2022-04-11_14h11.24.488,Cat face rating experiment_500-1000,2021.1.4,Win32,144.0092166
,,,,,,space,1.005,,,0,436,436,436,1,436,images/pixabay_cat_004798.jpg,Eddy,001,2022-04-11_14h11.24.488,Cat face rating experiment_500-1000,2021.1.4,Win32,144.0092166
,,,,,,space,1.685,,,0,437,437,437,1,437,images/pixabay_cat_002057.jpg,Eddy,001,2022-04-11_14h11.24.488,Cat face rating experiment_500-1000,2021.1.4,Win32,144.0092166
,,,,,,space,1.0193,,,0,438,438,438,1,438,images/flickr_cat_000700.jpg,Eddy,001,2022-04-11_14h11.24.488,Cat face rating experiment_500-1000,2021.1.4,Win32,144.0092166
,,,,,,space,1.9287,3,1.8006,0,439,439,439,1,439,images/pixabay_cat_000809.jpg,Eddy,001,2022-04-11_14h11.24.488,Cat face rating experiment_500-1000,2021.1.4,Win32,144.0092166
,,,,,,space,1.7309,2,1.4528,0,440,440,440,1,440,images/pixabay_cat_000326.jpg,Eddy,001,2022-04-11_14h11.24.488,Cat face rating experiment_500-1000,2021.1.4,Win32,144.0092166
,,,,,,space,2.6256,3,2.523,0,441,441,441,1,441,images/pixabay_cat_000401.jpg,Eddy,001,2022-04-11_14h11.24.488,Cat face rating experiment_500-1000,2021.1.4,Win32,144.0092166
,,,,,,space,1.5841,6,1.4279,0,442,442,442,1,442,images/flickr_cat_000094.jpg,Eddy,001,2022-04-11_14h11.24.488,Cat face rating experiment_500-1000,2021.1.4,Win32,144.0092166
,,,,,,space,12.2147,5,11.7287,0,443,443,443,1,443,images/pixabay_cat_003378.jpg,Eddy,001,2022-04-11_14h11.24.488,Cat face rating experiment_500-1000,2021.1.4,Win32,144.0092166
,,,,,,space,1.145,,,0,444,444,444,1,444,images/pixabay_cat_001207.jpg,Eddy,001,2022-04-11_14h11.24.488,Cat face rating experiment_500-1000,2021.1.4,Win32,144.0092166
,,,,,,space,1.3794,3,0.8833,0,445,445,445,1,445,images/flickr_cat_000274.jpg,Eddy,001,2022-04-11_14h11.24.488,Cat face rating experiment_500-1000,2021.1.4,Win32,144.0092166
,,,,,,space,7.2882,3,6.8686,0,446,446,446,1,446,images/pixabay_cat_004630.jpg,Eddy,001,2022-04-11_14h11.24.488,Cat face rating experiment_500-1000,2021.1.4,Win32,144.0092166
,,,,,,space,3.8384,2,3.6074,0,447,447,447,1,447,images/pixabay_cat_001804.jpg,Eddy,001,2022-04-11_14h11.24.488,Cat face rating experiment_500-1000,2021.1.4,Win32,144.0092166
,,,,,,space,1.5053,3,1.2323,0,448,448,448,1,448,images/pixabay_cat_004629.jpg,Eddy,001,2022-04-11_14h11.24.488,Cat face rating experiment_500-1000,2021.1.4,Win32,144.0092166
,,,,,,space,2.2255,,,0,449,449,449,1,449,images/pixabay_cat_003538.jpg,Eddy,001,2022-04-11_14h11.24.488,Cat face rating experiment_500-1000,2021.1.4,Win32,144.0092166
,,,,,,space,7.9746,3,1.872,0,450,450,450,1,450,images/pixabay_cat_002991.jpg,Eddy,001,2022-04-11_14h11.24.488,Cat face rating experiment_500-1000,2021.1.4,Win32,144.0092166
,,,,,,space,0.7952,,,0,451,451,451,1,451,images/pixabay_cat_000287.jpg,Eddy,001,2022-04-11_14h11.24.488,Cat face rating experiment_500-1000,2021.1.4,Win32,144.0092166
,,,,,,space,1.3574,3,1.1454,0,452,452,452,1,452,images/pixabay_cat_000661.jpg,Eddy,001,2022-04-11_14h11.24.488,Cat face rating experiment_500-1000,2021.1.4,Win32,144.0092166
,,,,,,space,1.451,5,1.2736,0,453,453,453,1,453,images/flickr_cat_000334.jpg,Eddy,001,2022-04-11_14h11.24.488,Cat face rating experiment_500-1000,2021.1.4,Win32,144.0092166
,,,,,,space,1.2834,5,1.0076,0,454,454,454,1,454,images/pixabay_cat_002592.jpg,Eddy,001,2022-04-11_14h11.24.488,Cat face rating experiment_500-1000,2021.1.4,Win32,144.0092166
,,,,,,space,2.0358,5,1.8527,0,455,455,455,1,455,images/pixabay_cat_003194.jpg,Eddy,001,2022-04-11_14h11.24.488,Cat face rating experiment_500-1000,2021.1.4,Win32,144.0092166
,,,,,,space,1.4401,3,1.1567,0,456,456,456,1,456,images/pixabay_cat_000872.jpg,Eddy,001,2022-04-11_14h11.24.488,Cat face rating experiment_500-1000,2021.1.4,Win32,144.0092166
,,,,,,space,1.7342,5,1.5336,0,457,457,457,1,457,images/pixabay_cat_003189.jpg,Eddy,001,2022-04-11_14h11.24.488,Cat face rating experiment_500-1000,2021.1.4,Win32,144.0092166
,,,,,,space,1.2078,,,0,458,458,458,1,458,images/pixabay_cat_000402.jpg,Eddy,001,2022-04-11_14h11.24.488,Cat face rating experiment_500-1000,2021.1.4,Win32,144.0092166
,,,,,,space,2.3946,5,2.19,0,459,459,459,1,459,images/pixabay_cat_000823.jpg,Eddy,001,2022-04-11_14h11.24.488,Cat face rating experiment_500-1000,2021.1.4,Win32,144.0092166
,,,,,,space,2.7949,5,2.0702,0,460,460,460,1,460,images/pixabay_cat_004359.jpg,Eddy,001,2022-04-11_14h11.24.488,Cat face rating experiment_500-1000,2021.1.4,Win32,144.0092166
,,,,,,space,1.5633,2,1.2262,0,461,461,461,1,461,images/pixabay_cat_000080.jpg,Eddy,001,2022-04-11_14h11.24.488,Cat face rating experiment_500-1000,2021.1.4,Win32,144.0092166
,,,,,,space,1.824,6,1.3782,0,462,462,462,1,462,images/pixabay_cat_003639.jpg,Eddy,001,2022-04-11_14h11.24.488,Cat face rating experiment_500-1000,2021.1.4,Win32,144.0092166
,,,,,,space,2.2049,3,1.9663,0,463,463,463,1,463,images/pixabay_cat_002217.jpg,Eddy,001,2022-04-11_14h11.24.488,Cat face rating experiment_500-1000,2021.1.4,Win32,144.0092166
,,,,,,space,1.7348,3,1.484,0,464,464,464,1,464,images/pixabay_cat_001076.jpg,Eddy,001,2022-04-11_14h11.24.488,Cat face rating experiment_500-1000,2021.1.4,Win32,144.0092166
,,,,,,space,2.2463,4,2.0781,0,465,465,465,1,465,images/pixabay_cat_002357.jpg,Eddy,001,2022-04-11_14h11.24.488,Cat face rating experiment_500-1000,2021.1.4,Win32,144.0092166
,,,,,,space,0.8455,,,0,466,466,466,1,466,images/pixabay_cat_002584.jpg,Eddy,001,2022-04-11_14h11.24.488,Cat face rating experiment_500-1000,2021.1.4,Win32,144.0092166
,,,,,,space,0.934,,,0,467,467,467,1,467,images/pixabay_cat_003492.jpg,Eddy,001,2022-04-11_14h11.24.488,Cat face rating experiment_500-1000,2021.1.4,Win32,144.0092166
,,,,,,space,1.8765,,,0,468,468,468,1,468,images/pixabay_cat_004127.jpg,Eddy,001,2022-04-11_14h11.24.488,Cat face rating experiment_500-1000,2021.1.4,Win32,144.0092166
,,,,,,space,1.8659,2,1.586,0,469,469,469,1,469,images/pixabay_cat_003297.jpg,Eddy,001,2022-04-11_14h11.24.488,Cat face rating experiment_500-1000,2021.1.4,Win32,144.0092166
,,,,,,space,1.5079,5,1.2991,0,470,470,470,1,470,images/pixabay_cat_003542.jpg,Eddy,001,2022-04-11_14h11.24.488,Cat face rating experiment_500-1000,2021.1.4,Win32,144.0092166
,,,,,,space,1.5495,,,0,471,471,471,1,471,images/pixabay_cat_002532.jpg,Eddy,001,2022-04-11_14h11.24.488,Cat face rating experiment_500-1000,2021.1.4,Win32,144.0092166
,,,,,,space,1.4222,,,0,472,472,472,1,472,images/flickr_cat_000483.jpg,Eddy,001,2022-04-11_14h11.24.488,Cat face rating experiment_500-1000,2021.1.4,Win32,144.0092166
,,,,,,space,3.1902,5,2.6087,0,473,473,473,1,473,images/pixabay_cat_001606.jpg,Eddy,001,2022-04-11_14h11.24.488,Cat face rating experiment_500-1000,2021.1.4,Win32,144.0092166
,,,,,,space,1.2842,6,1.009,0,474,474,474,1,474,images/pixabay_cat_002706.jpg,Eddy,001,2022-04-11_14h11.24.488,Cat face rating experiment_500-1000,2021.1.4,Win32,144.0092166
,,,,,,space,2.2905,5,2.1294,0,475,475,475,1,475,images/pixabay_cat_003497.jpg,Eddy,001,2022-04-11_14h11.24.488,Cat face rating experiment_500-1000,2021.1.4,Win32,144.0092166
,,,,,,space,2.6035,1,2.1699,0,476,476,476,1,476,images/pixabay_cat_003322.jpg,Eddy,001,2022-04-11_14h11.24.488,Cat face rating experiment_500-1000,2021.1.4,Win32,144.0092166
,,,,,,space,3.91,3,3.1031,0,477,477,477,1,477,images/flickr_cat_000542.jpg,Eddy,001,2022-04-11_14h11.24.488,Cat face rating experiment_500-1000,2021.1.4,Win32,144.0092166
,,,,,,space,4.4335,3,3.4846,0,478,478,478,1,478,images/pixabay_cat_003335.jpg,Eddy,001,2022-04-11_14h11.24.488,Cat face rating experiment_500-1000,2021.1.4,Win32,144.0092166
,,,,,,space,1.9377,2,1.2799,0,479,479,479,1,479,images/pixabay_cat_004098.jpg,Eddy,001,2022-04-11_14h11.24.488,Cat face rating experiment_500-1000,2021.1.4,Win32,144.0092166
,,,,,,space,1.0813,3,0.8917,0,480,480,480,1,480,images/pixabay_cat_003381.jpg,Eddy,001,2022-04-11_14h11.24.488,Cat face rating experiment_500-1000,2021.1.4,Win32,144.0092166
,,,,,,space,1.4564,2,1.154,0,481,481,481,1,481,images/pixabay_cat_002824.jpg,Eddy,001,2022-04-11_14h11.24.488,Cat face rating experiment_500-1000,2021.1.4,Win32,144.0092166
,,,,,,space,1.7485,1,1.3445,0,482,482,482,1,482,images/pixabay_cat_001050.jpg,Eddy,001,2022-04-11_14h11.24.488,Cat face rating experiment_500-1000,2021.1.4,Win32,144.0092166
,,,,,,space,2.8245,5,2.5871,0,483,483,483,1,483,images/pixabay_cat_003956.jpg,Eddy,001,2022-04-11_14h11.24.488,Cat face rating experiment_500-1000,2021.1.4,Win32,144.0092166
,,,,,,space,1.7916,3,1.2193,0,484,484,484,1,484,images/pixabay_cat_004338.jpg,Eddy,001,2022-04-11_14h11.24.488,Cat face rating experiment_500-1000,2021.1.4,Win32,144.0092166
,,,,,,space,1.8162,6,1.5366,0,485,485,485,1,485,images/pixabay_cat_004232.jpg,Eddy,001,2022-04-11_14h11.24.488,Cat face rating experiment_500-1000,2021.1.4,Win32,144.0092166
,,,,,,space,1.4922,5,1.2274,0,486,486,486,1,486,images/flickr_cat_000041.jpg,Eddy,001,2022-04-11_14h11.24.488,Cat face rating experiment_500-1000,2021.1.4,Win32,144.0092166
,,,,,,space,2.1636,5,1.9538,0,487,487,487,1,487,images/pixabay_cat_002578.jpg,Eddy,001,2022-04-11_14h11.24.488,Cat face rating experiment_500-1000,2021.1.4,Win32,144.0092166
,,,,,,space,1.7078,6,1.3675,0,488,488,488,1,488,images/pixabay_cat_002952.jpg,Eddy,001,2022-04-11_14h11.24.488,Cat face rating experiment_500-1000,2021.1.4,Win32,144.0092166
,,,,,,space,2.2606,3,1.9737,0,489,489,489,1,489,images/pixabay_cat_001967.jpg,Eddy,001,2022-04-11_14h11.24.488,Cat face rating experiment_500-1000,2021.1.4,Win32,144.0092166
,,,,,,space,1.4664,2,1.0509,0,490,490,490,1,490,images/pixabay_cat_001091.jpg,Eddy,001,2022-04-11_14h11.24.488,Cat face rating experiment_500-1000,2021.1.4,Win32,144.0092166
,,,,,,space,0.0548,,,0,491,491,491,1,491,images/pixabay_cat_001334.jpg,Eddy,001,2022-04-11_14h11.24.488,Cat face rating experiment_500-1000,2021.1.4,Win32,144.0092166
,,,,,,space,2.6246,,,0,492,492,492,1,492,images/pixabay_cat_003532.jpg,Eddy,001,2022-04-11_14h11.24.488,Cat face rating experiment_500-1000,2021.1.4,Win32,144.0092166
,,,,,,space,1.2585,3,0.912,0,493,493,493,1,493,images/flickr_cat_000338.jpg,Eddy,001,2022-04-11_14h11.24.488,Cat face rating experiment_500-1000,2021.1.4,Win32,144.0092166
,,,,,,space,1.703,2,1.0927,0,494,494,494,1,494,images/pixabay_cat_000622.jpg,Eddy,001,2022-04-11_14h11.24.488,Cat face rating experiment_500-1000,2021.1.4,Win32,144.0092166
,,,,,,space,2.673,3,2.3992,0,495,495,495,1,495,images/pixabay_cat_002192.jpg,Eddy,001,2022-04-11_14h11.24.488,Cat face rating experiment_500-1000,2021.1.4,Win32,144.0092166
,,,,,,space,2.4584,1,2.0601,0,496,496,496,1,496,images/pixabay_cat_000270.jpg,Eddy,001,2022-04-11_14h11.24.488,Cat face rating experiment_500-1000,2021.1.4,Win32,144.0092166
,,,,,,space,5.0283,4,4.6636,0,497,497,497,1,497,images/pixabay_cat_003700.jpg,Eddy,001,2022-04-11_14h11.24.488,Cat face rating experiment_500-1000,2021.1.4,Win32,144.0092166
,,,,,,space,2.8416,3,1.2384,0,498,498,498,1,498,images/pixabay_cat_000215.jpg,Eddy,001,2022-04-11_14h11.24.488,Cat face rating experiment_500-1000,2021.1.4,Win32,144.0092166
,,,,,,space,2.0243,6,1.6038,0,499,499,499,1,499,images/pixabay_cat_004364.jpg,Eddy,001,2022-04-11_14h11.24.488,Cat face rating experiment_500-1000,2021.1.4,Win32,144.0092166
