key_resp.keys,key_resp.rt,key_resp_2.keys,key_resp_2.rt,key_resp_3.keys,key_resp_3.rt,key_resp_4.keys,key_resp_4.rt,slider.response,slider.rt,trials.thisRepN,trials.thisTrialN,trials.thisN,trials.thisIndex,trials.ran,trial_nums,img,participant,session,date,expName,psychopyVersion,OS,frameRate
space,9.2727,space,3.2817,space,1.1975,space,17.7202,3,17.2539,0,0,0,0,1,0,images/pixabay_cat_003488.jpg,Jack Lo,001,2022-05-28_22h21.15.508,Cat face rating experiment_500-1000,2021.1.4,MacIntel,60.0024001
,,,,,,space,2.6935,2,2.2913,0,1,1,1,1,1,images/pixabay_cat_002487.jpg,Jack Lo,001,2022-05-28_22h21.15.508,Cat face rating experiment_500-1000,2021.1.4,MacIntel,60.0024001
,,,,,,space,2.0484,2,1.741,0,2,2,2,1,2,images/pixabay_cat_004502.jpg,Jack Lo,001,2022-05-28_22h21.15.508,Cat face rating experiment_500-1000,2021.1.4,MacIntel,60.0024001
,,,,,,space,1.1014,2,0.721,0,3,3,3,1,3,images/pixabay_cat_004332.jpg,Jack Lo,001,2022-05-28_22h21.15.508,Cat face rating experiment_500-1000,2021.1.4,MacIntel,60.0024001
,,,,,,space,1.7894,1,1.621,0,4,4,4,1,4,images/pixabay_cat_004678.jpg,Jack Lo,001,2022-05-28_22h21.15.508,Cat face rating experiment_500-1000,2021.1.4,MacIntel,60.0024001
,,,,,,space,2.3325,3,1.99,0,5,5,5,1,5,images/pixabay_cat_003953.jpg,Jack Lo,001,2022-05-28_22h21.15.508,Cat face rating experiment_500-1000,2021.1.4,MacIntel,60.0024001
,,,,,,space,4.0582,2,1.3042,0,6,6,6,1,6,images/pixabay_cat_000066.jpg,Jack Lo,001,2022-05-28_22h21.15.508,Cat face rating experiment_500-1000,2021.1.4,MacIntel,60.0024001
,,,,,,space,0.9188,2,0.723,0,7,7,7,1,7,images/pixabay_cat_004307.jpg,Jack Lo,001,2022-05-28_22h21.15.508,Cat face rating experiment_500-1000,2021.1.4,MacIntel,60.0024001
,,,,,,space,1.1989,3,1.0527,0,8,8,8,1,8,images/pixabay_cat_002361.jpg,Jack Lo,001,2022-05-28_22h21.15.508,Cat face rating experiment_500-1000,2021.1.4,MacIntel,60.0024001
,,,,,,space,2.1667,4,1.7368,0,9,9,9,1,9,images/pixabay_cat_003116.jpg,Jack Lo,001,2022-05-28_22h21.15.508,Cat face rating experiment_500-1000,2021.1.4,MacIntel,60.0024001
,,,,,,space,2.428,,,0,10,10,10,1,10,images/pixabay_cat_003632.jpg,Jack Lo,001,2022-05-28_22h21.15.508,Cat face rating experiment_500-1000,2021.1.4,MacIntel,60.0024001
,,,,,,space,1.541,5,1.4358,0,11,11,11,1,11,images/pixabay_cat_000083.jpg,Jack Lo,001,2022-05-28_22h21.15.508,Cat face rating experiment_500-1000,2021.1.4,MacIntel,60.0024001
,,,,,,space,1.4137,3,1.1209,0,12,12,12,1,12,images/pixabay_cat_004027.jpg,Jack Lo,001,2022-05-28_22h21.15.508,Cat face rating experiment_500-1000,2021.1.4,MacIntel,60.0024001
,,,,,,space,1.4804,1,1.2907,0,13,13,13,1,13,images/flickr_cat_000621.jpg,Jack Lo,001,2022-05-28_22h21.15.508,Cat face rating experiment_500-1000,2021.1.4,MacIntel,60.0024001
,,,,,,space,12.4075,1,10.3558,0,14,14,14,1,14,images/pixabay_cat_004191.jpg,Jack Lo,001,2022-05-28_22h21.15.508,Cat face rating experiment_500-1000,2021.1.4,MacIntel,60.0024001
,,,,,,space,3.06,2,2.5099,0,15,15,15,1,15,images/pixabay_cat_003779.jpg,Jack Lo,001,2022-05-28_22h21.15.508,Cat face rating experiment_500-1000,2021.1.4,MacIntel,60.0024001
,,,,,,space,6.5445,1,1.7203,0,16,16,16,1,16,images/flickr_cat_000369.jpg,Jack Lo,001,2022-05-28_22h21.15.508,Cat face rating experiment_500-1000,2021.1.4,MacIntel,60.0024001
,,,,,,space,6.9956,2,6.2733,0,17,17,17,1,17,images/pixabay_cat_001572.jpg,Jack Lo,001,2022-05-28_22h21.15.508,Cat face rating experiment_500-1000,2021.1.4,MacIntel,60.0024001
,,,,,,space,3.3437,1,3.0021,0,18,18,18,1,18,images/flickr_cat_000107.jpg,Jack Lo,001,2022-05-28_22h21.15.508,Cat face rating experiment_500-1000,2021.1.4,MacIntel,60.0024001
,,,,,,space,15.1617,3,14.856,0,19,19,19,1,19,images/pixabay_cat_002366.jpg,Jack Lo,001,2022-05-28_22h21.15.508,Cat face rating experiment_500-1000,2021.1.4,MacIntel,60.0024001
,,,,,,space,1.0238,3,0.7197,0,20,20,20,1,20,images/pixabay_cat_002856.jpg,Jack Lo,001,2022-05-28_22h21.15.508,Cat face rating experiment_500-1000,2021.1.4,MacIntel,60.0024001
,,,,,,space,4.9193,2,1.3033,0,21,21,21,1,21,images/pixabay_cat_001957.jpg,Jack Lo,001,2022-05-28_22h21.15.508,Cat face rating experiment_500-1000,2021.1.4,MacIntel,60.0024001
,,,,,,space,2.9403,3,2.2517,0,22,22,22,1,22,images/pixabay_cat_002320.jpg,Jack Lo,001,2022-05-28_22h21.15.508,Cat face rating experiment_500-1000,2021.1.4,MacIntel,60.0024001
,,,,,,space,5.712,2,5.0576,0,23,23,23,1,23,images/pixabay_cat_003627.jpg,Jack Lo,001,2022-05-28_22h21.15.508,Cat face rating experiment_500-1000,2021.1.4,MacIntel,60.0024001
,,,,,,space,1.5034,,,0,24,24,24,1,24,images/pixabay_cat_002965.jpg,Jack Lo,001,2022-05-28_22h21.15.508,Cat face rating experiment_500-1000,2021.1.4,MacIntel,60.0024001
,,,,,,space,1.0258,3,0.7871,0,25,25,25,1,25,images/pixabay_cat_001209.jpg,Jack Lo,001,2022-05-28_22h21.15.508,Cat face rating experiment_500-1000,2021.1.4,MacIntel,60.0024001
,,,,,,space,1.0213,3,0.7211,0,26,26,26,1,26,images/pixabay_cat_003769.jpg,Jack Lo,001,2022-05-28_22h21.15.508,Cat face rating experiment_500-1000,2021.1.4,MacIntel,60.0024001
,,,,,,space,0.9596,,,0,27,27,27,1,27,images/pixabay_cat_001302.jpg,Jack Lo,001,2022-05-28_22h21.15.508,Cat face rating experiment_500-1000,2021.1.4,MacIntel,60.0024001
,,,,,,space,1.9898,3,1.6722,0,28,28,28,1,28,images/pixabay_cat_003342.jpg,Jack Lo,001,2022-05-28_22h21.15.508,Cat face rating experiment_500-1000,2021.1.4,MacIntel,60.0024001
,,,,,,space,1.1045,,,0,29,29,29,1,29,images/pixabay_cat_001604.jpg,Jack Lo,001,2022-05-28_22h21.15.508,Cat face rating experiment_500-1000,2021.1.4,MacIntel,60.0024001
,,,,,,space,1.387,5,1.134,0,30,30,30,1,30,images/pixabay_cat_003657.jpg,Jack Lo,001,2022-05-28_22h21.15.508,Cat face rating experiment_500-1000,2021.1.4,MacIntel,60.0024001
,,,,,,space,2.7947,4,2.0537,0,31,31,31,1,31,images/pixabay_cat_004021.jpg,Jack Lo,001,2022-05-28_22h21.15.508,Cat face rating experiment_500-1000,2021.1.4,MacIntel,60.0024001
,,,,,,space,4.3249,2,3.7566,0,32,32,32,1,32,images/pixabay_cat_002477.jpg,Jack Lo,001,2022-05-28_22h21.15.508,Cat face rating experiment_500-1000,2021.1.4,MacIntel,60.0024001
,,,,,,space,21.455,3,20.8204,0,33,33,33,1,33,images/pixabay_cat_000087.jpg,Jack Lo,001,2022-05-28_22h21.15.508,Cat face rating experiment_500-1000,2021.1.4,MacIntel,60.0024001
,,,,,,space,4.4918,4,3.9065,0,34,34,34,1,34,images/flickr_cat_000349.jpg,Jack Lo,001,2022-05-28_22h21.15.508,Cat face rating experiment_500-1000,2021.1.4,MacIntel,60.0024001
,,,,,,space,17.425,3,16.0576,0,35,35,35,1,35,images/pixabay_cat_001574.jpg,Jack Lo,001,2022-05-28_22h21.15.508,Cat face rating experiment_500-1000,2021.1.4,MacIntel,60.0024001
,,,,,,space,5.0787,3,4.6396,0,36,36,36,1,36,images/pixabay_cat_002498.jpg,Jack Lo,001,2022-05-28_22h21.15.508,Cat face rating experiment_500-1000,2021.1.4,MacIntel,60.0024001
,,,,,,space,1.5438,2,1.2042,0,37,37,37,1,37,images/pixabay_cat_001747.jpg,Jack Lo,001,2022-05-28_22h21.15.508,Cat face rating experiment_500-1000,2021.1.4,MacIntel,60.0024001
,,,,,,space,3.1077,3,2.6762,0,38,38,38,1,38,images/pixabay_cat_004336.jpg,Jack Lo,001,2022-05-28_22h21.15.508,Cat face rating experiment_500-1000,2021.1.4,MacIntel,60.0024001
,,,,,,space,1.3886,,,0,39,39,39,1,39,images/pixabay_cat_004646.jpg,Jack Lo,001,2022-05-28_22h21.15.508,Cat face rating experiment_500-1000,2021.1.4,MacIntel,60.0024001
,,,,,,space,1.407,3,1.1718,0,40,40,40,1,40,images/pixabay_cat_004640.jpg,Jack Lo,001,2022-05-28_22h21.15.508,Cat face rating experiment_500-1000,2021.1.4,MacIntel,60.0024001
,,,,,,space,1.7286,1,1.4221,0,41,41,41,1,41,images/pixabay_cat_003966.jpg,Jack Lo,001,2022-05-28_22h21.15.508,Cat face rating experiment_500-1000,2021.1.4,MacIntel,60.0024001
,,,,,,space,1.4644,2,1.1559,0,42,42,42,1,42,images/pixabay_cat_001356.jpg,Jack Lo,001,2022-05-28_22h21.15.508,Cat face rating experiment_500-1000,2021.1.4,MacIntel,60.0024001
,,,,,,space,1.0519,2,0.7235,0,43,43,43,1,43,images/pixabay_cat_002888.jpg,Jack Lo,001,2022-05-28_22h21.15.508,Cat face rating experiment_500-1000,2021.1.4,MacIntel,60.0024001
,,,,,,space,1.2069,,,0,44,44,44,1,44,images/pixabay_cat_000933.jpg,Jack Lo,001,2022-05-28_22h21.15.508,Cat face rating experiment_500-1000,2021.1.4,MacIntel,60.0024001
,,,,,,space,2.4075,6,2.1371,0,45,45,45,1,45,images/flickr_cat_000038.jpg,Jack Lo,001,2022-05-28_22h21.15.508,Cat face rating experiment_500-1000,2021.1.4,MacIntel,60.0024001
,,,,,,space,1.4728,6,1.2265,0,46,46,46,1,46,images/pixabay_cat_000589.jpg,Jack Lo,001,2022-05-28_22h21.15.508,Cat face rating experiment_500-1000,2021.1.4,MacIntel,60.0024001
,,,,,,space,1.76,5,1.5006,0,47,47,47,1,47,images/pixabay_cat_001439.jpg,Jack Lo,001,2022-05-28_22h21.15.508,Cat face rating experiment_500-1000,2021.1.4,MacIntel,60.0024001
,,,,,,space,1.3001,5,1.0859,0,48,48,48,1,48,images/flickr_cat_000649.jpg,Jack Lo,001,2022-05-28_22h21.15.508,Cat face rating experiment_500-1000,2021.1.4,MacIntel,60.0024001
,,,,,,space,0.8323,5,0.6239,0,49,49,49,1,49,images/pixabay_cat_000702.jpg,Jack Lo,001,2022-05-28_22h21.15.508,Cat face rating experiment_500-1000,2021.1.4,MacIntel,60.0024001
,,,,,,space,3.0943,3,2.7726,0,50,50,50,1,50,images/pixabay_cat_004775.jpg,Jack Lo,001,2022-05-28_22h21.15.508,Cat face rating experiment_500-1000,2021.1.4,MacIntel,60.0024001
,,,,,,space,1.6469,4,1.2036,0,51,51,51,1,51,images/pixabay_cat_004368.jpg,Jack Lo,001,2022-05-28_22h21.15.508,Cat face rating experiment_500-1000,2021.1.4,MacIntel,60.0024001
,,,,,,space,1.8905,,,0,52,52,52,1,52,images/pixabay_cat_000460.jpg,Jack Lo,001,2022-05-28_22h21.15.508,Cat face rating experiment_500-1000,2021.1.4,MacIntel,60.0024001
,,,,,,space,1.09,5,0.8031,0,53,53,53,1,53,images/pixabay_cat_004319.jpg,Jack Lo,001,2022-05-28_22h21.15.508,Cat face rating experiment_500-1000,2021.1.4,MacIntel,60.0024001
,,,,,,space,1.9798,2,1.7693,0,54,54,54,1,54,images/pixabay_cat_002496.jpg,Jack Lo,001,2022-05-28_22h21.15.508,Cat face rating experiment_500-1000,2021.1.4,MacIntel,60.0024001
,,,,,,space,2.1803,5,1.9589,0,55,55,55,1,55,images/pixabay_cat_001800.jpg,Jack Lo,001,2022-05-28_22h21.15.508,Cat face rating experiment_500-1000,2021.1.4,MacIntel,60.0024001
,,,,,,space,1.5533,3,1.3226,0,56,56,56,1,56,images/pixabay_cat_002878.jpg,Jack Lo,001,2022-05-28_22h21.15.508,Cat face rating experiment_500-1000,2021.1.4,MacIntel,60.0024001
,,,,,,space,1.7978,6,1.653,0,57,57,57,1,57,images/pixabay_cat_004438.jpg,Jack Lo,001,2022-05-28_22h21.15.508,Cat face rating experiment_500-1000,2021.1.4,MacIntel,60.0024001
,,,,,,space,1.6781,5,1.4873,0,58,58,58,1,58,images/pixabay_cat_002400.jpg,Jack Lo,001,2022-05-28_22h21.15.508,Cat face rating experiment_500-1000,2021.1.4,MacIntel,60.0024001
,,,,,,space,1.5223,3,1.3379,0,59,59,59,1,59,images/pixabay_cat_004302.jpg,Jack Lo,001,2022-05-28_22h21.15.508,Cat face rating experiment_500-1000,2021.1.4,MacIntel,60.0024001
,,,,,,space,2.1679,7,1.5555,0,60,60,60,1,60,images/pixabay_cat_000877.jpg,Jack Lo,001,2022-05-28_22h21.15.508,Cat face rating experiment_500-1000,2021.1.4,MacIntel,60.0024001
,,,,,,space,1.8898,2,1.6071,0,61,61,61,1,61,images/pixabay_cat_004288.jpg,Jack Lo,001,2022-05-28_22h21.15.508,Cat face rating experiment_500-1000,2021.1.4,MacIntel,60.0024001
,,,,,,space,2.4602,3,1.4736,0,62,62,62,1,62,images/pixabay_cat_003790.jpg,Jack Lo,001,2022-05-28_22h21.15.508,Cat face rating experiment_500-1000,2021.1.4,MacIntel,60.0024001
,,,,,,space,1.7934,1,1.5534,0,63,63,63,1,63,images/pixabay_cat_002299.jpg,Jack Lo,001,2022-05-28_22h21.15.508,Cat face rating experiment_500-1000,2021.1.4,MacIntel,60.0024001
,,,,,,space,1.4294,2,1.1873,0,64,64,64,1,64,images/pixabay_cat_000643.jpg,Jack Lo,001,2022-05-28_22h21.15.508,Cat face rating experiment_500-1000,2021.1.4,MacIntel,60.0024001
,,,,,,space,1.4576,3,1.0853,0,65,65,65,1,65,images/pixabay_cat_000279.jpg,Jack Lo,001,2022-05-28_22h21.15.508,Cat face rating experiment_500-1000,2021.1.4,MacIntel,60.0024001
,,,,,,space,1.5111,,,0,66,66,66,1,66,images/pixabay_cat_000749.jpg,Jack Lo,001,2022-05-28_22h21.15.508,Cat face rating experiment_500-1000,2021.1.4,MacIntel,60.0024001
,,,,,,space,1.2126,3,1.0063,0,67,67,67,1,67,images/flickr_cat_000491.jpg,Jack Lo,001,2022-05-28_22h21.15.508,Cat face rating experiment_500-1000,2021.1.4,MacIntel,60.0024001
,,,,,,space,1.7781,3,0.7577,0,68,68,68,1,68,images/pixabay_cat_001393.jpg,Jack Lo,001,2022-05-28_22h21.15.508,Cat face rating experiment_500-1000,2021.1.4,MacIntel,60.0024001
,,,,,,space,2.4479,1,1.8569,0,69,69,69,1,69,images/pixabay_cat_001306.jpg,Jack Lo,001,2022-05-28_22h21.15.508,Cat face rating experiment_500-1000,2021.1.4,MacIntel,60.0024001
,,,,,,space,1.7654,2,1.3901,0,70,70,70,1,70,images/pixabay_cat_001232.jpg,Jack Lo,001,2022-05-28_22h21.15.508,Cat face rating experiment_500-1000,2021.1.4,MacIntel,60.0024001
,,,,,,space,3.7062,2,3.3918,0,71,71,71,1,71,images/pixabay_cat_004204.jpg,Jack Lo,001,2022-05-28_22h21.15.508,Cat face rating experiment_500-1000,2021.1.4,MacIntel,60.0024001
,,,,,,space,10.5098,4,9.4562,0,72,72,72,1,72,images/pixabay_cat_000286.jpg,Jack Lo,001,2022-05-28_22h21.15.508,Cat face rating experiment_500-1000,2021.1.4,MacIntel,60.0024001
,,,,,,space,1.2147,3,0.9047,0,73,73,73,1,73,images/pixabay_cat_002003.jpg,Jack Lo,001,2022-05-28_22h21.15.508,Cat face rating experiment_500-1000,2021.1.4,MacIntel,60.0024001
,,,,,,space,4.7144,2,4.4096,0,74,74,74,1,74,images/flickr_cat_000476.jpg,Jack Lo,001,2022-05-28_22h21.15.508,Cat face rating experiment_500-1000,2021.1.4,MacIntel,60.0024001
,,,,,,space,2.5716,2,2.407,0,75,75,75,1,75,images/pixabay_cat_002626.jpg,Jack Lo,001,2022-05-28_22h21.15.508,Cat face rating experiment_500-1000,2021.1.4,MacIntel,60.0024001
,,,,,,space,1.5616,3,1.3355,0,76,76,76,1,76,images/pixabay_cat_003259.jpg,Jack Lo,001,2022-05-28_22h21.15.508,Cat face rating experiment_500-1000,2021.1.4,MacIntel,60.0024001
,,,,,,space,2.2041,2,1.8382,0,77,77,77,1,77,images/pixabay_cat_000905.jpg,Jack Lo,001,2022-05-28_22h21.15.508,Cat face rating experiment_500-1000,2021.1.4,MacIntel,60.0024001
,,,,,,space,1.2046,,,0,78,78,78,1,78,images/pixabay_cat_002123.jpg,Jack Lo,001,2022-05-28_22h21.15.508,Cat face rating experiment_500-1000,2021.1.4,MacIntel,60.0024001
,,,,,,space,1.9273,5,1.7034,0,79,79,79,1,79,images/flickr_cat_000521.jpg,Jack Lo,001,2022-05-28_22h21.15.508,Cat face rating experiment_500-1000,2021.1.4,MacIntel,60.0024001
,,,,,,space,2.1222,2,1.6046,0,80,80,80,1,80,images/pixabay_cat_003620.jpg,Jack Lo,001,2022-05-28_22h21.15.508,Cat face rating experiment_500-1000,2021.1.4,MacIntel,60.0024001
,,,,,,space,2.1913,2,1.3692,0,81,81,81,1,81,images/pixabay_cat_004489.jpg,Jack Lo,001,2022-05-28_22h21.15.508,Cat face rating experiment_500-1000,2021.1.4,MacIntel,60.0024001
,,,,,,space,0.9743,2,0.758,0,82,82,82,1,82,images/pixabay_cat_003468.jpg,Jack Lo,001,2022-05-28_22h21.15.508,Cat face rating experiment_500-1000,2021.1.4,MacIntel,60.0024001
,,,,,,space,1.3581,,,0,83,83,83,1,83,images/pixabay_cat_001310.jpg,Jack Lo,001,2022-05-28_22h21.15.508,Cat face rating experiment_500-1000,2021.1.4,MacIntel,60.0024001
,,,,,,space,0.9348,,,0,84,84,84,1,84,images/pixabay_cat_001617.jpg,Jack Lo,001,2022-05-28_22h21.15.508,Cat face rating experiment_500-1000,2021.1.4,MacIntel,60.0024001
,,,,,,space,1.8032,3,1.5494,0,85,85,85,1,85,images/pixabay_cat_003431.jpg,Jack Lo,001,2022-05-28_22h21.15.508,Cat face rating experiment_500-1000,2021.1.4,MacIntel,60.0024001
,,,,,,space,1.6905,3,0.8377,0,86,86,86,1,86,images/flickr_cat_000422.jpg,Jack Lo,001,2022-05-28_22h21.15.508,Cat face rating experiment_500-1000,2021.1.4,MacIntel,60.0024001
,,,,,,space,1.6548,5,1.3886,0,87,87,87,1,87,images/pixabay_cat_003970.jpg,Jack Lo,001,2022-05-28_22h21.15.508,Cat face rating experiment_500-1000,2021.1.4,MacIntel,60.0024001
,,,,,,space,1.897,2,1.6688,0,88,88,88,1,88,images/pixabay_cat_002324.jpg,Jack Lo,001,2022-05-28_22h21.15.508,Cat face rating experiment_500-1000,2021.1.4,MacIntel,60.0024001
,,,,,,space,0.867,2,0.6733,0,89,89,89,1,89,images/pixabay_cat_002954.jpg,Jack Lo,001,2022-05-28_22h21.15.508,Cat face rating experiment_500-1000,2021.1.4,MacIntel,60.0024001
,,,,,,space,1.3515,3,1.1384,0,90,90,90,1,90,images/pixabay_cat_003345.jpg,Jack Lo,001,2022-05-28_22h21.15.508,Cat face rating experiment_500-1000,2021.1.4,MacIntel,60.0024001
,,,,,,space,1.2139,3,0.9382,0,91,91,91,1,91,images/pixabay_cat_001032.jpg,Jack Lo,001,2022-05-28_22h21.15.508,Cat face rating experiment_500-1000,2021.1.4,MacIntel,60.0024001
,,,,,,space,2.1445,5,1.74,0,92,92,92,1,92,images/pixabay_cat_003917.jpg,Jack Lo,001,2022-05-28_22h21.15.508,Cat face rating experiment_500-1000,2021.1.4,MacIntel,60.0024001
,,,,,,space,1.1255,5,0.9085,0,93,93,93,1,93,images/pixabay_cat_002548.jpg,Jack Lo,001,2022-05-28_22h21.15.508,Cat face rating experiment_500-1000,2021.1.4,MacIntel,60.0024001
,,,,,,space,1.9059,3,1.4395,0,94,94,94,1,94,images/pixabay_cat_001108.jpg,Jack Lo,001,2022-05-28_22h21.15.508,Cat face rating experiment_500-1000,2021.1.4,MacIntel,60.0024001
,,,,,,space,4.5977,4,4.1526,0,95,95,95,1,95,images/flickr_cat_000817.jpg,Jack Lo,001,2022-05-28_22h21.15.508,Cat face rating experiment_500-1000,2021.1.4,MacIntel,60.0024001
,,,,,,space,1.502,3,1.1546,0,96,96,96,1,96,images/pixabay_cat_002339.jpg,Jack Lo,001,2022-05-28_22h21.15.508,Cat face rating experiment_500-1000,2021.1.4,MacIntel,60.0024001
,,,,,,space,1.3351,3,0.9886,0,97,97,97,1,97,images/flickr_cat_000012.jpg,Jack Lo,001,2022-05-28_22h21.15.508,Cat face rating experiment_500-1000,2021.1.4,MacIntel,60.0024001
,,,,,,space,13.0075,5,12.3547,0,98,98,98,1,98,images/pixabay_cat_003533.jpg,Jack Lo,001,2022-05-28_22h21.15.508,Cat face rating experiment_500-1000,2021.1.4,MacIntel,60.0024001
,,,,,,space,2.4465,5,1.7577,0,99,99,99,1,99,images/pixabay_cat_002544.jpg,Jack Lo,001,2022-05-28_22h21.15.508,Cat face rating experiment_500-1000,2021.1.4,MacIntel,60.0024001
,,,,,,space,7.0096,2,6.0776,0,100,100,100,1,100,images/pixabay_cat_002215.jpg,Jack Lo,001,2022-05-28_22h21.15.508,Cat face rating experiment_500-1000,2021.1.4,MacIntel,60.0024001
,,,,,,space,2.2357,1,1.5713,0,101,101,101,1,101,images/flickr_cat_000444.jpg,Jack Lo,001,2022-05-28_22h21.15.508,Cat face rating experiment_500-1000,2021.1.4,MacIntel,60.0024001
,,,,,,space,2.7294,2,2.5047,0,102,102,102,1,102,images/pixabay_cat_002035.jpg,Jack Lo,001,2022-05-28_22h21.15.508,Cat face rating experiment_500-1000,2021.1.4,MacIntel,60.0024001
,,,,,,space,1.3904,3,1.0412,0,103,103,103,1,103,images/flickr_cat_000168.jpg,Jack Lo,001,2022-05-28_22h21.15.508,Cat face rating experiment_500-1000,2021.1.4,MacIntel,60.0024001
,,,,,,space,2.7716,5,2.271,0,104,104,104,1,104,images/pixabay_cat_002771.jpg,Jack Lo,001,2022-05-28_22h21.15.508,Cat face rating experiment_500-1000,2021.1.4,MacIntel,60.0024001
,,,,,,space,3.2641,5,2.8722,0,105,105,105,1,105,images/pixabay_cat_004344.jpg,Jack Lo,001,2022-05-28_22h21.15.508,Cat face rating experiment_500-1000,2021.1.4,MacIntel,60.0024001
,,,,,,space,7.6427,3,7.2086,0,106,106,106,1,106,images/pixabay_cat_002959.jpg,Jack Lo,001,2022-05-28_22h21.15.508,Cat face rating experiment_500-1000,2021.1.4,MacIntel,60.0024001
,,,,,,space,9.5801,1,9.1263,0,107,107,107,1,107,images/pixabay_cat_000364.jpg,Jack Lo,001,2022-05-28_22h21.15.508,Cat face rating experiment_500-1000,2021.1.4,MacIntel,60.0024001
,,,,,,space,0.8389,1,0.6216,0,108,108,108,1,108,images/pixabay_cat_001453.jpg,Jack Lo,001,2022-05-28_22h21.15.508,Cat face rating experiment_500-1000,2021.1.4,MacIntel,60.0024001
,,,,,,space,5.8013,1,2.7545,0,109,109,109,1,109,images/pixabay_cat_004012.jpg,Jack Lo,001,2022-05-28_22h21.15.508,Cat face rating experiment_500-1000,2021.1.4,MacIntel,60.0024001
,,,,,,space,1.2191,2,0.5668,0,110,110,110,1,110,images/pixabay_cat_000235.jpg,Jack Lo,001,2022-05-28_22h21.15.508,Cat face rating experiment_500-1000,2021.1.4,MacIntel,60.0024001
,,,,,,space,1.6892,3,1.4219,0,111,111,111,1,111,images/pixabay_cat_004209.jpg,Jack Lo,001,2022-05-28_22h21.15.508,Cat face rating experiment_500-1000,2021.1.4,MacIntel,60.0024001
,,,,,,space,2.0867,5,1.4542,0,112,112,112,1,112,images/pixabay_cat_004402.jpg,Jack Lo,001,2022-05-28_22h21.15.508,Cat face rating experiment_500-1000,2021.1.4,MacIntel,60.0024001
,,,,,,space,15.5391,1,11.4845,0,113,113,113,1,113,images/pixabay_cat_002476.jpg,Jack Lo,001,2022-05-28_22h21.15.508,Cat face rating experiment_500-1000,2021.1.4,MacIntel,60.0024001
,,,,,,space,13.383,4,12.8918,0,114,114,114,1,114,images/pixabay_cat_002513.jpg,Jack Lo,001,2022-05-28_22h21.15.508,Cat face rating experiment_500-1000,2021.1.4,MacIntel,60.0024001
,,,,,,space,1.4143,2,1.139,0,115,115,115,1,115,images/flickr_cat_000087.jpg,Jack Lo,001,2022-05-28_22h21.15.508,Cat face rating experiment_500-1000,2021.1.4,MacIntel,60.0024001
,,,,,,space,1.5083,2,0.5897,0,116,116,116,1,116,images/pixabay_cat_004724.jpg,Jack Lo,001,2022-05-28_22h21.15.508,Cat face rating experiment_500-1000,2021.1.4,MacIntel,60.0024001
,,,,,,space,1.6723,3,1.205,0,117,117,117,1,117,images/pixabay_cat_001242.jpg,Jack Lo,001,2022-05-28_22h21.15.508,Cat face rating experiment_500-1000,2021.1.4,MacIntel,60.0024001
,,,,,,space,5.6076,2,4.9894,0,118,118,118,1,118,images/pixabay_cat_002606.jpg,Jack Lo,001,2022-05-28_22h21.15.508,Cat face rating experiment_500-1000,2021.1.4,MacIntel,60.0024001
,,,,,,space,4.5146,5,4.0552,0,119,119,119,1,119,images/flickr_cat_000417.jpg,Jack Lo,001,2022-05-28_22h21.15.508,Cat face rating experiment_500-1000,2021.1.4,MacIntel,60.0024001
,,,,,,space,18.238,2,17.7364,0,120,120,120,1,120,images/pixabay_cat_001122.jpg,Jack Lo,001,2022-05-28_22h21.15.508,Cat face rating experiment_500-1000,2021.1.4,MacIntel,60.0024001
,,,,,,space,3.8016,2,0.6514,0,121,121,121,1,121,images/pixabay_cat_003199.jpg,Jack Lo,001,2022-05-28_22h21.15.508,Cat face rating experiment_500-1000,2021.1.4,MacIntel,60.0024001
,,,,,,space,6.1665,2,5.6382,0,122,122,122,1,122,images/flickr_cat_000648.jpg,Jack Lo,001,2022-05-28_22h21.15.508,Cat face rating experiment_500-1000,2021.1.4,MacIntel,60.0024001
,,,,,,space,1.3554,2,0.6547,0,123,123,123,1,123,images/pixabay_cat_002412.jpg,Jack Lo,001,2022-05-28_22h21.15.508,Cat face rating experiment_500-1000,2021.1.4,MacIntel,60.0024001
,,,,,,space,4.2221,1,3.6034,0,124,124,124,1,124,images/pixabay_cat_003145.jpg,Jack Lo,001,2022-05-28_22h21.15.508,Cat face rating experiment_500-1000,2021.1.4,MacIntel,60.0024001
,,,,,,space,4.0534,1,0.7716,0,125,125,125,1,125,images/pixabay_cat_003066.jpg,Jack Lo,001,2022-05-28_22h21.15.508,Cat face rating experiment_500-1000,2021.1.4,MacIntel,60.0024001
,,,,,,space,4.7549,3,4.2715,0,126,126,126,1,126,images/pixabay_cat_004736.jpg,Jack Lo,001,2022-05-28_22h21.15.508,Cat face rating experiment_500-1000,2021.1.4,MacIntel,60.0024001
,,,,,,space,1.5622,2,1.0395,0,127,127,127,1,127,images/pixabay_cat_003163.jpg,Jack Lo,001,2022-05-28_22h21.15.508,Cat face rating experiment_500-1000,2021.1.4,MacIntel,60.0024001
,,,,,,space,6.5714,5,6.3879,0,128,128,128,1,128,images/pixabay_cat_002777.jpg,Jack Lo,001,2022-05-28_22h21.15.508,Cat face rating experiment_500-1000,2021.1.4,MacIntel,60.0024001
,,,,,,space,1.8786,1,1.6356,0,129,129,129,1,129,images/pixabay_cat_003523.jpg,Jack Lo,001,2022-05-28_22h21.15.508,Cat face rating experiment_500-1000,2021.1.4,MacIntel,60.0024001
,,,,,,space,0.825,1,0.6222,0,130,130,130,1,130,images/pixabay_cat_002758.jpg,Jack Lo,001,2022-05-28_22h21.15.508,Cat face rating experiment_500-1000,2021.1.4,MacIntel,60.0024001
,,,,,,space,0.7765,1,0.623,0,131,131,131,1,131,images/pixabay_cat_004659.jpg,Jack Lo,001,2022-05-28_22h21.15.508,Cat face rating experiment_500-1000,2021.1.4,MacIntel,60.0024001
,,,,,,space,1.5289,3,1.239,0,132,132,132,1,132,images/pixabay_cat_002725.jpg,Jack Lo,001,2022-05-28_22h21.15.508,Cat face rating experiment_500-1000,2021.1.4,MacIntel,60.0024001
,,,,,,space,1.7176,5,1.4202,0,133,133,133,1,133,images/pixabay_cat_000488.jpg,Jack Lo,001,2022-05-28_22h21.15.508,Cat face rating experiment_500-1000,2021.1.4,MacIntel,60.0024001
,,,,,,space,0.9027,5,0.7208,0,134,134,134,1,134,images/pixabay_cat_003232.jpg,Jack Lo,001,2022-05-28_22h21.15.508,Cat face rating experiment_500-1000,2021.1.4,MacIntel,60.0024001
,,,,,,space,2.0927,3,1.7721,0,135,135,135,1,135,images/pixabay_cat_001764.jpg,Jack Lo,001,2022-05-28_22h21.15.508,Cat face rating experiment_500-1000,2021.1.4,MacIntel,60.0024001
,,,,,,space,1.1446,,,0,136,136,136,1,136,images/pixabay_cat_003339.jpg,Jack Lo,001,2022-05-28_22h21.15.508,Cat face rating experiment_500-1000,2021.1.4,MacIntel,60.0024001
,,,,,,space,1.0362,,,0,137,137,137,1,137,images/pixabay_cat_003499.jpg,Jack Lo,001,2022-05-28_22h21.15.508,Cat face rating experiment_500-1000,2021.1.4,MacIntel,60.0024001
,,,,,,space,1.3551,3,1.0703,0,138,138,138,1,138,images/pixabay_cat_003157.jpg,Jack Lo,001,2022-05-28_22h21.15.508,Cat face rating experiment_500-1000,2021.1.4,MacIntel,60.0024001
,,,,,,space,1.6107,5,1.4093,0,139,139,139,1,139,images/pixabay_cat_004749.jpg,Jack Lo,001,2022-05-28_22h21.15.508,Cat face rating experiment_500-1000,2021.1.4,MacIntel,60.0024001
,,,,,,space,2.9207,5,2.684,0,140,140,140,1,140,images/pixabay_cat_000232.jpg,Jack Lo,001,2022-05-28_22h21.15.508,Cat face rating experiment_500-1000,2021.1.4,MacIntel,60.0024001
,,,,,,space,2.1182,,,0,141,141,141,1,141,images/flickr_cat_000037.jpg,Jack Lo,001,2022-05-28_22h21.15.508,Cat face rating experiment_500-1000,2021.1.4,MacIntel,60.0024001
,,,,,,space,1.4527,,,0,142,142,142,1,142,images/pixabay_cat_001162.jpg,Jack Lo,001,2022-05-28_22h21.15.508,Cat face rating experiment_500-1000,2021.1.4,MacIntel,60.0024001
,,,,,,space,1.6611,2,1.4191,0,143,143,143,1,143,images/pixabay_cat_002213.jpg,Jack Lo,001,2022-05-28_22h21.15.508,Cat face rating experiment_500-1000,2021.1.4,MacIntel,60.0024001
,,,,,,space,1.6401,3,1.3894,0,144,144,144,1,144,images/pixabay_cat_004105.jpg,Jack Lo,001,2022-05-28_22h21.15.508,Cat face rating experiment_500-1000,2021.1.4,MacIntel,60.0024001
,,,,,,space,1.5581,5,1.3728,0,145,145,145,1,145,images/pixabay_cat_004205.jpg,Jack Lo,001,2022-05-28_22h21.15.508,Cat face rating experiment_500-1000,2021.1.4,MacIntel,60.0024001
,,,,,,space,3.6154,6,3.1556,0,146,146,146,1,146,images/pixabay_cat_004518.jpg,Jack Lo,001,2022-05-28_22h21.15.508,Cat face rating experiment_500-1000,2021.1.4,MacIntel,60.0024001
,,,,,,space,5.6242,4,5.0912,0,147,147,147,1,147,images/pixabay_cat_001246.jpg,Jack Lo,001,2022-05-28_22h21.15.508,Cat face rating experiment_500-1000,2021.1.4,MacIntel,60.0024001
,,,,,,space,5.6577,4,5.0199,0,148,148,148,1,148,images/pixabay_cat_003002.jpg,Jack Lo,001,2022-05-28_22h21.15.508,Cat face rating experiment_500-1000,2021.1.4,MacIntel,60.0024001
,,,,,,space,5.5187,1,5.2562,0,149,149,149,1,149,images/pixabay_cat_003234.jpg,Jack Lo,001,2022-05-28_22h21.15.508,Cat face rating experiment_500-1000,2021.1.4,MacIntel,60.0024001
,,,,,,space,12.8893,1,12.1565,0,150,150,150,1,150,images/pixabay_cat_001948.jpg,Jack Lo,001,2022-05-28_22h21.15.508,Cat face rating experiment_500-1000,2021.1.4,MacIntel,60.0024001
,,,,,,space,16.8626,1,16.1515,0,151,151,151,1,151,images/pixabay_cat_004172.jpg,Jack Lo,001,2022-05-28_22h21.15.508,Cat face rating experiment_500-1000,2021.1.4,MacIntel,60.0024001
,,,,,,space,6.9111,2,1.5011,0,152,152,152,1,152,images/pixabay_cat_003955.jpg,Jack Lo,001,2022-05-28_22h21.15.508,Cat face rating experiment_500-1000,2021.1.4,MacIntel,60.0024001
,,,,,,space,1.1963,,,0,153,153,153,1,153,images/pixabay_cat_002828.jpg,Jack Lo,001,2022-05-28_22h21.15.508,Cat face rating experiment_500-1000,2021.1.4,MacIntel,60.0024001
,,,,,,space,9.9939,5,2.2367,0,154,154,154,1,154,images/flickr_cat_000004.jpg,Jack Lo,001,2022-05-28_22h21.15.508,Cat face rating experiment_500-1000,2021.1.4,MacIntel,60.0024001
,,,,,,space,1.7049,,,0,155,155,155,1,155,images/pixabay_cat_001633.jpg,Jack Lo,001,2022-05-28_22h21.15.508,Cat face rating experiment_500-1000,2021.1.4,MacIntel,60.0024001
,,,,,,space,5.7676,3,4.1237,0,156,156,156,1,156,images/pixabay_cat_000451.jpg,Jack Lo,001,2022-05-28_22h21.15.508,Cat face rating experiment_500-1000,2021.1.4,MacIntel,60.0024001
,,,,,,space,8.1896,3,6.6697,0,157,157,157,1,157,images/pixabay_cat_004432.jpg,Jack Lo,001,2022-05-28_22h21.15.508,Cat face rating experiment_500-1000,2021.1.4,MacIntel,60.0024001
,,,,,,space,4.853,6,4.071,0,158,158,158,1,158,images/flickr_cat_000475.jpg,Jack Lo,001,2022-05-28_22h21.15.508,Cat face rating experiment_500-1000,2021.1.4,MacIntel,60.0024001
,,,,,,space,2.2933,2,1.7674,0,159,159,159,1,159,images/pixabay_cat_003737.jpg,Jack Lo,001,2022-05-28_22h21.15.508,Cat face rating experiment_500-1000,2021.1.4,MacIntel,60.0024001
,,,,,,space,2.9112,1,2.3363,0,160,160,160,1,160,images/flickr_cat_000259.jpg,Jack Lo,001,2022-05-28_22h21.15.508,Cat face rating experiment_500-1000,2021.1.4,MacIntel,60.0024001
,,,,,,space,4.7496,1,3.74,0,161,161,161,1,161,images/pixabay_cat_001089.jpg,Jack Lo,001,2022-05-28_22h21.15.508,Cat face rating experiment_500-1000,2021.1.4,MacIntel,60.0024001
,,,,,,space,2.2941,2,1.6717,0,162,162,162,1,162,images/pixabay_cat_000778.jpg,Jack Lo,001,2022-05-28_22h21.15.508,Cat face rating experiment_500-1000,2021.1.4,MacIntel,60.0024001
,,,,,,space,3.4433,3,2.8027,0,163,163,163,1,163,images/pixabay_cat_000558.jpg,Jack Lo,001,2022-05-28_22h21.15.508,Cat face rating experiment_500-1000,2021.1.4,MacIntel,60.0024001
,,,,,,space,2.3593,5,1.6901,0,164,164,164,1,164,images/flickr_cat_000324.jpg,Jack Lo,001,2022-05-28_22h21.15.508,Cat face rating experiment_500-1000,2021.1.4,MacIntel,60.0024001
,,,,,,space,12.8753,3,12.3208,0,165,165,165,1,165,images/pixabay_cat_004748.jpg,Jack Lo,001,2022-05-28_22h21.15.508,Cat face rating experiment_500-1000,2021.1.4,MacIntel,60.0024001
,,,,,,space,2.1203,1,1.7905,0,166,166,166,1,166,images/pixabay_cat_004567.jpg,Jack Lo,001,2022-05-28_22h21.15.508,Cat face rating experiment_500-1000,2021.1.4,MacIntel,60.0024001
,,,,,,space,1.8507,3,1.5867,0,167,167,167,1,167,images/pixabay_cat_004184.jpg,Jack Lo,001,2022-05-28_22h21.15.508,Cat face rating experiment_500-1000,2021.1.4,MacIntel,60.0024001
,,,,,,space,1.4746,,,0,168,168,168,1,168,images/pixabay_cat_003067.jpg,Jack Lo,001,2022-05-28_22h21.15.508,Cat face rating experiment_500-1000,2021.1.4,MacIntel,60.0024001
,,,,,,space,2.1332,2,1.2541,0,169,169,169,1,169,images/pixabay_cat_003588.jpg,Jack Lo,001,2022-05-28_22h21.15.508,Cat face rating experiment_500-1000,2021.1.4,MacIntel,60.0024001
,,,,,,space,22.2227,1,21.6555,0,170,170,170,1,170,images/pixabay_cat_001201.jpg,Jack Lo,001,2022-05-28_22h21.15.508,Cat face rating experiment_500-1000,2021.1.4,MacIntel,60.0024001
,,,,,,space,3.4127,1,0.9067,0,171,171,171,1,171,images/pixabay_cat_002964.jpg,Jack Lo,001,2022-05-28_22h21.15.508,Cat face rating experiment_500-1000,2021.1.4,MacIntel,60.0024001
,,,,,,space,1.8413,2,1.533,0,172,172,172,1,172,images/pixabay_cat_003947.jpg,Jack Lo,001,2022-05-28_22h21.15.508,Cat face rating experiment_500-1000,2021.1.4,MacIntel,60.0024001
,,,,,,space,1.6882,3,1.2353,0,173,173,173,1,173,images/flickr_cat_000239.jpg,Jack Lo,001,2022-05-28_22h21.15.508,Cat face rating experiment_500-1000,2021.1.4,MacIntel,60.0024001
,,,,,,space,1.152,2,0.8702,0,174,174,174,1,174,images/flickr_cat_000623.jpg,Jack Lo,001,2022-05-28_22h21.15.508,Cat face rating experiment_500-1000,2021.1.4,MacIntel,60.0024001
,,,,,,space,1.6952,2,1.1215,0,175,175,175,1,175,images/flickr_cat_000435.jpg,Jack Lo,001,2022-05-28_22h21.15.508,Cat face rating experiment_500-1000,2021.1.4,MacIntel,60.0024001
,,,,,,space,1.7914,4,1.5569,0,176,176,176,1,176,images/pixabay_cat_004000.jpg,Jack Lo,001,2022-05-28_22h21.15.508,Cat face rating experiment_500-1000,2021.1.4,MacIntel,60.0024001
,,,,,,space,2.8935,3,1.589,0,177,177,177,1,177,images/pixabay_cat_000886.jpg,Jack Lo,001,2022-05-28_22h21.15.508,Cat face rating experiment_500-1000,2021.1.4,MacIntel,60.0024001
,,,,,,space,4.4745,2,3.538,0,178,178,178,1,178,images/pixabay_cat_002330.jpg,Jack Lo,001,2022-05-28_22h21.15.508,Cat face rating experiment_500-1000,2021.1.4,MacIntel,60.0024001
,,,,,,space,1.3408,2,1.0407,0,179,179,179,1,179,images/pixabay_cat_004501.jpg,Jack Lo,001,2022-05-28_22h21.15.508,Cat face rating experiment_500-1000,2021.1.4,MacIntel,60.0024001
,,,,,,space,1.6083,1,1.0728,0,180,180,180,1,180,images/pixabay_cat_000528.jpg,Jack Lo,001,2022-05-28_22h21.15.508,Cat face rating experiment_500-1000,2021.1.4,MacIntel,60.0024001
,,,,,,space,8.7096,2,1.4066,0,181,181,181,1,181,images/pixabay_cat_004040.jpg,Jack Lo,001,2022-05-28_22h21.15.508,Cat face rating experiment_500-1000,2021.1.4,MacIntel,60.0024001
,,,,,,space,59.5863,3,58.5176,0,182,182,182,1,182,images/pixabay_cat_001982.jpg,Jack Lo,001,2022-05-28_22h21.15.508,Cat face rating experiment_500-1000,2021.1.4,MacIntel,60.0024001
,,,,,,space,2.2625,2,1.6726,0,183,183,183,1,183,images/pixabay_cat_004129.jpg,Jack Lo,001,2022-05-28_22h21.15.508,Cat face rating experiment_500-1000,2021.1.4,MacIntel,60.0024001
,,,,,,space,13.1914,1,12.189,0,184,184,184,1,184,images/pixabay_cat_003142.jpg,Jack Lo,001,2022-05-28_22h21.15.508,Cat face rating experiment_500-1000,2021.1.4,MacIntel,60.0024001
,,,,,,space,44.1407,5,43.1576,0,185,185,185,1,185,images/pixabay_cat_002110.jpg,Jack Lo,001,2022-05-28_22h21.15.508,Cat face rating experiment_500-1000,2021.1.4,MacIntel,60.0024001
,,,,,,space,12.9472,1,11.5229,0,186,186,186,1,186,images/pixabay_cat_000580.jpg,Jack Lo,001,2022-05-28_22h21.15.508,Cat face rating experiment_500-1000,2021.1.4,MacIntel,60.0024001
,,,,,,space,15.7305,1,15.0397,0,187,187,187,1,187,images/pixabay_cat_000271.jpg,Jack Lo,001,2022-05-28_22h21.15.508,Cat face rating experiment_500-1000,2021.1.4,MacIntel,60.0024001
,,,,,,space,3.2756,1,2.6898,0,188,188,188,1,188,images/pixabay_cat_002864.jpg,Jack Lo,001,2022-05-28_22h21.15.508,Cat face rating experiment_500-1000,2021.1.4,MacIntel,60.0024001
,,,,,,space,42.7748,5,41.3606,0,189,189,189,1,189,images/pixabay_cat_004389.jpg,Jack Lo,001,2022-05-28_22h21.15.508,Cat face rating experiment_500-1000,2021.1.4,MacIntel,60.0024001
,,,,,,space,2.8413,4,1.42,0,190,190,190,1,190,images/pixabay_cat_001514.jpg,Jack Lo,001,2022-05-28_22h21.15.508,Cat face rating experiment_500-1000,2021.1.4,MacIntel,60.0024001
,,,,,,space,2.8161,3,1.3557,0,191,191,191,1,191,images/pixabay_cat_000640.jpg,Jack Lo,001,2022-05-28_22h21.15.508,Cat face rating experiment_500-1000,2021.1.4,MacIntel,60.0024001
,,,,,,space,0.1041,,,0,192,192,192,1,192,images/pixabay_cat_004547.jpg,Jack Lo,001,2022-05-28_22h21.15.508,Cat face rating experiment_500-1000,2021.1.4,MacIntel,60.0024001
,,,,,,space,2.4739,5,1.9185,0,193,193,193,1,193,images/pixabay_cat_002667.jpg,Jack Lo,001,2022-05-28_22h21.15.508,Cat face rating experiment_500-1000,2021.1.4,MacIntel,60.0024001
,,,,,,space,8.329,3,7.6208,0,194,194,194,1,194,images/pixabay_cat_000199.jpg,Jack Lo,001,2022-05-28_22h21.15.508,Cat face rating experiment_500-1000,2021.1.4,MacIntel,60.0024001
,,,,,,space,1.5489,2,1.0253,0,195,195,195,1,195,images/pixabay_cat_000711.jpg,Jack Lo,001,2022-05-28_22h21.15.508,Cat face rating experiment_500-1000,2021.1.4,MacIntel,60.0024001
,,,,,,space,30.5883,2,21.1418,0,196,196,196,1,196,images/pixabay_cat_004786.jpg,Jack Lo,001,2022-05-28_22h21.15.508,Cat face rating experiment_500-1000,2021.1.4,MacIntel,60.0024001
,,,,,,space,19.7354,5,18.7187,0,197,197,197,1,197,images/pixabay_cat_001741.jpg,Jack Lo,001,2022-05-28_22h21.15.508,Cat face rating experiment_500-1000,2021.1.4,MacIntel,60.0024001
,,,,,,space,2.0785,6,1.5368,0,198,198,198,1,198,images/pixabay_cat_004628.jpg,Jack Lo,001,2022-05-28_22h21.15.508,Cat face rating experiment_500-1000,2021.1.4,MacIntel,60.0024001
,,,,,,space,12.41,1,11.6584,0,199,199,199,1,199,images/pixabay_cat_002551.jpg,Jack Lo,001,2022-05-28_22h21.15.508,Cat face rating experiment_500-1000,2021.1.4,MacIntel,60.0024001
,,,,,,space,1.0065,1,0.6568,0,200,200,200,1,200,images/pixabay_cat_002012.jpg,Jack Lo,001,2022-05-28_22h21.15.508,Cat face rating experiment_500-1000,2021.1.4,MacIntel,60.0024001
,,,,,,space,1.4802,2,1.1086,0,201,201,201,1,201,images/flickr_cat_000725.jpg,Jack Lo,001,2022-05-28_22h21.15.508,Cat face rating experiment_500-1000,2021.1.4,MacIntel,60.0024001
,,,,,,space,1.5155,1,0.9047,0,202,202,202,1,202,images/pixabay_cat_000259.jpg,Jack Lo,001,2022-05-28_22h21.15.508,Cat face rating experiment_500-1000,2021.1.4,MacIntel,60.0024001
,,,,,,space,17.9136,2,17.2559,0,203,203,203,1,203,images/pixabay_cat_004423.jpg,Jack Lo,001,2022-05-28_22h21.15.508,Cat face rating experiment_500-1000,2021.1.4,MacIntel,60.0024001
,,,,,,space,2.5977,3,2.2555,0,204,204,204,1,204,images/flickr_cat_000587.jpg,Jack Lo,001,2022-05-28_22h21.15.508,Cat face rating experiment_500-1000,2021.1.4,MacIntel,60.0024001
,,,,,,space,1.3441,3,1.1396,0,205,205,205,1,205,images/pixabay_cat_001737.jpg,Jack Lo,001,2022-05-28_22h21.15.508,Cat face rating experiment_500-1000,2021.1.4,MacIntel,60.0024001
,,,,,,space,1.7843,5,1.5214,0,206,206,206,1,206,images/pixabay_cat_004757.jpg,Jack Lo,001,2022-05-28_22h21.15.508,Cat face rating experiment_500-1000,2021.1.4,MacIntel,60.0024001
,,,,,,space,1.8303,1,1.5026,0,207,207,207,1,207,images/pixabay_cat_004248.jpg,Jack Lo,001,2022-05-28_22h21.15.508,Cat face rating experiment_500-1000,2021.1.4,MacIntel,60.0024001
,,,,,,space,1.3139,2,1.0573,0,208,208,208,1,208,images/pixabay_cat_000154.jpg,Jack Lo,001,2022-05-28_22h21.15.508,Cat face rating experiment_500-1000,2021.1.4,MacIntel,60.0024001
,,,,,,space,1.953,5,1.5736,0,209,209,209,1,209,images/pixabay_cat_000243.jpg,Jack Lo,001,2022-05-28_22h21.15.508,Cat face rating experiment_500-1000,2021.1.4,MacIntel,60.0024001
,,,,,,space,1.614,5,1.3193,0,210,210,210,1,210,images/pixabay_cat_000022.jpg,Jack Lo,001,2022-05-28_22h21.15.508,Cat face rating experiment_500-1000,2021.1.4,MacIntel,60.0024001
,,,,,,space,1.6586,3,1.2725,0,211,211,211,1,211,images/pixabay_cat_000740.jpg,Jack Lo,001,2022-05-28_22h21.15.508,Cat face rating experiment_500-1000,2021.1.4,MacIntel,60.0024001
,,,,,,space,8.0647,5,7.2915,0,212,212,212,1,212,images/pixabay_cat_003922.jpg,Jack Lo,001,2022-05-28_22h21.15.508,Cat face rating experiment_500-1000,2021.1.4,MacIntel,60.0024001
,,,,,,space,7.2802,3,6.5602,0,213,213,213,1,213,images/pixabay_cat_004609.jpg,Jack Lo,001,2022-05-28_22h21.15.508,Cat face rating experiment_500-1000,2021.1.4,MacIntel,60.0024001
,,,,,,space,21.7803,3,20.0387,0,214,214,214,1,214,images/pixabay_cat_003765.jpg,Jack Lo,001,2022-05-28_22h21.15.508,Cat face rating experiment_500-1000,2021.1.4,MacIntel,60.0024001
,,,,,,space,3.6221,1,3.2723,0,215,215,215,1,215,images/pixabay_cat_002222.jpg,Jack Lo,001,2022-05-28_22h21.15.508,Cat face rating experiment_500-1000,2021.1.4,MacIntel,60.0024001
,,,,,,space,2.1828,6,1.8726,0,216,216,216,1,216,images/pixabay_cat_002853.jpg,Jack Lo,001,2022-05-28_22h21.15.508,Cat face rating experiment_500-1000,2021.1.4,MacIntel,60.0024001
,,,,,,space,2.6407,3,2.1865,0,217,217,217,1,217,images/pixabay_cat_004352.jpg,Jack Lo,001,2022-05-28_22h21.15.508,Cat face rating experiment_500-1000,2021.1.4,MacIntel,60.0024001
,,,,,,space,9.0233,3,5.4898,0,218,218,218,1,218,images/pixabay_cat_003019.jpg,Jack Lo,001,2022-05-28_22h21.15.508,Cat face rating experiment_500-1000,2021.1.4,MacIntel,60.0024001
,,,,,,space,1.8977,7,1.5211,0,219,219,219,1,219,images/pixabay_cat_000493.jpg,Jack Lo,001,2022-05-28_22h21.15.508,Cat face rating experiment_500-1000,2021.1.4,MacIntel,60.0024001
,,,,,,space,1.886,3,1.6079,0,220,220,220,1,220,images/pixabay_cat_003659.jpg,Jack Lo,001,2022-05-28_22h21.15.508,Cat face rating experiment_500-1000,2021.1.4,MacIntel,60.0024001
,,,,,,space,1.5045,3,1.2352,0,221,221,221,1,221,images/pixabay_cat_001524.jpg,Jack Lo,001,2022-05-28_22h21.15.508,Cat face rating experiment_500-1000,2021.1.4,MacIntel,60.0024001
,,,,,,space,1.4037,2,1.1484,0,222,222,222,1,222,images/pixabay_cat_004634.jpg,Jack Lo,001,2022-05-28_22h21.15.508,Cat face rating experiment_500-1000,2021.1.4,MacIntel,60.0024001
,,,,,,space,2.1422,2,1.8558,0,223,223,223,1,223,images/pixabay_cat_004730.jpg,Jack Lo,001,2022-05-28_22h21.15.508,Cat face rating experiment_500-1000,2021.1.4,MacIntel,60.0024001
,,,,,,space,2.1261,6,1.8402,0,224,224,224,1,224,images/pixabay_cat_000874.jpg,Jack Lo,001,2022-05-28_22h21.15.508,Cat face rating experiment_500-1000,2021.1.4,MacIntel,60.0024001
,,,,,,space,3.71,6,1.6559,0,225,225,225,1,225,images/flickr_cat_000379.jpg,Jack Lo,001,2022-05-28_22h21.15.508,Cat face rating experiment_500-1000,2021.1.4,MacIntel,60.0024001
,,,,,,space,13.8489,7,13.2212,0,226,226,226,1,226,images/pixabay_cat_003852.jpg,Jack Lo,001,2022-05-28_22h21.15.508,Cat face rating experiment_500-1000,2021.1.4,MacIntel,60.0024001
,,,,,,space,9.1056,1,8.4702,0,227,227,227,1,227,images/pixabay_cat_000805.jpg,Jack Lo,001,2022-05-28_22h21.15.508,Cat face rating experiment_500-1000,2021.1.4,MacIntel,60.0024001
,,,,,,space,1.2073,2,0.8372,0,228,228,228,1,228,images/pixabay_cat_001579.jpg,Jack Lo,001,2022-05-28_22h21.15.508,Cat face rating experiment_500-1000,2021.1.4,MacIntel,60.0024001
,,,,,,space,2.4292,2,1.9704,0,229,229,229,1,229,images/pixabay_cat_000422.jpg,Jack Lo,001,2022-05-28_22h21.15.508,Cat face rating experiment_500-1000,2021.1.4,MacIntel,60.0024001
,,,,,,space,2.078,1,1.5567,0,230,230,230,1,230,images/pixabay_cat_002348.jpg,Jack Lo,001,2022-05-28_22h21.15.508,Cat face rating experiment_500-1000,2021.1.4,MacIntel,60.0024001
,,,,,,space,16.8255,2,13.6597,0,231,231,231,1,231,images/pixabay_cat_001839.jpg,Jack Lo,001,2022-05-28_22h21.15.508,Cat face rating experiment_500-1000,2021.1.4,MacIntel,60.0024001
,,,,,,space,3.6064,1,1.2235,0,232,232,232,1,232,images/pixabay_cat_003168.jpg,Jack Lo,001,2022-05-28_22h21.15.508,Cat face rating experiment_500-1000,2021.1.4,MacIntel,60.0024001
,,,,,,space,1.5386,1,1.0708,0,233,233,233,1,233,images/pixabay_cat_002052.jpg,Jack Lo,001,2022-05-28_22h21.15.508,Cat face rating experiment_500-1000,2021.1.4,MacIntel,60.0024001
,,,,,,space,10.5686,3,7.0081,0,234,234,234,1,234,images/pixabay_cat_000280.jpg,Jack Lo,001,2022-05-28_22h21.15.508,Cat face rating experiment_500-1000,2021.1.4,MacIntel,60.0024001
,,,,,,space,1.3124,2,1.0045,0,235,235,235,1,235,images/pixabay_cat_004329.jpg,Jack Lo,001,2022-05-28_22h21.15.508,Cat face rating experiment_500-1000,2021.1.4,MacIntel,60.0024001
,,,,,,space,2.5367,6,1.6065,0,236,236,236,1,236,images/pixabay_cat_001068.jpg,Jack Lo,001,2022-05-28_22h21.15.508,Cat face rating experiment_500-1000,2021.1.4,MacIntel,60.0024001
,,,,,,space,3.6087,3,2.7544,0,237,237,237,1,237,images/pixabay_cat_001328.jpg,Jack Lo,001,2022-05-28_22h21.15.508,Cat face rating experiment_500-1000,2021.1.4,MacIntel,60.0024001
,,,,,,space,5.4771,6,5.0904,0,238,238,238,1,238,images/pixabay_cat_002953.jpg,Jack Lo,001,2022-05-28_22h21.15.508,Cat face rating experiment_500-1000,2021.1.4,MacIntel,60.0024001
,,,,,,space,1.2071,5,0.99,0,239,239,239,1,239,images/pixabay_cat_001508.jpg,Jack Lo,001,2022-05-28_22h21.15.508,Cat face rating experiment_500-1000,2021.1.4,MacIntel,60.0024001
,,,,,,space,1.1265,,,0,240,240,240,1,240,images/flickr_cat_000093.jpg,Jack Lo,001,2022-05-28_22h21.15.508,Cat face rating experiment_500-1000,2021.1.4,MacIntel,60.0024001
,,,,,,space,1.1569,5,0.9563,0,241,241,241,1,241,images/pixabay_cat_001627.jpg,Jack Lo,001,2022-05-28_22h21.15.508,Cat face rating experiment_500-1000,2021.1.4,MacIntel,60.0024001
,,,,,,space,1.1552,5,0.7878,0,242,242,242,1,242,images/pixabay_cat_000011.jpg,Jack Lo,001,2022-05-28_22h21.15.508,Cat face rating experiment_500-1000,2021.1.4,MacIntel,60.0024001
,,,,,,space,0.9278,5,0.705,0,243,243,243,1,243,images/flickr_cat_000787.jpg,Jack Lo,001,2022-05-28_22h21.15.508,Cat face rating experiment_500-1000,2021.1.4,MacIntel,60.0024001
,,,,,,space,1.0292,5,0.6567,0,244,244,244,1,244,images/flickr_cat_000467.jpg,Jack Lo,001,2022-05-28_22h21.15.508,Cat face rating experiment_500-1000,2021.1.4,MacIntel,60.0024001
,,,,,,space,1.0254,5,0.7381,0,245,245,245,1,245,images/pixabay_cat_001986.jpg,Jack Lo,001,2022-05-28_22h21.15.508,Cat face rating experiment_500-1000,2021.1.4,MacIntel,60.0024001
,,,,,,space,1.3125,5,1.0831,0,246,246,246,1,246,images/pixabay_cat_000547.jpg,Jack Lo,001,2022-05-28_22h21.15.508,Cat face rating experiment_500-1000,2021.1.4,MacIntel,60.0024001
,,,,,,space,1.877,6,1.5719,0,247,247,247,1,247,images/pixabay_cat_001236.jpg,Jack Lo,001,2022-05-28_22h21.15.508,Cat face rating experiment_500-1000,2021.1.4,MacIntel,60.0024001
,,,,,,space,1.7378,3,1.5391,0,248,248,248,1,248,images/pixabay_cat_004820.jpg,Jack Lo,001,2022-05-28_22h21.15.508,Cat face rating experiment_500-1000,2021.1.4,MacIntel,60.0024001
,,,,,,space,1.0898,,,0,249,249,249,1,249,images/pixabay_cat_004575.jpg,Jack Lo,001,2022-05-28_22h21.15.508,Cat face rating experiment_500-1000,2021.1.4,MacIntel,60.0024001
,,,,,,space,1.3822,5,1.1222,0,250,250,250,1,250,images/flickr_cat_000190.jpg,Jack Lo,001,2022-05-28_22h21.15.508,Cat face rating experiment_500-1000,2021.1.4,MacIntel,60.0024001
,,,,,,space,1.6239,6,1.3851,0,251,251,251,1,251,images/pixabay_cat_000538.jpg,Jack Lo,001,2022-05-28_22h21.15.508,Cat face rating experiment_500-1000,2021.1.4,MacIntel,60.0024001
,,,,,,space,2.4789,3,2.2168,0,252,252,252,1,252,images/pixabay_cat_003399.jpg,Jack Lo,001,2022-05-28_22h21.15.508,Cat face rating experiment_500-1000,2021.1.4,MacIntel,60.0024001
,,,,,,space,1.6575,2,1.436,0,253,253,253,1,253,images/pixabay_cat_004385.jpg,Jack Lo,001,2022-05-28_22h21.15.508,Cat face rating experiment_500-1000,2021.1.4,MacIntel,60.0024001
,,,,,,space,1.1038,,,0,254,254,254,1,254,images/pixabay_cat_000333.jpg,Jack Lo,001,2022-05-28_22h21.15.508,Cat face rating experiment_500-1000,2021.1.4,MacIntel,60.0024001
,,,,,,space,2.5196,7,2.284,0,255,255,255,1,255,images/pixabay_cat_003689.jpg,Jack Lo,001,2022-05-28_22h21.15.508,Cat face rating experiment_500-1000,2021.1.4,MacIntel,60.0024001
,,,,,,space,2.6428,4,2.3236,0,256,256,256,1,256,images/pixabay_cat_002601.jpg,Jack Lo,001,2022-05-28_22h21.15.508,Cat face rating experiment_500-1000,2021.1.4,MacIntel,60.0024001
,,,,,,space,11.3688,,,0,257,257,257,1,257,images/pixabay_cat_002449.jpg,Jack Lo,001,2022-05-28_22h21.15.508,Cat face rating experiment_500-1000,2021.1.4,MacIntel,60.0024001
,,,,,,space,41.6274,2,37.1368,0,258,258,258,1,258,images/pixabay_cat_003086.jpg,Jack Lo,001,2022-05-28_22h21.15.508,Cat face rating experiment_500-1000,2021.1.4,MacIntel,60.0024001
,,,,,,space,1.5306,5,1.2887,0,259,259,259,1,259,images/pixabay_cat_001583.jpg,Jack Lo,001,2022-05-28_22h21.15.508,Cat face rating experiment_500-1000,2021.1.4,MacIntel,60.0024001
,,,,,,space,1.1756,,,0,260,260,260,1,260,images/pixabay_cat_002100.jpg,Jack Lo,001,2022-05-28_22h21.15.508,Cat face rating experiment_500-1000,2021.1.4,MacIntel,60.0024001
,,,,,,space,1.5365,3,1.0883,0,261,261,261,1,261,images/pixabay_cat_002612.jpg,Jack Lo,001,2022-05-28_22h21.15.508,Cat face rating experiment_500-1000,2021.1.4,MacIntel,60.0024001
,,,,,,space,1.6199,5,1.4218,0,262,262,262,1,262,images/pixabay_cat_001444.jpg,Jack Lo,001,2022-05-28_22h21.15.508,Cat face rating experiment_500-1000,2021.1.4,MacIntel,60.0024001
,,,,,,space,1.9273,2,1.5892,0,263,263,263,1,263,images/pixabay_cat_000247.jpg,Jack Lo,001,2022-05-28_22h21.15.508,Cat face rating experiment_500-1000,2021.1.4,MacIntel,60.0024001
,,,,,,space,1.9631,6,1.5723,0,264,264,264,1,264,images/pixabay_cat_000635.jpg,Jack Lo,001,2022-05-28_22h21.15.508,Cat face rating experiment_500-1000,2021.1.4,MacIntel,60.0024001
,,,,,,space,12.5767,5,12.2061,0,265,265,265,1,265,images/pixabay_cat_003327.jpg,Jack Lo,001,2022-05-28_22h21.15.508,Cat face rating experiment_500-1000,2021.1.4,MacIntel,60.0024001
,,,,,,space,1.0237,5,0.791,0,266,266,266,1,266,images/pixabay_cat_003410.jpg,Jack Lo,001,2022-05-28_22h21.15.508,Cat face rating experiment_500-1000,2021.1.4,MacIntel,60.0024001
,,,,,,space,2.1053,4,1.8558,0,267,267,267,1,267,images/pixabay_cat_003814.jpg,Jack Lo,001,2022-05-28_22h21.15.508,Cat face rating experiment_500-1000,2021.1.4,MacIntel,60.0024001
,,,,,,space,1.7725,5,1.1337,0,268,268,268,1,268,images/pixabay_cat_004216.jpg,Jack Lo,001,2022-05-28_22h21.15.508,Cat face rating experiment_500-1000,2021.1.4,MacIntel,60.0024001
,,,,,,space,2.5901,6,2.3058,0,269,269,269,1,269,images/pixabay_cat_003317.jpg,Jack Lo,001,2022-05-28_22h21.15.508,Cat face rating experiment_500-1000,2021.1.4,MacIntel,60.0024001
,,,,,,space,9.5144,2,9.1561,0,270,270,270,1,270,images/pixabay_cat_000027.jpg,Jack Lo,001,2022-05-28_22h21.15.508,Cat face rating experiment_500-1000,2021.1.4,MacIntel,60.0024001
,,,,,,space,20.828,1,1.6697,0,271,271,271,1,271,images/pixabay_cat_003433.jpg,Jack Lo,001,2022-05-28_22h21.15.508,Cat face rating experiment_500-1000,2021.1.4,MacIntel,60.0024001
,,,,,,space,3.1559,7,2.8187,0,272,272,272,1,272,images/pixabay_cat_004266.jpg,Jack Lo,001,2022-05-28_22h21.15.508,Cat face rating experiment_500-1000,2021.1.4,MacIntel,60.0024001
,,,,,,space,1.5393,7,0.9423,0,273,273,273,1,273,images/pixabay_cat_000437.jpg,Jack Lo,001,2022-05-28_22h21.15.508,Cat face rating experiment_500-1000,2021.1.4,MacIntel,60.0024001
,,,,,,space,2.0586,7,1.7228,0,274,274,274,1,274,images/pixabay_cat_003713.jpg,Jack Lo,001,2022-05-28_22h21.15.508,Cat face rating experiment_500-1000,2021.1.4,MacIntel,60.0024001
,,,,,,space,1.0658,7,0.6191,0,275,275,275,1,275,images/pixabay_cat_003757.jpg,Jack Lo,001,2022-05-28_22h21.15.508,Cat face rating experiment_500-1000,2021.1.4,MacIntel,60.0024001
,,,,,,space,3.3808,3,2.9202,0,276,276,276,1,276,images/pixabay_cat_001233.jpg,Jack Lo,001,2022-05-28_22h21.15.508,Cat face rating experiment_500-1000,2021.1.4,MacIntel,60.0024001
,,,,,,space,1.3035,,,0,277,277,277,1,277,images/pixabay_cat_004198.jpg,Jack Lo,001,2022-05-28_22h21.15.508,Cat face rating experiment_500-1000,2021.1.4,MacIntel,60.0024001
,,,,,,space,1.4042,,,0,278,278,278,1,278,images/flickr_cat_000179.jpg,Jack Lo,001,2022-05-28_22h21.15.508,Cat face rating experiment_500-1000,2021.1.4,MacIntel,60.0024001
,,,,,,space,1.121,5,0.7729,0,279,279,279,1,279,images/pixabay_cat_000821.jpg,Jack Lo,001,2022-05-28_22h21.15.508,Cat face rating experiment_500-1000,2021.1.4,MacIntel,60.0024001
,,,,,,space,4.4777,3,4.0189,0,280,280,280,1,280,images/flickr_cat_000126.jpg,Jack Lo,001,2022-05-28_22h21.15.508,Cat face rating experiment_500-1000,2021.1.4,MacIntel,60.0024001
,,,,,,space,4.7655,,,0,281,281,281,1,281,images/flickr_cat_000788.jpg,Jack Lo,001,2022-05-28_22h21.15.508,Cat face rating experiment_500-1000,2021.1.4,MacIntel,60.0024001
,,,,,,space,3.8766,5,3.2899,0,282,282,282,1,282,images/pixabay_cat_003298.jpg,Jack Lo,001,2022-05-28_22h21.15.508,Cat face rating experiment_500-1000,2021.1.4,MacIntel,60.0024001
,,,,,,space,1.5913,5,1.1192,0,283,283,283,1,283,images/pixabay_cat_000709.jpg,Jack Lo,001,2022-05-28_22h21.15.508,Cat face rating experiment_500-1000,2021.1.4,MacIntel,60.0024001
,,,,,,space,1.1662,,,0,284,284,284,1,284,images/flickr_cat_000060.jpg,Jack Lo,001,2022-05-28_22h21.15.508,Cat face rating experiment_500-1000,2021.1.4,MacIntel,60.0024001
,,,,,,space,2.2782,3,1.4716,0,285,285,285,1,285,images/pixabay_cat_004720.jpg,Jack Lo,001,2022-05-28_22h21.15.508,Cat face rating experiment_500-1000,2021.1.4,MacIntel,60.0024001
,,,,,,space,3.6211,7,3.3218,0,286,286,286,1,286,images/pixabay_cat_002033.jpg,Jack Lo,001,2022-05-28_22h21.15.508,Cat face rating experiment_500-1000,2021.1.4,MacIntel,60.0024001
,,,,,,space,1.2385,6,0.9033,0,287,287,287,1,287,images/pixabay_cat_001134.jpg,Jack Lo,001,2022-05-28_22h21.15.508,Cat face rating experiment_500-1000,2021.1.4,MacIntel,60.0024001
,,,,,,space,1.6901,5,1.406,0,288,288,288,1,288,images/pixabay_cat_001673.jpg,Jack Lo,001,2022-05-28_22h21.15.508,Cat face rating experiment_500-1000,2021.1.4,MacIntel,60.0024001
,,,,,,space,1.0234,5,0.8205,0,289,289,289,1,289,images/pixabay_cat_000205.jpg,Jack Lo,001,2022-05-28_22h21.15.508,Cat face rating experiment_500-1000,2021.1.4,MacIntel,60.0024001
,,,,,,space,0.9057,5,0.687,0,290,290,290,1,290,images/pixabay_cat_001564.jpg,Jack Lo,001,2022-05-28_22h21.15.508,Cat face rating experiment_500-1000,2021.1.4,MacIntel,60.0024001
,,,,,,space,1.7235,6,1.4402,0,291,291,291,1,291,images/pixabay_cat_000522.jpg,Jack Lo,001,2022-05-28_22h21.15.508,Cat face rating experiment_500-1000,2021.1.4,MacIntel,60.0024001
,,,,,,space,1.5205,7,1.1854,0,292,292,292,1,292,images/flickr_cat_000749.jpg,Jack Lo,001,2022-05-28_22h21.15.508,Cat face rating experiment_500-1000,2021.1.4,MacIntel,60.0024001
,,,,,,space,2.0674,3,1.7036,0,293,293,293,1,293,images/pixabay_cat_001203.jpg,Jack Lo,001,2022-05-28_22h21.15.508,Cat face rating experiment_500-1000,2021.1.4,MacIntel,60.0024001
,,,,,,space,2.0355,5,1.7555,0,294,294,294,1,294,images/pixabay_cat_003861.jpg,Jack Lo,001,2022-05-28_22h21.15.508,Cat face rating experiment_500-1000,2021.1.4,MacIntel,60.0024001
,,,,,,space,1.9733,3,1.3887,0,295,295,295,1,295,images/pixabay_cat_004794.jpg,Jack Lo,001,2022-05-28_22h21.15.508,Cat face rating experiment_500-1000,2021.1.4,MacIntel,60.0024001
,,,,,,space,2.5032,2,1.7913,0,296,296,296,1,296,images/pixabay_cat_002147.jpg,Jack Lo,001,2022-05-28_22h21.15.508,Cat face rating experiment_500-1000,2021.1.4,MacIntel,60.0024001
,,,,,,space,1.2717,,,0,297,297,297,1,297,images/pixabay_cat_003042.jpg,Jack Lo,001,2022-05-28_22h21.15.508,Cat face rating experiment_500-1000,2021.1.4,MacIntel,60.0024001
,,,,,,space,2.3962,7,2.0393,0,298,298,298,1,298,images/pixabay_cat_004169.jpg,Jack Lo,001,2022-05-28_22h21.15.508,Cat face rating experiment_500-1000,2021.1.4,MacIntel,60.0024001
,,,,,,space,1.2255,6,0.9351,0,299,299,299,1,299,images/pixabay_cat_000251.jpg,Jack Lo,001,2022-05-28_22h21.15.508,Cat face rating experiment_500-1000,2021.1.4,MacIntel,60.0024001
,,,,,,space,1.9202,5,0.8399,0,300,300,300,1,300,images/pixabay_cat_003974.jpg,Jack Lo,001,2022-05-28_22h21.15.508,Cat face rating experiment_500-1000,2021.1.4,MacIntel,60.0024001
,,,,,,space,2.0494,6,1.3037,0,301,301,301,1,301,images/pixabay_cat_004819.jpg,Jack Lo,001,2022-05-28_22h21.15.508,Cat face rating experiment_500-1000,2021.1.4,MacIntel,60.0024001
,,,,,,space,1.984,,,0,302,302,302,1,302,images/pixabay_cat_000238.jpg,Jack Lo,001,2022-05-28_22h21.15.508,Cat face rating experiment_500-1000,2021.1.4,MacIntel,60.0024001
,,,,,,space,1.5578,5,1.0878,0,303,303,303,1,303,images/pixabay_cat_003758.jpg,Jack Lo,001,2022-05-28_22h21.15.508,Cat face rating experiment_500-1000,2021.1.4,MacIntel,60.0024001
,,,,,,space,1.3585,6,1.1198,0,304,304,304,1,304,images/pixabay_cat_003555.jpg,Jack Lo,001,2022-05-28_22h21.15.508,Cat face rating experiment_500-1000,2021.1.4,MacIntel,60.0024001
,,,,,,space,1.6268,3,1.3927,0,305,305,305,1,305,images/pixabay_cat_000446.jpg,Jack Lo,001,2022-05-28_22h21.15.508,Cat face rating experiment_500-1000,2021.1.4,MacIntel,60.0024001
,,,,,,space,1.293,,,0,306,306,306,1,306,images/flickr_cat_000390.jpg,Jack Lo,001,2022-05-28_22h21.15.508,Cat face rating experiment_500-1000,2021.1.4,MacIntel,60.0024001
,,,,,,space,1.3357,5,1.0876,0,307,307,307,1,307,images/pixabay_cat_001644.jpg,Jack Lo,001,2022-05-28_22h21.15.508,Cat face rating experiment_500-1000,2021.1.4,MacIntel,60.0024001
,,,,,,space,2.1381,3,1.8721,0,308,308,308,1,308,images/pixabay_cat_001779.jpg,Jack Lo,001,2022-05-28_22h21.15.508,Cat face rating experiment_500-1000,2021.1.4,MacIntel,60.0024001
,,,,,,space,1.3385,3,1.0389,0,309,309,309,1,309,images/pixabay_cat_003661.jpg,Jack Lo,001,2022-05-28_22h21.15.508,Cat face rating experiment_500-1000,2021.1.4,MacIntel,60.0024001
,,,,,,space,1.1671,3,0.6214,0,310,310,310,1,310,images/flickr_cat_000102.jpg,Jack Lo,001,2022-05-28_22h21.15.508,Cat face rating experiment_500-1000,2021.1.4,MacIntel,60.0024001
,,,,,,space,0.9748,3,0.7508,0,311,311,311,1,311,images/pixabay_cat_000611.jpg,Jack Lo,001,2022-05-28_22h21.15.508,Cat face rating experiment_500-1000,2021.1.4,MacIntel,60.0024001
,,,,,,space,3.6891,,,0,312,312,312,1,312,images/pixabay_cat_001021.jpg,Jack Lo,001,2022-05-28_22h21.15.508,Cat face rating experiment_500-1000,2021.1.4,MacIntel,60.0024001
,,,,,,space,1.5262,5,1.2724,0,313,313,313,1,313,images/pixabay_cat_001573.jpg,Jack Lo,001,2022-05-28_22h21.15.508,Cat face rating experiment_500-1000,2021.1.4,MacIntel,60.0024001
,,,,,,space,1.6724,3,1.3372,0,314,314,314,1,314,images/pixabay_cat_003285.jpg,Jack Lo,001,2022-05-28_22h21.15.508,Cat face rating experiment_500-1000,2021.1.4,MacIntel,60.0024001
,,,,,,space,1.251,,,0,315,315,315,1,315,images/pixabay_cat_003043.jpg,Jack Lo,001,2022-05-28_22h21.15.508,Cat face rating experiment_500-1000,2021.1.4,MacIntel,60.0024001
,,,,,,space,1.2914,,,0,316,316,316,1,316,images/pixabay_cat_003291.jpg,Jack Lo,001,2022-05-28_22h21.15.508,Cat face rating experiment_500-1000,2021.1.4,MacIntel,60.0024001
,,,,,,space,2.1569,5,1.5718,0,317,317,317,1,317,images/pixabay_cat_004395.jpg,Jack Lo,001,2022-05-28_22h21.15.508,Cat face rating experiment_500-1000,2021.1.4,MacIntel,60.0024001
,,,,,,space,3.5074,5,2.3886,0,318,318,318,1,318,images/flickr_cat_000010.jpg,Jack Lo,001,2022-05-28_22h21.15.508,Cat face rating experiment_500-1000,2021.1.4,MacIntel,60.0024001
,,,,,,space,1.8133,3,1.2062,0,319,319,319,1,319,images/pixabay_cat_003534.jpg,Jack Lo,001,2022-05-28_22h21.15.508,Cat face rating experiment_500-1000,2021.1.4,MacIntel,60.0024001
,,,,,,space,18.3795,3,17.7245,0,320,320,320,1,320,images/pixabay_cat_003293.jpg,Jack Lo,001,2022-05-28_22h21.15.508,Cat face rating experiment_500-1000,2021.1.4,MacIntel,60.0024001
,,,,,,space,1.2935,3,0.976,0,321,321,321,1,321,images/pixabay_cat_002974.jpg,Jack Lo,001,2022-05-28_22h21.15.508,Cat face rating experiment_500-1000,2021.1.4,MacIntel,60.0024001
,,,,,,space,1.1905,,,0,322,322,322,1,322,images/pixabay_cat_000524.jpg,Jack Lo,001,2022-05-28_22h21.15.508,Cat face rating experiment_500-1000,2021.1.4,MacIntel,60.0024001
,,,,,,space,1.0084,,,0,323,323,323,1,323,images/pixabay_cat_004639.jpg,Jack Lo,001,2022-05-28_22h21.15.508,Cat face rating experiment_500-1000,2021.1.4,MacIntel,60.0024001
,,,,,,space,1.3601,5,1.0675,0,324,324,324,1,324,images/pixabay_cat_002455.jpg,Jack Lo,001,2022-05-28_22h21.15.508,Cat face rating experiment_500-1000,2021.1.4,MacIntel,60.0024001
,,,,,,space,5.4687,3,5.0092,0,325,325,325,1,325,images/pixabay_cat_003166.jpg,Jack Lo,001,2022-05-28_22h21.15.508,Cat face rating experiment_500-1000,2021.1.4,MacIntel,60.0024001
,,,,,,space,1.4589,5,1.2041,0,326,326,326,1,326,images/pixabay_cat_002568.jpg,Jack Lo,001,2022-05-28_22h21.15.508,Cat face rating experiment_500-1000,2021.1.4,MacIntel,60.0024001
,,,,,,space,2.932,4,2.5565,0,327,327,327,1,327,images/pixabay_cat_000944.jpg,Jack Lo,001,2022-05-28_22h21.15.508,Cat face rating experiment_500-1000,2021.1.4,MacIntel,60.0024001
,,,,,,space,1.5956,6,1.3006,0,328,328,328,1,328,images/pixabay_cat_003910.jpg,Jack Lo,001,2022-05-28_22h21.15.508,Cat face rating experiment_500-1000,2021.1.4,MacIntel,60.0024001
,,,,,,space,1.383,6,0.707,0,329,329,329,1,329,images/pixabay_cat_002495.jpg,Jack Lo,001,2022-05-28_22h21.15.508,Cat face rating experiment_500-1000,2021.1.4,MacIntel,60.0024001
,,,,,,space,3.488,,,0,330,330,330,1,330,images/pixabay_cat_000981.jpg,Jack Lo,001,2022-05-28_22h21.15.508,Cat face rating experiment_500-1000,2021.1.4,MacIntel,60.0024001
,,,,,,space,1.8829,3,1.6054,0,331,331,331,1,331,images/pixabay_cat_001173.jpg,Jack Lo,001,2022-05-28_22h21.15.508,Cat face rating experiment_500-1000,2021.1.4,MacIntel,60.0024001
,,,,,,space,1.2349,3,1.0203,0,332,332,332,1,332,images/flickr_cat_000588.jpg,Jack Lo,001,2022-05-28_22h21.15.508,Cat face rating experiment_500-1000,2021.1.4,MacIntel,60.0024001
,,,,,,space,1.0524,3,0.7212,0,333,333,333,1,333,images/pixabay_cat_000391.jpg,Jack Lo,001,2022-05-28_22h21.15.508,Cat face rating experiment_500-1000,2021.1.4,MacIntel,60.0024001
,,,,,,space,1.8438,2,1.5552,0,334,334,334,1,334,images/pixabay_cat_000131.jpg,Jack Lo,001,2022-05-28_22h21.15.508,Cat face rating experiment_500-1000,2021.1.4,MacIntel,60.0024001
,,,,,,space,2.5756,5,2.3533,0,335,335,335,1,335,images/pixabay_cat_001194.jpg,Jack Lo,001,2022-05-28_22h21.15.508,Cat face rating experiment_500-1000,2021.1.4,MacIntel,60.0024001
,,,,,,space,8.2206,6,7.0062,0,336,336,336,1,336,images/pixabay_cat_000393.jpg,Jack Lo,001,2022-05-28_22h21.15.508,Cat face rating experiment_500-1000,2021.1.4,MacIntel,60.0024001
,,,,,,space,7.0467,5,6.4529,0,337,337,337,1,337,images/pixabay_cat_002266.jpg,Jack Lo,001,2022-05-28_22h21.15.508,Cat face rating experiment_500-1000,2021.1.4,MacIntel,60.0024001
,,,,,,space,32.8846,2,32.2877,0,338,338,338,1,338,images/pixabay_cat_002506.jpg,Jack Lo,001,2022-05-28_22h21.15.508,Cat face rating experiment_500-1000,2021.1.4,MacIntel,60.0024001
,,,,,,space,1.2932,2,0.8579,0,339,339,339,1,339,images/pixabay_cat_001373.jpg,Jack Lo,001,2022-05-28_22h21.15.508,Cat face rating experiment_500-1000,2021.1.4,MacIntel,60.0024001
,,,,,,space,1.0883,2,0.6906,0,340,340,340,1,340,images/pixabay_cat_000526.jpg,Jack Lo,001,2022-05-28_22h21.15.508,Cat face rating experiment_500-1000,2021.1.4,MacIntel,60.0024001
,,,,,,space,1.5266,3,1.1912,0,341,341,341,1,341,images/pixabay_cat_004418.jpg,Jack Lo,001,2022-05-28_22h21.15.508,Cat face rating experiment_500-1000,2021.1.4,MacIntel,60.0024001
,,,,,,space,1.0945,3,0.796,0,342,342,342,1,342,images/pixabay_cat_003775.jpg,Jack Lo,001,2022-05-28_22h21.15.508,Cat face rating experiment_500-1000,2021.1.4,MacIntel,60.0024001
,,,,,,space,1.3755,,,0,343,343,343,1,343,images/pixabay_cat_002247.jpg,Jack Lo,001,2022-05-28_22h21.15.508,Cat face rating experiment_500-1000,2021.1.4,MacIntel,60.0024001
,,,,,,space,2.4755,6,1.9577,0,344,344,344,1,344,images/pixabay_cat_004610.jpg,Jack Lo,001,2022-05-28_22h21.15.508,Cat face rating experiment_500-1000,2021.1.4,MacIntel,60.0024001
,,,,,,space,6.1058,3,5.5542,0,345,345,345,1,345,images/pixabay_cat_002058.jpg,Jack Lo,001,2022-05-28_22h21.15.508,Cat face rating experiment_500-1000,2021.1.4,MacIntel,60.0024001
,,,,,,space,1.5804,2,1.2389,0,346,346,346,1,346,images/pixabay_cat_002321.jpg,Jack Lo,001,2022-05-28_22h21.15.508,Cat face rating experiment_500-1000,2021.1.4,MacIntel,60.0024001
,,,,,,space,3.2564,1,2.8053,0,347,347,347,1,347,images/pixabay_cat_003679.jpg,Jack Lo,001,2022-05-28_22h21.15.508,Cat face rating experiment_500-1000,2021.1.4,MacIntel,60.0024001
,,,,,,space,1.2933,2,1.0235,0,348,348,348,1,348,images/pixabay_cat_000350.jpg,Jack Lo,001,2022-05-28_22h21.15.508,Cat face rating experiment_500-1000,2021.1.4,MacIntel,60.0024001
,,,,,,space,1.0903,2,0.8212,0,349,349,349,1,349,images/pixabay_cat_001953.jpg,Jack Lo,001,2022-05-28_22h21.15.508,Cat face rating experiment_500-1000,2021.1.4,MacIntel,60.0024001
,,,,,,space,2.0557,3,1.3699,0,350,350,350,1,350,images/pixabay_cat_000974.jpg,Jack Lo,001,2022-05-28_22h21.15.508,Cat face rating experiment_500-1000,2021.1.4,MacIntel,60.0024001
,,,,,,space,1.3243,3,0.9575,0,351,351,351,1,351,images/pixabay_cat_002643.jpg,Jack Lo,001,2022-05-28_22h21.15.508,Cat face rating experiment_500-1000,2021.1.4,MacIntel,60.0024001
,,,,,,space,0.8757,3,0.5918,0,352,352,352,1,352,images/pixabay_cat_001200.jpg,Jack Lo,001,2022-05-28_22h21.15.508,Cat face rating experiment_500-1000,2021.1.4,MacIntel,60.0024001
,,,,,,space,0.7956,3,0.5271,0,353,353,353,1,353,images/flickr_cat_000158.jpg,Jack Lo,001,2022-05-28_22h21.15.508,Cat face rating experiment_500-1000,2021.1.4,MacIntel,60.0024001
,,,,,,space,1.2061,,,0,354,354,354,1,354,images/pixabay_cat_002163.jpg,Jack Lo,001,2022-05-28_22h21.15.508,Cat face rating experiment_500-1000,2021.1.4,MacIntel,60.0024001
,,,,,,space,2.1541,5,1.8389,0,355,355,355,1,355,images/pixabay_cat_002323.jpg,Jack Lo,001,2022-05-28_22h21.15.508,Cat face rating experiment_500-1000,2021.1.4,MacIntel,60.0024001
,,,,,,space,1.7066,6,1.3919,0,356,356,356,1,356,images/flickr_cat_000735.jpg,Jack Lo,001,2022-05-28_22h21.15.508,Cat face rating experiment_500-1000,2021.1.4,MacIntel,60.0024001
,,,,,,space,2.69,3,2.3886,0,357,357,357,1,357,images/pixabay_cat_003094.jpg,Jack Lo,001,2022-05-28_22h21.15.508,Cat face rating experiment_500-1000,2021.1.4,MacIntel,60.0024001
,,,,,,space,2.0573,2,1.7725,0,358,358,358,1,358,images/pixabay_cat_004426.jpg,Jack Lo,001,2022-05-28_22h21.15.508,Cat face rating experiment_500-1000,2021.1.4,MacIntel,60.0024001
,,,,,,space,1.0022,2,0.7233,0,359,359,359,1,359,images/pixabay_cat_000953.jpg,Jack Lo,001,2022-05-28_22h21.15.508,Cat face rating experiment_500-1000,2021.1.4,MacIntel,60.0024001
,,,,,,space,1.6766,3,1.3522,0,360,360,360,1,360,images/pixabay_cat_002420.jpg,Jack Lo,001,2022-05-28_22h21.15.508,Cat face rating experiment_500-1000,2021.1.4,MacIntel,60.0024001
,,,,,,space,1.0237,3,0.6896,0,361,361,361,1,361,images/pixabay_cat_000374.jpg,Jack Lo,001,2022-05-28_22h21.15.508,Cat face rating experiment_500-1000,2021.1.4,MacIntel,60.0024001
,,,,,,space,1.4885,5,1.1904,0,362,362,362,1,362,images/flickr_cat_000300.jpg,Jack Lo,001,2022-05-28_22h21.15.508,Cat face rating experiment_500-1000,2021.1.4,MacIntel,60.0024001
,,,,,,space,2.4053,2,2.0829,0,363,363,363,1,363,images/pixabay_cat_001723.jpg,Jack Lo,001,2022-05-28_22h21.15.508,Cat face rating experiment_500-1000,2021.1.4,MacIntel,60.0024001
,,,,,,space,1.3553,2,1.1044,0,364,364,364,1,364,images/flickr_cat_000549.jpg,Jack Lo,001,2022-05-28_22h21.15.508,Cat face rating experiment_500-1000,2021.1.4,MacIntel,60.0024001
,,,,,,space,2.3876,6,1.6384,0,365,365,365,1,365,images/pixabay_cat_002666.jpg,Jack Lo,001,2022-05-28_22h21.15.508,Cat face rating experiment_500-1000,2021.1.4,MacIntel,60.0024001
,,,,,,space,1.1535,5,0.8392,0,366,366,366,1,366,images/pixabay_cat_000104.jpg,Jack Lo,001,2022-05-28_22h21.15.508,Cat face rating experiment_500-1000,2021.1.4,MacIntel,60.0024001
,,,,,,space,1.5158,3,1.273,0,367,367,367,1,367,images/pixabay_cat_001695.jpg,Jack Lo,001,2022-05-28_22h21.15.508,Cat face rating experiment_500-1000,2021.1.4,MacIntel,60.0024001
,,,,,,space,1.0751,3,0.6207,0,368,368,368,1,368,images/pixabay_cat_002727.jpg,Jack Lo,001,2022-05-28_22h21.15.508,Cat face rating experiment_500-1000,2021.1.4,MacIntel,60.0024001
,,,,,,space,0.859,3,0.5936,0,369,369,369,1,369,images/pixabay_cat_003107.jpg,Jack Lo,001,2022-05-28_22h21.15.508,Cat face rating experiment_500-1000,2021.1.4,MacIntel,60.0024001
,,,,,,space,0.8232,3,0.6199,0,370,370,370,1,370,images/pixabay_cat_004751.jpg,Jack Lo,001,2022-05-28_22h21.15.508,Cat face rating experiment_500-1000,2021.1.4,MacIntel,60.0024001
,,,,,,space,1.7571,5,1.474,0,371,371,371,1,371,images/pixabay_cat_004541.jpg,Jack Lo,001,2022-05-28_22h21.15.508,Cat face rating experiment_500-1000,2021.1.4,MacIntel,60.0024001
,,,,,,space,0.9017,,,0,372,372,372,1,372,images/pixabay_cat_003516.jpg,Jack Lo,001,2022-05-28_22h21.15.508,Cat face rating experiment_500-1000,2021.1.4,MacIntel,60.0024001
,,,,,,space,1.9898,5,1.2052,0,373,373,373,1,373,images/pixabay_cat_004118.jpg,Jack Lo,001,2022-05-28_22h21.15.508,Cat face rating experiment_500-1000,2021.1.4,MacIntel,60.0024001
,,,,,,space,1.8568,3,1.4702,0,374,374,374,1,374,images/pixabay_cat_003905.jpg,Jack Lo,001,2022-05-28_22h21.15.508,Cat face rating experiment_500-1000,2021.1.4,MacIntel,60.0024001
,,,,,,space,1.5475,5,1.2049,0,375,375,375,1,375,images/flickr_cat_000556.jpg,Jack Lo,001,2022-05-28_22h21.15.508,Cat face rating experiment_500-1000,2021.1.4,MacIntel,60.0024001
,,,,,,space,0.9754,5,0.7708,0,376,376,376,1,376,images/pixabay_cat_002813.jpg,Jack Lo,001,2022-05-28_22h21.15.508,Cat face rating experiment_500-1000,2021.1.4,MacIntel,60.0024001
,,,,,,space,1.351,,,0,377,377,377,1,377,images/flickr_cat_000358.jpg,Jack Lo,001,2022-05-28_22h21.15.508,Cat face rating experiment_500-1000,2021.1.4,MacIntel,60.0024001
,,,,,,space,1.8707,4,1.5388,0,378,378,378,1,378,images/pixabay_cat_003426.jpg,Jack Lo,001,2022-05-28_22h21.15.508,Cat face rating experiment_500-1000,2021.1.4,MacIntel,60.0024001
,,,,,,space,1.1468,4,0.79,0,379,379,379,1,379,images/pixabay_cat_001895.jpg,Jack Lo,001,2022-05-28_22h21.15.508,Cat face rating experiment_500-1000,2021.1.4,MacIntel,60.0024001
,,,,,,space,2.125,5,1.8546,0,380,380,380,1,380,images/pixabay_cat_002769.jpg,Jack Lo,001,2022-05-28_22h21.15.508,Cat face rating experiment_500-1000,2021.1.4,MacIntel,60.0024001
,,,,,,space,1.829,3,1.5049,0,381,381,381,1,381,images/pixabay_cat_003504.jpg,Jack Lo,001,2022-05-28_22h21.15.508,Cat face rating experiment_500-1000,2021.1.4,MacIntel,60.0024001
,,,,,,space,1.3737,3,1.1558,0,382,382,382,1,382,images/pixabay_cat_000101.jpg,Jack Lo,001,2022-05-28_22h21.15.508,Cat face rating experiment_500-1000,2021.1.4,MacIntel,60.0024001
,,,,,,space,6.1561,4,5.9221,0,383,383,383,1,383,images/pixabay_cat_000510.jpg,Jack Lo,001,2022-05-28_22h21.15.508,Cat face rating experiment_500-1000,2021.1.4,MacIntel,60.0024001
,,,,,,space,2.0276,3,1.7886,0,384,384,384,1,384,images/pixabay_cat_004776.jpg,Jack Lo,001,2022-05-28_22h21.15.508,Cat face rating experiment_500-1000,2021.1.4,MacIntel,60.0024001
,,,,,,space,1.7908,3,0.7564,0,385,385,385,1,385,images/pixabay_cat_003525.jpg,Jack Lo,001,2022-05-28_22h21.15.508,Cat face rating experiment_500-1000,2021.1.4,MacIntel,60.0024001
,,,,,,space,1.8349,3,1.6393,0,386,386,386,1,386,images/pixabay_cat_001517.jpg,Jack Lo,001,2022-05-28_22h21.15.508,Cat face rating experiment_500-1000,2021.1.4,MacIntel,60.0024001
,,,,,,space,3.0707,4,2.6203,0,387,387,387,1,387,images/pixabay_cat_004694.jpg,Jack Lo,001,2022-05-28_22h21.15.508,Cat face rating experiment_500-1000,2021.1.4,MacIntel,60.0024001
,,,,,,space,1.4217,3,1.1862,0,388,388,388,1,388,images/pixabay_cat_001783.jpg,Jack Lo,001,2022-05-28_22h21.15.508,Cat face rating experiment_500-1000,2021.1.4,MacIntel,60.0024001
,,,,,,space,2.0482,4,1.6558,0,389,389,389,1,389,images/pixabay_cat_003027.jpg,Jack Lo,001,2022-05-28_22h21.15.508,Cat face rating experiment_500-1000,2021.1.4,MacIntel,60.0024001
,,,,,,space,1.4718,3,1.1034,0,390,390,390,1,390,images/flickr_cat_000502.jpg,Jack Lo,001,2022-05-28_22h21.15.508,Cat face rating experiment_500-1000,2021.1.4,MacIntel,60.0024001
,,,,,,space,1.597,6,1.3527,0,391,391,391,1,391,images/flickr_cat_000408.jpg,Jack Lo,001,2022-05-28_22h21.15.508,Cat face rating experiment_500-1000,2021.1.4,MacIntel,60.0024001
,,,,,,space,1.121,6,0.6766,0,392,392,392,1,392,images/pixabay_cat_003963.jpg,Jack Lo,001,2022-05-28_22h21.15.508,Cat face rating experiment_500-1000,2021.1.4,MacIntel,60.0024001
,,,,,,space,4.8637,3,2.7873,0,393,393,393,1,393,images/pixabay_cat_000399.jpg,Jack Lo,001,2022-05-28_22h21.15.508,Cat face rating experiment_500-1000,2021.1.4,MacIntel,60.0024001
,,,,,,space,2.1295,7,1.8078,0,394,394,394,1,394,images/pixabay_cat_002975.jpg,Jack Lo,001,2022-05-28_22h21.15.508,Cat face rating experiment_500-1000,2021.1.4,MacIntel,60.0024001
,,,,,,space,1.4263,,,0,395,395,395,1,395,images/pixabay_cat_002962.jpg,Jack Lo,001,2022-05-28_22h21.15.508,Cat face rating experiment_500-1000,2021.1.4,MacIntel,60.0024001
,,,,,,space,2.0424,3,1.8015,0,396,396,396,1,396,images/pixabay_cat_003307.jpg,Jack Lo,001,2022-05-28_22h21.15.508,Cat face rating experiment_500-1000,2021.1.4,MacIntel,60.0024001
,,,,,,space,1.2915,,,0,397,397,397,1,397,images/pixabay_cat_004286.jpg,Jack Lo,001,2022-05-28_22h21.15.508,Cat face rating experiment_500-1000,2021.1.4,MacIntel,60.0024001
,,,,,,space,1.726,3,1.4924,0,398,398,398,1,398,images/pixabay_cat_000018.jpg,Jack Lo,001,2022-05-28_22h21.15.508,Cat face rating experiment_500-1000,2021.1.4,MacIntel,60.0024001
,,,,,,space,1.2638,3,0.9243,0,399,399,399,1,399,images/pixabay_cat_004456.jpg,Jack Lo,001,2022-05-28_22h21.15.508,Cat face rating experiment_500-1000,2021.1.4,MacIntel,60.0024001
,,,,,,space,1.138,3,0.6366,0,400,400,400,1,400,images/pixabay_cat_004233.jpg,Jack Lo,001,2022-05-28_22h21.15.508,Cat face rating experiment_500-1000,2021.1.4,MacIntel,60.0024001
,,,,,,space,1.4568,2,1.2066,0,401,401,401,1,401,images/pixabay_cat_000490.jpg,Jack Lo,001,2022-05-28_22h21.15.508,Cat face rating experiment_500-1000,2021.1.4,MacIntel,60.0024001
,,,,,,space,35.6059,4,35.1365,0,402,402,402,1,402,images/pixabay_cat_003908.jpg,Jack Lo,001,2022-05-28_22h21.15.508,Cat face rating experiment_500-1000,2021.1.4,MacIntel,60.0024001
,,,,,,space,2.8675,5,2.5561,0,403,403,403,1,403,images/pixabay_cat_000111.jpg,Jack Lo,001,2022-05-28_22h21.15.508,Cat face rating experiment_500-1000,2021.1.4,MacIntel,60.0024001
,,,,,,space,2.2555,2,1.9876,0,404,404,404,1,404,images/pixabay_cat_001908.jpg,Jack Lo,001,2022-05-28_22h21.15.508,Cat face rating experiment_500-1000,2021.1.4,MacIntel,60.0024001
,,,,,,space,0.823,2,0.5734,0,405,405,405,1,405,images/pixabay_cat_002682.jpg,Jack Lo,001,2022-05-28_22h21.15.508,Cat face rating experiment_500-1000,2021.1.4,MacIntel,60.0024001
,,,,,,space,1.4582,3,1.1543,0,406,406,406,1,406,images/pixabay_cat_003558.jpg,Jack Lo,001,2022-05-28_22h21.15.508,Cat face rating experiment_500-1000,2021.1.4,MacIntel,60.0024001
,,,,,,space,1.2963,,,0,407,407,407,1,407,images/pixabay_cat_000030.jpg,Jack Lo,001,2022-05-28_22h21.15.508,Cat face rating experiment_500-1000,2021.1.4,MacIntel,60.0024001
,,,,,,space,1.6938,1,1.4209,0,408,408,408,1,408,images/pixabay_cat_003572.jpg,Jack Lo,001,2022-05-28_22h21.15.508,Cat face rating experiment_500-1000,2021.1.4,MacIntel,60.0024001
,,,,,,space,1.1405,2,0.8902,0,409,409,409,1,409,images/pixabay_cat_000361.jpg,Jack Lo,001,2022-05-28_22h21.15.508,Cat face rating experiment_500-1000,2021.1.4,MacIntel,60.0024001
,,,,,,space,3.8937,4,3.6198,0,410,410,410,1,410,images/pixabay_cat_001998.jpg,Jack Lo,001,2022-05-28_22h21.15.508,Cat face rating experiment_500-1000,2021.1.4,MacIntel,60.0024001
,,,,,,space,6.943,2,6.41,0,411,411,411,1,411,images/pixabay_cat_000450.jpg,Jack Lo,001,2022-05-28_22h21.15.508,Cat face rating experiment_500-1000,2021.1.4,MacIntel,60.0024001
,,,,,,space,1.2447,2,0.7735,0,412,412,412,1,412,images/pixabay_cat_001555.jpg,Jack Lo,001,2022-05-28_22h21.15.508,Cat face rating experiment_500-1000,2021.1.4,MacIntel,60.0024001
,,,,,,space,1.7939,3,1.5071,0,413,413,413,1,413,images/pixabay_cat_000647.jpg,Jack Lo,001,2022-05-28_22h21.15.508,Cat face rating experiment_500-1000,2021.1.4,MacIntel,60.0024001
,,,,,,space,2.3429,5,2.0548,0,414,414,414,1,414,images/flickr_cat_000117.jpg,Jack Lo,001,2022-05-28_22h21.15.508,Cat face rating experiment_500-1000,2021.1.4,MacIntel,60.0024001
,,,,,,space,3.511,6,3.057,0,415,415,415,1,415,images/pixabay_cat_000527.jpg,Jack Lo,001,2022-05-28_22h21.15.508,Cat face rating experiment_500-1000,2021.1.4,MacIntel,60.0024001
,,,,,,space,4.6262,2,4.0915,0,416,416,416,1,416,images/pixabay_cat_000857.jpg,Jack Lo,001,2022-05-28_22h21.15.508,Cat face rating experiment_500-1000,2021.1.4,MacIntel,60.0024001
,,,,,,space,1.5664,3,1.4025,0,417,417,417,1,417,images/pixabay_cat_001463.jpg,Jack Lo,001,2022-05-28_22h21.15.508,Cat face rating experiment_500-1000,2021.1.4,MacIntel,60.0024001
,,,,,,space,1.4896,5,1.336,0,418,418,418,1,418,images/pixabay_cat_000467.jpg,Jack Lo,001,2022-05-28_22h21.15.508,Cat face rating experiment_500-1000,2021.1.4,MacIntel,60.0024001
,,,,,,space,1.7432,5,1.3747,0,419,419,419,1,419,images/pixabay_cat_002026.jpg,Jack Lo,001,2022-05-28_22h21.15.508,Cat face rating experiment_500-1000,2021.1.4,MacIntel,60.0024001
,,,,,,space,1.0146,5,0.8052,0,420,420,420,1,420,images/pixabay_cat_000954.jpg,Jack Lo,001,2022-05-28_22h21.15.508,Cat face rating experiment_500-1000,2021.1.4,MacIntel,60.0024001
,,,,,,space,1.6593,3,1.4564,0,421,421,421,1,421,images/pixabay_cat_002353.jpg,Jack Lo,001,2022-05-28_22h21.15.508,Cat face rating experiment_500-1000,2021.1.4,MacIntel,60.0024001
,,,,,,space,1.5628,3,1.2559,0,422,422,422,1,422,images/pixabay_cat_002913.jpg,Jack Lo,001,2022-05-28_22h21.15.508,Cat face rating experiment_500-1000,2021.1.4,MacIntel,60.0024001
,,,,,,space,1.7776,5,1.4402,0,423,423,423,1,423,images/flickr_cat_000077.jpg,Jack Lo,001,2022-05-28_22h21.15.508,Cat face rating experiment_500-1000,2021.1.4,MacIntel,60.0024001
,,,,,,space,2.1734,4,1.9047,0,424,424,424,1,424,images/pixabay_cat_001384.jpg,Jack Lo,001,2022-05-28_22h21.15.508,Cat face rating experiment_500-1000,2021.1.4,MacIntel,60.0024001
,,,,,,space,2.0789,3,1.7544,0,425,425,425,1,425,images/pixabay_cat_001681.jpg,Jack Lo,001,2022-05-28_22h21.15.508,Cat face rating experiment_500-1000,2021.1.4,MacIntel,60.0024001
,,,,,,space,1.9163,5,1.6231,0,426,426,426,1,426,images/pixabay_cat_001893.jpg,Jack Lo,001,2022-05-28_22h21.15.508,Cat face rating experiment_500-1000,2021.1.4,MacIntel,60.0024001
,,,,,,space,1.2571,,,0,427,427,427,1,427,images/pixabay_cat_001343.jpg,Jack Lo,001,2022-05-28_22h21.15.508,Cat face rating experiment_500-1000,2021.1.4,MacIntel,60.0024001
,,,,,,space,2.2627,7,1.9397,0,428,428,428,1,428,images/pixabay_cat_003350.jpg,Jack Lo,001,2022-05-28_22h21.15.508,Cat face rating experiment_500-1000,2021.1.4,MacIntel,60.0024001
,,,,,,space,1.7062,6,1.4745,0,429,429,429,1,429,images/pixabay_cat_003939.jpg,Jack Lo,001,2022-05-28_22h21.15.508,Cat face rating experiment_500-1000,2021.1.4,MacIntel,60.0024001
,,,,,,space,1.7474,5,1.6028,0,430,430,430,1,430,images/pixabay_cat_004737.jpg,Jack Lo,001,2022-05-28_22h21.15.508,Cat face rating experiment_500-1000,2021.1.4,MacIntel,60.0024001
,,,,,,space,1.2553,5,0.9547,0,431,431,431,1,431,images/pixabay_cat_004052.jpg,Jack Lo,001,2022-05-28_22h21.15.508,Cat face rating experiment_500-1000,2021.1.4,MacIntel,60.0024001
,,,,,,space,1.6017,6,1.1404,0,432,432,432,1,432,images/pixabay_cat_003925.jpg,Jack Lo,001,2022-05-28_22h21.15.508,Cat face rating experiment_500-1000,2021.1.4,MacIntel,60.0024001
,,,,,,space,1.6462,7,1.1061,0,433,433,433,1,433,images/pixabay_cat_001683.jpg,Jack Lo,001,2022-05-28_22h21.15.508,Cat face rating experiment_500-1000,2021.1.4,MacIntel,60.0024001
,,,,,,space,2.0859,6,1.9565,0,434,434,434,1,434,images/flickr_cat_000671.jpg,Jack Lo,001,2022-05-28_22h21.15.508,Cat face rating experiment_500-1000,2021.1.4,MacIntel,60.0024001
,,,,,,space,1.214,6,0.9529,0,435,435,435,1,435,images/pixabay_cat_000388.jpg,Jack Lo,001,2022-05-28_22h21.15.508,Cat face rating experiment_500-1000,2021.1.4,MacIntel,60.0024001
,,,,,,space,3.098,2,2.8408,0,436,436,436,1,436,images/pixabay_cat_004798.jpg,Jack Lo,001,2022-05-28_22h21.15.508,Cat face rating experiment_500-1000,2021.1.4,MacIntel,60.0024001
,,,,,,space,1.1065,2,0.7709,0,437,437,437,1,437,images/pixabay_cat_002057.jpg,Jack Lo,001,2022-05-28_22h21.15.508,Cat face rating experiment_500-1000,2021.1.4,MacIntel,60.0024001
,,,,,,space,1.8901,3,1.722,0,438,438,438,1,438,images/flickr_cat_000700.jpg,Jack Lo,001,2022-05-28_22h21.15.508,Cat face rating experiment_500-1000,2021.1.4,MacIntel,60.0024001
,,,,,,space,1.2374,3,0.974,0,439,439,439,1,439,images/pixabay_cat_000809.jpg,Jack Lo,001,2022-05-28_22h21.15.508,Cat face rating experiment_500-1000,2021.1.4,MacIntel,60.0024001
,,,,,,space,1.6668,2,1.4162,0,440,440,440,1,440,images/pixabay_cat_000326.jpg,Jack Lo,001,2022-05-28_22h21.15.508,Cat face rating experiment_500-1000,2021.1.4,MacIntel,60.0024001
,,,,,,space,2.4161,3,2.0558,0,441,441,441,1,441,images/pixabay_cat_000401.jpg,Jack Lo,001,2022-05-28_22h21.15.508,Cat face rating experiment_500-1000,2021.1.4,MacIntel,60.0024001
,,,,,,space,1.9761,6,1.6532,0,442,442,442,1,442,images/flickr_cat_000094.jpg,Jack Lo,001,2022-05-28_22h21.15.508,Cat face rating experiment_500-1000,2021.1.4,MacIntel,60.0024001
,,,,,,space,1.5675,6,0.937,0,443,443,443,1,443,images/pixabay_cat_003378.jpg,Jack Lo,001,2022-05-28_22h21.15.508,Cat face rating experiment_500-1000,2021.1.4,MacIntel,60.0024001
,,,,,,space,1.9075,3,1.5361,0,444,444,444,1,444,images/pixabay_cat_001207.jpg,Jack Lo,001,2022-05-28_22h21.15.508,Cat face rating experiment_500-1000,2021.1.4,MacIntel,60.0024001
,,,,,,space,2.5975,5,2.0902,0,445,445,445,1,445,images/flickr_cat_000274.jpg,Jack Lo,001,2022-05-28_22h21.15.508,Cat face rating experiment_500-1000,2021.1.4,MacIntel,60.0024001
,,,,,,space,6.4984,2,6.1394,0,446,446,446,1,446,images/pixabay_cat_004630.jpg,Jack Lo,001,2022-05-28_22h21.15.508,Cat face rating experiment_500-1000,2021.1.4,MacIntel,60.0024001
,,,,,,space,1.7039,2,1.1563,0,447,447,447,1,447,images/pixabay_cat_001804.jpg,Jack Lo,001,2022-05-28_22h21.15.508,Cat face rating experiment_500-1000,2021.1.4,MacIntel,60.0024001
,,,,,,space,1.0021,2,0.8042,0,448,448,448,1,448,images/pixabay_cat_004629.jpg,Jack Lo,001,2022-05-28_22h21.15.508,Cat face rating experiment_500-1000,2021.1.4,MacIntel,60.0024001
,,,,,,space,3.3305,3,2.87,0,449,449,449,1,449,images/pixabay_cat_003538.jpg,Jack Lo,001,2022-05-28_22h21.15.508,Cat face rating experiment_500-1000,2021.1.4,MacIntel,60.0024001
,,,,,,space,2.6078,5,2.2221,0,450,450,450,1,450,images/pixabay_cat_002991.jpg,Jack Lo,001,2022-05-28_22h21.15.508,Cat face rating experiment_500-1000,2021.1.4,MacIntel,60.0024001
,,,,,,space,1.8422,3,1.2693,0,451,451,451,1,451,images/pixabay_cat_000287.jpg,Jack Lo,001,2022-05-28_22h21.15.508,Cat face rating experiment_500-1000,2021.1.4,MacIntel,60.0024001
,,,,,,space,1.1621,3,1.0396,0,452,452,452,1,452,images/pixabay_cat_000661.jpg,Jack Lo,001,2022-05-28_22h21.15.508,Cat face rating experiment_500-1000,2021.1.4,MacIntel,60.0024001
,,,,,,space,2.362,3,1.6558,0,453,453,453,1,453,images/flickr_cat_000334.jpg,Jack Lo,001,2022-05-28_22h21.15.508,Cat face rating experiment_500-1000,2021.1.4,MacIntel,60.0024001
,,,,,,space,5.9704,4,5.6943,0,454,454,454,1,454,images/pixabay_cat_002592.jpg,Jack Lo,001,2022-05-28_22h21.15.508,Cat face rating experiment_500-1000,2021.1.4,MacIntel,60.0024001
,,,,,,space,0.6228,,,0,455,455,455,1,455,images/pixabay_cat_003194.jpg,Jack Lo,001,2022-05-28_22h21.15.508,Cat face rating experiment_500-1000,2021.1.4,MacIntel,60.0024001
,,,,,,space,1.5084,3,1.1672,0,456,456,456,1,456,images/pixabay_cat_000872.jpg,Jack Lo,001,2022-05-28_22h21.15.508,Cat face rating experiment_500-1000,2021.1.4,MacIntel,60.0024001
,,,,,,space,6.0095,1,5.7212,0,457,457,457,1,457,images/pixabay_cat_003189.jpg,Jack Lo,001,2022-05-28_22h21.15.508,Cat face rating experiment_500-1000,2021.1.4,MacIntel,60.0024001
,,,,,,space,1.0241,2,0.7244,0,458,458,458,1,458,images/pixabay_cat_000402.jpg,Jack Lo,001,2022-05-28_22h21.15.508,Cat face rating experiment_500-1000,2021.1.4,MacIntel,60.0024001
,,,,,,space,0.9401,1,0.6067,0,459,459,459,1,459,images/pixabay_cat_000823.jpg,Jack Lo,001,2022-05-28_22h21.15.508,Cat face rating experiment_500-1000,2021.1.4,MacIntel,60.0024001
,,,,,,space,3.419,4,3.1849,0,460,460,460,1,460,images/pixabay_cat_004359.jpg,Jack Lo,001,2022-05-28_22h21.15.508,Cat face rating experiment_500-1000,2021.1.4,MacIntel,60.0024001
,,,,,,space,2.0143,1,1.7409,0,461,461,461,1,461,images/pixabay_cat_000080.jpg,Jack Lo,001,2022-05-28_22h21.15.508,Cat face rating experiment_500-1000,2021.1.4,MacIntel,60.0024001
,,,,,,space,2.8918,1,2.4586,0,462,462,462,1,462,images/pixabay_cat_003639.jpg,Jack Lo,001,2022-05-28_22h21.15.508,Cat face rating experiment_500-1000,2021.1.4,MacIntel,60.0024001
,,,,,,space,1.256,2,1.0346,0,463,463,463,1,463,images/pixabay_cat_002217.jpg,Jack Lo,001,2022-05-28_22h21.15.508,Cat face rating experiment_500-1000,2021.1.4,MacIntel,60.0024001
,,,,,,space,1.3856,2,1.1536,0,464,464,464,1,464,images/pixabay_cat_001076.jpg,Jack Lo,001,2022-05-28_22h21.15.508,Cat face rating experiment_500-1000,2021.1.4,MacIntel,60.0024001
,,,,,,space,1.6222,2,1.4056,0,465,465,465,1,465,images/pixabay_cat_002357.jpg,Jack Lo,001,2022-05-28_22h21.15.508,Cat face rating experiment_500-1000,2021.1.4,MacIntel,60.0024001
,,,,,,space,0.8432,2,0.5858,0,466,466,466,1,466,images/pixabay_cat_002584.jpg,Jack Lo,001,2022-05-28_22h21.15.508,Cat face rating experiment_500-1000,2021.1.4,MacIntel,60.0024001
,,,,,,space,1.3294,3,1.0766,0,467,467,467,1,467,images/pixabay_cat_003492.jpg,Jack Lo,001,2022-05-28_22h21.15.508,Cat face rating experiment_500-1000,2021.1.4,MacIntel,60.0024001
,,,,,,space,0.7905,2,0.5728,0,468,468,468,1,468,images/pixabay_cat_004127.jpg,Jack Lo,001,2022-05-28_22h21.15.508,Cat face rating experiment_500-1000,2021.1.4,MacIntel,60.0024001
,,,,,,space,2.4122,1,2.1074,0,469,469,469,1,469,images/pixabay_cat_003297.jpg,Jack Lo,001,2022-05-28_22h21.15.508,Cat face rating experiment_500-1000,2021.1.4,MacIntel,60.0024001
,,,,,,space,1.197,,,0,470,470,470,1,470,images/pixabay_cat_003542.jpg,Jack Lo,001,2022-05-28_22h21.15.508,Cat face rating experiment_500-1000,2021.1.4,MacIntel,60.0024001
,,,,,,space,0.9398,3,0.6888,0,471,471,471,1,471,images/pixabay_cat_002532.jpg,Jack Lo,001,2022-05-28_22h21.15.508,Cat face rating experiment_500-1000,2021.1.4,MacIntel,60.0024001
,,,,,,space,1.4772,2,1.2711,0,472,472,472,1,472,images/flickr_cat_000483.jpg,Jack Lo,001,2022-05-28_22h21.15.508,Cat face rating experiment_500-1000,2021.1.4,MacIntel,60.0024001
,,,,,,space,2.1291,,,0,473,473,473,1,473,images/pixabay_cat_001606.jpg,Jack Lo,001,2022-05-28_22h21.15.508,Cat face rating experiment_500-1000,2021.1.4,MacIntel,60.0024001
,,,,,,space,0.6124,,,0,474,474,474,1,474,images/pixabay_cat_002706.jpg,Jack Lo,001,2022-05-28_22h21.15.508,Cat face rating experiment_500-1000,2021.1.4,MacIntel,60.0024001
,,,,,,space,1.0899,,,0,475,475,475,1,475,images/pixabay_cat_003497.jpg,Jack Lo,001,2022-05-28_22h21.15.508,Cat face rating experiment_500-1000,2021.1.4,MacIntel,60.0024001
,,,,,,space,1.2399,3,0.9324,0,476,476,476,1,476,images/pixabay_cat_003322.jpg,Jack Lo,001,2022-05-28_22h21.15.508,Cat face rating experiment_500-1000,2021.1.4,MacIntel,60.0024001
,,,,,,space,1.6709,,,0,477,477,477,1,477,images/flickr_cat_000542.jpg,Jack Lo,001,2022-05-28_22h21.15.508,Cat face rating experiment_500-1000,2021.1.4,MacIntel,60.0024001
,,,,,,space,1.8913,5,1.6202,0,478,478,478,1,478,images/pixabay_cat_003335.jpg,Jack Lo,001,2022-05-28_22h21.15.508,Cat face rating experiment_500-1000,2021.1.4,MacIntel,60.0024001
,,,,,,space,1.6568,,,0,479,479,479,1,479,images/pixabay_cat_004098.jpg,Jack Lo,001,2022-05-28_22h21.15.508,Cat face rating experiment_500-1000,2021.1.4,MacIntel,60.0024001
,,,,,,space,1.4144,,,0,480,480,480,1,480,images/pixabay_cat_003381.jpg,Jack Lo,001,2022-05-28_22h21.15.508,Cat face rating experiment_500-1000,2021.1.4,MacIntel,60.0024001
,,,,,,space,1.877,6,1.5585,0,481,481,481,1,481,images/pixabay_cat_002824.jpg,Jack Lo,001,2022-05-28_22h21.15.508,Cat face rating experiment_500-1000,2021.1.4,MacIntel,60.0024001
,,,,,,space,1.8276,2,1.5547,0,482,482,482,1,482,images/pixabay_cat_001050.jpg,Jack Lo,001,2022-05-28_22h21.15.508,Cat face rating experiment_500-1000,2021.1.4,MacIntel,60.0024001
,,,,,,space,1.7216,5,1.4078,0,483,483,483,1,483,images/pixabay_cat_003956.jpg,Jack Lo,001,2022-05-28_22h21.15.508,Cat face rating experiment_500-1000,2021.1.4,MacIntel,60.0024001
,,,,,,space,1.3803,3,1.2865,0,484,484,484,1,484,images/pixabay_cat_004338.jpg,Jack Lo,001,2022-05-28_22h21.15.508,Cat face rating experiment_500-1000,2021.1.4,MacIntel,60.0024001
,,,,,,space,2.3248,7,2.1045,0,485,485,485,1,485,images/pixabay_cat_004232.jpg,Jack Lo,001,2022-05-28_22h21.15.508,Cat face rating experiment_500-1000,2021.1.4,MacIntel,60.0024001
,,,,,,space,2.7146,4,2.4892,0,486,486,486,1,486,images/flickr_cat_000041.jpg,Jack Lo,001,2022-05-28_22h21.15.508,Cat face rating experiment_500-1000,2021.1.4,MacIntel,60.0024001
,,,,,,space,2.3668,,,0,487,487,487,1,487,images/pixabay_cat_002578.jpg,Jack Lo,001,2022-05-28_22h21.15.508,Cat face rating experiment_500-1000,2021.1.4,MacIntel,60.0024001
,,,,,,space,1.4726,5,1.2258,0,488,488,488,1,488,images/pixabay_cat_002952.jpg,Jack Lo,001,2022-05-28_22h21.15.508,Cat face rating experiment_500-1000,2021.1.4,MacIntel,60.0024001
,,,,,,space,1.4207,3,1.2218,0,489,489,489,1,489,images/pixabay_cat_001967.jpg,Jack Lo,001,2022-05-28_22h21.15.508,Cat face rating experiment_500-1000,2021.1.4,MacIntel,60.0024001
,,,,,,space,2.8282,2,2.7235,0,490,490,490,1,490,images/pixabay_cat_001091.jpg,Jack Lo,001,2022-05-28_22h21.15.508,Cat face rating experiment_500-1000,2021.1.4,MacIntel,60.0024001
,,,,,,space,0.875,2,0.7272,0,491,491,491,1,491,images/pixabay_cat_001334.jpg,Jack Lo,001,2022-05-28_22h21.15.508,Cat face rating experiment_500-1000,2021.1.4,MacIntel,60.0024001
,,,,,,space,0.7247,2,0.6394,0,492,492,492,1,492,images/pixabay_cat_003532.jpg,Jack Lo,001,2022-05-28_22h21.15.508,Cat face rating experiment_500-1000,2021.1.4,MacIntel,60.0024001
,,,,,,space,0.7594,2,0.6561,0,493,493,493,1,493,images/flickr_cat_000338.jpg,Jack Lo,001,2022-05-28_22h21.15.508,Cat face rating experiment_500-1000,2021.1.4,MacIntel,60.0024001
,,,,,,space,1.2074,,,0,494,494,494,1,494,images/pixabay_cat_000622.jpg,Jack Lo,001,2022-05-28_22h21.15.508,Cat face rating experiment_500-1000,2021.1.4,MacIntel,60.0024001
,,,,,,space,2.6093,5,2.419,0,495,495,495,1,495,images/pixabay_cat_002192.jpg,Jack Lo,001,2022-05-28_22h21.15.508,Cat face rating experiment_500-1000,2021.1.4,MacIntel,60.0024001
,,,,,,space,1.2651,5,1.0054,0,496,496,496,1,496,images/pixabay_cat_000270.jpg,Jack Lo,001,2022-05-28_22h21.15.508,Cat face rating experiment_500-1000,2021.1.4,MacIntel,60.0024001
,,,,,,space,0.7905,5,0.6521,0,497,497,497,1,497,images/pixabay_cat_003700.jpg,Jack Lo,001,2022-05-28_22h21.15.508,Cat face rating experiment_500-1000,2021.1.4,MacIntel,60.0024001
,,,,,,space,1.264,6,0.9551,0,498,498,498,1,498,images/pixabay_cat_000215.jpg,Jack Lo,001,2022-05-28_22h21.15.508,Cat face rating experiment_500-1000,2021.1.4,MacIntel,60.0024001
,,,,,,space,1.5713,6,1.3725,0,499,499,499,1,499,images/pixabay_cat_004364.jpg,Jack Lo,001,2022-05-28_22h21.15.508,Cat face rating experiment_500-1000,2021.1.4,MacIntel,60.0024001
