key_resp.keys,key_resp.rt,key_resp_2.keys,key_resp_2.rt,key_resp_3.keys,key_resp_3.rt,key_resp_4.keys,key_resp_4.rt,slider.response,slider.rt,trials.thisRepN,trials.thisTrialN,trials.thisN,trials.thisIndex,trials.ran,trial_nums,img,participant,session,date,expName,psychopyVersion,OS,frameRate
space,0.939,space,0.1412,space,0.1882,space,1.7582,5,1.7506,0,0,0,0,1,0,images/pixabay_cat_003488.jpg,,001,2022-03-12_18h39.38.314,Cat face rating experiment_500-1000,2021.1.4,Win32,71.73086579
,,,,,,space,0.8601,3,0.8204,0,1,1,1,1,1,images/pixabay_cat_002487.jpg,,001,2022-03-12_18h39.38.314,Cat face rating experiment_500-1000,2021.1.4,Win32,71.73086579
,,,,,,space,1.1433,5,0.8451,0,2,2,2,1,2,images/pixabay_cat_004502.jpg,,001,2022-03-12_18h39.38.314,Cat face rating experiment_500-1000,2021.1.4,Win32,71.73086579
,,,,,,space,0.9409,6,0.7035,0,3,3,3,1,3,images/pixabay_cat_004332.jpg,,001,2022-03-12_18h39.38.314,Cat face rating experiment_500-1000,2021.1.4,Win32,71.73086579
,,,,,,space,0.675,7,0.6127,0,4,4,4,1,4,images/pixabay_cat_004678.jpg,,001,2022-03-12_18h39.38.314,Cat face rating experiment_500-1000,2021.1.4,Win32,71.73086579
,,,,,,space,78.6101,4,78.5878,0,5,5,5,1,5,images/pixabay_cat_003953.jpg,,001,2022-03-12_18h39.38.314,Cat face rating experiment_500-1000,2021.1.4,Win32,71.73086579
,,,,,,space,0.4626,,,0,6,6,6,1,6,images/pixabay_cat_000066.jpg,,001,2022-03-12_18h39.38.314,Cat face rating experiment_500-1000,2021.1.4,Win32,71.73086579
,,,,,,space,0.4537,,,0,7,7,7,1,7,images/pixabay_cat_004307.jpg,,001,2022-03-12_18h39.38.314,Cat face rating experiment_500-1000,2021.1.4,Win32,71.73086579
,,,,,,space,0.3786,,,0,8,8,8,1,8,images/pixabay_cat_002361.jpg,,001,2022-03-12_18h39.38.314,Cat face rating experiment_500-1000,2021.1.4,Win32,71.73086579
,,,,,,space,0.4191,4,0.2766,0,9,9,9,1,9,images/pixabay_cat_003116.jpg,,001,2022-03-12_18h39.38.314,Cat face rating experiment_500-1000,2021.1.4,Win32,71.73086579
,,,,,,space,0.3892,4,0.3005,0,10,10,10,1,10,images/pixabay_cat_003632.jpg,,001,2022-03-12_18h39.38.314,Cat face rating experiment_500-1000,2021.1.4,Win32,71.73086579
,,,,,,space,0.4302,4,0.2948,0,11,11,11,1,11,images/pixabay_cat_000083.jpg,,001,2022-03-12_18h39.38.314,Cat face rating experiment_500-1000,2021.1.4,Win32,71.73086579
,,,,,,space,0.3772,4,0.3031,0,12,12,12,1,12,images/pixabay_cat_004027.jpg,,001,2022-03-12_18h39.38.314,Cat face rating experiment_500-1000,2021.1.4,Win32,71.73086579
,,,,,,space,0.7385,4,0.4486,0,13,13,13,1,13,images/flickr_cat_000621.jpg,,001,2022-03-12_18h39.38.314,Cat face rating experiment_500-1000,2021.1.4,Win32,71.73086579
,,,,,,space,0.6584,4,0.5742,0,14,14,14,1,14,images/pixabay_cat_004191.jpg,,001,2022-03-12_18h39.38.314,Cat face rating experiment_500-1000,2021.1.4,Win32,71.73086579
,,,,,,space,0.467,4,0.3674,0,15,15,15,1,15,images/pixabay_cat_003779.jpg,,001,2022-03-12_18h39.38.314,Cat face rating experiment_500-1000,2021.1.4,Win32,71.73086579
,,,,,,space,0.4882,4,0.3558,0,16,16,16,1,16,images/flickr_cat_000369.jpg,,001,2022-03-12_18h39.38.314,Cat face rating experiment_500-1000,2021.1.4,Win32,71.73086579
,,,,,,space,0.7417,4,0.4765,0,17,17,17,1,17,images/pixabay_cat_001572.jpg,,001,2022-03-12_18h39.38.314,Cat face rating experiment_500-1000,2021.1.4,Win32,71.73086579
