key_resp.keys,key_resp.rt,key_resp_2.keys,key_resp_2.rt,key_resp_3.keys,key_resp_3.rt,key_resp_4.keys,key_resp_4.rt,slider.response,slider.rt,trials.thisRepN,trials.thisTrialN,trials.thisN,trials.thisIndex,trials.ran,trial_nums,img,participant,session,date,expName,psychopyVersion,OS,frameRate
space,4.0907,space,0.7965,space,0.5216,space,49.6722,6,48.9149,0,0,0,0,1,0,images/pixabay_cat_003488.jpg,Youjia Chen,001,2022-05-16_16h54.40.620,Cat face rating experiment_500-1000,2021.1.4,MacIntel,120.0048002
,,,,,,space,1.7301,7,1.4687,0,1,1,1,1,1,images/pixabay_cat_002487.jpg,Youjia Chen,001,2022-05-16_16h54.40.620,Cat face rating experiment_500-1000,2021.1.4,MacIntel,120.0048002
,,,,,,space,1.9786,5,1.645,0,2,2,2,1,2,images/pixabay_cat_004502.jpg,Youjia Chen,001,2022-05-16_16h54.40.620,Cat face rating experiment_500-1000,2021.1.4,MacIntel,120.0048002
,,,,,,space,2.1397,3,1.9593,0,3,3,3,1,3,images/pixabay_cat_004332.jpg,Youjia Chen,001,2022-05-16_16h54.40.620,Cat face rating experiment_500-1000,2021.1.4,MacIntel,120.0048002
,,,,,,space,1.7404,2,1.4947,0,4,4,4,1,4,images/pixabay_cat_004678.jpg,Youjia Chen,001,2022-05-16_16h54.40.620,Cat face rating experiment_500-1000,2021.1.4,MacIntel,120.0048002
,,,,,,space,2.2236,1,1.6272,0,5,5,5,1,5,images/pixabay_cat_003953.jpg,Youjia Chen,001,2022-05-16_16h54.40.620,Cat face rating experiment_500-1000,2021.1.4,MacIntel,120.0048002
,,,,,,space,1.924,,,0,6,6,6,1,6,images/pixabay_cat_000066.jpg,Youjia Chen,001,2022-05-16_16h54.40.620,Cat face rating experiment_500-1000,2021.1.4,MacIntel,120.0048002
,,,,,,space,3.0542,2,2.7542,0,7,7,7,1,7,images/pixabay_cat_004307.jpg,Youjia Chen,001,2022-05-16_16h54.40.620,Cat face rating experiment_500-1000,2021.1.4,MacIntel,120.0048002
,,,,,,space,1.9531,7,1.6528,0,8,8,8,1,8,images/pixabay_cat_002361.jpg,Youjia Chen,001,2022-05-16_16h54.40.620,Cat face rating experiment_500-1000,2021.1.4,MacIntel,120.0048002
,,,,,,space,1.9347,2,1.6366,0,9,9,9,1,9,images/pixabay_cat_003116.jpg,Youjia Chen,001,2022-05-16_16h54.40.620,Cat face rating experiment_500-1000,2021.1.4,MacIntel,120.0048002
,,,,,,space,2.256,2,1.6955,0,10,10,10,1,10,images/pixabay_cat_003632.jpg,Youjia Chen,001,2022-05-16_16h54.40.620,Cat face rating experiment_500-1000,2021.1.4,MacIntel,120.0048002
,,,,,,space,1.7441,7,1.3965,0,11,11,11,1,11,images/pixabay_cat_000083.jpg,Youjia Chen,001,2022-05-16_16h54.40.620,Cat face rating experiment_500-1000,2021.1.4,MacIntel,120.0048002
,,,,,,space,1.2615,6,0.9753,0,12,12,12,1,12,images/pixabay_cat_004027.jpg,Youjia Chen,001,2022-05-16_16h54.40.620,Cat face rating experiment_500-1000,2021.1.4,MacIntel,120.0048002
,,,,,,space,2.1834,2,1.9277,0,13,13,13,1,13,images/flickr_cat_000621.jpg,Youjia Chen,001,2022-05-16_16h54.40.620,Cat face rating experiment_500-1000,2021.1.4,MacIntel,120.0048002
,,,,,,space,1.8711,6,1.3106,0,14,14,14,1,14,images/pixabay_cat_004191.jpg,Youjia Chen,001,2022-05-16_16h54.40.620,Cat face rating experiment_500-1000,2021.1.4,MacIntel,120.0048002
,,,,,,space,1.9608,6,1.2871,0,15,15,15,1,15,images/pixabay_cat_003779.jpg,Youjia Chen,001,2022-05-16_16h54.40.620,Cat face rating experiment_500-1000,2021.1.4,MacIntel,120.0048002
,,,,,,space,1.2564,7,1.0109,0,16,16,16,1,16,images/flickr_cat_000369.jpg,Youjia Chen,001,2022-05-16_16h54.40.620,Cat face rating experiment_500-1000,2021.1.4,MacIntel,120.0048002
,,,,,,space,1.0544,7,0.8439,0,17,17,17,1,17,images/pixabay_cat_001572.jpg,Youjia Chen,001,2022-05-16_16h54.40.620,Cat face rating experiment_500-1000,2021.1.4,MacIntel,120.0048002
,,,,,,space,1.7069,3,1.4444,0,18,18,18,1,18,images/flickr_cat_000107.jpg,Youjia Chen,001,2022-05-16_16h54.40.620,Cat face rating experiment_500-1000,2021.1.4,MacIntel,120.0048002
,,,,,,space,2.4509,7,2.0614,0,19,19,19,1,19,images/pixabay_cat_002366.jpg,Youjia Chen,001,2022-05-16_16h54.40.620,Cat face rating experiment_500-1000,2021.1.4,MacIntel,120.0048002
,,,,,,space,2.7163,5,2.4522,0,20,20,20,1,20,images/pixabay_cat_002856.jpg,Youjia Chen,001,2022-05-16_16h54.40.620,Cat face rating experiment_500-1000,2021.1.4,MacIntel,120.0048002
,,,,,,space,3.1804,3,2.8775,0,21,21,21,1,21,images/pixabay_cat_001957.jpg,Youjia Chen,001,2022-05-16_16h54.40.620,Cat face rating experiment_500-1000,2021.1.4,MacIntel,120.0048002
,,,,,,space,1.7354,7,1.4361,0,22,22,22,1,22,images/pixabay_cat_002320.jpg,Youjia Chen,001,2022-05-16_16h54.40.620,Cat face rating experiment_500-1000,2021.1.4,MacIntel,120.0048002
,,,,,,space,1.8991,6,1.6368,0,23,23,23,1,23,images/pixabay_cat_003627.jpg,Youjia Chen,001,2022-05-16_16h54.40.620,Cat face rating experiment_500-1000,2021.1.4,MacIntel,120.0048002
,,,,,,space,2.2938,6,1.3658,0,24,24,24,1,24,images/pixabay_cat_002965.jpg,Youjia Chen,001,2022-05-16_16h54.40.620,Cat face rating experiment_500-1000,2021.1.4,MacIntel,120.0048002
,,,,,,space,5.2996,2,4.3477,0,25,25,25,1,25,images/pixabay_cat_001209.jpg,Youjia Chen,001,2022-05-16_16h54.40.620,Cat face rating experiment_500-1000,2021.1.4,MacIntel,120.0048002
,,,,,,space,1.8907,1,1.5609,0,26,26,26,1,26,images/pixabay_cat_003769.jpg,Youjia Chen,001,2022-05-16_16h54.40.620,Cat face rating experiment_500-1000,2021.1.4,MacIntel,120.0048002
,,,,,,space,3.447,5,3.112,0,27,27,27,1,27,images/pixabay_cat_001302.jpg,Youjia Chen,001,2022-05-16_16h54.40.620,Cat face rating experiment_500-1000,2021.1.4,MacIntel,120.0048002
,,,,,,space,2.295,2,2.0545,0,28,28,28,1,28,images/pixabay_cat_003342.jpg,Youjia Chen,001,2022-05-16_16h54.40.620,Cat face rating experiment_500-1000,2021.1.4,MacIntel,120.0048002
,,,,,,space,1.7191,2,1.1289,0,29,29,29,1,29,images/pixabay_cat_001604.jpg,Youjia Chen,001,2022-05-16_16h54.40.620,Cat face rating experiment_500-1000,2021.1.4,MacIntel,120.0048002
,,,,,,space,6.4827,1,5.7788,0,30,30,30,1,30,images/pixabay_cat_003657.jpg,Youjia Chen,001,2022-05-16_16h54.40.620,Cat face rating experiment_500-1000,2021.1.4,MacIntel,120.0048002
,,,,,,space,1.6592,3,1.353,0,31,31,31,1,31,images/pixabay_cat_004021.jpg,Youjia Chen,001,2022-05-16_16h54.40.620,Cat face rating experiment_500-1000,2021.1.4,MacIntel,120.0048002
,,,,,,space,2.1587,5,1.8337,0,32,32,32,1,32,images/pixabay_cat_002477.jpg,Youjia Chen,001,2022-05-16_16h54.40.620,Cat face rating experiment_500-1000,2021.1.4,MacIntel,120.0048002
,,,,,,space,1.5382,6,1.2445,0,33,33,33,1,33,images/pixabay_cat_000087.jpg,Youjia Chen,001,2022-05-16_16h54.40.620,Cat face rating experiment_500-1000,2021.1.4,MacIntel,120.0048002
,,,,,,space,4.1684,7,3.6626,0,34,34,34,1,34,images/flickr_cat_000349.jpg,Youjia Chen,001,2022-05-16_16h54.40.620,Cat face rating experiment_500-1000,2021.1.4,MacIntel,120.0048002
,,,,,,space,7.6958,6,7.288,0,35,35,35,1,35,images/pixabay_cat_001574.jpg,Youjia Chen,001,2022-05-16_16h54.40.620,Cat face rating experiment_500-1000,2021.1.4,MacIntel,120.0048002
,,,,,,space,1.6333,5,1.3616,0,36,36,36,1,36,images/pixabay_cat_002498.jpg,Youjia Chen,001,2022-05-16_16h54.40.620,Cat face rating experiment_500-1000,2021.1.4,MacIntel,120.0048002
,,,,,,space,5.1997,6,2.837,0,37,37,37,1,37,images/pixabay_cat_001747.jpg,Youjia Chen,001,2022-05-16_16h54.40.620,Cat face rating experiment_500-1000,2021.1.4,MacIntel,120.0048002
,,,,,,space,1.595,5,1.3023,0,38,38,38,1,38,images/pixabay_cat_004336.jpg,Youjia Chen,001,2022-05-16_16h54.40.620,Cat face rating experiment_500-1000,2021.1.4,MacIntel,120.0048002
,,,,,,space,2.7491,2,1.3936,0,39,39,39,1,39,images/pixabay_cat_004646.jpg,Youjia Chen,001,2022-05-16_16h54.40.620,Cat face rating experiment_500-1000,2021.1.4,MacIntel,120.0048002
,,,,,,space,2.3002,3,1.9864,0,40,40,40,1,40,images/pixabay_cat_004640.jpg,Youjia Chen,001,2022-05-16_16h54.40.620,Cat face rating experiment_500-1000,2021.1.4,MacIntel,120.0048002
,,,,,,space,1.47,3,0.8117,0,41,41,41,1,41,images/pixabay_cat_003966.jpg,Youjia Chen,001,2022-05-16_16h54.40.620,Cat face rating experiment_500-1000,2021.1.4,MacIntel,120.0048002
,,,,,,space,1.8366,5,1.4756,0,42,42,42,1,42,images/pixabay_cat_001356.jpg,Youjia Chen,001,2022-05-16_16h54.40.620,Cat face rating experiment_500-1000,2021.1.4,MacIntel,120.0048002
,,,,,,space,2.9022,5,2.5366,0,43,43,43,1,43,images/pixabay_cat_002888.jpg,Youjia Chen,001,2022-05-16_16h54.40.620,Cat face rating experiment_500-1000,2021.1.4,MacIntel,120.0048002
,,,,,,space,1.5816,7,1.2687,0,44,44,44,1,44,images/pixabay_cat_000933.jpg,Youjia Chen,001,2022-05-16_16h54.40.620,Cat face rating experiment_500-1000,2021.1.4,MacIntel,120.0048002
,,,,,,space,1.7805,6,1.4695,0,45,45,45,1,45,images/flickr_cat_000038.jpg,Youjia Chen,001,2022-05-16_16h54.40.620,Cat face rating experiment_500-1000,2021.1.4,MacIntel,120.0048002
,,,,,,space,1.3323,6,1.0021,0,46,46,46,1,46,images/pixabay_cat_000589.jpg,Youjia Chen,001,2022-05-16_16h54.40.620,Cat face rating experiment_500-1000,2021.1.4,MacIntel,120.0048002
,,,,,,space,1.2,6,0.8876,0,47,47,47,1,47,images/pixabay_cat_001439.jpg,Youjia Chen,001,2022-05-16_16h54.40.620,Cat face rating experiment_500-1000,2021.1.4,MacIntel,120.0048002
,,,,,,space,1.5046,5,1.2446,0,48,48,48,1,48,images/flickr_cat_000649.jpg,Youjia Chen,001,2022-05-16_16h54.40.620,Cat face rating experiment_500-1000,2021.1.4,MacIntel,120.0048002
,,,,,,space,2.7155,7,1.4868,0,49,49,49,1,49,images/pixabay_cat_000702.jpg,Youjia Chen,001,2022-05-16_16h54.40.620,Cat face rating experiment_500-1000,2021.1.4,MacIntel,120.0048002
,,,,,,space,2.5764,2,2.2198,0,50,50,50,1,50,images/pixabay_cat_004775.jpg,Youjia Chen,001,2022-05-16_16h54.40.620,Cat face rating experiment_500-1000,2021.1.4,MacIntel,120.0048002
,,,,,,space,6.7351,2,6.3691,0,51,51,51,1,51,images/pixabay_cat_004368.jpg,Youjia Chen,001,2022-05-16_16h54.40.620,Cat face rating experiment_500-1000,2021.1.4,MacIntel,120.0048002
,,,,,,space,1.8722,1,1.5531,0,52,52,52,1,52,images/pixabay_cat_000460.jpg,Youjia Chen,001,2022-05-16_16h54.40.620,Cat face rating experiment_500-1000,2021.1.4,MacIntel,120.0048002
,,,,,,space,8.7077,2,7.9451,0,53,53,53,1,53,images/pixabay_cat_004319.jpg,Youjia Chen,001,2022-05-16_16h54.40.620,Cat face rating experiment_500-1000,2021.1.4,MacIntel,120.0048002
,,,,,,space,1.6669,1,1.2945,0,54,54,54,1,54,images/pixabay_cat_002496.jpg,Youjia Chen,001,2022-05-16_16h54.40.620,Cat face rating experiment_500-1000,2021.1.4,MacIntel,120.0048002
,,,,,,space,3.0109,5,2.6776,0,55,55,55,1,55,images/pixabay_cat_001800.jpg,Youjia Chen,001,2022-05-16_16h54.40.620,Cat face rating experiment_500-1000,2021.1.4,MacIntel,120.0048002
,,,,,,space,1.4286,6,1.1276,0,56,56,56,1,56,images/pixabay_cat_002878.jpg,Youjia Chen,001,2022-05-16_16h54.40.620,Cat face rating experiment_500-1000,2021.1.4,MacIntel,120.0048002
,,,,,,space,1.6704,2,1.3524,0,57,57,57,1,57,images/pixabay_cat_004438.jpg,Youjia Chen,001,2022-05-16_16h54.40.620,Cat face rating experiment_500-1000,2021.1.4,MacIntel,120.0048002
,,,,,,space,1.6402,1,1.2115,0,58,58,58,1,58,images/pixabay_cat_002400.jpg,Youjia Chen,001,2022-05-16_16h54.40.620,Cat face rating experiment_500-1000,2021.1.4,MacIntel,120.0048002
,,,,,,space,1.4002,1,0.7186,0,59,59,59,1,59,images/pixabay_cat_004302.jpg,Youjia Chen,001,2022-05-16_16h54.40.620,Cat face rating experiment_500-1000,2021.1.4,MacIntel,120.0048002
,,,,,,space,1.6332,2,1.2782,0,60,60,60,1,60,images/pixabay_cat_000877.jpg,Youjia Chen,001,2022-05-16_16h54.40.620,Cat face rating experiment_500-1000,2021.1.4,MacIntel,120.0048002
,,,,,,space,1.9864,5,1.7109,0,61,61,61,1,61,images/pixabay_cat_004288.jpg,Youjia Chen,001,2022-05-16_16h54.40.620,Cat face rating experiment_500-1000,2021.1.4,MacIntel,120.0048002
,,,,,,space,2.0624,6,1.6615,0,62,62,62,1,62,images/pixabay_cat_003790.jpg,Youjia Chen,001,2022-05-16_16h54.40.620,Cat face rating experiment_500-1000,2021.1.4,MacIntel,120.0048002
,,,,,,space,5.5859,7,5.2288,0,63,63,63,1,63,images/pixabay_cat_002299.jpg,Youjia Chen,001,2022-05-16_16h54.40.620,Cat face rating experiment_500-1000,2021.1.4,MacIntel,120.0048002
,,,,,,space,1.4502,5,1.1283,0,64,64,64,1,64,images/pixabay_cat_000643.jpg,Youjia Chen,001,2022-05-16_16h54.40.620,Cat face rating experiment_500-1000,2021.1.4,MacIntel,120.0048002
,,,,,,space,1.763,6,1.4449,0,65,65,65,1,65,images/pixabay_cat_000279.jpg,Youjia Chen,001,2022-05-16_16h54.40.620,Cat face rating experiment_500-1000,2021.1.4,MacIntel,120.0048002
,,,,,,space,1.9369,7,1.5615,0,66,66,66,1,66,images/pixabay_cat_000749.jpg,Youjia Chen,001,2022-05-16_16h54.40.620,Cat face rating experiment_500-1000,2021.1.4,MacIntel,120.0048002
,,,,,,space,2.7001,6,2.2704,0,67,67,67,1,67,images/flickr_cat_000491.jpg,Youjia Chen,001,2022-05-16_16h54.40.620,Cat face rating experiment_500-1000,2021.1.4,MacIntel,120.0048002
,,,,,,space,2.8596,2,2.4289,0,68,68,68,1,68,images/pixabay_cat_001393.jpg,Youjia Chen,001,2022-05-16_16h54.40.620,Cat face rating experiment_500-1000,2021.1.4,MacIntel,120.0048002
,,,,,,space,2.2937,1,1.9368,0,69,69,69,1,69,images/pixabay_cat_001306.jpg,Youjia Chen,001,2022-05-16_16h54.40.620,Cat face rating experiment_500-1000,2021.1.4,MacIntel,120.0048002
,,,,,,space,2.6589,5,2.1793,0,70,70,70,1,70,images/pixabay_cat_001232.jpg,Youjia Chen,001,2022-05-16_16h54.40.620,Cat face rating experiment_500-1000,2021.1.4,MacIntel,120.0048002
,,,,,,space,3.6184,5,3.2696,0,71,71,71,1,71,images/pixabay_cat_004204.jpg,Youjia Chen,001,2022-05-16_16h54.40.620,Cat face rating experiment_500-1000,2021.1.4,MacIntel,120.0048002
,,,,,,space,2.4066,2,2.0945,0,72,72,72,1,72,images/pixabay_cat_000286.jpg,Youjia Chen,001,2022-05-16_16h54.40.620,Cat face rating experiment_500-1000,2021.1.4,MacIntel,120.0048002
,,,,,,space,7.0882,3,6.7593,0,73,73,73,1,73,images/pixabay_cat_002003.jpg,Youjia Chen,001,2022-05-16_16h54.40.620,Cat face rating experiment_500-1000,2021.1.4,MacIntel,120.0048002
,,,,,,space,1.916,2,1.5452,0,74,74,74,1,74,images/flickr_cat_000476.jpg,Youjia Chen,001,2022-05-16_16h54.40.620,Cat face rating experiment_500-1000,2021.1.4,MacIntel,120.0048002
,,,,,,space,2.152,7,1.519,0,75,75,75,1,75,images/pixabay_cat_002626.jpg,Youjia Chen,001,2022-05-16_16h54.40.620,Cat face rating experiment_500-1000,2021.1.4,MacIntel,120.0048002
,,,,,,space,1.1827,6,0.8379,0,76,76,76,1,76,images/pixabay_cat_003259.jpg,Youjia Chen,001,2022-05-16_16h54.40.620,Cat face rating experiment_500-1000,2021.1.4,MacIntel,120.0048002
,,,,,,space,1.8398,7,1.4955,0,77,77,77,1,77,images/pixabay_cat_000905.jpg,Youjia Chen,001,2022-05-16_16h54.40.620,Cat face rating experiment_500-1000,2021.1.4,MacIntel,120.0048002
,,,,,,space,2.3392,5,1.8945,0,78,78,78,1,78,images/pixabay_cat_002123.jpg,Youjia Chen,001,2022-05-16_16h54.40.620,Cat face rating experiment_500-1000,2021.1.4,MacIntel,120.0048002
,,,,,,space,1.571,5,1.1533,0,79,79,79,1,79,images/flickr_cat_000521.jpg,Youjia Chen,001,2022-05-16_16h54.40.620,Cat face rating experiment_500-1000,2021.1.4,MacIntel,120.0048002
,,,,,,space,2.299,6,1.5601,0,80,80,80,1,80,images/pixabay_cat_003620.jpg,Youjia Chen,001,2022-05-16_16h54.40.620,Cat face rating experiment_500-1000,2021.1.4,MacIntel,120.0048002
,,,,,,space,1.4986,3,1.1852,0,81,81,81,1,81,images/pixabay_cat_004489.jpg,Youjia Chen,001,2022-05-16_16h54.40.620,Cat face rating experiment_500-1000,2021.1.4,MacIntel,120.0048002
,,,,,,space,2.3484,7,1.945,0,82,82,82,1,82,images/pixabay_cat_003468.jpg,Youjia Chen,001,2022-05-16_16h54.40.620,Cat face rating experiment_500-1000,2021.1.4,MacIntel,120.0048002
,,,,,,space,5.1507,6,4.8374,0,83,83,83,1,83,images/pixabay_cat_001310.jpg,Youjia Chen,001,2022-05-16_16h54.40.620,Cat face rating experiment_500-1000,2021.1.4,MacIntel,120.0048002
,,,,,,space,1.7999,2,1.5445,0,84,84,84,1,84,images/pixabay_cat_001617.jpg,Youjia Chen,001,2022-05-16_16h54.40.620,Cat face rating experiment_500-1000,2021.1.4,MacIntel,120.0048002
,,,,,,space,1.4681,2,0.9453,0,85,85,85,1,85,images/pixabay_cat_003431.jpg,Youjia Chen,001,2022-05-16_16h54.40.620,Cat face rating experiment_500-1000,2021.1.4,MacIntel,120.0048002
,,,,,,space,1.2539,3,1.0604,0,86,86,86,1,86,images/flickr_cat_000422.jpg,Youjia Chen,001,2022-05-16_16h54.40.620,Cat face rating experiment_500-1000,2021.1.4,MacIntel,120.0048002
,,,,,,space,1.7053,2,1.4041,0,87,87,87,1,87,images/pixabay_cat_003970.jpg,Youjia Chen,001,2022-05-16_16h54.40.620,Cat face rating experiment_500-1000,2021.1.4,MacIntel,120.0048002
,,,,,,space,2.5996,7,2.3438,0,88,88,88,1,88,images/pixabay_cat_002324.jpg,Youjia Chen,001,2022-05-16_16h54.40.620,Cat face rating experiment_500-1000,2021.1.4,MacIntel,120.0048002
,,,,,,space,1.6623,2,1.3452,0,89,89,89,1,89,images/pixabay_cat_002954.jpg,Youjia Chen,001,2022-05-16_16h54.40.620,Cat face rating experiment_500-1000,2021.1.4,MacIntel,120.0048002
,,,,,,space,6.7899,5,6.4294,0,90,90,90,1,90,images/pixabay_cat_003345.jpg,Youjia Chen,001,2022-05-16_16h54.40.620,Cat face rating experiment_500-1000,2021.1.4,MacIntel,120.0048002
,,,,,,space,2.6778,6,1.201,0,91,91,91,1,91,images/pixabay_cat_001032.jpg,Youjia Chen,001,2022-05-16_16h54.40.620,Cat face rating experiment_500-1000,2021.1.4,MacIntel,120.0048002
,,,,,,space,2.0783,2,1.6948,0,92,92,92,1,92,images/pixabay_cat_003917.jpg,Youjia Chen,001,2022-05-16_16h54.40.620,Cat face rating experiment_500-1000,2021.1.4,MacIntel,120.0048002
,,,,,,space,3.4328,1,3.0113,0,93,93,93,1,93,images/pixabay_cat_002548.jpg,Youjia Chen,001,2022-05-16_16h54.40.620,Cat face rating experiment_500-1000,2021.1.4,MacIntel,120.0048002
,,,,,,space,2.3044,7,1.8277,0,94,94,94,1,94,images/pixabay_cat_001108.jpg,Youjia Chen,001,2022-05-16_16h54.40.620,Cat face rating experiment_500-1000,2021.1.4,MacIntel,120.0048002
,,,,,,space,1.9533,5,1.5446,0,95,95,95,1,95,images/flickr_cat_000817.jpg,Youjia Chen,001,2022-05-16_16h54.40.620,Cat face rating experiment_500-1000,2021.1.4,MacIntel,120.0048002
,,,,,,space,2.2927,3,1.9035,0,96,96,96,1,96,images/pixabay_cat_002339.jpg,Youjia Chen,001,2022-05-16_16h54.40.620,Cat face rating experiment_500-1000,2021.1.4,MacIntel,120.0048002
,,,,,,space,2.4653,5,2.1533,0,97,97,97,1,97,images/flickr_cat_000012.jpg,Youjia Chen,001,2022-05-16_16h54.40.620,Cat face rating experiment_500-1000,2021.1.4,MacIntel,120.0048002
,,,,,,space,1.8737,6,1.2608,0,98,98,98,1,98,images/pixabay_cat_003533.jpg,Youjia Chen,001,2022-05-16_16h54.40.620,Cat face rating experiment_500-1000,2021.1.4,MacIntel,120.0048002
,,,,,,space,19.6981,6,18.9363,0,99,99,99,1,99,images/pixabay_cat_002544.jpg,Youjia Chen,001,2022-05-16_16h54.40.620,Cat face rating experiment_500-1000,2021.1.4,MacIntel,120.0048002
,,,,,,space,3.4526,7,2.9359,0,100,100,100,1,100,images/pixabay_cat_002215.jpg,Youjia Chen,001,2022-05-16_16h54.40.620,Cat face rating experiment_500-1000,2021.1.4,MacIntel,120.0048002
,,,,,,space,2.5471,2,2.1113,0,101,101,101,1,101,images/flickr_cat_000444.jpg,Youjia Chen,001,2022-05-16_16h54.40.620,Cat face rating experiment_500-1000,2021.1.4,MacIntel,120.0048002
,,,,,,space,2.9821,6,2.5782,0,102,102,102,1,102,images/pixabay_cat_002035.jpg,Youjia Chen,001,2022-05-16_16h54.40.620,Cat face rating experiment_500-1000,2021.1.4,MacIntel,120.0048002
,,,,,,space,3.0223,3,2.729,0,103,103,103,1,103,images/flickr_cat_000168.jpg,Youjia Chen,001,2022-05-16_16h54.40.620,Cat face rating experiment_500-1000,2021.1.4,MacIntel,120.0048002
,,,,,,space,1.8245,7,1.3779,0,104,104,104,1,104,images/pixabay_cat_002771.jpg,Youjia Chen,001,2022-05-16_16h54.40.620,Cat face rating experiment_500-1000,2021.1.4,MacIntel,120.0048002
,,,,,,space,2.0712,2,1.736,0,105,105,105,1,105,images/pixabay_cat_004344.jpg,Youjia Chen,001,2022-05-16_16h54.40.620,Cat face rating experiment_500-1000,2021.1.4,MacIntel,120.0048002
,,,,,,space,2.0869,6,1.4998,0,106,106,106,1,106,images/pixabay_cat_002959.jpg,Youjia Chen,001,2022-05-16_16h54.40.620,Cat face rating experiment_500-1000,2021.1.4,MacIntel,120.0048002
,,,,,,space,1.6494,5,1.22,0,107,107,107,1,107,images/pixabay_cat_000364.jpg,Youjia Chen,001,2022-05-16_16h54.40.620,Cat face rating experiment_500-1000,2021.1.4,MacIntel,120.0048002
,,,,,,space,1.9604,6,1.5606,0,108,108,108,1,108,images/pixabay_cat_001453.jpg,Youjia Chen,001,2022-05-16_16h54.40.620,Cat face rating experiment_500-1000,2021.1.4,MacIntel,120.0048002
,,,,,,space,3.1203,7,2.7287,0,109,109,109,1,109,images/pixabay_cat_004012.jpg,Youjia Chen,001,2022-05-16_16h54.40.620,Cat face rating experiment_500-1000,2021.1.4,MacIntel,120.0048002
,,,,,,space,2.0766,7,1.6297,0,110,110,110,1,110,images/pixabay_cat_000235.jpg,Youjia Chen,001,2022-05-16_16h54.40.620,Cat face rating experiment_500-1000,2021.1.4,MacIntel,120.0048002
,,,,,,space,1.513,2,1.2026,0,111,111,111,1,111,images/pixabay_cat_004209.jpg,Youjia Chen,001,2022-05-16_16h54.40.620,Cat face rating experiment_500-1000,2021.1.4,MacIntel,120.0048002
,,,,,,space,3.8253,6,3.3874,0,112,112,112,1,112,images/pixabay_cat_004402.jpg,Youjia Chen,001,2022-05-16_16h54.40.620,Cat face rating experiment_500-1000,2021.1.4,MacIntel,120.0048002
,,,,,,space,4.9367,2,4.6536,0,113,113,113,1,113,images/pixabay_cat_002476.jpg,Youjia Chen,001,2022-05-16_16h54.40.620,Cat face rating experiment_500-1000,2021.1.4,MacIntel,120.0048002
,,,,,,space,2.2564,1,1.8784,0,114,114,114,1,114,images/pixabay_cat_002513.jpg,Youjia Chen,001,2022-05-16_16h54.40.620,Cat face rating experiment_500-1000,2021.1.4,MacIntel,120.0048002
,,,,,,space,4.684,7,3.5699,0,115,115,115,1,115,images/flickr_cat_000087.jpg,Youjia Chen,001,2022-05-16_16h54.40.620,Cat face rating experiment_500-1000,2021.1.4,MacIntel,120.0048002
,,,,,,space,4.2335,3,3.8107,0,116,116,116,1,116,images/pixabay_cat_004724.jpg,Youjia Chen,001,2022-05-16_16h54.40.620,Cat face rating experiment_500-1000,2021.1.4,MacIntel,120.0048002
,,,,,,space,3.8447,3,3.4697,0,117,117,117,1,117,images/pixabay_cat_001242.jpg,Youjia Chen,001,2022-05-16_16h54.40.620,Cat face rating experiment_500-1000,2021.1.4,MacIntel,120.0048002
,,,,,,space,3.8275,5,3.4699,0,118,118,118,1,118,images/pixabay_cat_002606.jpg,Youjia Chen,001,2022-05-16_16h54.40.620,Cat face rating experiment_500-1000,2021.1.4,MacIntel,120.0048002
,,,,,,space,2.1679,3,1.7783,0,119,119,119,1,119,images/flickr_cat_000417.jpg,Youjia Chen,001,2022-05-16_16h54.40.620,Cat face rating experiment_500-1000,2021.1.4,MacIntel,120.0048002
,,,,,,space,1.6031,2,1.2605,0,120,120,120,1,120,images/pixabay_cat_001122.jpg,Youjia Chen,001,2022-05-16_16h54.40.620,Cat face rating experiment_500-1000,2021.1.4,MacIntel,120.0048002
,,,,,,space,3.0563,1,2.7193,0,121,121,121,1,121,images/pixabay_cat_003199.jpg,Youjia Chen,001,2022-05-16_16h54.40.620,Cat face rating experiment_500-1000,2021.1.4,MacIntel,120.0048002
,,,,,,space,21.4743,6,21.0359,0,122,122,122,1,122,images/flickr_cat_000648.jpg,Youjia Chen,001,2022-05-16_16h54.40.620,Cat face rating experiment_500-1000,2021.1.4,MacIntel,120.0048002
,,,,,,space,1.4805,5,1.169,0,123,123,123,1,123,images/pixabay_cat_002412.jpg,Youjia Chen,001,2022-05-16_16h54.40.620,Cat face rating experiment_500-1000,2021.1.4,MacIntel,120.0048002
,,,,,,space,2.0026,7,1.6884,0,124,124,124,1,124,images/pixabay_cat_003145.jpg,Youjia Chen,001,2022-05-16_16h54.40.620,Cat face rating experiment_500-1000,2021.1.4,MacIntel,120.0048002
,,,,,,space,1.9434,3,1.5788,0,125,125,125,1,125,images/pixabay_cat_003066.jpg,Youjia Chen,001,2022-05-16_16h54.40.620,Cat face rating experiment_500-1000,2021.1.4,MacIntel,120.0048002
,,,,,,space,3.5828,2,3.0018,0,126,126,126,1,126,images/pixabay_cat_004736.jpg,Youjia Chen,001,2022-05-16_16h54.40.620,Cat face rating experiment_500-1000,2021.1.4,MacIntel,120.0048002
,,,,,,space,1.5472,3,1.2773,0,127,127,127,1,127,images/pixabay_cat_003163.jpg,Youjia Chen,001,2022-05-16_16h54.40.620,Cat face rating experiment_500-1000,2021.1.4,MacIntel,120.0048002
,,,,,,space,1.0944,,,0,128,128,128,1,128,images/pixabay_cat_002777.jpg,Youjia Chen,001,2022-05-16_16h54.40.620,Cat face rating experiment_500-1000,2021.1.4,MacIntel,120.0048002
,,,,,,space,1.6587,6,1.2865,0,129,129,129,1,129,images/pixabay_cat_003523.jpg,Youjia Chen,001,2022-05-16_16h54.40.620,Cat face rating experiment_500-1000,2021.1.4,MacIntel,120.0048002
,,,,,,space,8.972,5,8.593,0,130,130,130,1,130,images/pixabay_cat_002758.jpg,Youjia Chen,001,2022-05-16_16h54.40.620,Cat face rating experiment_500-1000,2021.1.4,MacIntel,120.0048002
,,,,,,space,3.2242,3,2.8362,0,131,131,131,1,131,images/pixabay_cat_004659.jpg,Youjia Chen,001,2022-05-16_16h54.40.620,Cat face rating experiment_500-1000,2021.1.4,MacIntel,120.0048002
,,,,,,space,7.4928,6,7.006,0,132,132,132,1,132,images/pixabay_cat_002725.jpg,Youjia Chen,001,2022-05-16_16h54.40.620,Cat face rating experiment_500-1000,2021.1.4,MacIntel,120.0048002
,,,,,,space,3.7725,5,3.2106,0,133,133,133,1,133,images/pixabay_cat_000488.jpg,Youjia Chen,001,2022-05-16_16h54.40.620,Cat face rating experiment_500-1000,2021.1.4,MacIntel,120.0048002
,,,,,,space,1.56,4,1.2782,0,134,134,134,1,134,images/pixabay_cat_003232.jpg,Youjia Chen,001,2022-05-16_16h54.40.620,Cat face rating experiment_500-1000,2021.1.4,MacIntel,120.0048002
,,,,,,space,1.6104,7,1.3203,0,135,135,135,1,135,images/pixabay_cat_001764.jpg,Youjia Chen,001,2022-05-16_16h54.40.620,Cat face rating experiment_500-1000,2021.1.4,MacIntel,120.0048002
,,,,,,space,1.2317,7,0.803,0,136,136,136,1,136,images/pixabay_cat_003339.jpg,Youjia Chen,001,2022-05-16_16h54.40.620,Cat face rating experiment_500-1000,2021.1.4,MacIntel,120.0048002
,,,,,,space,2.5448,5,2.0784,0,137,137,137,1,137,images/pixabay_cat_003499.jpg,Youjia Chen,001,2022-05-16_16h54.40.620,Cat face rating experiment_500-1000,2021.1.4,MacIntel,120.0048002
,,,,,,space,2.5495,1,2.2295,0,138,138,138,1,138,images/pixabay_cat_003157.jpg,Youjia Chen,001,2022-05-16_16h54.40.620,Cat face rating experiment_500-1000,2021.1.4,MacIntel,120.0048002
,,,,,,space,1.5333,2,1.2869,0,139,139,139,1,139,images/pixabay_cat_004749.jpg,Youjia Chen,001,2022-05-16_16h54.40.620,Cat face rating experiment_500-1000,2021.1.4,MacIntel,120.0048002
,,,,,,space,1.6367,3,1.2451,0,140,140,140,1,140,images/pixabay_cat_000232.jpg,Youjia Chen,001,2022-05-16_16h54.40.620,Cat face rating experiment_500-1000,2021.1.4,MacIntel,120.0048002
,,,,,,space,3.0219,5,2.583,0,141,141,141,1,141,images/flickr_cat_000037.jpg,Youjia Chen,001,2022-05-16_16h54.40.620,Cat face rating experiment_500-1000,2021.1.4,MacIntel,120.0048002
,,,,,,space,1.8418,2,1.4611,0,142,142,142,1,142,images/pixabay_cat_001162.jpg,Youjia Chen,001,2022-05-16_16h54.40.620,Cat face rating experiment_500-1000,2021.1.4,MacIntel,120.0048002
,,,,,,space,1.855,3,1.4202,0,143,143,143,1,143,images/pixabay_cat_002213.jpg,Youjia Chen,001,2022-05-16_16h54.40.620,Cat face rating experiment_500-1000,2021.1.4,MacIntel,120.0048002
,,,,,,space,1.0246,,,0,144,144,144,1,144,images/pixabay_cat_004105.jpg,Youjia Chen,001,2022-05-16_16h54.40.620,Cat face rating experiment_500-1000,2021.1.4,MacIntel,120.0048002
,,,,,,space,0.6256,,,0,145,145,145,1,145,images/pixabay_cat_004205.jpg,Youjia Chen,001,2022-05-16_16h54.40.620,Cat face rating experiment_500-1000,2021.1.4,MacIntel,120.0048002
,,,,,,space,0.5283,,,0,146,146,146,1,146,images/pixabay_cat_004518.jpg,Youjia Chen,001,2022-05-16_16h54.40.620,Cat face rating experiment_500-1000,2021.1.4,MacIntel,120.0048002
,,,,,,space,0.5042,,,0,147,147,147,1,147,images/pixabay_cat_001246.jpg,Youjia Chen,001,2022-05-16_16h54.40.620,Cat face rating experiment_500-1000,2021.1.4,MacIntel,120.0048002
,,,,,,space,1.9329,7,1.57,0,148,148,148,1,148,images/pixabay_cat_003002.jpg,Youjia Chen,001,2022-05-16_16h54.40.620,Cat face rating experiment_500-1000,2021.1.4,MacIntel,120.0048002
,,,,,,space,2.2276,6,1.7779,0,149,149,149,1,149,images/pixabay_cat_003234.jpg,Youjia Chen,001,2022-05-16_16h54.40.620,Cat face rating experiment_500-1000,2021.1.4,MacIntel,120.0048002
,,,,,,space,1.5604,3,1.2772,0,150,150,150,1,150,images/pixabay_cat_001948.jpg,Youjia Chen,001,2022-05-16_16h54.40.620,Cat face rating experiment_500-1000,2021.1.4,MacIntel,120.0048002
,,,,,,space,1.4973,3,1.1616,0,151,151,151,1,151,images/pixabay_cat_004172.jpg,Youjia Chen,001,2022-05-16_16h54.40.620,Cat face rating experiment_500-1000,2021.1.4,MacIntel,120.0048002
,,,,,,space,1.82,6,1.4345,0,152,152,152,1,152,images/pixabay_cat_003955.jpg,Youjia Chen,001,2022-05-16_16h54.40.620,Cat face rating experiment_500-1000,2021.1.4,MacIntel,120.0048002
,,,,,,space,1.7218,7,1.3198,0,153,153,153,1,153,images/pixabay_cat_002828.jpg,Youjia Chen,001,2022-05-16_16h54.40.620,Cat face rating experiment_500-1000,2021.1.4,MacIntel,120.0048002
,,,,,,space,1.6016,7,1.1968,0,154,154,154,1,154,images/flickr_cat_000004.jpg,Youjia Chen,001,2022-05-16_16h54.40.620,Cat face rating experiment_500-1000,2021.1.4,MacIntel,120.0048002
,,,,,,space,2.4349,7,1.6702,0,155,155,155,1,155,images/pixabay_cat_001633.jpg,Youjia Chen,001,2022-05-16_16h54.40.620,Cat face rating experiment_500-1000,2021.1.4,MacIntel,120.0048002
,,,,,,space,1.0632,7,0.6977,0,156,156,156,1,156,images/pixabay_cat_000451.jpg,Youjia Chen,001,2022-05-16_16h54.40.620,Cat face rating experiment_500-1000,2021.1.4,MacIntel,120.0048002
,,,,,,space,1.0636,7,0.7213,0,157,157,157,1,157,images/pixabay_cat_004432.jpg,Youjia Chen,001,2022-05-16_16h54.40.620,Cat face rating experiment_500-1000,2021.1.4,MacIntel,120.0048002
,,,,,,space,1.6173,5,1.3199,0,158,158,158,1,158,images/flickr_cat_000475.jpg,Youjia Chen,001,2022-05-16_16h54.40.620,Cat face rating experiment_500-1000,2021.1.4,MacIntel,120.0048002
,,,,,,space,2.3539,5,1.2616,0,159,159,159,1,159,images/pixabay_cat_003737.jpg,Youjia Chen,001,2022-05-16_16h54.40.620,Cat face rating experiment_500-1000,2021.1.4,MacIntel,120.0048002
,,,,,,space,0.8392,,,0,160,160,160,1,160,images/flickr_cat_000259.jpg,Youjia Chen,001,2022-05-16_16h54.40.620,Cat face rating experiment_500-1000,2021.1.4,MacIntel,120.0048002
,,,,,,space,1.5051,2,1.2787,0,161,161,161,1,161,images/pixabay_cat_001089.jpg,Youjia Chen,001,2022-05-16_16h54.40.620,Cat face rating experiment_500-1000,2021.1.4,MacIntel,120.0048002
,,,,,,space,1.9597,5,1.736,0,162,162,162,1,162,images/pixabay_cat_000778.jpg,Youjia Chen,001,2022-05-16_16h54.40.620,Cat face rating experiment_500-1000,2021.1.4,MacIntel,120.0048002
,,,,,,space,1.5374,3,1.2525,0,163,163,163,1,163,images/pixabay_cat_000558.jpg,Youjia Chen,001,2022-05-16_16h54.40.620,Cat face rating experiment_500-1000,2021.1.4,MacIntel,120.0048002
,,,,,,space,2.044,6,1.628,0,164,164,164,1,164,images/flickr_cat_000324.jpg,Youjia Chen,001,2022-05-16_16h54.40.620,Cat face rating experiment_500-1000,2021.1.4,MacIntel,120.0048002
,,,,,,space,1.7097,,,0,165,165,165,1,165,images/pixabay_cat_004748.jpg,Youjia Chen,001,2022-05-16_16h54.40.620,Cat face rating experiment_500-1000,2021.1.4,MacIntel,120.0048002
,,,,,,space,1.9111,2,1.1777,0,166,166,166,1,166,images/pixabay_cat_004567.jpg,Youjia Chen,001,2022-05-16_16h54.40.620,Cat face rating experiment_500-1000,2021.1.4,MacIntel,120.0048002
,,,,,,space,4.9712,1,4.5773,0,167,167,167,1,167,images/pixabay_cat_004184.jpg,Youjia Chen,001,2022-05-16_16h54.40.620,Cat face rating experiment_500-1000,2021.1.4,MacIntel,120.0048002
,,,,,,space,1.5328,1,0.9956,0,168,168,168,1,168,images/pixabay_cat_003067.jpg,Youjia Chen,001,2022-05-16_16h54.40.620,Cat face rating experiment_500-1000,2021.1.4,MacIntel,120.0048002
,,,,,,space,1.9224,2,1.5446,0,169,169,169,1,169,images/pixabay_cat_003588.jpg,Youjia Chen,001,2022-05-16_16h54.40.620,Cat face rating experiment_500-1000,2021.1.4,MacIntel,120.0048002
,,,,,,space,1.6702,3,1.318,0,170,170,170,1,170,images/pixabay_cat_001201.jpg,Youjia Chen,001,2022-05-16_16h54.40.620,Cat face rating experiment_500-1000,2021.1.4,MacIntel,120.0048002
,,,,,,space,1.9476,3,1.3963,0,171,171,171,1,171,images/pixabay_cat_002964.jpg,Youjia Chen,001,2022-05-16_16h54.40.620,Cat face rating experiment_500-1000,2021.1.4,MacIntel,120.0048002
,,,,,,space,2.2522,6,1.8609,0,172,172,172,1,172,images/pixabay_cat_003947.jpg,Youjia Chen,001,2022-05-16_16h54.40.620,Cat face rating experiment_500-1000,2021.1.4,MacIntel,120.0048002
,,,,,,space,1.8745,7,1.5108,0,173,173,173,1,173,images/flickr_cat_000239.jpg,Youjia Chen,001,2022-05-16_16h54.40.620,Cat face rating experiment_500-1000,2021.1.4,MacIntel,120.0048002
,,,,,,space,2.5005,5,2.1787,0,174,174,174,1,174,images/flickr_cat_000623.jpg,Youjia Chen,001,2022-05-16_16h54.40.620,Cat face rating experiment_500-1000,2021.1.4,MacIntel,120.0048002
,,,,,,space,1.7302,6,1.3945,0,175,175,175,1,175,images/flickr_cat_000435.jpg,Youjia Chen,001,2022-05-16_16h54.40.620,Cat face rating experiment_500-1000,2021.1.4,MacIntel,120.0048002
,,,,,,space,1.8429,3,1.3867,0,176,176,176,1,176,images/pixabay_cat_004000.jpg,Youjia Chen,001,2022-05-16_16h54.40.620,Cat face rating experiment_500-1000,2021.1.4,MacIntel,120.0048002
,,,,,,space,1.4067,2,1.0701,0,177,177,177,1,177,images/pixabay_cat_000886.jpg,Youjia Chen,001,2022-05-16_16h54.40.620,Cat face rating experiment_500-1000,2021.1.4,MacIntel,120.0048002
,,,,,,space,3.2313,5,2.6284,0,178,178,178,1,178,images/pixabay_cat_002330.jpg,Youjia Chen,001,2022-05-16_16h54.40.620,Cat face rating experiment_500-1000,2021.1.4,MacIntel,120.0048002
,,,,,,space,1.9501,7,1.4528,0,179,179,179,1,179,images/pixabay_cat_004501.jpg,Youjia Chen,001,2022-05-16_16h54.40.620,Cat face rating experiment_500-1000,2021.1.4,MacIntel,120.0048002
,,,,,,space,1.1957,7,0.8377,0,180,180,180,1,180,images/pixabay_cat_000528.jpg,Youjia Chen,001,2022-05-16_16h54.40.620,Cat face rating experiment_500-1000,2021.1.4,MacIntel,120.0048002
,,,,,,space,0.9495,7,0.6278,0,181,181,181,1,181,images/pixabay_cat_004040.jpg,Youjia Chen,001,2022-05-16_16h54.40.620,Cat face rating experiment_500-1000,2021.1.4,MacIntel,120.0048002
,,,,,,space,2.7181,7,2.4031,0,182,182,182,1,182,images/pixabay_cat_001982.jpg,Youjia Chen,001,2022-05-16_16h54.40.620,Cat face rating experiment_500-1000,2021.1.4,MacIntel,120.0048002
,,,,,,space,3.0082,2,2.1683,0,183,183,183,1,183,images/pixabay_cat_004129.jpg,Youjia Chen,001,2022-05-16_16h54.40.620,Cat face rating experiment_500-1000,2021.1.4,MacIntel,120.0048002
,,,,,,space,1.5803,5,1.2619,0,184,184,184,1,184,images/pixabay_cat_003142.jpg,Youjia Chen,001,2022-05-16_16h54.40.620,Cat face rating experiment_500-1000,2021.1.4,MacIntel,120.0048002
,,,,,,space,2.4496,6,1.9638,0,185,185,185,1,185,images/pixabay_cat_002110.jpg,Youjia Chen,001,2022-05-16_16h54.40.620,Cat face rating experiment_500-1000,2021.1.4,MacIntel,120.0048002
,,,,,,space,1.9031,7,1.5864,0,186,186,186,1,186,images/pixabay_cat_000580.jpg,Youjia Chen,001,2022-05-16_16h54.40.620,Cat face rating experiment_500-1000,2021.1.4,MacIntel,120.0048002
,,,,,,space,1.9738,2,1.4125,0,187,187,187,1,187,images/pixabay_cat_000271.jpg,Youjia Chen,001,2022-05-16_16h54.40.620,Cat face rating experiment_500-1000,2021.1.4,MacIntel,120.0048002
,,,,,,space,1.418,3,1.0201,0,188,188,188,1,188,images/pixabay_cat_002864.jpg,Youjia Chen,001,2022-05-16_16h54.40.620,Cat face rating experiment_500-1000,2021.1.4,MacIntel,120.0048002
,,,,,,space,1.738,2,1.3782,0,189,189,189,1,189,images/pixabay_cat_004389.jpg,Youjia Chen,001,2022-05-16_16h54.40.620,Cat face rating experiment_500-1000,2021.1.4,MacIntel,120.0048002
,,,,,,space,4.3178,5,4.0036,0,190,190,190,1,190,images/pixabay_cat_001514.jpg,Youjia Chen,001,2022-05-16_16h54.40.620,Cat face rating experiment_500-1000,2021.1.4,MacIntel,120.0048002
,,,,,,space,1.8863,6,1.5862,0,191,191,191,1,191,images/pixabay_cat_000640.jpg,Youjia Chen,001,2022-05-16_16h54.40.620,Cat face rating experiment_500-1000,2021.1.4,MacIntel,120.0048002
,,,,,,space,5.0613,7,4.6709,0,192,192,192,1,192,images/pixabay_cat_004547.jpg,Youjia Chen,001,2022-05-16_16h54.40.620,Cat face rating experiment_500-1000,2021.1.4,MacIntel,120.0048002
,,,,,,space,21.4566,3,20.977,0,193,193,193,1,193,images/pixabay_cat_002667.jpg,Youjia Chen,001,2022-05-16_16h54.40.620,Cat face rating experiment_500-1000,2021.1.4,MacIntel,120.0048002
,,,,,,space,1.4304,3,1.0604,0,194,194,194,1,194,images/pixabay_cat_000199.jpg,Youjia Chen,001,2022-05-16_16h54.40.620,Cat face rating experiment_500-1000,2021.1.4,MacIntel,120.0048002
,,,,,,space,1.8652,2,1.4948,0,195,195,195,1,195,images/pixabay_cat_000711.jpg,Youjia Chen,001,2022-05-16_16h54.40.620,Cat face rating experiment_500-1000,2021.1.4,MacIntel,120.0048002
,,,,,,space,2.4778,2,1.7122,0,196,196,196,1,196,images/pixabay_cat_004786.jpg,Youjia Chen,001,2022-05-16_16h54.40.620,Cat face rating experiment_500-1000,2021.1.4,MacIntel,120.0048002
,,,,,,space,2.1244,3,1.5687,0,197,197,197,1,197,images/pixabay_cat_001741.jpg,Youjia Chen,001,2022-05-16_16h54.40.620,Cat face rating experiment_500-1000,2021.1.4,MacIntel,120.0048002
,,,,,,space,4.3806,5,4.0617,0,198,198,198,1,198,images/pixabay_cat_004628.jpg,Youjia Chen,001,2022-05-16_16h54.40.620,Cat face rating experiment_500-1000,2021.1.4,MacIntel,120.0048002
,,,,,,space,1.6038,3,1.2784,0,199,199,199,1,199,images/pixabay_cat_002551.jpg,Youjia Chen,001,2022-05-16_16h54.40.620,Cat face rating experiment_500-1000,2021.1.4,MacIntel,120.0048002
,,,,,,space,1.7566,2,1.3201,0,200,200,200,1,200,images/pixabay_cat_002012.jpg,Youjia Chen,001,2022-05-16_16h54.40.620,Cat face rating experiment_500-1000,2021.1.4,MacIntel,120.0048002
,,,,,,space,2.5832,7,2.1803,0,201,201,201,1,201,images/flickr_cat_000725.jpg,Youjia Chen,001,2022-05-16_16h54.40.620,Cat face rating experiment_500-1000,2021.1.4,MacIntel,120.0048002
,,,,,,space,1.6076,6,1.3111,0,202,202,202,1,202,images/pixabay_cat_000259.jpg,Youjia Chen,001,2022-05-16_16h54.40.620,Cat face rating experiment_500-1000,2021.1.4,MacIntel,120.0048002
,,,,,,space,1.2496,6,0.8122,0,203,203,203,1,203,images/pixabay_cat_004423.jpg,Youjia Chen,001,2022-05-16_16h54.40.620,Cat face rating experiment_500-1000,2021.1.4,MacIntel,120.0048002
,,,,,,space,1.9295,5,1.5948,0,204,204,204,1,204,images/flickr_cat_000587.jpg,Youjia Chen,001,2022-05-16_16h54.40.620,Cat face rating experiment_500-1000,2021.1.4,MacIntel,120.0048002
,,,,,,space,2.3002,3,1.9702,0,205,205,205,1,205,images/pixabay_cat_001737.jpg,Youjia Chen,001,2022-05-16_16h54.40.620,Cat face rating experiment_500-1000,2021.1.4,MacIntel,120.0048002
,,,,,,space,2.0975,5,1.5866,0,206,206,206,1,206,images/pixabay_cat_004757.jpg,Youjia Chen,001,2022-05-16_16h54.40.620,Cat face rating experiment_500-1000,2021.1.4,MacIntel,120.0048002
,,,,,,space,3.4519,6,3.0611,0,207,207,207,1,207,images/pixabay_cat_004248.jpg,Youjia Chen,001,2022-05-16_16h54.40.620,Cat face rating experiment_500-1000,2021.1.4,MacIntel,120.0048002
,,,,,,space,1.5004,7,0.9289,0,208,208,208,1,208,images/pixabay_cat_000154.jpg,Youjia Chen,001,2022-05-16_16h54.40.620,Cat face rating experiment_500-1000,2021.1.4,MacIntel,120.0048002
,,,,,,space,4.5249,7,3.9126,0,209,209,209,1,209,images/pixabay_cat_000243.jpg,Youjia Chen,001,2022-05-16_16h54.40.620,Cat face rating experiment_500-1000,2021.1.4,MacIntel,120.0048002
,,,,,,space,2.8995,6,2.4615,0,210,210,210,1,210,images/pixabay_cat_000022.jpg,Youjia Chen,001,2022-05-16_16h54.40.620,Cat face rating experiment_500-1000,2021.1.4,MacIntel,120.0048002
,,,,,,space,1.8087,7,1.311,0,211,211,211,1,211,images/pixabay_cat_000740.jpg,Youjia Chen,001,2022-05-16_16h54.40.620,Cat face rating experiment_500-1000,2021.1.4,MacIntel,120.0048002
,,,,,,space,9.5729,7,9.1556,0,212,212,212,1,212,images/pixabay_cat_003922.jpg,Youjia Chen,001,2022-05-16_16h54.40.620,Cat face rating experiment_500-1000,2021.1.4,MacIntel,120.0048002
,,,,,,space,1.4326,7,1.0976,0,213,213,213,1,213,images/pixabay_cat_004609.jpg,Youjia Chen,001,2022-05-16_16h54.40.620,Cat face rating experiment_500-1000,2021.1.4,MacIntel,120.0048002
,,,,,,space,3.897,2,3.5958,0,214,214,214,1,214,images/pixabay_cat_003765.jpg,Youjia Chen,001,2022-05-16_16h54.40.620,Cat face rating experiment_500-1000,2021.1.4,MacIntel,120.0048002
,,,,,,space,8.0104,6,7.7283,0,215,215,215,1,215,images/pixabay_cat_002222.jpg,Youjia Chen,001,2022-05-16_16h54.40.620,Cat face rating experiment_500-1000,2021.1.4,MacIntel,120.0048002
,,,,,,space,1.2626,7,0.9967,0,216,216,216,1,216,images/pixabay_cat_002853.jpg,Youjia Chen,001,2022-05-16_16h54.40.620,Cat face rating experiment_500-1000,2021.1.4,MacIntel,120.0048002
,,,,,,space,1.7996,3,1.5278,0,217,217,217,1,217,images/pixabay_cat_004352.jpg,Youjia Chen,001,2022-05-16_16h54.40.620,Cat face rating experiment_500-1000,2021.1.4,MacIntel,120.0048002
,,,,,,space,1.3747,2,1.0535,0,218,218,218,1,218,images/pixabay_cat_003019.jpg,Youjia Chen,001,2022-05-16_16h54.40.620,Cat face rating experiment_500-1000,2021.1.4,MacIntel,120.0048002
,,,,,,space,2.6863,1,2.3032,0,219,219,219,1,219,images/pixabay_cat_000493.jpg,Youjia Chen,001,2022-05-16_16h54.40.620,Cat face rating experiment_500-1000,2021.1.4,MacIntel,120.0048002
,,,,,,space,2.2789,5,1.7868,0,220,220,220,1,220,images/pixabay_cat_003659.jpg,Youjia Chen,001,2022-05-16_16h54.40.620,Cat face rating experiment_500-1000,2021.1.4,MacIntel,120.0048002
,,,,,,space,2.0678,6,1.8112,0,221,221,221,1,221,images/pixabay_cat_001524.jpg,Youjia Chen,001,2022-05-16_16h54.40.620,Cat face rating experiment_500-1000,2021.1.4,MacIntel,120.0048002
,,,,,,space,1.7658,5,1.4518,0,222,222,222,1,222,images/pixabay_cat_004634.jpg,Youjia Chen,001,2022-05-16_16h54.40.620,Cat face rating experiment_500-1000,2021.1.4,MacIntel,120.0048002
,,,,,,space,1.7239,2,1.4369,0,223,223,223,1,223,images/pixabay_cat_004730.jpg,Youjia Chen,001,2022-05-16_16h54.40.620,Cat face rating experiment_500-1000,2021.1.4,MacIntel,120.0048002
,,,,,,space,3.5581,5,3.0105,0,224,224,224,1,224,images/pixabay_cat_000874.jpg,Youjia Chen,001,2022-05-16_16h54.40.620,Cat face rating experiment_500-1000,2021.1.4,MacIntel,120.0048002
,,,,,,space,4.2028,5,3.8272,0,225,225,225,1,225,images/flickr_cat_000379.jpg,Youjia Chen,001,2022-05-16_16h54.40.620,Cat face rating experiment_500-1000,2021.1.4,MacIntel,120.0048002
,,,,,,space,1.8492,3,1.5039,0,226,226,226,1,226,images/pixabay_cat_003852.jpg,Youjia Chen,001,2022-05-16_16h54.40.620,Cat face rating experiment_500-1000,2021.1.4,MacIntel,120.0048002
,,,,,,space,1.5841,2,1.1363,0,227,227,227,1,227,images/pixabay_cat_000805.jpg,Youjia Chen,001,2022-05-16_16h54.40.620,Cat face rating experiment_500-1000,2021.1.4,MacIntel,120.0048002
,,,,,,space,1.9394,5,1.453,0,228,228,228,1,228,images/pixabay_cat_001579.jpg,Youjia Chen,001,2022-05-16_16h54.40.620,Cat face rating experiment_500-1000,2021.1.4,MacIntel,120.0048002
,,,,,,space,2.2043,6,1.7686,0,229,229,229,1,229,images/pixabay_cat_000422.jpg,Youjia Chen,001,2022-05-16_16h54.40.620,Cat face rating experiment_500-1000,2021.1.4,MacIntel,120.0048002
,,,,,,space,3.3694,6,2.9791,0,230,230,230,1,230,images/pixabay_cat_002348.jpg,Youjia Chen,001,2022-05-16_16h54.40.620,Cat face rating experiment_500-1000,2021.1.4,MacIntel,120.0048002
,,,,,,space,2.5293,6,2.005,0,231,231,231,1,231,images/pixabay_cat_001839.jpg,Youjia Chen,001,2022-05-16_16h54.40.620,Cat face rating experiment_500-1000,2021.1.4,MacIntel,120.0048002
,,,,,,space,1.2372,6,0.8841,0,232,232,232,1,232,images/pixabay_cat_003168.jpg,Youjia Chen,001,2022-05-16_16h54.40.620,Cat face rating experiment_500-1000,2021.1.4,MacIntel,120.0048002
,,,,,,space,2.8168,7,2.2354,0,233,233,233,1,233,images/pixabay_cat_002052.jpg,Youjia Chen,001,2022-05-16_16h54.40.620,Cat face rating experiment_500-1000,2021.1.4,MacIntel,120.0048002
,,,,,,space,1.4034,7,1.0782,0,234,234,234,1,234,images/pixabay_cat_000280.jpg,Youjia Chen,001,2022-05-16_16h54.40.620,Cat face rating experiment_500-1000,2021.1.4,MacIntel,120.0048002
,,,,,,space,1.1561,7,0.8283,0,235,235,235,1,235,images/pixabay_cat_004329.jpg,Youjia Chen,001,2022-05-16_16h54.40.620,Cat face rating experiment_500-1000,2021.1.4,MacIntel,120.0048002
,,,,,,space,1.3577,6,0.9697,0,236,236,236,1,236,images/pixabay_cat_001068.jpg,Youjia Chen,001,2022-05-16_16h54.40.620,Cat face rating experiment_500-1000,2021.1.4,MacIntel,120.0048002
,,,,,,space,1.5085,7,1.1535,0,237,237,237,1,237,images/pixabay_cat_001328.jpg,Youjia Chen,001,2022-05-16_16h54.40.620,Cat face rating experiment_500-1000,2021.1.4,MacIntel,120.0048002
,,,,,,space,1.3123,5,1.0275,0,238,238,238,1,238,images/pixabay_cat_002953.jpg,Youjia Chen,001,2022-05-16_16h54.40.620,Cat face rating experiment_500-1000,2021.1.4,MacIntel,120.0048002
,,,,,,space,1.1967,6,0.8458,0,239,239,239,1,239,images/pixabay_cat_001508.jpg,Youjia Chen,001,2022-05-16_16h54.40.620,Cat face rating experiment_500-1000,2021.1.4,MacIntel,120.0048002
,,,,,,space,1.2149,6,0.8372,0,240,240,240,1,240,images/flickr_cat_000093.jpg,Youjia Chen,001,2022-05-16_16h54.40.620,Cat face rating experiment_500-1000,2021.1.4,MacIntel,120.0048002
,,,,,,space,1.011,6,0.6958,0,241,241,241,1,241,images/pixabay_cat_001627.jpg,Youjia Chen,001,2022-05-16_16h54.40.620,Cat face rating experiment_500-1000,2021.1.4,MacIntel,120.0048002
,,,,,,space,2.5979,2,1.3375,0,242,242,242,1,242,images/pixabay_cat_000011.jpg,Youjia Chen,001,2022-05-16_16h54.40.620,Cat face rating experiment_500-1000,2021.1.4,MacIntel,120.0048002
,,,,,,space,1.4004,3,1.1036,0,243,243,243,1,243,images/flickr_cat_000787.jpg,Youjia Chen,001,2022-05-16_16h54.40.620,Cat face rating experiment_500-1000,2021.1.4,MacIntel,120.0048002
,,,,,,space,1.4398,3,1.0122,0,244,244,244,1,244,images/flickr_cat_000467.jpg,Youjia Chen,001,2022-05-16_16h54.40.620,Cat face rating experiment_500-1000,2021.1.4,MacIntel,120.0048002
,,,,,,space,1.8908,5,1.4435,0,245,245,245,1,245,images/pixabay_cat_001986.jpg,Youjia Chen,001,2022-05-16_16h54.40.620,Cat face rating experiment_500-1000,2021.1.4,MacIntel,120.0048002
,,,,,,space,1.5919,3,1.2795,0,246,246,246,1,246,images/pixabay_cat_000547.jpg,Youjia Chen,001,2022-05-16_16h54.40.620,Cat face rating experiment_500-1000,2021.1.4,MacIntel,120.0048002
,,,,,,space,1.7711,5,1.4457,0,247,247,247,1,247,images/pixabay_cat_001236.jpg,Youjia Chen,001,2022-05-16_16h54.40.620,Cat face rating experiment_500-1000,2021.1.4,MacIntel,120.0048002
,,,,,,space,1.4847,6,1.1614,0,248,248,248,1,248,images/pixabay_cat_004820.jpg,Youjia Chen,001,2022-05-16_16h54.40.620,Cat face rating experiment_500-1000,2021.1.4,MacIntel,120.0048002
,,,,,,space,1.2757,6,0.8949,0,249,249,249,1,249,images/pixabay_cat_004575.jpg,Youjia Chen,001,2022-05-16_16h54.40.620,Cat face rating experiment_500-1000,2021.1.4,MacIntel,120.0048002
,,,,,,space,1.2671,7,0.8533,0,250,250,250,1,250,images/flickr_cat_000190.jpg,Youjia Chen,001,2022-05-16_16h54.40.620,Cat face rating experiment_500-1000,2021.1.4,MacIntel,120.0048002
,,,,,,space,1.2099,6,0.8282,0,251,251,251,1,251,images/pixabay_cat_000538.jpg,Youjia Chen,001,2022-05-16_16h54.40.620,Cat face rating experiment_500-1000,2021.1.4,MacIntel,120.0048002
,,,,,,space,1.1187,5,0.8037,0,252,252,252,1,252,images/pixabay_cat_003399.jpg,Youjia Chen,001,2022-05-16_16h54.40.620,Cat face rating experiment_500-1000,2021.1.4,MacIntel,120.0048002
,,,,,,space,1.1937,6,0.8199,0,253,253,253,1,253,images/pixabay_cat_004385.jpg,Youjia Chen,001,2022-05-16_16h54.40.620,Cat face rating experiment_500-1000,2021.1.4,MacIntel,120.0048002
,,,,,,space,1.8463,7,1.1613,0,254,254,254,1,254,images/pixabay_cat_000333.jpg,Youjia Chen,001,2022-05-16_16h54.40.620,Cat face rating experiment_500-1000,2021.1.4,MacIntel,120.0048002
,,,,,,space,1.3587,5,0.9962,0,255,255,255,1,255,images/pixabay_cat_003689.jpg,Youjia Chen,001,2022-05-16_16h54.40.620,Cat face rating experiment_500-1000,2021.1.4,MacIntel,120.0048002
,,,,,,space,1.4026,5,0.8541,0,256,256,256,1,256,images/pixabay_cat_002601.jpg,Youjia Chen,001,2022-05-16_16h54.40.620,Cat face rating experiment_500-1000,2021.1.4,MacIntel,120.0048002
,,,,,,space,1.7315,3,1.4533,0,257,257,257,1,257,images/pixabay_cat_002449.jpg,Youjia Chen,001,2022-05-16_16h54.40.620,Cat face rating experiment_500-1000,2021.1.4,MacIntel,120.0048002
,,,,,,space,2.175,3,1.3445,0,258,258,258,1,258,images/pixabay_cat_003086.jpg,Youjia Chen,001,2022-05-16_16h54.40.620,Cat face rating experiment_500-1000,2021.1.4,MacIntel,120.0048002
,,,,,,space,1.2852,2,0.953,0,259,259,259,1,259,images/pixabay_cat_001583.jpg,Youjia Chen,001,2022-05-16_16h54.40.620,Cat face rating experiment_500-1000,2021.1.4,MacIntel,120.0048002
,,,,,,space,3.9103,1,3.062,0,260,260,260,1,260,images/pixabay_cat_002100.jpg,Youjia Chen,001,2022-05-16_16h54.40.620,Cat face rating experiment_500-1000,2021.1.4,MacIntel,120.0048002
,,,,,,space,1.4718,6,1.0454,0,261,261,261,1,261,images/pixabay_cat_002612.jpg,Youjia Chen,001,2022-05-16_16h54.40.620,Cat face rating experiment_500-1000,2021.1.4,MacIntel,120.0048002
,,,,,,space,1.2327,6,0.8776,0,262,262,262,1,262,images/pixabay_cat_001444.jpg,Youjia Chen,001,2022-05-16_16h54.40.620,Cat face rating experiment_500-1000,2021.1.4,MacIntel,120.0048002
,,,,,,space,1.5992,3,1.3536,0,263,263,263,1,263,images/pixabay_cat_000247.jpg,Youjia Chen,001,2022-05-16_16h54.40.620,Cat face rating experiment_500-1000,2021.1.4,MacIntel,120.0048002
,,,,,,space,1.3546,3,1.0214,0,264,264,264,1,264,images/pixabay_cat_000635.jpg,Youjia Chen,001,2022-05-16_16h54.40.620,Cat face rating experiment_500-1000,2021.1.4,MacIntel,120.0048002
,,,,,,space,1.0293,3,0.7624,0,265,265,265,1,265,images/pixabay_cat_003327.jpg,Youjia Chen,001,2022-05-16_16h54.40.620,Cat face rating experiment_500-1000,2021.1.4,MacIntel,120.0048002
,,,,,,space,2.1605,5,1.8202,0,266,266,266,1,266,images/pixabay_cat_003410.jpg,Youjia Chen,001,2022-05-16_16h54.40.620,Cat face rating experiment_500-1000,2021.1.4,MacIntel,120.0048002
,,,,,,space,1.4434,3,1.1864,0,267,267,267,1,267,images/pixabay_cat_003814.jpg,Youjia Chen,001,2022-05-16_16h54.40.620,Cat face rating experiment_500-1000,2021.1.4,MacIntel,120.0048002
,,,,,,space,2.4605,1,1.1865,0,268,268,268,1,268,images/pixabay_cat_004216.jpg,Youjia Chen,001,2022-05-16_16h54.40.620,Cat face rating experiment_500-1000,2021.1.4,MacIntel,120.0048002
,,,,,,space,1.4227,2,0.8692,0,269,269,269,1,269,images/pixabay_cat_003317.jpg,Youjia Chen,001,2022-05-16_16h54.40.620,Cat face rating experiment_500-1000,2021.1.4,MacIntel,120.0048002
,,,,,,space,2.7572,6,1.7786,0,270,270,270,1,270,images/pixabay_cat_000027.jpg,Youjia Chen,001,2022-05-16_16h54.40.620,Cat face rating experiment_500-1000,2021.1.4,MacIntel,120.0048002
,,,,,,space,3.9024,6,3.6043,0,271,271,271,1,271,images/pixabay_cat_003433.jpg,Youjia Chen,001,2022-05-16_16h54.40.620,Cat face rating experiment_500-1000,2021.1.4,MacIntel,120.0048002
,,,,,,space,2.8414,6,2.5239,0,272,272,272,1,272,images/pixabay_cat_004266.jpg,Youjia Chen,001,2022-05-16_16h54.40.620,Cat face rating experiment_500-1000,2021.1.4,MacIntel,120.0048002
,,,,,,space,2.8571,2,2.4125,0,273,273,273,1,273,images/pixabay_cat_000437.jpg,Youjia Chen,001,2022-05-16_16h54.40.620,Cat face rating experiment_500-1000,2021.1.4,MacIntel,120.0048002
,,,,,,space,3.026,7,2.7037,0,274,274,274,1,274,images/pixabay_cat_003713.jpg,Youjia Chen,001,2022-05-16_16h54.40.620,Cat face rating experiment_500-1000,2021.1.4,MacIntel,120.0048002
,,,,,,space,1.9184,3,1.4954,0,275,275,275,1,275,images/pixabay_cat_003757.jpg,Youjia Chen,001,2022-05-16_16h54.40.620,Cat face rating experiment_500-1000,2021.1.4,MacIntel,120.0048002
,,,,,,space,3.2581,2,2.8443,0,276,276,276,1,276,images/pixabay_cat_001233.jpg,Youjia Chen,001,2022-05-16_16h54.40.620,Cat face rating experiment_500-1000,2021.1.4,MacIntel,120.0048002
,,,,,,space,2.168,6,1.6681,0,277,277,277,1,277,images/pixabay_cat_004198.jpg,Youjia Chen,001,2022-05-16_16h54.40.620,Cat face rating experiment_500-1000,2021.1.4,MacIntel,120.0048002
,,,,,,space,5.7422,7,5.0623,0,278,278,278,1,278,images/flickr_cat_000179.jpg,Youjia Chen,001,2022-05-16_16h54.40.620,Cat face rating experiment_500-1000,2021.1.4,MacIntel,120.0048002
,,,,,,space,1.7918,7,1.446,0,279,279,279,1,279,images/pixabay_cat_000821.jpg,Youjia Chen,001,2022-05-16_16h54.40.620,Cat face rating experiment_500-1000,2021.1.4,MacIntel,120.0048002
,,,,,,space,1.0588,7,0.7533,0,280,280,280,1,280,images/flickr_cat_000126.jpg,Youjia Chen,001,2022-05-16_16h54.40.620,Cat face rating experiment_500-1000,2021.1.4,MacIntel,120.0048002
,,,,,,space,1.2298,7,0.7796,0,281,281,281,1,281,images/flickr_cat_000788.jpg,Youjia Chen,001,2022-05-16_16h54.40.620,Cat face rating experiment_500-1000,2021.1.4,MacIntel,120.0048002
,,,,,,space,2.7079,5,2.437,0,282,282,282,1,282,images/pixabay_cat_003298.jpg,Youjia Chen,001,2022-05-16_16h54.40.620,Cat face rating experiment_500-1000,2021.1.4,MacIntel,120.0048002
,,,,,,space,1.2942,6,0.9689,0,283,283,283,1,283,images/pixabay_cat_000709.jpg,Youjia Chen,001,2022-05-16_16h54.40.620,Cat face rating experiment_500-1000,2021.1.4,MacIntel,120.0048002
,,,,,,space,2.0992,7,1.7777,0,284,284,284,1,284,images/flickr_cat_000060.jpg,Youjia Chen,001,2022-05-16_16h54.40.620,Cat face rating experiment_500-1000,2021.1.4,MacIntel,120.0048002
,,,,,,space,2.7346,5,2.4376,0,285,285,285,1,285,images/pixabay_cat_004720.jpg,Youjia Chen,001,2022-05-16_16h54.40.620,Cat face rating experiment_500-1000,2021.1.4,MacIntel,120.0048002
,,,,,,space,2.0709,3,1.7451,0,286,286,286,1,286,images/pixabay_cat_002033.jpg,Youjia Chen,001,2022-05-16_16h54.40.620,Cat face rating experiment_500-1000,2021.1.4,MacIntel,120.0048002
,,,,,,space,2.1098,2,1.7437,0,287,287,287,1,287,images/pixabay_cat_001134.jpg,Youjia Chen,001,2022-05-16_16h54.40.620,Cat face rating experiment_500-1000,2021.1.4,MacIntel,120.0048002
,,,,,,space,2.3101,5,1.9862,0,288,288,288,1,288,images/pixabay_cat_001673.jpg,Youjia Chen,001,2022-05-16_16h54.40.620,Cat face rating experiment_500-1000,2021.1.4,MacIntel,120.0048002
,,,,,,space,2.6607,6,2.0543,0,289,289,289,1,289,images/pixabay_cat_000205.jpg,Youjia Chen,001,2022-05-16_16h54.40.620,Cat face rating experiment_500-1000,2021.1.4,MacIntel,120.0048002
,,,,,,space,7.7656,3,2.9453,0,290,290,290,1,290,images/pixabay_cat_001564.jpg,Youjia Chen,001,2022-05-16_16h54.40.620,Cat face rating experiment_500-1000,2021.1.4,MacIntel,120.0048002
,,,,,,space,2.3321,3,1.5348,0,291,291,291,1,291,images/pixabay_cat_000522.jpg,Youjia Chen,001,2022-05-16_16h54.40.620,Cat face rating experiment_500-1000,2021.1.4,MacIntel,120.0048002
,,,,,,space,1.8467,5,1.2278,0,292,292,292,1,292,images/flickr_cat_000749.jpg,Youjia Chen,001,2022-05-16_16h54.40.620,Cat face rating experiment_500-1000,2021.1.4,MacIntel,120.0048002
,,,,,,space,3.158,,,0,293,293,293,1,293,images/pixabay_cat_001203.jpg,Youjia Chen,001,2022-05-16_16h54.40.620,Cat face rating experiment_500-1000,2021.1.4,MacIntel,120.0048002
,,,,,,space,1.4167,5,1.018,0,294,294,294,1,294,images/pixabay_cat_003861.jpg,Youjia Chen,001,2022-05-16_16h54.40.620,Cat face rating experiment_500-1000,2021.1.4,MacIntel,120.0048002
,,,,,,space,2.5346,2,2.0437,0,295,295,295,1,295,images/pixabay_cat_004794.jpg,Youjia Chen,001,2022-05-16_16h54.40.620,Cat face rating experiment_500-1000,2021.1.4,MacIntel,120.0048002
,,,,,,space,4.3394,3,3.9449,0,296,296,296,1,296,images/pixabay_cat_002147.jpg,Youjia Chen,001,2022-05-16_16h54.40.620,Cat face rating experiment_500-1000,2021.1.4,MacIntel,120.0048002
,,,,,,space,2.4451,,,0,297,297,297,1,297,images/pixabay_cat_003042.jpg,Youjia Chen,001,2022-05-16_16h54.40.620,Cat face rating experiment_500-1000,2021.1.4,MacIntel,120.0048002
,,,,,,space,0.7766,,,0,298,298,298,1,298,images/pixabay_cat_004169.jpg,Youjia Chen,001,2022-05-16_16h54.40.620,Cat face rating experiment_500-1000,2021.1.4,MacIntel,120.0048002
,,,,,,space,2.0983,7,1.7109,0,299,299,299,1,299,images/pixabay_cat_000251.jpg,Youjia Chen,001,2022-05-16_16h54.40.620,Cat face rating experiment_500-1000,2021.1.4,MacIntel,120.0048002
,,,,,,space,1.0998,7,0.7764,0,300,300,300,1,300,images/pixabay_cat_003974.jpg,Youjia Chen,001,2022-05-16_16h54.40.620,Cat face rating experiment_500-1000,2021.1.4,MacIntel,120.0048002
,,,,,,space,1.8971,2,1.5865,0,301,301,301,1,301,images/pixabay_cat_004819.jpg,Youjia Chen,001,2022-05-16_16h54.40.620,Cat face rating experiment_500-1000,2021.1.4,MacIntel,120.0048002
,,,,,,space,1.6289,7,1.2349,0,302,302,302,1,302,images/pixabay_cat_000238.jpg,Youjia Chen,001,2022-05-16_16h54.40.620,Cat face rating experiment_500-1000,2021.1.4,MacIntel,120.0048002
,,,,,,space,4.5257,1,3.8786,0,303,303,303,1,303,images/pixabay_cat_003758.jpg,Youjia Chen,001,2022-05-16_16h54.40.620,Cat face rating experiment_500-1000,2021.1.4,MacIntel,120.0048002
,,,,,,space,2.2961,5,1.934,0,304,304,304,1,304,images/pixabay_cat_003555.jpg,Youjia Chen,001,2022-05-16_16h54.40.620,Cat face rating experiment_500-1000,2021.1.4,MacIntel,120.0048002
,,,,,,space,1.274,6,1.0196,0,305,305,305,1,305,images/pixabay_cat_000446.jpg,Youjia Chen,001,2022-05-16_16h54.40.620,Cat face rating experiment_500-1000,2021.1.4,MacIntel,120.0048002
,,,,,,space,1.3219,7,1.0433,0,306,306,306,1,306,images/flickr_cat_000390.jpg,Youjia Chen,001,2022-05-16_16h54.40.620,Cat face rating experiment_500-1000,2021.1.4,MacIntel,120.0048002
,,,,,,space,2.6937,7,2.204,0,307,307,307,1,307,images/pixabay_cat_001644.jpg,Youjia Chen,001,2022-05-16_16h54.40.620,Cat face rating experiment_500-1000,2021.1.4,MacIntel,120.0048002
,,,,,,space,6.5069,3,6.1295,0,308,308,308,1,308,images/pixabay_cat_001779.jpg,Youjia Chen,001,2022-05-16_16h54.40.620,Cat face rating experiment_500-1000,2021.1.4,MacIntel,120.0048002
,,,,,,space,35.3899,5,35.1194,0,309,309,309,1,309,images/pixabay_cat_003661.jpg,Youjia Chen,001,2022-05-16_16h54.40.620,Cat face rating experiment_500-1000,2021.1.4,MacIntel,120.0048002
,,,,,,space,1.7352,6,1.4526,0,310,310,310,1,310,images/flickr_cat_000102.jpg,Youjia Chen,001,2022-05-16_16h54.40.620,Cat face rating experiment_500-1000,2021.1.4,MacIntel,120.0048002
,,,,,,space,1.0124,6,0.7948,0,311,311,311,1,311,images/pixabay_cat_000611.jpg,Youjia Chen,001,2022-05-16_16h54.40.620,Cat face rating experiment_500-1000,2021.1.4,MacIntel,120.0048002
,,,,,,space,1.6528,6,1.0873,0,312,312,312,1,312,images/pixabay_cat_001021.jpg,Youjia Chen,001,2022-05-16_16h54.40.620,Cat face rating experiment_500-1000,2021.1.4,MacIntel,120.0048002
,,,,,,space,1.5167,3,1.2198,0,313,313,313,1,313,images/pixabay_cat_001573.jpg,Youjia Chen,001,2022-05-16_16h54.40.620,Cat face rating experiment_500-1000,2021.1.4,MacIntel,120.0048002
,,,,,,space,2.1096,2,1.9451,0,314,314,314,1,314,images/pixabay_cat_003285.jpg,Youjia Chen,001,2022-05-16_16h54.40.620,Cat face rating experiment_500-1000,2021.1.4,MacIntel,120.0048002
,,,,,,space,1.7439,1,1.4856,0,315,315,315,1,315,images/pixabay_cat_003043.jpg,Youjia Chen,001,2022-05-16_16h54.40.620,Cat face rating experiment_500-1000,2021.1.4,MacIntel,120.0048002
,,,,,,space,1.2145,1,0.8193,0,316,316,316,1,316,images/pixabay_cat_003291.jpg,Youjia Chen,001,2022-05-16_16h54.40.620,Cat face rating experiment_500-1000,2021.1.4,MacIntel,120.0048002
,,,,,,space,1.9345,3,1.6367,0,317,317,317,1,317,images/pixabay_cat_004395.jpg,Youjia Chen,001,2022-05-16_16h54.40.620,Cat face rating experiment_500-1000,2021.1.4,MacIntel,120.0048002
,,,,,,space,1.2901,6,0.9452,0,318,318,318,1,318,images/flickr_cat_000010.jpg,Youjia Chen,001,2022-05-16_16h54.40.620,Cat face rating experiment_500-1000,2021.1.4,MacIntel,120.0048002
,,,,,,space,1.0569,6,0.7034,0,319,319,319,1,319,images/pixabay_cat_003534.jpg,Youjia Chen,001,2022-05-16_16h54.40.620,Cat face rating experiment_500-1000,2021.1.4,MacIntel,120.0048002
,,,,,,space,1.6658,7,1.2774,0,320,320,320,1,320,images/pixabay_cat_003293.jpg,Youjia Chen,001,2022-05-16_16h54.40.620,Cat face rating experiment_500-1000,2021.1.4,MacIntel,120.0048002
,,,,,,space,1.0962,7,0.661,0,321,321,321,1,321,images/pixabay_cat_002974.jpg,Youjia Chen,001,2022-05-16_16h54.40.620,Cat face rating experiment_500-1000,2021.1.4,MacIntel,120.0048002
,,,,,,space,3.2721,3,1.8857,0,322,322,322,1,322,images/pixabay_cat_000524.jpg,Youjia Chen,001,2022-05-16_16h54.40.620,Cat face rating experiment_500-1000,2021.1.4,MacIntel,120.0048002
,,,,,,space,3.3584,6,2.3778,0,323,323,323,1,323,images/pixabay_cat_004639.jpg,Youjia Chen,001,2022-05-16_16h54.40.620,Cat face rating experiment_500-1000,2021.1.4,MacIntel,120.0048002
,,,,,,space,36.2343,5,35.8565,0,324,324,324,1,324,images/pixabay_cat_002455.jpg,Youjia Chen,001,2022-05-16_16h54.40.620,Cat face rating experiment_500-1000,2021.1.4,MacIntel,120.0048002
,,,,,,space,1.276,6,0.9206,0,325,325,325,1,325,images/pixabay_cat_003166.jpg,Youjia Chen,001,2022-05-16_16h54.40.620,Cat face rating experiment_500-1000,2021.1.4,MacIntel,120.0048002
,,,,,,space,1.5641,2,1.3123,0,326,326,326,1,326,images/pixabay_cat_002568.jpg,Youjia Chen,001,2022-05-16_16h54.40.620,Cat face rating experiment_500-1000,2021.1.4,MacIntel,120.0048002
,,,,,,space,1.9993,7,1.7114,0,327,327,327,1,327,images/pixabay_cat_000944.jpg,Youjia Chen,001,2022-05-16_16h54.40.620,Cat face rating experiment_500-1000,2021.1.4,MacIntel,120.0048002
,,,,,,space,2.5326,3,2.2615,0,328,328,328,1,328,images/pixabay_cat_003910.jpg,Youjia Chen,001,2022-05-16_16h54.40.620,Cat face rating experiment_500-1000,2021.1.4,MacIntel,120.0048002
,,,,,,space,1.529,3,1.1948,0,329,329,329,1,329,images/pixabay_cat_002495.jpg,Youjia Chen,001,2022-05-16_16h54.40.620,Cat face rating experiment_500-1000,2021.1.4,MacIntel,120.0048002
,,,,,,space,1.1241,3,0.7455,0,330,330,330,1,330,images/pixabay_cat_000981.jpg,Youjia Chen,001,2022-05-16_16h54.40.620,Cat face rating experiment_500-1000,2021.1.4,MacIntel,120.0048002
,,,,,,space,2.1091,2,1.8274,0,331,331,331,1,331,images/pixabay_cat_001173.jpg,Youjia Chen,001,2022-05-16_16h54.40.620,Cat face rating experiment_500-1000,2021.1.4,MacIntel,120.0048002
,,,,,,space,3.8099,5,3.2944,0,332,332,332,1,332,images/flickr_cat_000588.jpg,Youjia Chen,001,2022-05-16_16h54.40.620,Cat face rating experiment_500-1000,2021.1.4,MacIntel,120.0048002
,,,,,,space,1.8472,3,1.5709,0,333,333,333,1,333,images/pixabay_cat_000391.jpg,Youjia Chen,001,2022-05-16_16h54.40.620,Cat face rating experiment_500-1000,2021.1.4,MacIntel,120.0048002
,,,,,,space,1.357,6,0.9785,0,334,334,334,1,334,images/pixabay_cat_000131.jpg,Youjia Chen,001,2022-05-16_16h54.40.620,Cat face rating experiment_500-1000,2021.1.4,MacIntel,120.0048002
,,,,,,space,2.7856,7,2.5195,0,335,335,335,1,335,images/pixabay_cat_001194.jpg,Youjia Chen,001,2022-05-16_16h54.40.620,Cat face rating experiment_500-1000,2021.1.4,MacIntel,120.0048002
,,,,,,space,1.9852,2,1.6027,0,336,336,336,1,336,images/pixabay_cat_000393.jpg,Youjia Chen,001,2022-05-16_16h54.40.620,Cat face rating experiment_500-1000,2021.1.4,MacIntel,120.0048002
,,,,,,space,1.5697,,,0,337,337,337,1,337,images/pixabay_cat_002266.jpg,Youjia Chen,001,2022-05-16_16h54.40.620,Cat face rating experiment_500-1000,2021.1.4,MacIntel,120.0048002
,,,,,,space,0.5506,,,0,338,338,338,1,338,images/pixabay_cat_002506.jpg,Youjia Chen,001,2022-05-16_16h54.40.620,Cat face rating experiment_500-1000,2021.1.4,MacIntel,120.0048002
,,,,,,space,0.5944,,,0,339,339,339,1,339,images/pixabay_cat_001373.jpg,Youjia Chen,001,2022-05-16_16h54.40.620,Cat face rating experiment_500-1000,2021.1.4,MacIntel,120.0048002
,,,,,,space,2.7921,5,1.8362,0,340,340,340,1,340,images/pixabay_cat_000526.jpg,Youjia Chen,001,2022-05-16_16h54.40.620,Cat face rating experiment_500-1000,2021.1.4,MacIntel,120.0048002
,,,,,,space,18.6584,6,18.1808,0,341,341,341,1,341,images/pixabay_cat_004418.jpg,Youjia Chen,001,2022-05-16_16h54.40.620,Cat face rating experiment_500-1000,2021.1.4,MacIntel,120.0048002
,,,,,,space,1.305,6,0.7279,0,342,342,342,1,342,images/pixabay_cat_003775.jpg,Youjia Chen,001,2022-05-16_16h54.40.620,Cat face rating experiment_500-1000,2021.1.4,MacIntel,120.0048002
,,,,,,space,1.1954,,,0,343,343,343,1,343,images/pixabay_cat_002247.jpg,Youjia Chen,001,2022-05-16_16h54.40.620,Cat face rating experiment_500-1000,2021.1.4,MacIntel,120.0048002
,,,,,,space,2.5347,5,2.1609,0,344,344,344,1,344,images/pixabay_cat_004610.jpg,Youjia Chen,001,2022-05-16_16h54.40.620,Cat face rating experiment_500-1000,2021.1.4,MacIntel,120.0048002
,,,,,,space,27.9084,3,27.6042,0,345,345,345,1,345,images/pixabay_cat_002058.jpg,Youjia Chen,001,2022-05-16_16h54.40.620,Cat face rating experiment_500-1000,2021.1.4,MacIntel,120.0048002
,,,,,,space,50.5104,5,49.9869,0,346,346,346,1,346,images/pixabay_cat_002321.jpg,Youjia Chen,001,2022-05-16_16h54.40.620,Cat face rating experiment_500-1000,2021.1.4,MacIntel,120.0048002
,,,,,,space,1.7506,6,1.4697,0,347,347,347,1,347,images/pixabay_cat_003679.jpg,Youjia Chen,001,2022-05-16_16h54.40.620,Cat face rating experiment_500-1000,2021.1.4,MacIntel,120.0048002
,,,,,,space,3.1358,6,2.6605,0,348,348,348,1,348,images/pixabay_cat_000350.jpg,Youjia Chen,001,2022-05-16_16h54.40.620,Cat face rating experiment_500-1000,2021.1.4,MacIntel,120.0048002
,,,,,,space,1.4323,6,1.0114,0,349,349,349,1,349,images/pixabay_cat_001953.jpg,Youjia Chen,001,2022-05-16_16h54.40.620,Cat face rating experiment_500-1000,2021.1.4,MacIntel,120.0048002
,,,,,,space,1.043,6,0.7461,0,350,350,350,1,350,images/pixabay_cat_000974.jpg,Youjia Chen,001,2022-05-16_16h54.40.620,Cat face rating experiment_500-1000,2021.1.4,MacIntel,120.0048002
,,,,,,space,0.6388,,,0,351,351,351,1,351,images/pixabay_cat_002643.jpg,Youjia Chen,001,2022-05-16_16h54.40.620,Cat face rating experiment_500-1000,2021.1.4,MacIntel,120.0048002
,,,,,,space,1.2414,7,0.9529,0,352,352,352,1,352,images/pixabay_cat_001200.jpg,Youjia Chen,001,2022-05-16_16h54.40.620,Cat face rating experiment_500-1000,2021.1.4,MacIntel,120.0048002
,,,,,,space,1.6539,3,1.4795,0,353,353,353,1,353,images/flickr_cat_000158.jpg,Youjia Chen,001,2022-05-16_16h54.40.620,Cat face rating experiment_500-1000,2021.1.4,MacIntel,120.0048002
,,,,,,space,1.3441,2,1.0871,0,354,354,354,1,354,images/pixabay_cat_002163.jpg,Youjia Chen,001,2022-05-16_16h54.40.620,Cat face rating experiment_500-1000,2021.1.4,MacIntel,120.0048002
,,,,,,space,63.7308,4,63.3619,0,355,355,355,1,355,images/pixabay_cat_002323.jpg,Youjia Chen,001,2022-05-16_16h54.40.620,Cat face rating experiment_500-1000,2021.1.4,MacIntel,120.0048002
,,,,,,space,1.3021,5,1.0259,0,356,356,356,1,356,images/flickr_cat_000735.jpg,Youjia Chen,001,2022-05-16_16h54.40.620,Cat face rating experiment_500-1000,2021.1.4,MacIntel,120.0048002
,,,,,,space,1.451,6,1.2121,0,357,357,357,1,357,images/pixabay_cat_003094.jpg,Youjia Chen,001,2022-05-16_16h54.40.620,Cat face rating experiment_500-1000,2021.1.4,MacIntel,120.0048002
,,,,,,space,1.8118,2,1.361,0,358,358,358,1,358,images/pixabay_cat_004426.jpg,Youjia Chen,001,2022-05-16_16h54.40.620,Cat face rating experiment_500-1000,2021.1.4,MacIntel,120.0048002
,,,,,,space,1.3825,,,0,359,359,359,1,359,images/pixabay_cat_000953.jpg,Youjia Chen,001,2022-05-16_16h54.40.620,Cat face rating experiment_500-1000,2021.1.4,MacIntel,120.0048002
,,,,,,space,107.4148,5,107.1118,0,360,360,360,1,360,images/pixabay_cat_002420.jpg,Youjia Chen,001,2022-05-16_16h54.40.620,Cat face rating experiment_500-1000,2021.1.4,MacIntel,120.0048002
,,,,,,space,1.936,6,1.6612,0,361,361,361,1,361,images/pixabay_cat_000374.jpg,Youjia Chen,001,2022-05-16_16h54.40.620,Cat face rating experiment_500-1000,2021.1.4,MacIntel,120.0048002
,,,,,,space,1.0038,6,0.7715,0,362,362,362,1,362,images/flickr_cat_000300.jpg,Youjia Chen,001,2022-05-16_16h54.40.620,Cat face rating experiment_500-1000,2021.1.4,MacIntel,120.0048002
,,,,,,space,0.8596,6,0.5621,0,363,363,363,1,363,images/pixabay_cat_001723.jpg,Youjia Chen,001,2022-05-16_16h54.40.620,Cat face rating experiment_500-1000,2021.1.4,MacIntel,120.0048002
,,,,,,space,0.899,6,0.6371,0,364,364,364,1,364,images/flickr_cat_000549.jpg,Youjia Chen,001,2022-05-16_16h54.40.620,Cat face rating experiment_500-1000,2021.1.4,MacIntel,120.0048002
,,,,,,space,3.8602,,,0,365,365,365,1,365,images/pixabay_cat_002666.jpg,Youjia Chen,001,2022-05-16_16h54.40.620,Cat face rating experiment_500-1000,2021.1.4,MacIntel,120.0048002
,,,,,,space,3.5287,,,0,366,366,366,1,366,images/pixabay_cat_000104.jpg,Youjia Chen,001,2022-05-16_16h54.40.620,Cat face rating experiment_500-1000,2021.1.4,MacIntel,120.0048002
,,,,,,space,22.9839,6,21.6685,0,367,367,367,1,367,images/pixabay_cat_001695.jpg,Youjia Chen,001,2022-05-16_16h54.40.620,Cat face rating experiment_500-1000,2021.1.4,MacIntel,120.0048002
,,,,,,space,826.6965,7,818.2423,0,368,368,368,1,368,images/pixabay_cat_002727.jpg,Youjia Chen,001,2022-05-16_16h54.40.620,Cat face rating experiment_500-1000,2021.1.4,MacIntel,120.0048002
,,,,,,space,1.876,3,1.5855,0,369,369,369,1,369,images/pixabay_cat_003107.jpg,Youjia Chen,001,2022-05-16_16h54.40.620,Cat face rating experiment_500-1000,2021.1.4,MacIntel,120.0048002
,,,,,,space,1.2179,3,0.9297,0,370,370,370,1,370,images/pixabay_cat_004751.jpg,Youjia Chen,001,2022-05-16_16h54.40.620,Cat face rating experiment_500-1000,2021.1.4,MacIntel,120.0048002
,,,,,,space,1.2791,2,0.8939,0,371,371,371,1,371,images/pixabay_cat_004541.jpg,Youjia Chen,001,2022-05-16_16h54.40.620,Cat face rating experiment_500-1000,2021.1.4,MacIntel,120.0048002
,,,,,,space,1.5978,5,1.2451,0,372,372,372,1,372,images/pixabay_cat_003516.jpg,Youjia Chen,001,2022-05-16_16h54.40.620,Cat face rating experiment_500-1000,2021.1.4,MacIntel,120.0048002
,,,,,,space,1.165,6,0.9614,0,373,373,373,1,373,images/pixabay_cat_004118.jpg,Youjia Chen,001,2022-05-16_16h54.40.620,Cat face rating experiment_500-1000,2021.1.4,MacIntel,120.0048002
,,,,,,space,1.18,5,0.9696,0,374,374,374,1,374,images/pixabay_cat_003905.jpg,Youjia Chen,001,2022-05-16_16h54.40.620,Cat face rating experiment_500-1000,2021.1.4,MacIntel,120.0048002
,,,,,,space,1.1002,6,0.928,0,375,375,375,1,375,images/flickr_cat_000556.jpg,Youjia Chen,001,2022-05-16_16h54.40.620,Cat face rating experiment_500-1000,2021.1.4,MacIntel,120.0048002
,,,,,,space,1.6978,3,1.4866,0,376,376,376,1,376,images/pixabay_cat_002813.jpg,Youjia Chen,001,2022-05-16_16h54.40.620,Cat face rating experiment_500-1000,2021.1.4,MacIntel,120.0048002
,,,,,,space,1.1093,3,0.7873,0,377,377,377,1,377,images/flickr_cat_000358.jpg,Youjia Chen,001,2022-05-16_16h54.40.620,Cat face rating experiment_500-1000,2021.1.4,MacIntel,120.0048002
,,,,,,space,1.9077,7,1.5211,0,378,378,378,1,378,images/pixabay_cat_003426.jpg,Youjia Chen,001,2022-05-16_16h54.40.620,Cat face rating experiment_500-1000,2021.1.4,MacIntel,120.0048002
,,,,,,space,1.0641,6,0.9111,0,379,379,379,1,379,images/pixabay_cat_001895.jpg,Youjia Chen,001,2022-05-16_16h54.40.620,Cat face rating experiment_500-1000,2021.1.4,MacIntel,120.0048002
,,,,,,space,1.092,7,0.8431,0,380,380,380,1,380,images/pixabay_cat_002769.jpg,Youjia Chen,001,2022-05-16_16h54.40.620,Cat face rating experiment_500-1000,2021.1.4,MacIntel,120.0048002
,,,,,,space,2.6143,3,2.3954,0,381,381,381,1,381,images/pixabay_cat_003504.jpg,Youjia Chen,001,2022-05-16_16h54.40.620,Cat face rating experiment_500-1000,2021.1.4,MacIntel,120.0048002
,,,,,,space,1.7987,5,1.5201,0,382,382,382,1,382,images/pixabay_cat_000101.jpg,Youjia Chen,001,2022-05-16_16h54.40.620,Cat face rating experiment_500-1000,2021.1.4,MacIntel,120.0048002
,,,,,,space,2.2638,6,1.7857,0,383,383,383,1,383,images/pixabay_cat_000510.jpg,Youjia Chen,001,2022-05-16_16h54.40.620,Cat face rating experiment_500-1000,2021.1.4,MacIntel,120.0048002
,,,,,,space,2.2154,7,1.6957,0,384,384,384,1,384,images/pixabay_cat_004776.jpg,Youjia Chen,001,2022-05-16_16h54.40.620,Cat face rating experiment_500-1000,2021.1.4,MacIntel,120.0048002
,,,,,,space,9.101,6,8.7954,0,385,385,385,1,385,images/pixabay_cat_003525.jpg,Youjia Chen,001,2022-05-16_16h54.40.620,Cat face rating experiment_500-1000,2021.1.4,MacIntel,120.0048002
,,,,,,space,1.4196,7,1.1876,0,386,386,386,1,386,images/pixabay_cat_001517.jpg,Youjia Chen,001,2022-05-16_16h54.40.620,Cat face rating experiment_500-1000,2021.1.4,MacIntel,120.0048002
,,,,,,space,2.1983,7,1.3296,0,387,387,387,1,387,images/pixabay_cat_004694.jpg,Youjia Chen,001,2022-05-16_16h54.40.620,Cat face rating experiment_500-1000,2021.1.4,MacIntel,120.0048002
,,,,,,space,2.6757,3,2.4368,0,388,388,388,1,388,images/pixabay_cat_001783.jpg,Youjia Chen,001,2022-05-16_16h54.40.620,Cat face rating experiment_500-1000,2021.1.4,MacIntel,120.0048002
,,,,,,space,9.1056,7,8.5703,0,389,389,389,1,389,images/pixabay_cat_003027.jpg,Youjia Chen,001,2022-05-16_16h54.40.620,Cat face rating experiment_500-1000,2021.1.4,MacIntel,120.0048002
,,,,,,space,2.1445,6,1.8285,0,390,390,390,1,390,images/flickr_cat_000502.jpg,Youjia Chen,001,2022-05-16_16h54.40.620,Cat face rating experiment_500-1000,2021.1.4,MacIntel,120.0048002
,,,,,,space,1.8615,5,1.537,0,391,391,391,1,391,images/flickr_cat_000408.jpg,Youjia Chen,001,2022-05-16_16h54.40.620,Cat face rating experiment_500-1000,2021.1.4,MacIntel,120.0048002
,,,,,,space,2.0041,6,1.7103,0,392,392,392,1,392,images/pixabay_cat_003963.jpg,Youjia Chen,001,2022-05-16_16h54.40.620,Cat face rating experiment_500-1000,2021.1.4,MacIntel,120.0048002
,,,,,,space,1.8592,3,1.5356,0,393,393,393,1,393,images/pixabay_cat_000399.jpg,Youjia Chen,001,2022-05-16_16h54.40.620,Cat face rating experiment_500-1000,2021.1.4,MacIntel,120.0048002
,,,,,,space,1.9566,3,1.6613,0,394,394,394,1,394,images/pixabay_cat_002975.jpg,Youjia Chen,001,2022-05-16_16h54.40.620,Cat face rating experiment_500-1000,2021.1.4,MacIntel,120.0048002
,,,,,,space,1.5317,5,1.0945,0,395,395,395,1,395,images/pixabay_cat_002962.jpg,Youjia Chen,001,2022-05-16_16h54.40.620,Cat face rating experiment_500-1000,2021.1.4,MacIntel,120.0048002
,,,,,,space,1.8605,6,1.4209,0,396,396,396,1,396,images/pixabay_cat_003307.jpg,Youjia Chen,001,2022-05-16_16h54.40.620,Cat face rating experiment_500-1000,2021.1.4,MacIntel,120.0048002
,,,,,,space,3.175,6,2.3851,0,397,397,397,1,397,images/pixabay_cat_004286.jpg,Youjia Chen,001,2022-05-16_16h54.40.620,Cat face rating experiment_500-1000,2021.1.4,MacIntel,120.0048002
,,,,,,space,1.2547,6,0.8805,0,398,398,398,1,398,images/pixabay_cat_000018.jpg,Youjia Chen,001,2022-05-16_16h54.40.620,Cat face rating experiment_500-1000,2021.1.4,MacIntel,120.0048002
,,,,,,space,1.4686,7,1.2289,0,399,399,399,1,399,images/pixabay_cat_004456.jpg,Youjia Chen,001,2022-05-16_16h54.40.620,Cat face rating experiment_500-1000,2021.1.4,MacIntel,120.0048002
,,,,,,space,2.4204,5,1.9782,0,400,400,400,1,400,images/pixabay_cat_004233.jpg,Youjia Chen,001,2022-05-16_16h54.40.620,Cat face rating experiment_500-1000,2021.1.4,MacIntel,120.0048002
,,,,,,space,1.2391,6,1.0121,0,401,401,401,1,401,images/pixabay_cat_000490.jpg,Youjia Chen,001,2022-05-16_16h54.40.620,Cat face rating experiment_500-1000,2021.1.4,MacIntel,120.0048002
,,,,,,space,2.8553,6,1.0278,0,402,402,402,1,402,images/pixabay_cat_003908.jpg,Youjia Chen,001,2022-05-16_16h54.40.620,Cat face rating experiment_500-1000,2021.1.4,MacIntel,120.0048002
,,,,,,space,1.757,5,1.5038,0,403,403,403,1,403,images/pixabay_cat_000111.jpg,Youjia Chen,001,2022-05-16_16h54.40.620,Cat face rating experiment_500-1000,2021.1.4,MacIntel,120.0048002
,,,,,,space,1.5736,3,1.3024,0,404,404,404,1,404,images/pixabay_cat_001908.jpg,Youjia Chen,001,2022-05-16_16h54.40.620,Cat face rating experiment_500-1000,2021.1.4,MacIntel,120.0048002
,,,,,,space,1.9835,2,1.6947,0,405,405,405,1,405,images/pixabay_cat_002682.jpg,Youjia Chen,001,2022-05-16_16h54.40.620,Cat face rating experiment_500-1000,2021.1.4,MacIntel,120.0048002
,,,,,,space,1.6768,1,1.3857,0,406,406,406,1,406,images/pixabay_cat_003558.jpg,Youjia Chen,001,2022-05-16_16h54.40.620,Cat face rating experiment_500-1000,2021.1.4,MacIntel,120.0048002
,,,,,,space,2.0848,7,1.8279,0,407,407,407,1,407,images/pixabay_cat_000030.jpg,Youjia Chen,001,2022-05-16_16h54.40.620,Cat face rating experiment_500-1000,2021.1.4,MacIntel,120.0048002
,,,,,,space,1.841,5,1.1465,0,408,408,408,1,408,images/pixabay_cat_003572.jpg,Youjia Chen,001,2022-05-16_16h54.40.620,Cat face rating experiment_500-1000,2021.1.4,MacIntel,120.0048002
,,,,,,space,2.1849,6,1.8864,0,409,409,409,1,409,images/pixabay_cat_000361.jpg,Youjia Chen,001,2022-05-16_16h54.40.620,Cat face rating experiment_500-1000,2021.1.4,MacIntel,120.0048002
,,,,,,space,1.4997,5,1.1787,0,410,410,410,1,410,images/pixabay_cat_001998.jpg,Youjia Chen,001,2022-05-16_16h54.40.620,Cat face rating experiment_500-1000,2021.1.4,MacIntel,120.0048002
,,,,,,space,1.4664,6,1.1521,0,411,411,411,1,411,images/pixabay_cat_000450.jpg,Youjia Chen,001,2022-05-16_16h54.40.620,Cat face rating experiment_500-1000,2021.1.4,MacIntel,120.0048002
,,,,,,space,2.0578,5,1.6027,0,412,412,412,1,412,images/pixabay_cat_001555.jpg,Youjia Chen,001,2022-05-16_16h54.40.620,Cat face rating experiment_500-1000,2021.1.4,MacIntel,120.0048002
,,,,,,space,1.6821,3,1.3948,0,413,413,413,1,413,images/pixabay_cat_000647.jpg,Youjia Chen,001,2022-05-16_16h54.40.620,Cat face rating experiment_500-1000,2021.1.4,MacIntel,120.0048002
,,,,,,space,1.3815,2,1.1033,0,414,414,414,1,414,images/flickr_cat_000117.jpg,Youjia Chen,001,2022-05-16_16h54.40.620,Cat face rating experiment_500-1000,2021.1.4,MacIntel,120.0048002
,,,,,,space,1.7845,6,1.5367,0,415,415,415,1,415,images/pixabay_cat_000527.jpg,Youjia Chen,001,2022-05-16_16h54.40.620,Cat face rating experiment_500-1000,2021.1.4,MacIntel,120.0048002
,,,,,,space,1.7282,6,1.2035,0,416,416,416,1,416,images/pixabay_cat_000857.jpg,Youjia Chen,001,2022-05-16_16h54.40.620,Cat face rating experiment_500-1000,2021.1.4,MacIntel,120.0048002
,,,,,,space,1.617,3,1.3444,0,417,417,417,1,417,images/pixabay_cat_001463.jpg,Youjia Chen,001,2022-05-16_16h54.40.620,Cat face rating experiment_500-1000,2021.1.4,MacIntel,120.0048002
,,,,,,space,2.0984,5,1.795,0,418,418,418,1,418,images/pixabay_cat_000467.jpg,Youjia Chen,001,2022-05-16_16h54.40.620,Cat face rating experiment_500-1000,2021.1.4,MacIntel,120.0048002
,,,,,,space,1.7874,6,1.4513,0,419,419,419,1,419,images/pixabay_cat_002026.jpg,Youjia Chen,001,2022-05-16_16h54.40.620,Cat face rating experiment_500-1000,2021.1.4,MacIntel,120.0048002
,,,,,,space,1.4813,6,1.202,0,420,420,420,1,420,images/pixabay_cat_000954.jpg,Youjia Chen,001,2022-05-16_16h54.40.620,Cat face rating experiment_500-1000,2021.1.4,MacIntel,120.0048002
,,,,,,space,4.9759,2,4.2523,0,421,421,421,1,421,images/pixabay_cat_002353.jpg,Youjia Chen,001,2022-05-16_16h54.40.620,Cat face rating experiment_500-1000,2021.1.4,MacIntel,120.0048002
,,,,,,space,2.8895,5,2.5437,0,422,422,422,1,422,images/pixabay_cat_002913.jpg,Youjia Chen,001,2022-05-16_16h54.40.620,Cat face rating experiment_500-1000,2021.1.4,MacIntel,120.0048002
,,,,,,space,1.6818,6,1.2103,0,423,423,423,1,423,images/flickr_cat_000077.jpg,Youjia Chen,001,2022-05-16_16h54.40.620,Cat face rating experiment_500-1000,2021.1.4,MacIntel,120.0048002
,,,,,,space,1.8889,7,1.5113,0,424,424,424,1,424,images/pixabay_cat_001384.jpg,Youjia Chen,001,2022-05-16_16h54.40.620,Cat face rating experiment_500-1000,2021.1.4,MacIntel,120.0048002
,,,,,,space,2.7564,5,2.3846,0,425,425,425,1,425,images/pixabay_cat_001681.jpg,Youjia Chen,001,2022-05-16_16h54.40.620,Cat face rating experiment_500-1000,2021.1.4,MacIntel,120.0048002
,,,,,,space,6.4315,3,6.1044,0,426,426,426,1,426,images/pixabay_cat_001893.jpg,Youjia Chen,001,2022-05-16_16h54.40.620,Cat face rating experiment_500-1000,2021.1.4,MacIntel,120.0048002
,,,,,,space,2.3516,2,2.0368,0,427,427,427,1,427,images/pixabay_cat_001343.jpg,Youjia Chen,001,2022-05-16_16h54.40.620,Cat face rating experiment_500-1000,2021.1.4,MacIntel,120.0048002
,,,,,,space,2.6602,6,2.3788,0,428,428,428,1,428,images/pixabay_cat_003350.jpg,Youjia Chen,001,2022-05-16_16h54.40.620,Cat face rating experiment_500-1000,2021.1.4,MacIntel,120.0048002
,,,,,,space,1.9171,5,1.6195,0,429,429,429,1,429,images/pixabay_cat_003939.jpg,Youjia Chen,001,2022-05-16_16h54.40.620,Cat face rating experiment_500-1000,2021.1.4,MacIntel,120.0048002
,,,,,,space,1.585,6,1.2204,0,430,430,430,1,430,images/pixabay_cat_004737.jpg,Youjia Chen,001,2022-05-16_16h54.40.620,Cat face rating experiment_500-1000,2021.1.4,MacIntel,120.0048002
,,,,,,space,2.4779,2,1.9943,0,431,431,431,1,431,images/pixabay_cat_004052.jpg,Youjia Chen,001,2022-05-16_16h54.40.620,Cat face rating experiment_500-1000,2021.1.4,MacIntel,120.0048002
,,,,,,space,1.9684,2,1.1197,0,432,432,432,1,432,images/pixabay_cat_003925.jpg,Youjia Chen,001,2022-05-16_16h54.40.620,Cat face rating experiment_500-1000,2021.1.4,MacIntel,120.0048002
,,,,,,space,2.9602,5,2.5817,0,433,433,433,1,433,images/pixabay_cat_001683.jpg,Youjia Chen,001,2022-05-16_16h54.40.620,Cat face rating experiment_500-1000,2021.1.4,MacIntel,120.0048002
,,,,,,space,1.5431,3,1.3447,0,434,434,434,1,434,images/flickr_cat_000671.jpg,Youjia Chen,001,2022-05-16_16h54.40.620,Cat face rating experiment_500-1000,2021.1.4,MacIntel,120.0048002
,,,,,,space,1.9526,6,1.6936,0,435,435,435,1,435,images/pixabay_cat_000388.jpg,Youjia Chen,001,2022-05-16_16h54.40.620,Cat face rating experiment_500-1000,2021.1.4,MacIntel,120.0048002
,,,,,,space,1.5313,6,1.1045,0,436,436,436,1,436,images/pixabay_cat_004798.jpg,Youjia Chen,001,2022-05-16_16h54.40.620,Cat face rating experiment_500-1000,2021.1.4,MacIntel,120.0048002
,,,,,,space,1.6364,5,1.2693,0,437,437,437,1,437,images/pixabay_cat_002057.jpg,Youjia Chen,001,2022-05-16_16h54.40.620,Cat face rating experiment_500-1000,2021.1.4,MacIntel,120.0048002
,,,,,,space,2.0679,5,1.7533,0,438,438,438,1,438,images/flickr_cat_000700.jpg,Youjia Chen,001,2022-05-16_16h54.40.620,Cat face rating experiment_500-1000,2021.1.4,MacIntel,120.0048002
,,,,,,space,1.3929,6,1.0691,0,439,439,439,1,439,images/pixabay_cat_000809.jpg,Youjia Chen,001,2022-05-16_16h54.40.620,Cat face rating experiment_500-1000,2021.1.4,MacIntel,120.0048002
,,,,,,space,1.4761,6,1.1526,0,440,440,440,1,440,images/pixabay_cat_000326.jpg,Youjia Chen,001,2022-05-16_16h54.40.620,Cat face rating experiment_500-1000,2021.1.4,MacIntel,120.0048002
,,,,,,space,2.2238,7,1.946,0,441,441,441,1,441,images/pixabay_cat_000401.jpg,Youjia Chen,001,2022-05-16_16h54.40.620,Cat face rating experiment_500-1000,2021.1.4,MacIntel,120.0048002
,,,,,,space,1.7393,7,1.2613,0,442,442,442,1,442,images/flickr_cat_000094.jpg,Youjia Chen,001,2022-05-16_16h54.40.620,Cat face rating experiment_500-1000,2021.1.4,MacIntel,120.0048002
,,,,,,space,1.9127,4,1.5447,0,443,443,443,1,443,images/pixabay_cat_003378.jpg,Youjia Chen,001,2022-05-16_16h54.40.620,Cat face rating experiment_500-1000,2021.1.4,MacIntel,120.0048002
,,,,,,space,2.1929,3,1.9032,0,444,444,444,1,444,images/pixabay_cat_001207.jpg,Youjia Chen,001,2022-05-16_16h54.40.620,Cat face rating experiment_500-1000,2021.1.4,MacIntel,120.0048002
,,,,,,space,1.4463,2,1.1934,0,445,445,445,1,445,images/flickr_cat_000274.jpg,Youjia Chen,001,2022-05-16_16h54.40.620,Cat face rating experiment_500-1000,2021.1.4,MacIntel,120.0048002
,,,,,,space,1.3085,3,1.0302,0,446,446,446,1,446,images/pixabay_cat_004630.jpg,Youjia Chen,001,2022-05-16_16h54.40.620,Cat face rating experiment_500-1000,2021.1.4,MacIntel,120.0048002
,,,,,,space,1.0358,3,0.7726,0,447,447,447,1,447,images/pixabay_cat_001804.jpg,Youjia Chen,001,2022-05-16_16h54.40.620,Cat face rating experiment_500-1000,2021.1.4,MacIntel,120.0048002
,,,,,,space,2.5826,3,2.1705,0,448,448,448,1,448,images/pixabay_cat_004629.jpg,Youjia Chen,001,2022-05-16_16h54.40.620,Cat face rating experiment_500-1000,2021.1.4,MacIntel,120.0048002
,,,,,,space,2.9344,6,2.4613,0,449,449,449,1,449,images/pixabay_cat_003538.jpg,Youjia Chen,001,2022-05-16_16h54.40.620,Cat face rating experiment_500-1000,2021.1.4,MacIntel,120.0048002
,,,,,,space,1.4368,6,1.1701,0,450,450,450,1,450,images/pixabay_cat_002991.jpg,Youjia Chen,001,2022-05-16_16h54.40.620,Cat face rating experiment_500-1000,2021.1.4,MacIntel,120.0048002
,,,,,,space,1.9177,6,1.6275,0,451,451,451,1,451,images/pixabay_cat_000287.jpg,Youjia Chen,001,2022-05-16_16h54.40.620,Cat face rating experiment_500-1000,2021.1.4,MacIntel,120.0048002
,,,,,,space,2.0155,7,1.6362,0,452,452,452,1,452,images/pixabay_cat_000661.jpg,Youjia Chen,001,2022-05-16_16h54.40.620,Cat face rating experiment_500-1000,2021.1.4,MacIntel,120.0048002
,,,,,,space,1.0524,7,0.7621,0,453,453,453,1,453,images/flickr_cat_000334.jpg,Youjia Chen,001,2022-05-16_16h54.40.620,Cat face rating experiment_500-1000,2021.1.4,MacIntel,120.0048002
,,,,,,space,1.1932,7,0.8454,0,454,454,454,1,454,images/pixabay_cat_002592.jpg,Youjia Chen,001,2022-05-16_16h54.40.620,Cat face rating experiment_500-1000,2021.1.4,MacIntel,120.0048002
,,,,,,space,1.8124,3,1.5118,0,455,455,455,1,455,images/pixabay_cat_003194.jpg,Youjia Chen,001,2022-05-16_16h54.40.620,Cat face rating experiment_500-1000,2021.1.4,MacIntel,120.0048002
,,,,,,space,3.6183,6,3.3208,0,456,456,456,1,456,images/pixabay_cat_000872.jpg,Youjia Chen,001,2022-05-16_16h54.40.620,Cat face rating experiment_500-1000,2021.1.4,MacIntel,120.0048002
,,,,,,space,2.0389,2,1.7099,0,457,457,457,1,457,images/pixabay_cat_003189.jpg,Youjia Chen,001,2022-05-16_16h54.40.620,Cat face rating experiment_500-1000,2021.1.4,MacIntel,120.0048002
,,,,,,space,2.5446,5,2.2785,0,458,458,458,1,458,images/pixabay_cat_000402.jpg,Youjia Chen,001,2022-05-16_16h54.40.620,Cat face rating experiment_500-1000,2021.1.4,MacIntel,120.0048002
,,,,,,space,2.1181,1,1.7535,0,459,459,459,1,459,images/pixabay_cat_000823.jpg,Youjia Chen,001,2022-05-16_16h54.40.620,Cat face rating experiment_500-1000,2021.1.4,MacIntel,120.0048002
,,,,,,space,3.2259,1,2.8052,0,460,460,460,1,460,images/pixabay_cat_004359.jpg,Youjia Chen,001,2022-05-16_16h54.40.620,Cat face rating experiment_500-1000,2021.1.4,MacIntel,120.0048002
,,,,,,space,1.2749,1,0.9629,0,461,461,461,1,461,images/pixabay_cat_000080.jpg,Youjia Chen,001,2022-05-16_16h54.40.620,Cat face rating experiment_500-1000,2021.1.4,MacIntel,120.0048002
,,,,,,space,1.7024,2,1.1703,0,462,462,462,1,462,images/pixabay_cat_003639.jpg,Youjia Chen,001,2022-05-16_16h54.40.620,Cat face rating experiment_500-1000,2021.1.4,MacIntel,120.0048002
,,,,,,space,1.5988,3,1.2518,0,463,463,463,1,463,images/pixabay_cat_002217.jpg,Youjia Chen,001,2022-05-16_16h54.40.620,Cat face rating experiment_500-1000,2021.1.4,MacIntel,120.0048002
,,,,,,space,1.7298,5,1.4277,0,464,464,464,1,464,images/pixabay_cat_001076.jpg,Youjia Chen,001,2022-05-16_16h54.40.620,Cat face rating experiment_500-1000,2021.1.4,MacIntel,120.0048002
,,,,,,space,1.2019,6,0.8955,0,465,465,465,1,465,images/pixabay_cat_002357.jpg,Youjia Chen,001,2022-05-16_16h54.40.620,Cat face rating experiment_500-1000,2021.1.4,MacIntel,120.0048002
,,,,,,space,1.2253,6,0.9126,0,466,466,466,1,466,images/pixabay_cat_002584.jpg,Youjia Chen,001,2022-05-16_16h54.40.620,Cat face rating experiment_500-1000,2021.1.4,MacIntel,120.0048002
,,,,,,space,1.4578,7,0.8536,0,467,467,467,1,467,images/pixabay_cat_003492.jpg,Youjia Chen,001,2022-05-16_16h54.40.620,Cat face rating experiment_500-1000,2021.1.4,MacIntel,120.0048002
,,,,,,space,1.4347,7,1.0871,0,468,468,468,1,468,images/pixabay_cat_004127.jpg,Youjia Chen,001,2022-05-16_16h54.40.620,Cat face rating experiment_500-1000,2021.1.4,MacIntel,120.0048002
,,,,,,space,2.0668,3,1.7396,0,469,469,469,1,469,images/pixabay_cat_003297.jpg,Youjia Chen,001,2022-05-16_16h54.40.620,Cat face rating experiment_500-1000,2021.1.4,MacIntel,120.0048002
,,,,,,space,2.4242,2,1.5945,0,470,470,470,1,470,images/pixabay_cat_003542.jpg,Youjia Chen,001,2022-05-16_16h54.40.620,Cat face rating experiment_500-1000,2021.1.4,MacIntel,120.0048002
,,,,,,space,1.6659,6,1.41,0,471,471,471,1,471,images/pixabay_cat_002532.jpg,Youjia Chen,001,2022-05-16_16h54.40.620,Cat face rating experiment_500-1000,2021.1.4,MacIntel,120.0048002
,,,,,,space,1.0469,6,0.8616,0,472,472,472,1,472,images/flickr_cat_000483.jpg,Youjia Chen,001,2022-05-16_16h54.40.620,Cat face rating experiment_500-1000,2021.1.4,MacIntel,120.0048002
,,,,,,space,1.9632,2,1.6632,0,473,473,473,1,473,images/pixabay_cat_001606.jpg,Youjia Chen,001,2022-05-16_16h54.40.620,Cat face rating experiment_500-1000,2021.1.4,MacIntel,120.0048002
,,,,,,space,1.8201,1,1.5942,0,474,474,474,1,474,images/pixabay_cat_002706.jpg,Youjia Chen,001,2022-05-16_16h54.40.620,Cat face rating experiment_500-1000,2021.1.4,MacIntel,120.0048002
,,,,,,space,1.2373,2,0.928,0,475,475,475,1,475,images/pixabay_cat_003497.jpg,Youjia Chen,001,2022-05-16_16h54.40.620,Cat face rating experiment_500-1000,2021.1.4,MacIntel,120.0048002
,,,,,,space,1.0707,3,0.845,0,476,476,476,1,476,images/pixabay_cat_003322.jpg,Youjia Chen,001,2022-05-16_16h54.40.620,Cat face rating experiment_500-1000,2021.1.4,MacIntel,120.0048002
,,,,,,space,2.2513,5,1.8697,0,477,477,477,1,477,images/flickr_cat_000542.jpg,Youjia Chen,001,2022-05-16_16h54.40.620,Cat face rating experiment_500-1000,2021.1.4,MacIntel,120.0048002
,,,,,,space,1.7319,3,1.5367,0,478,478,478,1,478,images/pixabay_cat_003335.jpg,Youjia Chen,001,2022-05-16_16h54.40.620,Cat face rating experiment_500-1000,2021.1.4,MacIntel,120.0048002
,,,,,,space,1.2945,2,0.9869,0,479,479,479,1,479,images/pixabay_cat_004098.jpg,Youjia Chen,001,2022-05-16_16h54.40.620,Cat face rating experiment_500-1000,2021.1.4,MacIntel,120.0048002
,,,,,,space,1.6925,3,1.4025,0,480,480,480,1,480,images/pixabay_cat_003381.jpg,Youjia Chen,001,2022-05-16_16h54.40.620,Cat face rating experiment_500-1000,2021.1.4,MacIntel,120.0048002
,,,,,,space,2.4805,5,2.2123,0,481,481,481,1,481,images/pixabay_cat_002824.jpg,Youjia Chen,001,2022-05-16_16h54.40.620,Cat face rating experiment_500-1000,2021.1.4,MacIntel,120.0048002
,,,,,,space,1.5698,5,1.1952,0,482,482,482,1,482,images/pixabay_cat_001050.jpg,Youjia Chen,001,2022-05-16_16h54.40.620,Cat face rating experiment_500-1000,2021.1.4,MacIntel,120.0048002
,,,,,,space,1.1878,6,0.9187,0,483,483,483,1,483,images/pixabay_cat_003956.jpg,Youjia Chen,001,2022-05-16_16h54.40.620,Cat face rating experiment_500-1000,2021.1.4,MacIntel,120.0048002
,,,,,,space,2.4959,6,2.1702,0,484,484,484,1,484,images/pixabay_cat_004338.jpg,Youjia Chen,001,2022-05-16_16h54.40.620,Cat face rating experiment_500-1000,2021.1.4,MacIntel,120.0048002
,,,,,,space,1.9741,6,1.0865,0,485,485,485,1,485,images/pixabay_cat_004232.jpg,Youjia Chen,001,2022-05-16_16h54.40.620,Cat face rating experiment_500-1000,2021.1.4,MacIntel,120.0048002
,,,,,,space,1.3796,5,1.1537,0,486,486,486,1,486,images/flickr_cat_000041.jpg,Youjia Chen,001,2022-05-16_16h54.40.620,Cat face rating experiment_500-1000,2021.1.4,MacIntel,120.0048002
,,,,,,space,1.3319,3,1.0802,0,487,487,487,1,487,images/pixabay_cat_002578.jpg,Youjia Chen,001,2022-05-16_16h54.40.620,Cat face rating experiment_500-1000,2021.1.4,MacIntel,120.0048002
,,,,,,space,1.0853,2,0.8372,0,488,488,488,1,488,images/pixabay_cat_002952.jpg,Youjia Chen,001,2022-05-16_16h54.40.620,Cat face rating experiment_500-1000,2021.1.4,MacIntel,120.0048002
,,,,,,space,3.0586,7,2.3533,0,489,489,489,1,489,images/pixabay_cat_001967.jpg,Youjia Chen,001,2022-05-16_16h54.40.620,Cat face rating experiment_500-1000,2021.1.4,MacIntel,120.0048002
,,,,,,space,2.5031,6,1.8204,0,490,490,490,1,490,images/pixabay_cat_001091.jpg,Youjia Chen,001,2022-05-16_16h54.40.620,Cat face rating experiment_500-1000,2021.1.4,MacIntel,120.0048002
,,,,,,space,17.5254,5,17.1366,0,491,491,491,1,491,images/pixabay_cat_001334.jpg,Youjia Chen,001,2022-05-16_16h54.40.620,Cat face rating experiment_500-1000,2021.1.4,MacIntel,120.0048002
,,,,,,space,17.3909,5,17.0954,0,492,492,492,1,492,images/pixabay_cat_003532.jpg,Youjia Chen,001,2022-05-16_16h54.40.620,Cat face rating experiment_500-1000,2021.1.4,MacIntel,120.0048002
,,,,,,space,1.3701,6,1.0525,0,493,493,493,1,493,images/flickr_cat_000338.jpg,Youjia Chen,001,2022-05-16_16h54.40.620,Cat face rating experiment_500-1000,2021.1.4,MacIntel,120.0048002
,,,,,,space,1.0158,6,0.7688,0,494,494,494,1,494,images/pixabay_cat_000622.jpg,Youjia Chen,001,2022-05-16_16h54.40.620,Cat face rating experiment_500-1000,2021.1.4,MacIntel,120.0048002
,,,,,,space,1.3381,7,1.0531,0,495,495,495,1,495,images/pixabay_cat_002192.jpg,Youjia Chen,001,2022-05-16_16h54.40.620,Cat face rating experiment_500-1000,2021.1.4,MacIntel,120.0048002
,,,,,,space,1.8317,3,1.495,0,496,496,496,1,496,images/pixabay_cat_000270.jpg,Youjia Chen,001,2022-05-16_16h54.40.620,Cat face rating experiment_500-1000,2021.1.4,MacIntel,120.0048002
,,,,,,space,1.2011,5,0.8607,0,497,497,497,1,497,images/pixabay_cat_003700.jpg,Youjia Chen,001,2022-05-16_16h54.40.620,Cat face rating experiment_500-1000,2021.1.4,MacIntel,120.0048002
,,,,,,space,2.1422,3,1.9036,0,498,498,498,1,498,images/pixabay_cat_000215.jpg,Youjia Chen,001,2022-05-16_16h54.40.620,Cat face rating experiment_500-1000,2021.1.4,MacIntel,120.0048002
,,,,,,space,1.5598,2,1.0283,0,499,499,499,1,499,images/pixabay_cat_004364.jpg,Youjia Chen,001,2022-05-16_16h54.40.620,Cat face rating experiment_500-1000,2021.1.4,MacIntel,120.0048002
