key_resp.keys,key_resp.rt,key_resp_2.keys,key_resp_2.rt,key_resp_3.keys,key_resp_3.rt,key_resp_4.keys,key_resp_4.rt,slider.response,slider.rt,trials.thisRepN,trials.thisTrialN,trials.thisN,trials.thisIndex,trials.ran,trial_nums,img,participant,session,date,expName,psychopyVersion,OS,frameRate
space,1.3527,space,1.0168,space,0.4288,space,2.8703,6,2.5394,0,0,0,0,1,0,images/pixabay_cat_003488.jpg,Youjia Chen,001,2022-05-12_16h35.22.731,Cat face rating experiment_500-1000,2021.1.4,MacIntel,120.0048002
,,,,,,space,1.641,7,1.4592,0,1,1,1,1,1,images/pixabay_cat_002487.jpg,Youjia Chen,001,2022-05-12_16h35.22.731,Cat face rating experiment_500-1000,2021.1.4,MacIntel,120.0048002
,,,,,,space,2.1474,2,1.869,0,2,2,2,1,2,images/pixabay_cat_004502.jpg,Youjia Chen,001,2022-05-12_16h35.22.731,Cat face rating experiment_500-1000,2021.1.4,MacIntel,120.0048002
,,,,,,space,2.1022,2,1.2705,0,3,3,3,1,3,images/pixabay_cat_004332.jpg,Youjia Chen,001,2022-05-12_16h35.22.731,Cat face rating experiment_500-1000,2021.1.4,MacIntel,120.0048002
,,,,,,space,4.1803,7,3.5954,0,4,4,4,1,4,images/pixabay_cat_004678.jpg,Youjia Chen,001,2022-05-12_16h35.22.731,Cat face rating experiment_500-1000,2021.1.4,MacIntel,120.0048002
,,,,,,space,2.0154,2,1.7628,0,5,5,5,1,5,images/pixabay_cat_003953.jpg,Youjia Chen,001,2022-05-12_16h35.22.731,Cat face rating experiment_500-1000,2021.1.4,MacIntel,120.0048002
,,,,,,space,1.7101,2,1.1586,0,6,6,6,1,6,images/pixabay_cat_000066.jpg,Youjia Chen,001,2022-05-12_16h35.22.731,Cat face rating experiment_500-1000,2021.1.4,MacIntel,120.0048002
,,,,,,space,2.5018,1,2.2159,0,7,7,7,1,7,images/pixabay_cat_004307.jpg,Youjia Chen,001,2022-05-12_16h35.22.731,Cat face rating experiment_500-1000,2021.1.4,MacIntel,120.0048002
,,,,,,space,2.119,,,0,8,8,8,1,8,images/pixabay_cat_002361.jpg,Youjia Chen,001,2022-05-12_16h35.22.731,Cat face rating experiment_500-1000,2021.1.4,MacIntel,120.0048002
,,,,,,space,1.9636,5,1.605,0,9,9,9,1,9,images/pixabay_cat_003116.jpg,Youjia Chen,001,2022-05-12_16h35.22.731,Cat face rating experiment_500-1000,2021.1.4,MacIntel,120.0048002
,,,,,,space,1.5736,2,1.3788,0,10,10,10,1,10,images/pixabay_cat_003632.jpg,Youjia Chen,001,2022-05-12_16h35.22.731,Cat face rating experiment_500-1000,2021.1.4,MacIntel,120.0048002
,,,,,,space,1.735,7,1.5188,0,11,11,11,1,11,images/pixabay_cat_000083.jpg,Youjia Chen,001,2022-05-12_16h35.22.731,Cat face rating experiment_500-1000,2021.1.4,MacIntel,120.0048002
,,,,,,space,1.6783,6,1.2475,0,12,12,12,1,12,images/pixabay_cat_004027.jpg,Youjia Chen,001,2022-05-12_16h35.22.731,Cat face rating experiment_500-1000,2021.1.4,MacIntel,120.0048002
,,,,,,space,0.9927,6,0.6658,0,13,13,13,1,13,images/flickr_cat_000621.jpg,Youjia Chen,001,2022-05-12_16h35.22.731,Cat face rating experiment_500-1000,2021.1.4,MacIntel,120.0048002
,,,,,,space,1.1389,6,0.6934,0,14,14,14,1,14,images/pixabay_cat_004191.jpg,Youjia Chen,001,2022-05-12_16h35.22.731,Cat face rating experiment_500-1000,2021.1.4,MacIntel,120.0048002
,,,,,,space,3.1105,6,0.9596,0,15,15,15,1,15,images/pixabay_cat_003779.jpg,Youjia Chen,001,2022-05-12_16h35.22.731,Cat face rating experiment_500-1000,2021.1.4,MacIntel,120.0048002
,,,,,,space,1.5961,7,1.2769,0,16,16,16,1,16,images/flickr_cat_000369.jpg,Youjia Chen,001,2022-05-12_16h35.22.731,Cat face rating experiment_500-1000,2021.1.4,MacIntel,120.0048002
,,,,,,space,1.0402,7,0.6596,0,17,17,17,1,17,images/pixabay_cat_001572.jpg,Youjia Chen,001,2022-05-12_16h35.22.731,Cat face rating experiment_500-1000,2021.1.4,MacIntel,120.0048002
,,,,,,space,1.832,2,1.6762,0,18,18,18,1,18,images/flickr_cat_000107.jpg,Youjia Chen,001,2022-05-12_16h35.22.731,Cat face rating experiment_500-1000,2021.1.4,MacIntel,120.0048002
,,,,,,space,3.0821,7,2.9464,0,19,19,19,1,19,images/pixabay_cat_002366.jpg,Youjia Chen,001,2022-05-12_16h35.22.731,Cat face rating experiment_500-1000,2021.1.4,MacIntel,120.0048002
