key_resp.keys,key_resp.rt,key_resp_2.keys,key_resp_2.rt,key_resp_3.keys,key_resp_3.rt,key_resp_4.keys,key_resp_4.rt,slider.response,slider.rt,trials.thisRepN,trials.thisTrialN,trials.thisN,trials.thisIndex,trials.ran,trial_nums,img,participant,session,date,expName,psychopyVersion,OS,frameRate
space,1.672,space,1.016,space,1.178,space,3.018,3,2.082,0,0,0,0,1,0,images/pixabay_cat_000265.jpg,bx,001,2022-04-05_10h38.46.611,Cat face rating experiment_0-500,2021.1.4,MacIntel,58.82352941
,,,,,,space,4.407,,,0,1,1,1,1,1,images/pixabay_cat_003456.jpg,bx,001,2022-04-05_10h38.46.611,Cat face rating experiment_0-500,2021.1.4,MacIntel,58.82352941
,,,,,,space,2.849,2,2.379,0,2,2,2,1,2,images/pixabay_cat_001888.jpg,bx,001,2022-04-05_10h38.46.611,Cat face rating experiment_0-500,2021.1.4,MacIntel,58.82352941
,,,,,,space,3.236,3,1.728,0,3,3,3,1,3,images/pixabay_cat_002932.jpg,bx,001,2022-04-05_10h38.46.611,Cat face rating experiment_0-500,2021.1.4,MacIntel,58.82352941
,,,,,,space,1.347,3,1.046,0,4,4,4,1,4,images/pixabay_cat_001034.jpg,bx,001,2022-04-05_10h38.46.611,Cat face rating experiment_0-500,2021.1.4,MacIntel,58.82352941
,,,,,,space,0.983,3,0.715,0,5,5,5,1,5,images/flickr_cat_000685.jpg,bx,001,2022-04-05_10h38.46.611,Cat face rating experiment_0-500,2021.1.4,MacIntel,58.82352941
,,,,,,space,1.585,6,1.238,0,6,6,6,1,6,images/pixabay_cat_002620.jpg,bx,001,2022-04-05_10h38.46.611,Cat face rating experiment_0-500,2021.1.4,MacIntel,58.82352941
,,,,,,space,1.68,5,1.361,0,7,7,7,1,7,images/flickr_cat_000272.jpg,bx,001,2022-04-05_10h38.46.611,Cat face rating experiment_0-500,2021.1.4,MacIntel,58.82352941
,,,,,,space,1.648,3,1.377,0,8,8,8,1,8,images/flickr_cat_000764.jpg,bx,001,2022-04-05_10h38.46.611,Cat face rating experiment_0-500,2021.1.4,MacIntel,58.82352941
,,,,,,space,1.542,5,1.212,0,9,9,9,1,9,images/pixabay_cat_003872.jpg,bx,001,2022-04-05_10h38.46.611,Cat face rating experiment_0-500,2021.1.4,MacIntel,58.82352941
,,,,,,space,2.05,5,1.212,0,10,10,10,1,10,images/pixabay_cat_004323.jpg,bx,001,2022-04-05_10h38.46.611,Cat face rating experiment_0-500,2021.1.4,MacIntel,58.82352941
,,,,,,space,1.377,4,1.128,0,11,11,11,1,11,images/pixabay_cat_000548.jpg,bx,001,2022-04-05_10h38.46.611,Cat face rating experiment_0-500,2021.1.4,MacIntel,58.82352941
,,,,,,space,2.566,5,2.239,0,12,12,12,1,12,images/flickr_cat_000463.jpg,bx,001,2022-04-05_10h38.46.611,Cat face rating experiment_0-500,2021.1.4,MacIntel,58.82352941
,,,,,,space,1.566,3,1.26,0,13,13,13,1,13,images/flickr_cat_000204.jpg,bx,001,2022-04-05_10h38.46.611,Cat face rating experiment_0-500,2021.1.4,MacIntel,58.82352941
,,,,,,space,1.003,3,0.757,0,14,14,14,1,14,images/pixabay_cat_001531.jpg,bx,001,2022-04-05_10h38.46.611,Cat face rating experiment_0-500,2021.1.4,MacIntel,58.82352941
,,,,,,space,1.614,5,1.328,0,15,15,15,1,15,images/pixabay_cat_003665.jpg,bx,001,2022-04-05_10h38.46.611,Cat face rating experiment_0-500,2021.1.4,MacIntel,58.82352941
,,,,,,space,1.206,4,0.975,0,16,16,16,1,16,images/pixabay_cat_002893.jpg,bx,001,2022-04-05_10h38.46.611,Cat face rating experiment_0-500,2021.1.4,MacIntel,58.82352941
,,,,,,space,1.738,3,1.422,0,17,17,17,1,17,images/pixabay_cat_000223.jpg,bx,001,2022-04-05_10h38.46.611,Cat face rating experiment_0-500,2021.1.4,MacIntel,58.82352941
,,,,,,space,1.653,5,1.274,0,18,18,18,1,18,images/pixabay_cat_003726.jpg,bx,001,2022-04-05_10h38.46.611,Cat face rating experiment_0-500,2021.1.4,MacIntel,58.82352941
,,,,,,space,1.773,2,1.256,0,19,19,19,1,19,images/pixabay_cat_001244.jpg,bx,001,2022-04-05_10h38.46.611,Cat face rating experiment_0-500,2021.1.4,MacIntel,58.82352941
,,,,,,space,1.309,2,0.973,0,20,20,20,1,20,images/pixabay_cat_000572.jpg,bx,001,2022-04-05_10h38.46.611,Cat face rating experiment_0-500,2021.1.4,MacIntel,58.82352941
,,,,,,space,1.022,2,0.706,0,21,21,21,1,21,images/pixabay_cat_001023.jpg,bx,001,2022-04-05_10h38.46.611,Cat face rating experiment_0-500,2021.1.4,MacIntel,58.82352941
,,,,,,space,1.598,3,1.301,0,22,22,22,1,22,images/pixabay_cat_003287.jpg,bx,001,2022-04-05_10h38.46.611,Cat face rating experiment_0-500,2021.1.4,MacIntel,58.82352941
,,,,,,space,4.223,3,3.963,0,23,23,23,1,23,images/pixabay_cat_002876.jpg,bx,001,2022-04-05_10h38.46.611,Cat face rating experiment_0-500,2021.1.4,MacIntel,58.82352941
,,,,,,space,1.075,3,0.81,0,24,24,24,1,24,images/pixabay_cat_003702.jpg,bx,001,2022-04-05_10h38.46.611,Cat face rating experiment_0-500,2021.1.4,MacIntel,58.82352941
,,,,,,space,1.921,4,1.511,0,25,25,25,1,25,images/pixabay_cat_000258.jpg,bx,001,2022-04-05_10h38.46.611,Cat face rating experiment_0-500,2021.1.4,MacIntel,58.82352941
,,,,,,space,1.571,2,1.245,0,26,26,26,1,26,images/flickr_cat_000506.jpg,bx,001,2022-04-05_10h38.46.611,Cat face rating experiment_0-500,2021.1.4,MacIntel,58.82352941
,,,,,,space,3.984,5,3.684,0,27,27,27,1,27,images/flickr_cat_000469.jpg,bx,001,2022-04-05_10h38.46.611,Cat face rating experiment_0-500,2021.1.4,MacIntel,58.82352941
,,,,,,space,3.031,3,1.161,0,28,28,28,1,28,images/pixabay_cat_001432.jpg,bx,001,2022-04-05_10h38.46.611,Cat face rating experiment_0-500,2021.1.4,MacIntel,58.82352941
,,,,,,space,83.093,3,82.228,0,29,29,29,1,29,images/pixabay_cat_004240.jpg,bx,001,2022-04-05_10h38.46.611,Cat face rating experiment_0-500,2021.1.4,MacIntel,58.82352941
,,,,,,space,1.799,6,1.241,0,30,30,30,1,30,images/pixabay_cat_004443.jpg,bx,001,2022-04-05_10h38.46.611,Cat face rating experiment_0-500,2021.1.4,MacIntel,58.82352941
,,,,,,space,1.937,5,1.632,0,31,31,31,1,31,images/pixabay_cat_002104.jpg,bx,001,2022-04-05_10h38.46.611,Cat face rating experiment_0-500,2021.1.4,MacIntel,58.82352941
,,,,,,space,1.802,2,1.513,0,32,32,32,1,32,images/pixabay_cat_002059.jpg,bx,001,2022-04-05_10h38.46.611,Cat face rating experiment_0-500,2021.1.4,MacIntel,58.82352941
,,,,,,space,2.469,4,1.981,0,33,33,33,1,33,images/pixabay_cat_004462.jpg,bx,001,2022-04-05_10h38.46.611,Cat face rating experiment_0-500,2021.1.4,MacIntel,58.82352941
,,,,,,space,1.637,1,1.323,0,34,34,34,1,34,images/flickr_cat_000436.jpg,bx,001,2022-04-05_10h38.46.611,Cat face rating experiment_0-500,2021.1.4,MacIntel,58.82352941
,,,,,,space,1.286,3,0.856,0,35,35,35,1,35,images/flickr_cat_000291.jpg,bx,001,2022-04-05_10h38.46.611,Cat face rating experiment_0-500,2021.1.4,MacIntel,58.82352941
,,,,,,space,1.39,4,1.245,0,36,36,36,1,36,images/pixabay_cat_001907.jpg,bx,001,2022-04-05_10h38.46.611,Cat face rating experiment_0-500,2021.1.4,MacIntel,58.82352941
,,,,,,space,1.471,4,1.294,0,37,37,37,1,37,images/pixabay_cat_004593.jpg,bx,001,2022-04-05_10h38.46.611,Cat face rating experiment_0-500,2021.1.4,MacIntel,58.82352941
,,,,,,space,1.686,6,1.357,0,38,38,38,1,38,images/pixabay_cat_002774.jpg,bx,001,2022-04-05_10h38.46.611,Cat face rating experiment_0-500,2021.1.4,MacIntel,58.82352941
,,,,,,space,1.627,3,1.323,0,39,39,39,1,39,images/pixabay_cat_001265.jpg,bx,001,2022-04-05_10h38.46.611,Cat face rating experiment_0-500,2021.1.4,MacIntel,58.82352941
,,,,,,space,2.434,3,2.093,0,40,40,40,1,40,images/flickr_cat_000057.jpg,bx,001,2022-04-05_10h38.46.611,Cat face rating experiment_0-500,2021.1.4,MacIntel,58.82352941
,,,,,,space,1.147,2,0.815,0,41,41,41,1,41,images/pixabay_cat_002143.jpg,bx,001,2022-04-05_10h38.46.611,Cat face rating experiment_0-500,2021.1.4,MacIntel,58.82352941
,,,,,,space,2.833,4,2.541,0,42,42,42,1,42,images/flickr_cat_000661.jpg,bx,001,2022-04-05_10h38.46.611,Cat face rating experiment_0-500,2021.1.4,MacIntel,58.82352941
,,,,,,space,1.25,5,0.972,0,43,43,43,1,43,images/pixabay_cat_002411.jpg,bx,001,2022-04-05_10h38.46.611,Cat face rating experiment_0-500,2021.1.4,MacIntel,58.82352941
,,,,,,space,1.738,2,1.356,0,44,44,44,1,44,images/pixabay_cat_002309.jpg,bx,001,2022-04-05_10h38.46.611,Cat face rating experiment_0-500,2021.1.4,MacIntel,58.82352941
,,,,,,space,3.391,2,1.291,0,45,45,45,1,45,images/pixabay_cat_001534.jpg,bx,001,2022-04-05_10h38.46.611,Cat face rating experiment_0-500,2021.1.4,MacIntel,58.82352941
,,,,,,space,1.915,3,0.714,0,46,46,46,1,46,images/flickr_cat_000470.jpg,bx,001,2022-04-05_10h38.46.611,Cat face rating experiment_0-500,2021.1.4,MacIntel,58.82352941
,,,,,,space,1.325,4,0.875,0,47,47,47,1,47,images/pixabay_cat_002182.jpg,bx,001,2022-04-05_10h38.46.611,Cat face rating experiment_0-500,2021.1.4,MacIntel,58.82352941
,,,,,,space,1.804,4,1.611,0,48,48,48,1,48,images/pixabay_cat_001520.jpg,bx,001,2022-04-05_10h38.46.611,Cat face rating experiment_0-500,2021.1.4,MacIntel,58.82352941
,,,,,,space,1.701,5,1.193,0,49,49,49,1,49,images/flickr_cat_000171.jpg,bx,001,2022-04-05_10h38.46.611,Cat face rating experiment_0-500,2021.1.4,MacIntel,58.82352941
,,,,,,space,1.533,4,1.105,0,50,50,50,1,50,images/flickr_cat_000763.jpg,bx,001,2022-04-05_10h38.46.611,Cat face rating experiment_0-500,2021.1.4,MacIntel,58.82352941
,,,,,,space,1.499,6,1.206,0,51,51,51,1,51,images/pixabay_cat_002897.jpg,bx,001,2022-04-05_10h38.46.611,Cat face rating experiment_0-500,2021.1.4,MacIntel,58.82352941
,,,,,,space,1.37,3,1.072,0,52,52,52,1,52,images/flickr_cat_000662.jpg,bx,001,2022-04-05_10h38.46.611,Cat face rating experiment_0-500,2021.1.4,MacIntel,58.82352941
,,,,,,space,1.357,2,1.006,0,53,53,53,1,53,images/flickr_cat_000064.jpg,bx,001,2022-04-05_10h38.46.611,Cat face rating experiment_0-500,2021.1.4,MacIntel,58.82352941
,,,,,,space,1.688,3,0.811,0,54,54,54,1,54,images/pixabay_cat_004053.jpg,bx,001,2022-04-05_10h38.46.611,Cat face rating experiment_0-500,2021.1.4,MacIntel,58.82352941
,,,,,,space,2.386,1,2.025,0,55,55,55,1,55,images/pixabay_cat_004383.jpg,bx,001,2022-04-05_10h38.46.611,Cat face rating experiment_0-500,2021.1.4,MacIntel,58.82352941
,,,,,,space,1.199,1,0.864,0,56,56,56,1,56,images/pixabay_cat_003546.jpg,bx,001,2022-04-05_10h38.46.611,Cat face rating experiment_0-500,2021.1.4,MacIntel,58.82352941
,,,,,,space,1.168,1,0.827,0,57,57,57,1,57,images/pixabay_cat_001894.jpg,bx,001,2022-04-05_10h38.46.611,Cat face rating experiment_0-500,2021.1.4,MacIntel,58.82352941
,,,,,,space,4.056,2,1.64,0,58,58,58,1,58,images/pixabay_cat_000264.jpg,bx,001,2022-04-05_10h38.46.611,Cat face rating experiment_0-500,2021.1.4,MacIntel,58.82352941
,,,,,,space,4.892,3,1.325,0,59,59,59,1,59,images/pixabay_cat_001276.jpg,bx,001,2022-04-05_10h38.46.611,Cat face rating experiment_0-500,2021.1.4,MacIntel,58.82352941
,,,,,,space,2.415,3,0.837,0,60,60,60,1,60,images/pixabay_cat_002405.jpg,bx,001,2022-04-05_10h38.46.611,Cat face rating experiment_0-500,2021.1.4,MacIntel,58.82352941
,,,,,,space,3.52,4,3.233,0,61,61,61,1,61,images/pixabay_cat_002175.jpg,bx,001,2022-04-05_10h38.46.611,Cat face rating experiment_0-500,2021.1.4,MacIntel,58.82352941
,,,,,,space,2.396,5,1.656,0,62,62,62,1,62,images/pixabay_cat_000852.jpg,bx,001,2022-04-05_10h38.46.611,Cat face rating experiment_0-500,2021.1.4,MacIntel,58.82352941
,,,,,,space,1.959,1,1.64,0,63,63,63,1,63,images/pixabay_cat_001484.jpg,bx,001,2022-04-05_10h38.46.611,Cat face rating experiment_0-500,2021.1.4,MacIntel,58.82352941
,,,,,,space,1.317,2,1.026,0,64,64,64,1,64,images/pixabay_cat_004181.jpg,bx,001,2022-04-05_10h38.46.611,Cat face rating experiment_0-500,2021.1.4,MacIntel,58.82352941
,,,,,,space,3.54,5,3.229,0,65,65,65,1,65,images/pixabay_cat_003705.jpg,bx,001,2022-04-05_10h38.46.611,Cat face rating experiment_0-500,2021.1.4,MacIntel,58.82352941
,,,,,,space,1.655,3,1.332,0,66,66,66,1,66,images/pixabay_cat_004638.jpg,bx,001,2022-04-05_10h38.46.611,Cat face rating experiment_0-500,2021.1.4,MacIntel,58.82352941
,,,,,,space,1.135,3,0.823,0,67,67,67,1,67,images/pixabay_cat_003846.jpg,bx,001,2022-04-05_10h38.46.611,Cat face rating experiment_0-500,2021.1.4,MacIntel,58.82352941
,,,,,,space,1.377,3,0.922,0,68,68,68,1,68,images/pixabay_cat_001886.jpg,bx,001,2022-04-05_10h38.46.611,Cat face rating experiment_0-500,2021.1.4,MacIntel,58.82352941
,,,,,,space,1.134,3,0.944,0,69,69,69,1,69,images/pixabay_cat_004424.jpg,bx,001,2022-04-05_10h38.46.611,Cat face rating experiment_0-500,2021.1.4,MacIntel,58.82352941
,,,,,,space,27.844,1,27.487,0,70,70,70,1,70,images/pixabay_cat_002027.jpg,bx,001,2022-04-05_10h38.46.611,Cat face rating experiment_0-500,2021.1.4,MacIntel,58.82352941
,,,,,,space,1.019,1,0.823,0,71,71,71,1,71,images/pixabay_cat_004796.jpg,bx,001,2022-04-05_10h38.46.611,Cat face rating experiment_0-500,2021.1.4,MacIntel,58.82352941
,,,,,,space,1.556,1,1.189,0,72,72,72,1,72,images/pixabay_cat_001698.jpg,bx,001,2022-04-05_10h38.46.611,Cat face rating experiment_0-500,2021.1.4,MacIntel,58.82352941
,,,,,,space,1.566,2,1.266,0,73,73,73,1,73,images/pixabay_cat_001898.jpg,bx,001,2022-04-05_10h38.46.611,Cat face rating experiment_0-500,2021.1.4,MacIntel,58.82352941
,,,,,,space,1.057,2,0.792,0,74,74,74,1,74,images/pixabay_cat_002250.jpg,bx,001,2022-04-05_10h38.46.611,Cat face rating experiment_0-500,2021.1.4,MacIntel,58.82352941
,,,,,,space,1.267,2,0.873,0,75,75,75,1,75,images/pixabay_cat_004050.jpg,bx,001,2022-04-05_10h38.46.611,Cat face rating experiment_0-500,2021.1.4,MacIntel,58.82352941
,,,,,,space,1.15,2,0.782,0,76,76,76,1,76,images/pixabay_cat_002738.jpg,bx,001,2022-04-05_10h38.46.611,Cat face rating experiment_0-500,2021.1.4,MacIntel,58.82352941
,,,,,,space,1.007,2,0.727,0,77,77,77,1,77,images/flickr_cat_000034.jpg,bx,001,2022-04-05_10h38.46.611,Cat face rating experiment_0-500,2021.1.4,MacIntel,58.82352941
,,,,,,space,1.617,1,1.306,0,78,78,78,1,78,images/pixabay_cat_000766.jpg,bx,001,2022-04-05_10h38.46.611,Cat face rating experiment_0-500,2021.1.4,MacIntel,58.82352941
,,,,,,space,1.501,2,1.21,0,79,79,79,1,79,images/flickr_cat_000793.jpg,bx,001,2022-04-05_10h38.46.611,Cat face rating experiment_0-500,2021.1.4,MacIntel,58.82352941
,,,,,,space,1.235,3,0.906,0,80,80,80,1,80,images/pixabay_cat_000998.jpg,bx,001,2022-04-05_10h38.46.611,Cat face rating experiment_0-500,2021.1.4,MacIntel,58.82352941
,,,,,,space,1.282,4,1.106,0,81,81,81,1,81,images/pixabay_cat_002176.jpg,bx,001,2022-04-05_10h38.46.611,Cat face rating experiment_0-500,2021.1.4,MacIntel,58.82352941
,,,,,,space,1,4,0.824,0,82,82,82,1,82,images/flickr_cat_000066.jpg,bx,001,2022-04-05_10h38.46.611,Cat face rating experiment_0-500,2021.1.4,MacIntel,58.82352941
,,,,,,space,1.689,5,1.343,0,83,83,83,1,83,images/pixabay_cat_001796.jpg,bx,001,2022-04-05_10h38.46.611,Cat face rating experiment_0-500,2021.1.4,MacIntel,58.82352941
,,,,,,space,1.425,5,1.129,0,84,84,84,1,84,images/pixabay_cat_001862.jpg,bx,001,2022-04-05_10h38.46.611,Cat face rating experiment_0-500,2021.1.4,MacIntel,58.82352941
,,,,,,space,2.251,2,1.966,0,85,85,85,1,85,images/pixabay_cat_001624.jpg,bx,001,2022-04-05_10h38.46.611,Cat face rating experiment_0-500,2021.1.4,MacIntel,58.82352941
,,,,,,space,1.956,5,1.573,0,86,86,86,1,86,images/pixabay_cat_000822.jpg,bx,001,2022-04-05_10h38.46.611,Cat face rating experiment_0-500,2021.1.4,MacIntel,58.82352941
,,,,,,space,2.532,7,2.175,0,87,87,87,1,87,images/pixabay_cat_001353.jpg,bx,001,2022-04-05_10h38.46.611,Cat face rating experiment_0-500,2021.1.4,MacIntel,58.82352941
,,,,,,space,1.685,2,1.374,0,88,88,88,1,88,images/pixabay_cat_003405.jpg,bx,001,2022-04-05_10h38.46.611,Cat face rating experiment_0-500,2021.1.4,MacIntel,58.82352941
,,,,,,space,1.755,5,1.448,0,89,89,89,1,89,images/pixabay_cat_003174.jpg,bx,001,2022-04-05_10h38.46.611,Cat face rating experiment_0-500,2021.1.4,MacIntel,58.82352941
,,,,,,space,1.52,3,1.231,0,90,90,90,1,90,images/pixabay_cat_003323.jpg,bx,001,2022-04-05_10h38.46.611,Cat face rating experiment_0-500,2021.1.4,MacIntel,58.82352941
,,,,,,space,1.539,1,1.263,0,91,91,91,1,91,images/pixabay_cat_003603.jpg,bx,001,2022-04-05_10h38.46.611,Cat face rating experiment_0-500,2021.1.4,MacIntel,58.82352941
,,,,,,space,1.516,5,1.199,0,92,92,92,1,92,images/pixabay_cat_004244.jpg,bx,001,2022-04-05_10h38.46.611,Cat face rating experiment_0-500,2021.1.4,MacIntel,58.82352941
,,,,,,space,1.803,5,1.01,0,93,93,93,1,93,images/flickr_cat_000185.jpg,bx,001,2022-04-05_10h38.46.611,Cat face rating experiment_0-500,2021.1.4,MacIntel,58.82352941
,,,,,,space,2.4,4,2.077,0,94,94,94,1,94,images/pixabay_cat_004174.jpg,bx,001,2022-04-05_10h38.46.611,Cat face rating experiment_0-500,2021.1.4,MacIntel,58.82352941
,,,,,,space,1.589,3,1.266,0,95,95,95,1,95,images/pixabay_cat_003857.jpg,bx,001,2022-04-05_10h38.46.611,Cat face rating experiment_0-500,2021.1.4,MacIntel,58.82352941
,,,,,,space,1.496,2,1.111,0,96,96,96,1,96,images/pixabay_cat_000879.jpg,bx,001,2022-04-05_10h38.46.611,Cat face rating experiment_0-500,2021.1.4,MacIntel,58.82352941
,,,,,,space,1.02,2,0.755,0,97,97,97,1,97,images/pixabay_cat_001251.jpg,bx,001,2022-04-05_10h38.46.611,Cat face rating experiment_0-500,2021.1.4,MacIntel,58.82352941
,,,,,,space,1.235,2,0.977,0,98,98,98,1,98,images/pixabay_cat_000306.jpg,bx,001,2022-04-05_10h38.46.611,Cat face rating experiment_0-500,2021.1.4,MacIntel,58.82352941
,,,,,,space,1.082,2,0.762,0,99,99,99,1,99,images/pixabay_cat_004615.jpg,bx,001,2022-04-05_10h38.46.611,Cat face rating experiment_0-500,2021.1.4,MacIntel,58.82352941
,,,,,,space,1.666,3,1.39,0,100,100,100,1,100,images/pixabay_cat_001846.jpg,bx,001,2022-04-05_10h38.46.611,Cat face rating experiment_0-500,2021.1.4,MacIntel,58.82352941
,,,,,,space,19.055,5,18.481,0,101,101,101,1,101,images/pixabay_cat_002180.jpg,bx,001,2022-04-05_10h38.46.611,Cat face rating experiment_0-500,2021.1.4,MacIntel,58.82352941
,,,,,,space,2.348,1,2.028,0,102,102,102,1,102,images/pixabay_cat_004451.jpg,bx,001,2022-04-05_10h38.46.611,Cat face rating experiment_0-500,2021.1.4,MacIntel,58.82352941
,,,,,,space,1.018,1,0.756,0,103,103,103,1,103,images/flickr_cat_000281.jpg,bx,001,2022-04-05_10h38.46.611,Cat face rating experiment_0-500,2021.1.4,MacIntel,58.82352941
,,,,,,space,0.89,1,0.657,0,104,104,104,1,104,images/pixabay_cat_002858.jpg,bx,001,2022-04-05_10h38.46.611,Cat face rating experiment_0-500,2021.1.4,MacIntel,58.82352941
,,,,,,space,1.951,3,1.564,0,105,105,105,1,105,images/pixabay_cat_000992.jpg,bx,001,2022-04-05_10h38.46.611,Cat face rating experiment_0-500,2021.1.4,MacIntel,58.82352941
,,,,,,space,1.14,3,0.828,0,106,106,106,1,106,images/pixabay_cat_002097.jpg,bx,001,2022-04-05_10h38.46.611,Cat face rating experiment_0-500,2021.1.4,MacIntel,58.82352941
,,,,,,space,1.141,3,0.871,0,107,107,107,1,107,images/pixabay_cat_002098.jpg,bx,001,2022-04-05_10h38.46.611,Cat face rating experiment_0-500,2021.1.4,MacIntel,58.82352941
,,,,,,space,1.124,3,0.873,0,108,108,108,1,108,images/pixabay_cat_004280.jpg,bx,001,2022-04-05_10h38.46.611,Cat face rating experiment_0-500,2021.1.4,MacIntel,58.82352941
,,,,,,space,2.483,4,2.197,0,109,109,109,1,109,images/pixabay_cat_001545.jpg,bx,001,2022-04-05_10h38.46.611,Cat face rating experiment_0-500,2021.1.4,MacIntel,58.82352941
,,,,,,space,1.533,2,1.181,0,110,110,110,1,110,images/pixabay_cat_000455.jpg,bx,001,2022-04-05_10h38.46.611,Cat face rating experiment_0-500,2021.1.4,MacIntel,58.82352941
,,,,,,space,1.087,3,0.774,0,111,111,111,1,111,images/pixabay_cat_003089.jpg,bx,001,2022-04-05_10h38.46.611,Cat face rating experiment_0-500,2021.1.4,MacIntel,58.82352941
,,,,,,space,1.426,2,1.172,0,112,112,112,1,112,images/pixabay_cat_000383.jpg,bx,001,2022-04-05_10h38.46.611,Cat face rating experiment_0-500,2021.1.4,MacIntel,58.82352941
,,,,,,space,1.316,3,0.993,0,113,113,113,1,113,images/flickr_cat_000432.jpg,bx,001,2022-04-05_10h38.46.611,Cat face rating experiment_0-500,2021.1.4,MacIntel,58.82352941
,,,,,,space,1.317,3,1.045,0,114,114,114,1,114,images/pixabay_cat_001133.jpg,bx,001,2022-04-05_10h38.46.611,Cat face rating experiment_0-500,2021.1.4,MacIntel,58.82352941
,,,,,,space,1.408,2,1.046,0,115,115,115,1,115,images/pixabay_cat_003123.jpg,bx,001,2022-04-05_10h38.46.611,Cat face rating experiment_0-500,2021.1.4,MacIntel,58.82352941
,,,,,,space,1.997,3,1.641,0,116,116,116,1,116,images/pixabay_cat_001655.jpg,bx,001,2022-04-05_10h38.46.611,Cat face rating experiment_0-500,2021.1.4,MacIntel,58.82352941
,,,,,,space,1.331,5,0.989,0,117,117,117,1,117,images/pixabay_cat_003976.jpg,bx,001,2022-04-05_10h38.46.611,Cat face rating experiment_0-500,2021.1.4,MacIntel,58.82352941
,,,,,,space,1.707,2,1.376,0,118,118,118,1,118,images/pixabay_cat_000912.jpg,bx,001,2022-04-05_10h38.46.611,Cat face rating experiment_0-500,2021.1.4,MacIntel,58.82352941
,,,,,,space,1.436,2,1.026,0,119,119,119,1,119,images/flickr_cat_000059.jpg,bx,001,2022-04-05_10h38.46.611,Cat face rating experiment_0-500,2021.1.4,MacIntel,58.82352941
,,,,,,space,1.592,2,1.358,0,120,120,120,1,120,images/pixabay_cat_000819.jpg,bx,001,2022-04-05_10h38.46.611,Cat face rating experiment_0-500,2021.1.4,MacIntel,58.82352941
,,,,,,space,1.467,3,1.109,0,121,121,121,1,121,images/pixabay_cat_003980.jpg,bx,001,2022-04-05_10h38.46.611,Cat face rating experiment_0-500,2021.1.4,MacIntel,58.82352941
,,,,,,space,1.408,2,0.815,0,122,122,122,1,122,images/pixabay_cat_000798.jpg,bx,001,2022-04-05_10h38.46.611,Cat face rating experiment_0-500,2021.1.4,MacIntel,58.82352941
,,,,,,space,2.11,3,0.829,0,123,123,123,1,123,images/pixabay_cat_002599.jpg,bx,001,2022-04-05_10h38.46.611,Cat face rating experiment_0-500,2021.1.4,MacIntel,58.82352941
,,,,,,space,1.702,2,1.407,0,124,124,124,1,124,images/pixabay_cat_001193.jpg,bx,001,2022-04-05_10h38.46.611,Cat face rating experiment_0-500,2021.1.4,MacIntel,58.82352941
,,,,,,space,0.984,2,0.755,0,125,125,125,1,125,images/pixabay_cat_004644.jpg,bx,001,2022-04-05_10h38.46.611,Cat face rating experiment_0-500,2021.1.4,MacIntel,58.82352941
,,,,,,space,1.086,2,0.797,0,126,126,126,1,126,images/pixabay_cat_001274.jpg,bx,001,2022-04-05_10h38.46.611,Cat face rating experiment_0-500,2021.1.4,MacIntel,58.82352941
,,,,,,space,1.043,2,0.743,0,127,127,127,1,127,images/flickr_cat_000820.jpg,bx,001,2022-04-05_10h38.46.611,Cat face rating experiment_0-500,2021.1.4,MacIntel,58.82352941
,,,,,,space,1.105,2,0.823,0,128,128,128,1,128,images/pixabay_cat_001568.jpg,bx,001,2022-04-05_10h38.46.611,Cat face rating experiment_0-500,2021.1.4,MacIntel,58.82352941
,,,,,,space,1.122,2,0.806,0,129,129,129,1,129,images/pixabay_cat_001123.jpg,bx,001,2022-04-05_10h38.46.611,Cat face rating experiment_0-500,2021.1.4,MacIntel,58.82352941
,,,,,,space,1.406,2,1.215,0,130,130,130,1,130,images/pixabay_cat_001498.jpg,bx,001,2022-04-05_10h38.46.611,Cat face rating experiment_0-500,2021.1.4,MacIntel,58.82352941
,,,,,,space,1.87,3,1.508,0,131,131,131,1,131,images/pixabay_cat_001301.jpg,bx,001,2022-04-05_10h38.46.611,Cat face rating experiment_0-500,2021.1.4,MacIntel,58.82352941
,,,,,,space,1.379,3,0.99,0,132,132,132,1,132,images/pixabay_cat_002404.jpg,bx,001,2022-04-05_10h38.46.611,Cat face rating experiment_0-500,2021.1.4,MacIntel,58.82352941
,,,,,,space,1.201,3,0.876,0,133,133,133,1,133,images/pixabay_cat_001714.jpg,bx,001,2022-04-05_10h38.46.611,Cat face rating experiment_0-500,2021.1.4,MacIntel,58.82352941
,,,,,,space,1.098,3,0.808,0,134,134,134,1,134,images/pixabay_cat_003332.jpg,bx,001,2022-04-05_10h38.46.611,Cat face rating experiment_0-500,2021.1.4,MacIntel,58.82352941
,,,,,,space,1.232,3,0.927,0,135,135,135,1,135,images/pixabay_cat_000176.jpg,bx,001,2022-04-05_10h38.46.611,Cat face rating experiment_0-500,2021.1.4,MacIntel,58.82352941
,,,,,,space,1.106,3,0.846,0,136,136,136,1,136,images/pixabay_cat_003592.jpg,bx,001,2022-04-05_10h38.46.611,Cat face rating experiment_0-500,2021.1.4,MacIntel,58.82352941
,,,,,,space,1.033,3,0.69,0,137,137,137,1,137,images/pixabay_cat_001978.jpg,bx,001,2022-04-05_10h38.46.611,Cat face rating experiment_0-500,2021.1.4,MacIntel,58.82352941
,,,,,,space,3.757,3,3.458,0,138,138,138,1,138,images/pixabay_cat_000739.jpg,bx,001,2022-04-05_10h38.46.611,Cat face rating experiment_0-500,2021.1.4,MacIntel,58.82352941
,,,,,,space,1.134,3,0.892,0,139,139,139,1,139,images/pixabay_cat_000620.jpg,bx,001,2022-04-05_10h38.46.611,Cat face rating experiment_0-500,2021.1.4,MacIntel,58.82352941
,,,,,,space,1.2,3,0.949,0,140,140,140,1,140,images/pixabay_cat_000659.jpg,bx,001,2022-04-05_10h38.46.611,Cat face rating experiment_0-500,2021.1.4,MacIntel,58.82352941
,,,,,,space,1.2,3,0.897,0,141,141,141,1,141,images/pixabay_cat_002627.jpg,bx,001,2022-04-05_10h38.46.611,Cat face rating experiment_0-500,2021.1.4,MacIntel,58.82352941
,,,,,,space,1.017,3,0.706,0,142,142,142,1,142,images/flickr_cat_000797.jpg,bx,001,2022-04-05_10h38.46.611,Cat face rating experiment_0-500,2021.1.4,MacIntel,58.82352941
,,,,,,space,2.727,2,1.924,0,143,143,143,1,143,images/pixabay_cat_003057.jpg,bx,001,2022-04-05_10h38.46.611,Cat face rating experiment_0-500,2021.1.4,MacIntel,58.82352941
,,,,,,space,1.229,2,0.933,0,144,144,144,1,144,images/pixabay_cat_003851.jpg,bx,001,2022-04-05_10h38.46.611,Cat face rating experiment_0-500,2021.1.4,MacIntel,58.82352941
,,,,,,space,1.308,2,1,0,145,145,145,1,145,images/pixabay_cat_003962.jpg,bx,001,2022-04-05_10h38.46.611,Cat face rating experiment_0-500,2021.1.4,MacIntel,58.82352941
,,,,,,space,0.915,2,0.643,0,146,146,146,1,146,images/pixabay_cat_004447.jpg,bx,001,2022-04-05_10h38.46.611,Cat face rating experiment_0-500,2021.1.4,MacIntel,58.82352941
,,,,,,space,1.102,2,0.772,0,147,147,147,1,147,images/flickr_cat_000438.jpg,bx,001,2022-04-05_10h38.46.611,Cat face rating experiment_0-500,2021.1.4,MacIntel,58.82352941
,,,,,,space,3.189,2,2.844,0,148,148,148,1,148,images/flickr_cat_000511.jpg,bx,001,2022-04-05_10h38.46.611,Cat face rating experiment_0-500,2021.1.4,MacIntel,58.82352941
,,,,,,space,1.118,2,0.81,0,149,149,149,1,149,images/pixabay_cat_003704.jpg,bx,001,2022-04-05_10h38.46.611,Cat face rating experiment_0-500,2021.1.4,MacIntel,58.82352941
,,,,,,space,1.804,5,1.499,0,150,150,150,1,150,images/pixabay_cat_002372.jpg,bx,001,2022-04-05_10h38.46.611,Cat face rating experiment_0-500,2021.1.4,MacIntel,58.82352941
,,,,,,space,1.674,1,1.376,0,151,151,151,1,151,images/pixabay_cat_003078.jpg,bx,001,2022-04-05_10h38.46.611,Cat face rating experiment_0-500,2021.1.4,MacIntel,58.82352941
,,,,,,space,1.084,2,0.755,0,152,152,152,1,152,images/flickr_cat_000577.jpg,bx,001,2022-04-05_10h38.46.611,Cat face rating experiment_0-500,2021.1.4,MacIntel,58.82352941
,,,,,,space,2.358,2,2.062,0,153,153,153,1,153,images/pixabay_cat_002172.jpg,bx,001,2022-04-05_10h38.46.611,Cat face rating experiment_0-500,2021.1.4,MacIntel,58.82352941
,,,,,,space,1.189,2,0.861,0,154,154,154,1,154,images/pixabay_cat_004500.jpg,bx,001,2022-04-05_10h38.46.611,Cat face rating experiment_0-500,2021.1.4,MacIntel,58.82352941
,,,,,,space,1.516,2,1.21,0,155,155,155,1,155,images/flickr_cat_000003.jpg,bx,001,2022-04-05_10h38.46.611,Cat face rating experiment_0-500,2021.1.4,MacIntel,58.82352941
,,,,,,space,1.449,3,1.132,0,156,156,156,1,156,images/pixabay_cat_000574.jpg,bx,001,2022-04-05_10h38.46.611,Cat face rating experiment_0-500,2021.1.4,MacIntel,58.82352941
,,,,,,space,2.517,4,1.149,0,157,157,157,1,157,images/pixabay_cat_002457.jpg,bx,001,2022-04-05_10h38.46.611,Cat face rating experiment_0-500,2021.1.4,MacIntel,58.82352941
,,,,,,space,1.321,3,1.006,0,158,158,158,1,158,images/pixabay_cat_000359.jpg,bx,001,2022-04-05_10h38.46.611,Cat face rating experiment_0-500,2021.1.4,MacIntel,58.82352941
,,,,,,space,1.549,3,1.161,0,159,159,159,1,159,images/pixabay_cat_000496.jpg,bx,001,2022-04-05_10h38.46.611,Cat face rating experiment_0-500,2021.1.4,MacIntel,58.82352941
,,,,,,space,1.584,1,1.29,0,160,160,160,1,160,images/pixabay_cat_000379.jpg,bx,001,2022-04-05_10h38.46.611,Cat face rating experiment_0-500,2021.1.4,MacIntel,58.82352941
,,,,,,space,1.417,2,1.108,0,161,161,161,1,161,images/flickr_cat_000046.jpg,bx,001,2022-04-05_10h38.46.611,Cat face rating experiment_0-500,2021.1.4,MacIntel,58.82352941
,,,,,,space,1.584,1,1.194,0,162,162,162,1,162,images/pixabay_cat_004397.jpg,bx,001,2022-04-05_10h38.46.611,Cat face rating experiment_0-500,2021.1.4,MacIntel,58.82352941
,,,,,,space,1.319,2,0.894,0,163,163,163,1,163,images/flickr_cat_000663.jpg,bx,001,2022-04-05_10h38.46.611,Cat face rating experiment_0-500,2021.1.4,MacIntel,58.82352941
,,,,,,space,2.052,5,1.783,0,164,164,164,1,164,images/pixabay_cat_002199.jpg,bx,001,2022-04-05_10h38.46.611,Cat face rating experiment_0-500,2021.1.4,MacIntel,58.82352941
,,,,,,space,2.69,3,2.39,0,165,165,165,1,165,images/pixabay_cat_000262.jpg,bx,001,2022-04-05_10h38.46.611,Cat face rating experiment_0-500,2021.1.4,MacIntel,58.82352941
,,,,,,space,1.217,2,0.922,0,166,166,166,1,166,images/pixabay_cat_002512.jpg,bx,001,2022-04-05_10h38.46.611,Cat face rating experiment_0-500,2021.1.4,MacIntel,58.82352941
,,,,,,space,0.873,2,0.706,0,167,167,167,1,167,images/pixabay_cat_002963.jpg,bx,001,2022-04-05_10h38.46.611,Cat face rating experiment_0-500,2021.1.4,MacIntel,58.82352941
,,,,,,space,1.688,4,1.244,0,168,168,168,1,168,images/flickr_cat_000217.jpg,bx,001,2022-04-05_10h38.46.611,Cat face rating experiment_0-500,2021.1.4,MacIntel,58.82352941
,,,,,,space,1.065,3,0.757,0,169,169,169,1,169,images/pixabay_cat_001813.jpg,bx,001,2022-04-05_10h38.46.611,Cat face rating experiment_0-500,2021.1.4,MacIntel,58.82352941
,,,,,,space,1.428,3,0.929,0,170,170,170,1,170,images/pixabay_cat_000332.jpg,bx,001,2022-04-05_10h38.46.611,Cat face rating experiment_0-500,2021.1.4,MacIntel,58.82352941
,,,,,,space,1.52,2,1.306,0,171,171,171,1,171,images/flickr_cat_000638.jpg,bx,001,2022-04-05_10h38.46.611,Cat face rating experiment_0-500,2021.1.4,MacIntel,58.82352941
,,,,,,space,1.908,2,1.629,0,172,172,172,1,172,images/pixabay_cat_001722.jpg,bx,001,2022-04-05_10h38.46.611,Cat face rating experiment_0-500,2021.1.4,MacIntel,58.82352941
,,,,,,space,1.488,5,1.209,0,173,173,173,1,173,images/pixabay_cat_000034.jpg,bx,001,2022-04-05_10h38.46.611,Cat face rating experiment_0-500,2021.1.4,MacIntel,58.82352941
,,,,,,space,2.35,6,2.016,0,174,174,174,1,174,images/pixabay_cat_003888.jpg,bx,001,2022-04-05_10h38.46.611,Cat face rating experiment_0-500,2021.1.4,MacIntel,58.82352941
,,,,,,space,1.652,1,1.383,0,175,175,175,1,175,images/pixabay_cat_002408.jpg,bx,001,2022-04-05_10h38.46.611,Cat face rating experiment_0-500,2021.1.4,MacIntel,58.82352941
,,,,,,space,1.491,2,1.177,0,176,176,176,1,176,images/pixabay_cat_003398.jpg,bx,001,2022-04-05_10h38.46.611,Cat face rating experiment_0-500,2021.1.4,MacIntel,58.82352941
,,,,,,space,1.958,5,1.659,0,177,177,177,1,177,images/pixabay_cat_003226.jpg,bx,001,2022-04-05_10h38.46.611,Cat face rating experiment_0-500,2021.1.4,MacIntel,58.82352941
,,,,,,space,1.422,3,1.115,0,178,178,178,1,178,images/pixabay_cat_001472.jpg,bx,001,2022-04-05_10h38.46.611,Cat face rating experiment_0-500,2021.1.4,MacIntel,58.82352941
,,,,,,space,1.284,4,1.047,0,179,179,179,1,179,images/pixabay_cat_000063.jpg,bx,001,2022-04-05_10h38.46.611,Cat face rating experiment_0-500,2021.1.4,MacIntel,58.82352941
,,,,,,space,2.152,5,1.946,0,180,180,180,1,180,images/pixabay_cat_003893.jpg,bx,001,2022-04-05_10h38.46.611,Cat face rating experiment_0-500,2021.1.4,MacIntel,58.82352941
,,,,,,space,1.681,3,1.373,0,181,181,181,1,181,images/pixabay_cat_000442.jpg,bx,001,2022-04-05_10h38.46.611,Cat face rating experiment_0-500,2021.1.4,MacIntel,58.82352941
,,,,,,space,1.651,1,1.391,0,182,182,182,1,182,images/flickr_cat_000773.jpg,bx,001,2022-04-05_10h38.46.611,Cat face rating experiment_0-500,2021.1.4,MacIntel,58.82352941
,,,,,,space,1.888,3,1.59,0,183,183,183,1,183,images/pixabay_cat_004091.jpg,bx,001,2022-04-05_10h38.46.611,Cat face rating experiment_0-500,2021.1.4,MacIntel,58.82352941
,,,,,,space,1.09,2,0.864,0,184,184,184,1,184,images/pixabay_cat_003152.jpg,bx,001,2022-04-05_10h38.46.611,Cat face rating experiment_0-500,2021.1.4,MacIntel,58.82352941
,,,,,,space,1.068,2,0.806,0,185,185,185,1,185,images/pixabay_cat_004821.jpg,bx,001,2022-04-05_10h38.46.611,Cat face rating experiment_0-500,2021.1.4,MacIntel,58.82352941
,,,,,,space,0.923,2,0.64,0,186,186,186,1,186,images/pixabay_cat_002288.jpg,bx,001,2022-04-05_10h38.46.611,Cat face rating experiment_0-500,2021.1.4,MacIntel,58.82352941
,,,,,,space,0.969,2,0.678,0,187,187,187,1,187,images/pixabay_cat_003867.jpg,bx,001,2022-04-05_10h38.46.611,Cat face rating experiment_0-500,2021.1.4,MacIntel,58.82352941
,,,,,,space,1.203,2,0.893,0,188,188,188,1,188,images/pixabay_cat_004493.jpg,bx,001,2022-04-05_10h38.46.611,Cat face rating experiment_0-500,2021.1.4,MacIntel,58.82352941
,,,,,,space,1.066,2,0.775,0,189,189,189,1,189,images/pixabay_cat_002530.jpg,bx,001,2022-04-05_10h38.46.611,Cat face rating experiment_0-500,2021.1.4,MacIntel,58.82352941
,,,,,,space,1.003,2,0.705,0,190,190,190,1,190,images/pixabay_cat_002297.jpg,bx,001,2022-04-05_10h38.46.611,Cat face rating experiment_0-500,2021.1.4,MacIntel,58.82352941
,,,,,,space,0.951,2,0.66,0,191,191,191,1,191,images/pixabay_cat_001734.jpg,bx,001,2022-04-05_10h38.46.611,Cat face rating experiment_0-500,2021.1.4,MacIntel,58.82352941
,,,,,,space,1.135,2,0.859,0,192,192,192,1,192,images/flickr_cat_000718.jpg,bx,001,2022-04-05_10h38.46.611,Cat face rating experiment_0-500,2021.1.4,MacIntel,58.82352941
,,,,,,space,4.241,2,3.892,0,193,193,193,1,193,images/pixabay_cat_001019.jpg,bx,001,2022-04-05_10h38.46.611,Cat face rating experiment_0-500,2021.1.4,MacIntel,58.82352941
,,,,,,space,1.406,2,1.192,0,194,194,194,1,194,images/pixabay_cat_000456.jpg,bx,001,2022-04-05_10h38.46.611,Cat face rating experiment_0-500,2021.1.4,MacIntel,58.82352941
,,,,,,space,1.688,5,1.423,0,195,195,195,1,195,images/pixabay_cat_002847.jpg,bx,001,2022-04-05_10h38.46.611,Cat face rating experiment_0-500,2021.1.4,MacIntel,58.82352941
,,,,,,space,1.584,3,1.207,0,196,196,196,1,196,images/flickr_cat_000298.jpg,bx,001,2022-04-05_10h38.46.611,Cat face rating experiment_0-500,2021.1.4,MacIntel,58.82352941
,,,,,,space,1.639,2,1.34,0,197,197,197,1,197,images/pixabay_cat_003868.jpg,bx,001,2022-04-05_10h38.46.611,Cat face rating experiment_0-500,2021.1.4,MacIntel,58.82352941
,,,,,,space,1.52,3,1.231,0,198,198,198,1,198,images/pixabay_cat_003003.jpg,bx,001,2022-04-05_10h38.46.611,Cat face rating experiment_0-500,2021.1.4,MacIntel,58.82352941
,,,,,,space,1.227,2,0.945,0,199,199,199,1,199,images/pixabay_cat_003233.jpg,bx,001,2022-04-05_10h38.46.611,Cat face rating experiment_0-500,2021.1.4,MacIntel,58.82352941
,,,,,,space,1.568,3,0.981,0,200,200,200,1,200,images/pixabay_cat_000021.jpg,bx,001,2022-04-05_10h38.46.611,Cat face rating experiment_0-500,2021.1.4,MacIntel,58.82352941
,,,,,,space,1.12,2,0.839,0,201,201,201,1,201,images/pixabay_cat_003295.jpg,bx,001,2022-04-05_10h38.46.611,Cat face rating experiment_0-500,2021.1.4,MacIntel,58.82352941
,,,,,,space,1.013,2,0.761,0,202,202,202,1,202,images/pixabay_cat_000897.jpg,bx,001,2022-04-05_10h38.46.611,Cat face rating experiment_0-500,2021.1.4,MacIntel,58.82352941
,,,,,,space,0.821,2,0.577,0,203,203,203,1,203,images/pixabay_cat_002729.jpg,bx,001,2022-04-05_10h38.46.611,Cat face rating experiment_0-500,2021.1.4,MacIntel,58.82352941
,,,,,,space,1.568,3,1.288,0,204,204,204,1,204,images/pixabay_cat_004139.jpg,bx,001,2022-04-05_10h38.46.611,Cat face rating experiment_0-500,2021.1.4,MacIntel,58.82352941
,,,,,,space,1.085,2,0.759,0,205,205,205,1,205,images/flickr_cat_000562.jpg,bx,001,2022-04-05_10h38.46.611,Cat face rating experiment_0-500,2021.1.4,MacIntel,58.82352941
,,,,,,space,1.001,2,0.632,0,206,206,206,1,206,images/pixabay_cat_000662.jpg,bx,001,2022-04-05_10h38.46.611,Cat face rating experiment_0-500,2021.1.4,MacIntel,58.82352941
,,,,,,space,2.381,4,2.112,0,207,207,207,1,207,images/pixabay_cat_003383.jpg,bx,001,2022-04-05_10h38.46.611,Cat face rating experiment_0-500,2021.1.4,MacIntel,58.82352941
,,,,,,space,1.1,3,0.79,0,208,208,208,1,208,images/pixabay_cat_001253.jpg,bx,001,2022-04-05_10h38.46.611,Cat face rating experiment_0-500,2021.1.4,MacIntel,58.82352941
,,,,,,space,1.602,1,1.349,0,209,209,209,1,209,images/pixabay_cat_001892.jpg,bx,001,2022-04-05_10h38.46.611,Cat face rating experiment_0-500,2021.1.4,MacIntel,58.82352941
,,,,,,space,1.387,2,1.14,0,210,210,210,1,210,images/pixabay_cat_000880.jpg,bx,001,2022-04-05_10h38.46.611,Cat face rating experiment_0-500,2021.1.4,MacIntel,58.82352941
,,,,,,space,0.998,2,0.832,0,211,211,211,1,211,images/pixabay_cat_004824.jpg,bx,001,2022-04-05_10h38.46.611,Cat face rating experiment_0-500,2021.1.4,MacIntel,58.82352941
,,,,,,space,1.088,2,0.958,0,212,212,212,1,212,images/pixabay_cat_003694.jpg,bx,001,2022-04-05_10h38.46.611,Cat face rating experiment_0-500,2021.1.4,MacIntel,58.82352941
,,,,,,space,0.918,2,0.756,0,213,213,213,1,213,images/pixabay_cat_003436.jpg,bx,001,2022-04-05_10h38.46.611,Cat face rating experiment_0-500,2021.1.4,MacIntel,58.82352941
,,,,,,space,1.437,2,1.091,0,214,214,214,1,214,images/pixabay_cat_003682.jpg,bx,001,2022-04-05_10h38.46.611,Cat face rating experiment_0-500,2021.1.4,MacIntel,58.82352941
,,,,,,space,1.776,3,1.535,0,215,215,215,1,215,images/pixabay_cat_001368.jpg,bx,001,2022-04-05_10h38.46.611,Cat face rating experiment_0-500,2021.1.4,MacIntel,58.82352941
,,,,,,space,1.289,3,1.046,0,216,216,216,1,216,images/pixabay_cat_001304.jpg,bx,001,2022-04-05_10h38.46.611,Cat face rating experiment_0-500,2021.1.4,MacIntel,58.82352941
,,,,,,space,1.39,3,1.078,0,217,217,217,1,217,images/pixabay_cat_001980.jpg,bx,001,2022-04-05_10h38.46.611,Cat face rating experiment_0-500,2021.1.4,MacIntel,58.82352941
,,,,,,space,1.289,2,0.99,0,218,218,218,1,218,images/pixabay_cat_002613.jpg,bx,001,2022-04-05_10h38.46.611,Cat face rating experiment_0-500,2021.1.4,MacIntel,58.82352941
,,,,,,space,0.92,2,0.662,0,219,219,219,1,219,images/pixabay_cat_003312.jpg,bx,001,2022-04-05_10h38.46.611,Cat face rating experiment_0-500,2021.1.4,MacIntel,58.82352941
,,,,,,space,1.018,2,0.805,0,220,220,220,1,220,images/pixabay_cat_004572.jpg,bx,001,2022-04-05_10h38.46.611,Cat face rating experiment_0-500,2021.1.4,MacIntel,58.82352941
,,,,,,space,1.1,2,0.773,0,221,221,221,1,221,images/pixabay_cat_003245.jpg,bx,001,2022-04-05_10h38.46.611,Cat face rating experiment_0-500,2021.1.4,MacIntel,58.82352941
,,,,,,space,1.856,1,1.573,0,222,222,222,1,222,images/pixabay_cat_003128.jpg,bx,001,2022-04-05_10h38.46.611,Cat face rating experiment_0-500,2021.1.4,MacIntel,58.82352941
,,,,,,space,1.005,2,0.698,0,223,223,223,1,223,images/pixabay_cat_000787.jpg,bx,001,2022-04-05_10h38.46.611,Cat face rating experiment_0-500,2021.1.4,MacIntel,58.82352941
,,,,,,space,1.084,2,0.775,0,224,224,224,1,224,images/pixabay_cat_002972.jpg,bx,001,2022-04-05_10h38.46.611,Cat face rating experiment_0-500,2021.1.4,MacIntel,58.82352941
,,,,,,space,1.399,3,1.123,0,225,225,225,1,225,images/pixabay_cat_001785.jpg,bx,001,2022-04-05_10h38.46.611,Cat face rating experiment_0-500,2021.1.4,MacIntel,58.82352941
,,,,,,space,1.7,3,1.399,0,226,226,226,1,226,images/pixabay_cat_001648.jpg,bx,001,2022-04-05_10h38.46.611,Cat face rating experiment_0-500,2021.1.4,MacIntel,58.82352941
,,,,,,space,0.986,2,0.696,0,227,227,227,1,227,images/pixabay_cat_003196.jpg,bx,001,2022-04-05_10h38.46.611,Cat face rating experiment_0-500,2021.1.4,MacIntel,58.82352941
,,,,,,space,1.403,4,1.191,0,228,228,228,1,228,images/pixabay_cat_002388.jpg,bx,001,2022-04-05_10h38.46.611,Cat face rating experiment_0-500,2021.1.4,MacIntel,58.82352941
,,,,,,space,1.365,3,1.124,0,229,229,229,1,229,images/pixabay_cat_003136.jpg,bx,001,2022-04-05_10h38.46.611,Cat face rating experiment_0-500,2021.1.4,MacIntel,58.82352941
,,,,,,space,1.049,2,0.748,0,230,230,230,1,230,images/pixabay_cat_000694.jpg,bx,001,2022-04-05_10h38.46.611,Cat face rating experiment_0-500,2021.1.4,MacIntel,58.82352941
,,,,,,space,1.702,6,1.382,0,231,231,231,1,231,images/pixabay_cat_001458.jpg,bx,001,2022-04-05_10h38.46.611,Cat face rating experiment_0-500,2021.1.4,MacIntel,58.82352941
,,,,,,space,1.442,3,1.139,0,232,232,232,1,232,images/pixabay_cat_001129.jpg,bx,001,2022-04-05_10h38.46.611,Cat face rating experiment_0-500,2021.1.4,MacIntel,58.82352941
,,,,,,space,1.506,2,1.061,0,233,233,233,1,233,images/flickr_cat_000494.jpg,bx,001,2022-04-05_10h38.46.611,Cat face rating experiment_0-500,2021.1.4,MacIntel,58.82352941
,,,,,,space,1.033,2,0.743,0,234,234,234,1,234,images/flickr_cat_000202.jpg,bx,001,2022-04-05_10h38.46.611,Cat face rating experiment_0-500,2021.1.4,MacIntel,58.82352941
,,,,,,space,1.133,2,0.806,0,235,235,235,1,235,images/pixabay_cat_002233.jpg,bx,001,2022-04-05_10h38.46.611,Cat face rating experiment_0-500,2021.1.4,MacIntel,58.82352941
,,,,,,space,1.116,2,0.856,0,236,236,236,1,236,images/pixabay_cat_000186.jpg,bx,001,2022-04-05_10h38.46.611,Cat face rating experiment_0-500,2021.1.4,MacIntel,58.82352941
,,,,,,space,1.39,3,1.139,0,237,237,237,1,237,images/pixabay_cat_002799.jpg,bx,001,2022-04-05_10h38.46.611,Cat face rating experiment_0-500,2021.1.4,MacIntel,58.82352941
,,,,,,space,1.235,2,0.866,0,238,238,238,1,238,images/pixabay_cat_004033.jpg,bx,001,2022-04-05_10h38.46.611,Cat face rating experiment_0-500,2021.1.4,MacIntel,58.82352941
,,,,,,space,1.32,2,0.822,0,239,239,239,1,239,images/flickr_cat_000581.jpg,bx,001,2022-04-05_10h38.46.611,Cat face rating experiment_0-500,2021.1.4,MacIntel,58.82352941
,,,,,,space,3.802,2,0.782,0,240,240,240,1,240,images/flickr_cat_000803.jpg,bx,001,2022-04-05_10h38.46.611,Cat face rating experiment_0-500,2021.1.4,MacIntel,58.82352941
,,,,,,space,1.189,3,0.676,0,241,241,241,1,241,images/pixabay_cat_000354.jpg,bx,001,2022-04-05_10h38.46.611,Cat face rating experiment_0-500,2021.1.4,MacIntel,58.82352941
,,,,,,space,1.225,3,0.861,0,242,242,242,1,242,images/pixabay_cat_003304.jpg,bx,001,2022-04-05_10h38.46.611,Cat face rating experiment_0-500,2021.1.4,MacIntel,58.82352941
,,,,,,space,4.593,3,0.927,0,243,243,243,1,243,images/pixabay_cat_001836.jpg,bx,001,2022-04-05_10h38.46.611,Cat face rating experiment_0-500,2021.1.4,MacIntel,58.82352941
,,,,,,space,1.603,4,1.424,0,244,244,244,1,244,images/pixabay_cat_002563.jpg,bx,001,2022-04-05_10h38.46.611,Cat face rating experiment_0-500,2021.1.4,MacIntel,58.82352941
,,,,,,space,1.041,3,0.755,0,245,245,245,1,245,images/flickr_cat_000333.jpg,bx,001,2022-04-05_10h38.46.611,Cat face rating experiment_0-500,2021.1.4,MacIntel,58.82352941
,,,,,,space,1.092,3,0.81,0,246,246,246,1,246,images/pixabay_cat_004416.jpg,bx,001,2022-04-05_10h38.46.611,Cat face rating experiment_0-500,2021.1.4,MacIntel,58.82352941
,,,,,,space,1.568,5,1.222,0,247,247,247,1,247,images/pixabay_cat_002403.jpg,bx,001,2022-04-05_10h38.46.611,Cat face rating experiment_0-500,2021.1.4,MacIntel,58.82352941
,,,,,,space,1.939,3,1.607,0,248,248,248,1,248,images/pixabay_cat_004492.jpg,bx,001,2022-04-05_10h38.46.611,Cat face rating experiment_0-500,2021.1.4,MacIntel,58.82352941
,,,,,,space,6.525,3,1.316,0,249,249,249,1,249,images/pixabay_cat_003149.jpg,bx,001,2022-04-05_10h38.46.611,Cat face rating experiment_0-500,2021.1.4,MacIntel,58.82352941
,,,,,,space,3.851,2,3.496,0,250,250,250,1,250,images/pixabay_cat_002505.jpg,bx,001,2022-04-05_10h38.46.611,Cat face rating experiment_0-500,2021.1.4,MacIntel,58.82352941
,,,,,,space,1.788,1,1.491,0,251,251,251,1,251,images/pixabay_cat_002607.jpg,bx,001,2022-04-05_10h38.46.611,Cat face rating experiment_0-500,2021.1.4,MacIntel,58.82352941
,,,,,,space,1.179,2,0.846,0,252,252,252,1,252,images/pixabay_cat_003526.jpg,bx,001,2022-04-05_10h38.46.611,Cat face rating experiment_0-500,2021.1.4,MacIntel,58.82352941
,,,,,,space,1.304,3,0.929,0,253,253,253,1,253,images/pixabay_cat_004818.jpg,bx,001,2022-04-05_10h38.46.611,Cat face rating experiment_0-500,2021.1.4,MacIntel,58.82352941
,,,,,,space,2.002,5,1.69,0,254,254,254,1,254,images/pixabay_cat_000368.jpg,bx,001,2022-04-05_10h38.46.611,Cat face rating experiment_0-500,2021.1.4,MacIntel,58.82352941
,,,,,,space,1.412,3,1.044,0,255,255,255,1,255,images/pixabay_cat_000948.jpg,bx,001,2022-04-05_10h38.46.611,Cat face rating experiment_0-500,2021.1.4,MacIntel,58.82352941
,,,,,,space,4.452,4,4.13,0,256,256,256,1,256,images/pixabay_cat_003987.jpg,bx,001,2022-04-05_10h38.46.611,Cat face rating experiment_0-500,2021.1.4,MacIntel,58.82352941
,,,,,,space,1.273,3,0.956,0,257,257,257,1,257,images/flickr_cat_000214.jpg,bx,001,2022-04-05_10h38.46.611,Cat face rating experiment_0-500,2021.1.4,MacIntel,58.82352941
,,,,,,space,1.704,4,1.591,0,258,258,258,1,258,images/pixabay_cat_000463.jpg,bx,001,2022-04-05_10h38.46.611,Cat face rating experiment_0-500,2021.1.4,MacIntel,58.82352941
,,,,,,space,1.522,1,1.245,0,259,259,259,1,259,images/pixabay_cat_000932.jpg,bx,001,2022-04-05_10h38.46.611,Cat face rating experiment_0-500,2021.1.4,MacIntel,58.82352941
,,,,,,space,1.224,2,0.91,0,260,260,260,1,260,images/pixabay_cat_002632.jpg,bx,001,2022-04-05_10h38.46.611,Cat face rating experiment_0-500,2021.1.4,MacIntel,58.82352941
,,,,,,space,2.222,1,1.627,0,261,261,261,1,261,images/pixabay_cat_001278.jpg,bx,001,2022-04-05_10h38.46.611,Cat face rating experiment_0-500,2021.1.4,MacIntel,58.82352941
,,,,,,space,1.336,1,1.111,0,262,262,262,1,262,images/pixabay_cat_004028.jpg,bx,001,2022-04-05_10h38.46.611,Cat face rating experiment_0-500,2021.1.4,MacIntel,58.82352941
,,,,,,space,4.393,6,1.583,0,263,263,263,1,263,images/flickr_cat_000540.jpg,bx,001,2022-04-05_10h38.46.611,Cat face rating experiment_0-500,2021.1.4,MacIntel,58.82352941
,,,,,,space,2.171,5,1.34,0,264,264,264,1,264,images/pixabay_cat_003733.jpg,bx,001,2022-04-05_10h38.46.611,Cat face rating experiment_0-500,2021.1.4,MacIntel,58.82352941
,,,,,,space,1.868,2,1.526,0,265,265,265,1,265,images/flickr_cat_000426.jpg,bx,001,2022-04-05_10h38.46.611,Cat face rating experiment_0-500,2021.1.4,MacIntel,58.82352941
,,,,,,space,16.381,4,15.723,0,266,266,266,1,266,images/pixabay_cat_003948.jpg,bx,001,2022-04-05_10h38.46.611,Cat face rating experiment_0-500,2021.1.4,MacIntel,58.82352941
,,,,,,space,1.775,5,1.44,0,267,267,267,1,267,images/flickr_cat_000657.jpg,bx,001,2022-04-05_10h38.46.611,Cat face rating experiment_0-500,2021.1.4,MacIntel,58.82352941
,,,,,,space,2.222,3,2.019,0,268,268,268,1,268,images/flickr_cat_000584.jpg,bx,001,2022-04-05_10h38.46.611,Cat face rating experiment_0-500,2021.1.4,MacIntel,58.82352941
,,,,,,space,1.138,2,0.805,0,269,269,269,1,269,images/pixabay_cat_002971.jpg,bx,001,2022-04-05_10h38.46.611,Cat face rating experiment_0-500,2021.1.4,MacIntel,58.82352941
,,,,,,space,1.219,2,0.994,0,270,270,270,1,270,images/pixabay_cat_004807.jpg,bx,001,2022-04-05_10h38.46.611,Cat face rating experiment_0-500,2021.1.4,MacIntel,58.82352941
,,,,,,space,1.797,4,1.573,0,271,271,271,1,271,images/pixabay_cat_001434.jpg,bx,001,2022-04-05_10h38.46.611,Cat face rating experiment_0-500,2021.1.4,MacIntel,58.82352941
,,,,,,space,1.82,4,1.546,0,272,272,272,1,272,images/pixabay_cat_001092.jpg,bx,001,2022-04-05_10h38.46.611,Cat face rating experiment_0-500,2021.1.4,MacIntel,58.82352941
,,,,,,space,1.34,5,1.009,0,273,273,273,1,273,images/flickr_cat_000771.jpg,bx,001,2022-04-05_10h38.46.611,Cat face rating experiment_0-500,2021.1.4,MacIntel,58.82352941
,,,,,,space,1.354,3,1.08,0,274,274,274,1,274,images/pixabay_cat_003954.jpg,bx,001,2022-04-05_10h38.46.611,Cat face rating experiment_0-500,2021.1.4,MacIntel,58.82352941
,,,,,,space,1.567,5,1.223,0,275,275,275,1,275,images/pixabay_cat_003899.jpg,bx,001,2022-04-05_10h38.46.611,Cat face rating experiment_0-500,2021.1.4,MacIntel,58.82352941
,,,,,,space,1.796,6,1.581,0,276,276,276,1,276,images/pixabay_cat_001067.jpg,bx,001,2022-04-05_10h38.46.611,Cat face rating experiment_0-500,2021.1.4,MacIntel,58.82352941
,,,,,,space,1.117,4,0.778,0,277,277,277,1,277,images/pixabay_cat_004626.jpg,bx,001,2022-04-05_10h38.46.611,Cat face rating experiment_0-500,2021.1.4,MacIntel,58.82352941
,,,,,,space,1.805,3,1.396,0,278,278,278,1,278,images/pixabay_cat_003781.jpg,bx,001,2022-04-05_10h38.46.611,Cat face rating experiment_0-500,2021.1.4,MacIntel,58.82352941
,,,,,,space,1.099,3,0.841,0,279,279,279,1,279,images/pixabay_cat_003600.jpg,bx,001,2022-04-05_10h38.46.611,Cat face rating experiment_0-500,2021.1.4,MacIntel,58.82352941
,,,,,,space,0.988,3,0.691,0,280,280,280,1,280,images/pixabay_cat_004335.jpg,bx,001,2022-04-05_10h38.46.611,Cat face rating experiment_0-500,2021.1.4,MacIntel,58.82352941
,,,,,,space,1.474,4,1.281,0,281,281,281,1,281,images/pixabay_cat_004760.jpg,bx,001,2022-04-05_10h38.46.611,Cat face rating experiment_0-500,2021.1.4,MacIntel,58.82352941
,,,,,,space,1.472,3,1.207,0,282,282,282,1,282,images/flickr_cat_000452.jpg,bx,001,2022-04-05_10h38.46.611,Cat face rating experiment_0-500,2021.1.4,MacIntel,58.82352941
,,,,,,space,1.548,4,1.323,0,283,283,283,1,283,images/pixabay_cat_000677.jpg,bx,001,2022-04-05_10h38.46.611,Cat face rating experiment_0-500,2021.1.4,MacIntel,58.82352941
,,,,,,space,1.089,5,0.814,0,284,284,284,1,284,images/pixabay_cat_004262.jpg,bx,001,2022-04-05_10h38.46.611,Cat face rating experiment_0-500,2021.1.4,MacIntel,58.82352941
,,,,,,space,1.519,4,1.329,0,285,285,285,1,285,images/pixabay_cat_004597.jpg,bx,001,2022-04-05_10h38.46.611,Cat face rating experiment_0-500,2021.1.4,MacIntel,58.82352941
,,,,,,space,1.384,3,1.072,0,286,286,286,1,286,images/pixabay_cat_000747.jpg,bx,001,2022-04-05_10h38.46.611,Cat face rating experiment_0-500,2021.1.4,MacIntel,58.82352941
,,,,,,space,2.76,1,2.431,0,287,287,287,1,287,images/pixabay_cat_003077.jpg,bx,001,2022-04-05_10h38.46.611,Cat face rating experiment_0-500,2021.1.4,MacIntel,58.82352941
,,,,,,space,1.515,2,1.231,0,288,288,288,1,288,images/pixabay_cat_002076.jpg,bx,001,2022-04-05_10h38.46.611,Cat face rating experiment_0-500,2021.1.4,MacIntel,58.82352941
,,,,,,space,1.207,3,0.951,0,289,289,289,1,289,images/pixabay_cat_000832.jpg,bx,001,2022-04-05_10h38.46.611,Cat face rating experiment_0-500,2021.1.4,MacIntel,58.82352941
,,,,,,space,1.23,3,1.007,0,290,290,290,1,290,images/pixabay_cat_001553.jpg,bx,001,2022-04-05_10h38.46.611,Cat face rating experiment_0-500,2021.1.4,MacIntel,58.82352941
,,,,,,space,1.441,5,1.188,0,291,291,291,1,291,images/pixabay_cat_001581.jpg,bx,001,2022-04-05_10h38.46.611,Cat face rating experiment_0-500,2021.1.4,MacIntel,58.82352941
,,,,,,space,1.654,3,1.356,0,292,292,292,1,292,images/pixabay_cat_000563.jpg,bx,001,2022-04-05_10h38.46.611,Cat face rating experiment_0-500,2021.1.4,MacIntel,58.82352941
,,,,,,space,1.46,4,1.323,0,293,293,293,1,293,images/pixabay_cat_000908.jpg,bx,001,2022-04-05_10h38.46.611,Cat face rating experiment_0-500,2021.1.4,MacIntel,58.82352941
,,,,,,space,1.6,1,1.257,0,294,294,294,1,294,images/pixabay_cat_002591.jpg,bx,001,2022-04-05_10h38.46.611,Cat face rating experiment_0-500,2021.1.4,MacIntel,58.82352941
,,,,,,space,1.133,2,0.879,0,295,295,295,1,295,images/pixabay_cat_000738.jpg,bx,001,2022-04-05_10h38.46.611,Cat face rating experiment_0-500,2021.1.4,MacIntel,58.82352941
,,,,,,space,1.49,3,0.991,0,296,296,296,1,296,images/pixabay_cat_002224.jpg,bx,001,2022-04-05_10h38.46.611,Cat face rating experiment_0-500,2021.1.4,MacIntel,58.82352941
,,,,,,space,1.166,3,0.956,0,297,297,297,1,297,images/pixabay_cat_002122.jpg,bx,001,2022-04-05_10h38.46.611,Cat face rating experiment_0-500,2021.1.4,MacIntel,58.82352941
,,,,,,space,0.921,3,0.724,0,298,298,298,1,298,images/pixabay_cat_002603.jpg,bx,001,2022-04-05_10h38.46.611,Cat face rating experiment_0-500,2021.1.4,MacIntel,58.82352941
,,,,,,space,0.892,3,0.705,0,299,299,299,1,299,images/pixabay_cat_003985.jpg,bx,001,2022-04-05_10h38.46.611,Cat face rating experiment_0-500,2021.1.4,MacIntel,58.82352941
,,,,,,space,1.57,6,1.309,0,300,300,300,1,300,images/pixabay_cat_000044.jpg,bx,001,2022-04-05_10h38.46.611,Cat face rating experiment_0-500,2021.1.4,MacIntel,58.82352941
,,,,,,space,1.62,3,1.315,0,301,301,301,1,301,images/pixabay_cat_003333.jpg,bx,001,2022-04-05_10h38.46.611,Cat face rating experiment_0-500,2021.1.4,MacIntel,58.82352941
,,,,,,space,2.21,2,1.873,0,302,302,302,1,302,images/pixabay_cat_002846.jpg,bx,001,2022-04-05_10h38.46.611,Cat face rating experiment_0-500,2021.1.4,MacIntel,58.82352941
,,,,,,space,0.964,2,0.729,0,303,303,303,1,303,images/flickr_cat_000081.jpg,bx,001,2022-04-05_10h38.46.611,Cat face rating experiment_0-500,2021.1.4,MacIntel,58.82352941
,,,,,,space,1.272,2,0.959,0,304,304,304,1,304,images/pixabay_cat_004314.jpg,bx,001,2022-04-05_10h38.46.611,Cat face rating experiment_0-500,2021.1.4,MacIntel,58.82352941
,,,,,,space,1.771,2,1.463,0,305,305,305,1,305,images/pixabay_cat_002432.jpg,bx,001,2022-04-05_10h38.46.611,Cat face rating experiment_0-500,2021.1.4,MacIntel,58.82352941
,,,,,,space,1.167,2,0.937,0,306,306,306,1,306,images/pixabay_cat_000869.jpg,bx,001,2022-04-05_10h38.46.611,Cat face rating experiment_0-500,2021.1.4,MacIntel,58.82352941
,,,,,,space,1.162,2,0.906,0,307,307,307,1,307,images/pixabay_cat_000486.jpg,bx,001,2022-04-05_10h38.46.611,Cat face rating experiment_0-500,2021.1.4,MacIntel,58.82352941
,,,,,,space,1.221,2,0.962,0,308,308,308,1,308,images/pixabay_cat_002421.jpg,bx,001,2022-04-05_10h38.46.611,Cat face rating experiment_0-500,2021.1.4,MacIntel,58.82352941
,,,,,,space,1.017,2,0.807,0,309,309,309,1,309,images/pixabay_cat_004514.jpg,bx,001,2022-04-05_10h38.46.611,Cat face rating experiment_0-500,2021.1.4,MacIntel,58.82352941
,,,,,,space,52.674,5,48.838,0,310,310,310,1,310,images/pixabay_cat_003960.jpg,bx,001,2022-04-05_10h38.46.611,Cat face rating experiment_0-500,2021.1.4,MacIntel,58.82352941
,,,,,,space,2.039,2,1.326,0,311,311,311,1,311,images/flickr_cat_000227.jpg,bx,001,2022-04-05_10h38.46.611,Cat face rating experiment_0-500,2021.1.4,MacIntel,58.82352941
,,,,,,space,12.235,3,2.995,0,312,312,312,1,312,images/pixabay_cat_002218.jpg,bx,001,2022-04-05_10h38.46.611,Cat face rating experiment_0-500,2021.1.4,MacIntel,58.82352941
,,,,,,space,2.168,2,1.456,0,313,313,313,1,313,images/pixabay_cat_003181.jpg,bx,001,2022-04-05_10h38.46.611,Cat face rating experiment_0-500,2021.1.4,MacIntel,58.82352941
,,,,,,space,6.412,6,5.776,0,314,314,314,1,314,images/pixabay_cat_003958.jpg,bx,001,2022-04-05_10h38.46.611,Cat face rating experiment_0-500,2021.1.4,MacIntel,58.82352941
,,,,,,space,2.717,4,1.733,0,315,315,315,1,315,images/pixabay_cat_000624.jpg,bx,001,2022-04-05_10h38.46.611,Cat face rating experiment_0-500,2021.1.4,MacIntel,58.82352941
,,,,,,space,8.006,5,7.22,0,316,316,316,1,316,images/flickr_cat_000407.jpg,bx,001,2022-04-05_10h38.46.611,Cat face rating experiment_0-500,2021.1.4,MacIntel,58.82352941
,,,,,,space,4.391,4,3.732,0,317,317,317,1,317,images/pixabay_cat_001576.jpg,bx,001,2022-04-05_10h38.46.611,Cat face rating experiment_0-500,2021.1.4,MacIntel,58.82352941
,,,,,,space,1.937,2,1.279,0,318,318,318,1,318,images/pixabay_cat_000204.jpg,bx,001,2022-04-05_10h38.46.611,Cat face rating experiment_0-500,2021.1.4,MacIntel,58.82352941
,,,,,,space,1.522,2,0.905,0,319,319,319,1,319,images/flickr_cat_000428.jpg,bx,001,2022-04-05_10h38.46.611,Cat face rating experiment_0-500,2021.1.4,MacIntel,58.82352941
,,,,,,space,2.994,1,2.233,0,320,320,320,1,320,images/flickr_cat_000219.jpg,bx,001,2022-04-05_10h38.46.611,Cat face rating experiment_0-500,2021.1.4,MacIntel,58.82352941
,,,,,,space,2.558,2,1.591,0,321,321,321,1,321,images/pixabay_cat_001761.jpg,bx,001,2022-04-05_10h38.46.611,Cat face rating experiment_0-500,2021.1.4,MacIntel,58.82352941
,,,,,,space,10.306,2,9.228,0,322,322,322,1,322,images/pixabay_cat_003167.jpg,bx,001,2022-04-05_10h38.46.611,Cat face rating experiment_0-500,2021.1.4,MacIntel,58.82352941
,,,,,,space,2.498,2,1.526,0,323,323,323,1,323,images/pixabay_cat_000763.jpg,bx,001,2022-04-05_10h38.46.611,Cat face rating experiment_0-500,2021.1.4,MacIntel,58.82352941
,,,,,,space,2.3,2,1.349,0,324,324,324,1,324,images/flickr_cat_000398.jpg,bx,001,2022-04-05_10h38.46.611,Cat face rating experiment_0-500,2021.1.4,MacIntel,58.82352941
,,,,,,space,8.006,2,6.478,0,325,325,325,1,325,images/flickr_cat_000381.jpg,bx,001,2022-04-05_10h38.46.611,Cat face rating experiment_0-500,2021.1.4,MacIntel,58.82352941
,,,,,,space,21.6,3,2.15,0,326,326,326,1,326,images/pixabay_cat_000257.jpg,bx,001,2022-04-05_10h38.46.611,Cat face rating experiment_0-500,2021.1.4,MacIntel,58.82352941
,,,,,,space,3.405,3,1.691,0,327,327,327,1,327,images/pixabay_cat_000020.jpg,bx,001,2022-04-05_10h38.46.611,Cat face rating experiment_0-500,2021.1.4,MacIntel,58.82352941
,,,,,,space,4.389,7,3.534,0,328,328,328,1,328,images/flickr_cat_000553.jpg,bx,001,2022-04-05_10h38.46.611,Cat face rating experiment_0-500,2021.1.4,MacIntel,58.82352941
,,,,,,space,2.548,3,1.491,0,329,329,329,1,329,images/pixabay_cat_002063.jpg,bx,001,2022-04-05_10h38.46.611,Cat face rating experiment_0-500,2021.1.4,MacIntel,58.82352941
,,,,,,space,3.443,2,1.697,0,330,330,330,1,330,images/pixabay_cat_003443.jpg,bx,001,2022-04-05_10h38.46.611,Cat face rating experiment_0-500,2021.1.4,MacIntel,58.82352941
,,,,,,space,3.43,1,2.629,0,331,331,331,1,331,images/pixabay_cat_003535.jpg,bx,001,2022-04-05_10h38.46.611,Cat face rating experiment_0-500,2021.1.4,MacIntel,58.82352941
,,,,,,space,10.015,4,9.296,0,332,332,332,1,332,images/pixabay_cat_000478.jpg,bx,001,2022-04-05_10h38.46.611,Cat face rating experiment_0-500,2021.1.4,MacIntel,58.82352941
,,,,,,space,2.311,3,1.441,0,333,333,333,1,333,images/flickr_cat_000218.jpg,bx,001,2022-04-05_10h38.46.611,Cat face rating experiment_0-500,2021.1.4,MacIntel,58.82352941
,,,,,,space,1.685,3,0.965,0,334,334,334,1,334,images/pixabay_cat_001630.jpg,bx,001,2022-04-05_10h38.46.611,Cat face rating experiment_0-500,2021.1.4,MacIntel,58.82352941
,,,,,,space,5.572,3,1.311,0,335,335,335,1,335,images/pixabay_cat_003669.jpg,bx,001,2022-04-05_10h38.46.611,Cat face rating experiment_0-500,2021.1.4,MacIntel,58.82352941
,,,,,,space,2.314,2,1.423,0,336,336,336,1,336,images/pixabay_cat_002648.jpg,bx,001,2022-04-05_10h38.46.611,Cat face rating experiment_0-500,2021.1.4,MacIntel,58.82352941
,,,,,,space,4.136,4,3.05,0,337,337,337,1,337,images/pixabay_cat_002032.jpg,bx,001,2022-04-05_10h38.46.611,Cat face rating experiment_0-500,2021.1.4,MacIntel,58.82352941
,,,,,,space,1.966,3,1.28,0,338,338,338,1,338,images/flickr_cat_000198.jpg,bx,001,2022-04-05_10h38.46.611,Cat face rating experiment_0-500,2021.1.4,MacIntel,58.82352941
,,,,,,space,2.122,5,1.313,0,339,339,339,1,339,images/pixabay_cat_000436.jpg,bx,001,2022-04-05_10h38.46.611,Cat face rating experiment_0-500,2021.1.4,MacIntel,58.82352941
,,,,,,space,2.16,2,1.447,0,340,340,340,1,340,images/pixabay_cat_003590.jpg,bx,001,2022-04-05_10h38.46.611,Cat face rating experiment_0-500,2021.1.4,MacIntel,58.82352941
,,,,,,space,1.701,2,1.061,0,341,341,341,1,341,images/pixabay_cat_004018.jpg,bx,001,2022-04-05_10h38.46.611,Cat face rating experiment_0-500,2021.1.4,MacIntel,58.82352941
,,,,,,space,1.617,2,0.972,0,342,342,342,1,342,images/pixabay_cat_004409.jpg,bx,001,2022-04-05_10h38.46.611,Cat face rating experiment_0-500,2021.1.4,MacIntel,58.82352941
,,,,,,space,2.879,6,2.024,0,343,343,343,1,343,images/pixabay_cat_002691.jpg,bx,001,2022-04-05_10h38.46.611,Cat face rating experiment_0-500,2021.1.4,MacIntel,58.82352941
,,,,,,space,2.156,4,1.623,0,344,344,344,1,344,images/pixabay_cat_003120.jpg,bx,001,2022-04-05_10h38.46.611,Cat face rating experiment_0-500,2021.1.4,MacIntel,58.82352941
,,,,,,space,2.5,3,1.796,0,345,345,345,1,345,images/pixabay_cat_003622.jpg,bx,001,2022-04-05_10h38.46.611,Cat face rating experiment_0-500,2021.1.4,MacIntel,58.82352941
,,,,,,space,2.118,1,1.44,0,346,346,346,1,346,images/pixabay_cat_001535.jpg,bx,001,2022-04-05_10h38.46.611,Cat face rating experiment_0-500,2021.1.4,MacIntel,58.82352941
,,,,,,space,5.311,6,3.925,0,347,347,347,1,347,images/pixabay_cat_004093.jpg,bx,001,2022-04-05_10h38.46.611,Cat face rating experiment_0-500,2021.1.4,MacIntel,58.82352941
,,,,,,space,19.948,2,19.027,0,348,348,348,1,348,images/pixabay_cat_004787.jpg,bx,001,2022-04-05_10h38.46.611,Cat face rating experiment_0-500,2021.1.4,MacIntel,58.82352941
,,,,,,space,2.139,2,1.19,0,349,349,349,1,349,images/pixabay_cat_002079.jpg,bx,001,2022-04-05_10h38.46.611,Cat face rating experiment_0-500,2021.1.4,MacIntel,58.82352941
,,,,,,space,2.502,2,1.41,0,350,350,350,1,350,images/pixabay_cat_004398.jpg,bx,001,2022-04-05_10h38.46.611,Cat face rating experiment_0-500,2021.1.4,MacIntel,58.82352941
,,,,,,space,1.471,2,0.812,0,351,351,351,1,351,images/pixabay_cat_004546.jpg,bx,001,2022-04-05_10h38.46.611,Cat face rating experiment_0-500,2021.1.4,MacIntel,58.82352941
,,,,,,space,2.019,5,1.307,0,352,352,352,1,352,images/pixabay_cat_001295.jpg,bx,001,2022-04-05_10h38.46.611,Cat face rating experiment_0-500,2021.1.4,MacIntel,58.82352941
,,,,,,space,2.462,3,1.641,0,353,353,353,1,353,images/pixabay_cat_002815.jpg,bx,001,2022-04-05_10h38.46.611,Cat face rating experiment_0-500,2021.1.4,MacIntel,58.82352941
,,,,,,space,9.534,2,5.526,0,354,354,354,1,354,images/pixabay_cat_003863.jpg,bx,001,2022-04-05_10h38.46.611,Cat face rating experiment_0-500,2021.1.4,MacIntel,58.82352941
,,,,,,space,2.27,2,1.276,0,355,355,355,1,355,images/pixabay_cat_003552.jpg,bx,001,2022-04-05_10h38.46.611,Cat face rating experiment_0-500,2021.1.4,MacIntel,58.82352941
,,,,,,space,2.701,1,1.847,0,356,356,356,1,356,images/flickr_cat_000267.jpg,bx,001,2022-04-05_10h38.46.611,Cat face rating experiment_0-500,2021.1.4,MacIntel,58.82352941
,,,,,,space,3.534,1,2.496,0,357,357,357,1,357,images/pixabay_cat_002590.jpg,bx,001,2022-04-05_10h38.46.611,Cat face rating experiment_0-500,2021.1.4,MacIntel,58.82352941
,,,,,,space,2.808,2,1.657,0,358,358,358,1,358,images/pixabay_cat_002602.jpg,bx,001,2022-04-05_10h38.46.611,Cat face rating experiment_0-500,2021.1.4,MacIntel,58.82352941
,,,,,,space,2.6,2,1.209,0,359,359,359,1,359,images/flickr_cat_000415.jpg,bx,001,2022-04-05_10h38.46.611,Cat face rating experiment_0-500,2021.1.4,MacIntel,58.82352941
,,,,,,space,1.586,2,0.943,0,360,360,360,1,360,images/pixabay_cat_000408.jpg,bx,001,2022-04-05_10h38.46.611,Cat face rating experiment_0-500,2021.1.4,MacIntel,58.82352941
,,,,,,space,1.9,2,0.922,0,361,361,361,1,361,images/pixabay_cat_003676.jpg,bx,001,2022-04-05_10h38.46.611,Cat face rating experiment_0-500,2021.1.4,MacIntel,58.82352941
,,,,,,space,2.502,6,1.598,0,362,362,362,1,362,images/pixabay_cat_002634.jpg,bx,001,2022-04-05_10h38.46.611,Cat face rating experiment_0-500,2021.1.4,MacIntel,58.82352941
,,,,,,space,2.004,5,1.378,0,363,363,363,1,363,images/pixabay_cat_004795.jpg,bx,001,2022-04-05_10h38.46.611,Cat face rating experiment_0-500,2021.1.4,MacIntel,58.82352941
,,,,,,space,2.518,3,1.38,0,364,364,364,1,364,images/pixabay_cat_003308.jpg,bx,001,2022-04-05_10h38.46.611,Cat face rating experiment_0-500,2021.1.4,MacIntel,58.82352941
,,,,,,space,3.502,2,2.66,0,365,365,365,1,365,images/pixabay_cat_002374.jpg,bx,001,2022-04-05_10h38.46.611,Cat face rating experiment_0-500,2021.1.4,MacIntel,58.82352941
,,,,,,space,63.478,,,0,366,366,366,1,366,images/flickr_cat_000215.jpg,bx,001,2022-04-05_10h38.46.611,Cat face rating experiment_0-500,2021.1.4,MacIntel,58.82352941
,,,,,,space,2.167,3,1.331,0,367,367,367,1,367,images/flickr_cat_000589.jpg,bx,001,2022-04-05_10h38.46.611,Cat face rating experiment_0-500,2021.1.4,MacIntel,58.82352941
,,,,,,space,1.671,3,0.945,0,368,368,368,1,368,images/pixabay_cat_001231.jpg,bx,001,2022-04-05_10h38.46.611,Cat face rating experiment_0-500,2021.1.4,MacIntel,58.82352941
,,,,,,space,1.757,3,0.925,0,369,369,369,1,369,images/pixabay_cat_001688.jpg,bx,001,2022-04-05_10h38.46.611,Cat face rating experiment_0-500,2021.1.4,MacIntel,58.82352941
,,,,,,space,1.989,2,1.273,0,370,370,370,1,370,images/pixabay_cat_004457.jpg,bx,001,2022-04-05_10h38.46.611,Cat face rating experiment_0-500,2021.1.4,MacIntel,58.82352941
,,,,,,space,9.885,4,8.98,0,371,371,371,1,371,images/pixabay_cat_001542.jpg,bx,001,2022-04-05_10h38.46.611,Cat face rating experiment_0-500,2021.1.4,MacIntel,58.82352941
,,,,,,space,7.979,5,7.279,0,372,372,372,1,372,images/flickr_cat_000591.jpg,bx,001,2022-04-05_10h38.46.611,Cat face rating experiment_0-500,2021.1.4,MacIntel,58.82352941
,,,,,,space,3.838,3,3.025,0,373,373,373,1,373,images/pixabay_cat_002111.jpg,bx,001,2022-04-05_10h38.46.611,Cat face rating experiment_0-500,2021.1.4,MacIntel,58.82352941
,,,,,,space,2.115,2,1.495,0,374,374,374,1,374,images/pixabay_cat_002827.jpg,bx,001,2022-04-05_10h38.46.611,Cat face rating experiment_0-500,2021.1.4,MacIntel,58.82352941
,,,,,,space,2.804,5,2.025,0,375,375,375,1,375,images/pixabay_cat_004099.jpg,bx,001,2022-04-05_10h38.46.611,Cat face rating experiment_0-500,2021.1.4,MacIntel,58.82352941
,,,,,,space,10.395,3,9.117,0,376,376,376,1,376,images/pixabay_cat_000884.jpg,bx,001,2022-04-05_10h38.46.611,Cat face rating experiment_0-500,2021.1.4,MacIntel,58.82352941
,,,,,,space,3.006,3,1.357,0,377,377,377,1,377,images/pixabay_cat_002925.jpg,bx,001,2022-04-05_10h38.46.611,Cat face rating experiment_0-500,2021.1.4,MacIntel,58.82352941
,,,,,,space,2.95,2,1.727,0,378,378,378,1,378,images/pixabay_cat_002908.jpg,bx,001,2022-04-05_10h38.46.611,Cat face rating experiment_0-500,2021.1.4,MacIntel,58.82352941
,,,,,,space,2.217,3,1.393,0,379,379,379,1,379,images/pixabay_cat_002809.jpg,bx,001,2022-04-05_10h38.46.611,Cat face rating experiment_0-500,2021.1.4,MacIntel,58.82352941
,,,,,,space,2.101,2,1.208,0,380,380,380,1,380,images/flickr_cat_000611.jpg,bx,001,2022-04-05_10h38.46.611,Cat face rating experiment_0-500,2021.1.4,MacIntel,58.82352941
,,,,,,space,1.66,2,0.956,0,381,381,381,1,381,images/pixabay_cat_002574.jpg,bx,001,2022-04-05_10h38.46.611,Cat face rating experiment_0-500,2021.1.4,MacIntel,58.82352941
,,,,,,space,2.11,5,1.31,0,382,382,382,1,382,images/pixabay_cat_001708.jpg,bx,001,2022-04-05_10h38.46.611,Cat face rating experiment_0-500,2021.1.4,MacIntel,58.82352941
,,,,,,space,14.467,2,13.534,0,383,383,383,1,383,images/pixabay_cat_002684.jpg,bx,001,2022-04-05_10h38.46.611,Cat face rating experiment_0-500,2021.1.4,MacIntel,58.82352941
,,,,,,space,2.087,2,1.306,0,384,384,384,1,384,images/pixabay_cat_003506.jpg,bx,001,2022-04-05_10h38.46.611,Cat face rating experiment_0-500,2021.1.4,MacIntel,58.82352941
,,,,,,space,30.049,5,29.296,0,385,385,385,1,385,images/pixabay_cat_000777.jpg,bx,001,2022-04-05_10h38.46.611,Cat face rating experiment_0-500,2021.1.4,MacIntel,58.82352941
,,,,,,space,2.303,3,1.457,0,386,386,386,1,386,images/pixabay_cat_000319.jpg,bx,001,2022-04-05_10h38.46.611,Cat face rating experiment_0-500,2021.1.4,MacIntel,58.82352941
,,,,,,space,1.928,3,1.073,0,387,387,387,1,387,images/pixabay_cat_000152.jpg,bx,001,2022-04-05_10h38.46.611,Cat face rating experiment_0-500,2021.1.4,MacIntel,58.82352941
,,,,,,space,3.839,3,3.191,0,388,388,388,1,388,images/pixabay_cat_004261.jpg,bx,001,2022-04-05_10h38.46.611,Cat face rating experiment_0-500,2021.1.4,MacIntel,58.82352941
,,,,,,space,5.092,3,3.897,0,389,389,389,1,389,images/flickr_cat_000260.jpg,bx,001,2022-04-05_10h38.46.611,Cat face rating experiment_0-500,2021.1.4,MacIntel,58.82352941
,,,,,,space,3.039,4,2.198,0,390,390,390,1,390,images/pixabay_cat_000237.jpg,bx,001,2022-04-05_10h38.46.611,Cat face rating experiment_0-500,2021.1.4,MacIntel,58.82352941
,,,,,,space,6.388,3,5.681,0,391,391,391,1,391,images/pixabay_cat_001414.jpg,bx,001,2022-04-05_10h38.46.611,Cat face rating experiment_0-500,2021.1.4,MacIntel,58.82352941
,,,,,,space,3.645,4,2.824,0,392,392,392,1,392,images/pixabay_cat_002796.jpg,bx,001,2022-04-05_10h38.46.611,Cat face rating experiment_0-500,2021.1.4,MacIntel,58.82352941
,,,,,,space,2.189,3,1.457,0,393,393,393,1,393,images/pixabay_cat_001814.jpg,bx,001,2022-04-05_10h38.46.611,Cat face rating experiment_0-500,2021.1.4,MacIntel,58.82352941
,,,,,,space,1.632,3,0.859,0,394,394,394,1,394,images/pixabay_cat_001944.jpg,bx,001,2022-04-05_10h38.46.611,Cat face rating experiment_0-500,2021.1.4,MacIntel,58.82352941
,,,,,,space,1.918,1,1.29,0,395,395,395,1,395,images/pixabay_cat_001158.jpg,bx,001,2022-04-05_10h38.46.611,Cat face rating experiment_0-500,2021.1.4,MacIntel,58.82352941
,,,,,,space,2.176,5,1.294,0,396,396,396,1,396,images/flickr_cat_000088.jpg,bx,001,2022-04-05_10h38.46.611,Cat face rating experiment_0-500,2021.1.4,MacIntel,58.82352941
,,,,,,space,9.768,6,9.005,0,397,397,397,1,397,images/pixabay_cat_002399.jpg,bx,001,2022-04-05_10h38.46.611,Cat face rating experiment_0-500,2021.1.4,MacIntel,58.82352941
,,,,,,space,2.607,2,1.83,0,398,398,398,1,398,images/pixabay_cat_001626.jpg,bx,001,2022-04-05_10h38.46.611,Cat face rating experiment_0-500,2021.1.4,MacIntel,58.82352941
,,,,,,space,2.069,2,1.423,0,399,399,399,1,399,images/pixabay_cat_004324.jpg,bx,001,2022-04-05_10h38.46.611,Cat face rating experiment_0-500,2021.1.4,MacIntel,58.82352941
,,,,,,space,2.198,3,1.324,0,400,400,400,1,400,images/pixabay_cat_000703.jpg,bx,001,2022-04-05_10h38.46.611,Cat face rating experiment_0-500,2021.1.4,MacIntel,58.82352941
,,,,,,space,12.95,3,11.801,0,401,401,401,1,401,images/pixabay_cat_004220.jpg,bx,001,2022-04-05_10h38.46.611,Cat face rating experiment_0-500,2021.1.4,MacIntel,58.82352941
,,,,,,space,2.615,3,0.975,0,402,402,402,1,402,images/pixabay_cat_000530.jpg,bx,001,2022-04-05_10h38.46.611,Cat face rating experiment_0-500,2021.1.4,MacIntel,58.82352941
,,,,,,space,1.37,3,0.855,0,403,403,403,1,403,images/pixabay_cat_002629.jpg,bx,001,2022-04-05_10h38.46.611,Cat face rating experiment_0-500,2021.1.4,MacIntel,58.82352941
,,,,,,space,1.837,2,1.281,0,404,404,404,1,404,images/pixabay_cat_004405.jpg,bx,001,2022-04-05_10h38.46.611,Cat face rating experiment_0-500,2021.1.4,MacIntel,58.82352941
,,,,,,space,19.403,3,18.861,0,405,405,405,1,405,images/pixabay_cat_001178.jpg,bx,001,2022-04-05_10h38.46.611,Cat face rating experiment_0-500,2021.1.4,MacIntel,58.82352941
,,,,,,space,4.605,4,4.052,0,406,406,406,1,406,images/pixabay_cat_003338.jpg,bx,001,2022-04-05_10h38.46.611,Cat face rating experiment_0-500,2021.1.4,MacIntel,58.82352941
,,,,,,space,2.369,2,1.555,0,407,407,407,1,407,images/pixabay_cat_000594.jpg,bx,001,2022-04-05_10h38.46.611,Cat face rating experiment_0-500,2021.1.4,MacIntel,58.82352941
,,,,,,space,3.185,1,2.278,0,408,408,408,1,408,images/pixabay_cat_002178.jpg,bx,001,2022-04-05_10h38.46.611,Cat face rating experiment_0-500,2021.1.4,MacIntel,58.82352941
,,,,,,space,1.989,2,1.41,0,409,409,409,1,409,images/pixabay_cat_002478.jpg,bx,001,2022-04-05_10h38.46.611,Cat face rating experiment_0-500,2021.1.4,MacIntel,58.82352941
,,,,,,space,1.638,2,0.989,0,410,410,410,1,410,images/pixabay_cat_004558.jpg,bx,001,2022-04-05_10h38.46.611,Cat face rating experiment_0-500,2021.1.4,MacIntel,58.82352941
,,,,,,space,1.936,1,1.356,0,411,411,411,1,411,images/flickr_cat_000421.jpg,bx,001,2022-04-05_10h38.46.611,Cat face rating experiment_0-500,2021.1.4,MacIntel,58.82352941
,,,,,,space,2.908,6,2.123,0,412,412,412,1,412,images/pixabay_cat_003650.jpg,bx,001,2022-04-05_10h38.46.611,Cat face rating experiment_0-500,2021.1.4,MacIntel,58.82352941
,,,,,,space,2.943,5,1.276,0,413,413,413,1,413,images/pixabay_cat_002152.jpg,bx,001,2022-04-05_10h38.46.611,Cat face rating experiment_0-500,2021.1.4,MacIntel,58.82352941
,,,,,,space,2.084,4,1.394,0,414,414,414,1,414,images/flickr_cat_000569.jpg,bx,001,2022-04-05_10h38.46.611,Cat face rating experiment_0-500,2021.1.4,MacIntel,58.82352941
,,,,,,space,1.975,3,1.331,0,415,415,415,1,415,images/pixabay_cat_004406.jpg,bx,001,2022-04-05_10h38.46.611,Cat face rating experiment_0-500,2021.1.4,MacIntel,58.82352941
,,,,,,space,4.384,3,3.777,0,416,416,416,1,416,images/pixabay_cat_001238.jpg,bx,001,2022-04-05_10h38.46.611,Cat face rating experiment_0-500,2021.1.4,MacIntel,58.82352941
,,,,,,space,5.535,3,4.682,0,417,417,417,1,417,images/pixabay_cat_003677.jpg,bx,001,2022-04-05_10h38.46.611,Cat face rating experiment_0-500,2021.1.4,MacIntel,58.82352941
,,,,,,space,2.17,2,1.33,0,418,418,418,1,418,images/pixabay_cat_000124.jpg,bx,001,2022-04-05_10h38.46.611,Cat face rating experiment_0-500,2021.1.4,MacIntel,58.82352941
,,,,,,space,2.113,1,1.463,0,419,419,419,1,419,images/pixabay_cat_000928.jpg,bx,001,2022-04-05_10h38.46.611,Cat face rating experiment_0-500,2021.1.4,MacIntel,58.82352941
,,,,,,space,4.523,2,3.648,0,420,420,420,1,420,images/pixabay_cat_001983.jpg,bx,001,2022-04-05_10h38.46.611,Cat face rating experiment_0-500,2021.1.4,MacIntel,58.82352941
,,,,,,space,2.737,4,1.966,0,421,421,421,1,421,images/pixabay_cat_004087.jpg,bx,001,2022-04-05_10h38.46.611,Cat face rating experiment_0-500,2021.1.4,MacIntel,58.82352941
,,,,,,space,2.385,3,1.341,0,422,422,422,1,422,images/pixabay_cat_001391.jpg,bx,001,2022-04-05_10h38.46.611,Cat face rating experiment_0-500,2021.1.4,MacIntel,58.82352941
,,,,,,space,2.054,2,1.459,0,423,423,423,1,423,images/pixabay_cat_003752.jpg,bx,001,2022-04-05_10h38.46.611,Cat face rating experiment_0-500,2021.1.4,MacIntel,58.82352941
,,,,,,space,5.236,5,4.542,0,424,424,424,1,424,images/pixabay_cat_000004.jpg,bx,001,2022-04-05_10h38.46.611,Cat face rating experiment_0-500,2021.1.4,MacIntel,58.82352941
,,,,,,space,2.253,1,1.462,0,425,425,425,1,425,images/pixabay_cat_003460.jpg,bx,001,2022-04-05_10h38.46.611,Cat face rating experiment_0-500,2021.1.4,MacIntel,58.82352941
,,,,,,space,3.244,4,2.407,0,426,426,426,1,426,images/pixabay_cat_001749.jpg,bx,001,2022-04-05_10h38.46.611,Cat face rating experiment_0-500,2021.1.4,MacIntel,58.82352941
,,,,,,space,2.343,3,1.476,0,427,427,427,1,427,images/pixabay_cat_002811.jpg,bx,001,2022-04-05_10h38.46.611,Cat face rating experiment_0-500,2021.1.4,MacIntel,58.82352941
,,,,,,space,3.017,3,1.195,0,428,428,428,1,428,images/pixabay_cat_003139.jpg,bx,001,2022-04-05_10h38.46.611,Cat face rating experiment_0-500,2021.1.4,MacIntel,58.82352941
,,,,,,space,2.074,2,1.355,0,429,429,429,1,429,images/flickr_cat_000774.jpg,bx,001,2022-04-05_10h38.46.611,Cat face rating experiment_0-500,2021.1.4,MacIntel,58.82352941
,,,,,,space,1.786,2,1.04,0,430,430,430,1,430,images/pixabay_cat_003720.jpg,bx,001,2022-04-05_10h38.46.611,Cat face rating experiment_0-500,2021.1.4,MacIntel,58.82352941
,,,,,,space,2.101,1,1.494,0,431,431,431,1,431,images/pixabay_cat_000878.jpg,bx,001,2022-04-05_10h38.46.611,Cat face rating experiment_0-500,2021.1.4,MacIntel,58.82352941
,,,,,,space,2.362,5,1.49,0,432,432,432,1,432,images/pixabay_cat_001793.jpg,bx,001,2022-04-05_10h38.46.611,Cat face rating experiment_0-500,2021.1.4,MacIntel,58.82352941
,,,,,,space,1.623,5,1.03,0,433,433,433,1,433,images/pixabay_cat_002282.jpg,bx,001,2022-04-05_10h38.46.611,Cat face rating experiment_0-500,2021.1.4,MacIntel,58.82352941
,,,,,,space,3.709,3,3.125,0,434,434,434,1,434,images/pixabay_cat_003147.jpg,bx,001,2022-04-05_10h38.46.611,Cat face rating experiment_0-500,2021.1.4,MacIntel,58.82352941
,,,,,,space,1.753,2,1.244,0,435,435,435,1,435,images/flickr_cat_000396.jpg,bx,001,2022-04-05_10h38.46.611,Cat face rating experiment_0-500,2021.1.4,MacIntel,58.82352941
,,,,,,space,1.805,1,1.176,0,436,436,436,1,436,images/pixabay_cat_002014.jpg,bx,001,2022-04-05_10h38.46.611,Cat face rating experiment_0-500,2021.1.4,MacIntel,58.82352941
,,,,,,space,7.209,3,1.413,0,437,437,437,1,437,images/pixabay_cat_001634.jpg,bx,001,2022-04-05_10h38.46.611,Cat face rating experiment_0-500,2021.1.4,MacIntel,58.82352941
,,,,,,space,2.149,3,1.366,0,438,438,438,1,438,images/pixabay_cat_001449.jpg,bx,001,2022-04-05_10h38.46.611,Cat face rating experiment_0-500,2021.1.4,MacIntel,58.82352941
,,,,,,space,2.009,3,1.056,0,439,439,439,1,439,images/pixabay_cat_001541.jpg,bx,001,2022-04-05_10h38.46.611,Cat face rating experiment_0-500,2021.1.4,MacIntel,58.82352941
,,,,,,space,3.02,2,1.866,0,440,440,440,1,440,images/pixabay_cat_001152.jpg,bx,001,2022-04-05_10h38.46.611,Cat face rating experiment_0-500,2021.1.4,MacIntel,58.82352941
,,,,,,space,3.329,2,2.597,0,441,441,441,1,441,images/pixabay_cat_003606.jpg,bx,001,2022-04-05_10h38.46.611,Cat face rating experiment_0-500,2021.1.4,MacIntel,58.82352941
,,,,,,space,1.543,2,0.91,0,442,442,442,1,442,images/pixabay_cat_001220.jpg,bx,001,2022-04-05_10h38.46.611,Cat face rating experiment_0-500,2021.1.4,MacIntel,58.82352941
,,,,,,space,1.729,2,0.918,0,443,443,443,1,443,images/pixabay_cat_000957.jpg,bx,001,2022-04-05_10h38.46.611,Cat face rating experiment_0-500,2021.1.4,MacIntel,58.82352941
,,,,,,space,1.905,1,1.274,0,444,444,444,1,444,images/flickr_cat_000023.jpg,bx,001,2022-04-05_10h38.46.611,Cat face rating experiment_0-500,2021.1.4,MacIntel,58.82352941
,,,,,,space,2.424,5,1.561,0,445,445,445,1,445,images/pixabay_cat_003656.jpg,bx,001,2022-04-05_10h38.46.611,Cat face rating experiment_0-500,2021.1.4,MacIntel,58.82352941
,,,,,,space,2.205,3,1.274,0,446,446,446,1,446,images/pixabay_cat_000976.jpg,bx,001,2022-04-05_10h38.46.611,Cat face rating experiment_0-500,2021.1.4,MacIntel,58.82352941
,,,,,,space,1.723,2,1.189,0,447,447,447,1,447,images/pixabay_cat_000657.jpg,bx,001,2022-04-05_10h38.46.611,Cat face rating experiment_0-500,2021.1.4,MacIntel,58.82352941
,,,,,,space,1.416,2,0.942,0,448,448,448,1,448,images/flickr_cat_000376.jpg,bx,001,2022-04-05_10h38.46.611,Cat face rating experiment_0-500,2021.1.4,MacIntel,58.82352941
,,,,,,space,3.69,4,3.077,0,449,449,449,1,449,images/pixabay_cat_003747.jpg,bx,001,2022-04-05_10h38.46.611,Cat face rating experiment_0-500,2021.1.4,MacIntel,58.82352941
,,,,,,space,2.012,3,1.245,0,450,450,450,1,450,images/pixabay_cat_003228.jpg,bx,001,2022-04-05_10h38.46.611,Cat face rating experiment_0-500,2021.1.4,MacIntel,58.82352941
,,,,,,space,4.086,4,3.432,0,451,451,451,1,451,images/pixabay_cat_001345.jpg,bx,001,2022-04-05_10h38.46.611,Cat face rating experiment_0-500,2021.1.4,MacIntel,58.82352941
,,,,,,space,1.922,4,1.423,0,452,452,452,1,452,images/pixabay_cat_004108.jpg,bx,001,2022-04-05_10h38.46.611,Cat face rating experiment_0-500,2021.1.4,MacIntel,58.82352941
,,,,,,space,1.827,4,1.125,0,453,453,453,1,453,images/pixabay_cat_002529.jpg,bx,001,2022-04-05_10h38.46.611,Cat face rating experiment_0-500,2021.1.4,MacIntel,58.82352941
,,,,,,space,2.608,5,1.828,0,454,454,454,1,454,images/pixabay_cat_004258.jpg,bx,001,2022-04-05_10h38.46.611,Cat face rating experiment_0-500,2021.1.4,MacIntel,58.82352941
,,,,,,space,2.322,3,1.449,0,455,455,455,1,455,images/pixabay_cat_004158.jpg,bx,001,2022-04-05_10h38.46.611,Cat face rating experiment_0-500,2021.1.4,MacIntel,58.82352941
,,,,,,space,6.822,2,1.356,0,456,456,456,1,456,images/pixabay_cat_004264.jpg,bx,001,2022-04-05_10h38.46.611,Cat face rating experiment_0-500,2021.1.4,MacIntel,58.82352941
,,,,,,space,2.819,5,1.676,0,457,457,457,1,457,images/pixabay_cat_001490.jpg,bx,001,2022-04-05_10h38.46.611,Cat face rating experiment_0-500,2021.1.4,MacIntel,58.82352941
,,,,,,space,1.957,5,1.198,0,458,458,458,1,458,images/pixabay_cat_001186.jpg,bx,001,2022-04-05_10h38.46.611,Cat face rating experiment_0-500,2021.1.4,MacIntel,58.82352941
,,,,,,space,2.19,4,1.64,0,459,459,459,1,459,images/pixabay_cat_002949.jpg,bx,001,2022-04-05_10h38.46.611,Cat face rating experiment_0-500,2021.1.4,MacIntel,58.82352941
,,,,,,space,1.82,3,1.257,0,460,460,460,1,460,images/pixabay_cat_002642.jpg,bx,001,2022-04-05_10h38.46.611,Cat face rating experiment_0-500,2021.1.4,MacIntel,58.82352941
,,,,,,space,5.14,3,4.176,0,461,461,461,1,461,images/pixabay_cat_001589.jpg,bx,001,2022-04-05_10h38.46.611,Cat face rating experiment_0-500,2021.1.4,MacIntel,58.82352941
,,,,,,space,2.111,4,1.374,0,462,462,462,1,462,images/flickr_cat_000101.jpg,bx,001,2022-04-05_10h38.46.611,Cat face rating experiment_0-500,2021.1.4,MacIntel,58.82352941
,,,,,,space,2.354,3,1.301,0,463,463,463,1,463,images/flickr_cat_000416.jpg,bx,001,2022-04-05_10h38.46.611,Cat face rating experiment_0-500,2021.1.4,MacIntel,58.82352941
,,,,,,space,2.076,3,1.456,0,464,464,464,1,464,images/pixabay_cat_002843.jpg,bx,001,2022-04-05_10h38.46.611,Cat face rating experiment_0-500,2021.1.4,MacIntel,58.82352941
,,,,,,space,1.823,2,1.277,0,465,465,465,1,465,images/pixabay_cat_001547.jpg,bx,001,2022-04-05_10h38.46.611,Cat face rating experiment_0-500,2021.1.4,MacIntel,58.82352941
,,,,,,space,2.071,1,1.328,0,466,466,466,1,466,images/pixabay_cat_000858.jpg,bx,001,2022-04-05_10h38.46.611,Cat face rating experiment_0-500,2021.1.4,MacIntel,58.82352941
,,,,,,space,1.988,1,1.273,0,467,467,467,1,467,images/pixabay_cat_004792.jpg,bx,001,2022-04-05_10h38.46.611,Cat face rating experiment_0-500,2021.1.4,MacIntel,58.82352941
,,,,,,space,2.597,1,1.633,0,468,468,468,1,468,images/pixabay_cat_003838.jpg,bx,001,2022-04-05_10h38.46.611,Cat face rating experiment_0-500,2021.1.4,MacIntel,58.82352941
,,,,,,space,5.019,2,1.39,0,469,469,469,1,469,images/flickr_cat_000819.jpg,bx,001,2022-04-05_10h38.46.611,Cat face rating experiment_0-500,2021.1.4,MacIntel,58.82352941
,,,,,,space,1.811,3,1.231,0,470,470,470,1,470,images/pixabay_cat_001697.jpg,bx,001,2022-04-05_10h38.46.611,Cat face rating experiment_0-500,2021.1.4,MacIntel,58.82352941
,,,,,,space,1.917,2,1.325,0,471,471,471,1,471,images/pixabay_cat_004458.jpg,bx,001,2022-04-05_10h38.46.611,Cat face rating experiment_0-500,2021.1.4,MacIntel,58.82352941
,,,,,,space,2.038,2,1.495,0,472,472,472,1,472,images/pixabay_cat_000242.jpg,bx,001,2022-04-05_10h38.46.611,Cat face rating experiment_0-500,2021.1.4,MacIntel,58.82352941
,,,,,,space,2.06,2,0.849,0,473,473,473,1,473,images/flickr_cat_000097.jpg,bx,001,2022-04-05_10h38.46.611,Cat face rating experiment_0-500,2021.1.4,MacIntel,58.82352941
,,,,,,space,2.272,6,1.607,0,474,474,474,1,474,images/pixabay_cat_001868.jpg,bx,001,2022-04-05_10h38.46.611,Cat face rating experiment_0-500,2021.1.4,MacIntel,58.82352941
,,,,,,space,2.268,5,1.677,0,475,475,475,1,475,images/pixabay_cat_000856.jpg,bx,001,2022-04-05_10h38.46.611,Cat face rating experiment_0-500,2021.1.4,MacIntel,58.82352941
,,,,,,space,2.051,3,1.447,0,476,476,476,1,476,images/pixabay_cat_003849.jpg,bx,001,2022-04-05_10h38.46.611,Cat face rating experiment_0-500,2021.1.4,MacIntel,58.82352941
,,,,,,space,2.452,4,1.491,0,477,477,477,1,477,images/pixabay_cat_002171.jpg,bx,001,2022-04-05_10h38.46.611,Cat face rating experiment_0-500,2021.1.4,MacIntel,58.82352941
,,,,,,space,2.159,3,1.523,0,478,478,478,1,478,images/pixabay_cat_002114.jpg,bx,001,2022-04-05_10h38.46.611,Cat face rating experiment_0-500,2021.1.4,MacIntel,58.82352941
,,,,,,space,2.069,4,1.54,0,479,479,479,1,479,images/pixabay_cat_003258.jpg,bx,001,2022-04-05_10h38.46.611,Cat face rating experiment_0-500,2021.1.4,MacIntel,58.82352941
,,,,,,space,2.208,1,1.399,0,480,480,480,1,480,images/pixabay_cat_000425.jpg,bx,001,2022-04-05_10h38.46.611,Cat face rating experiment_0-500,2021.1.4,MacIntel,58.82352941
,,,,,,space,2.453,2,1.524,0,481,481,481,1,481,images/pixabay_cat_003821.jpg,bx,001,2022-04-05_10h38.46.611,Cat face rating experiment_0-500,2021.1.4,MacIntel,58.82352941
,,,,,,space,1.664,2,1.064,0,482,482,482,1,482,images/pixabay_cat_000568.jpg,bx,001,2022-04-05_10h38.46.611,Cat face rating experiment_0-500,2021.1.4,MacIntel,58.82352941
,,,,,,space,1.55,2,0.912,0,483,483,483,1,483,images/pixabay_cat_000800.jpg,bx,001,2022-04-05_10h38.46.611,Cat face rating experiment_0-500,2021.1.4,MacIntel,58.82352941
,,,,,,space,1.89,1,1.279,0,484,484,484,1,484,images/pixabay_cat_002004.jpg,bx,001,2022-04-05_10h38.46.611,Cat face rating experiment_0-500,2021.1.4,MacIntel,58.82352941
,,,,,,space,3.797,4,2.929,0,485,485,485,1,485,images/pixabay_cat_002760.jpg,bx,001,2022-04-05_10h38.46.611,Cat face rating experiment_0-500,2021.1.4,MacIntel,58.82352941
,,,,,,space,2.183,3,1.462,0,486,486,486,1,486,images/pixabay_cat_003518.jpg,bx,001,2022-04-05_10h38.46.611,Cat face rating experiment_0-500,2021.1.4,MacIntel,58.82352941
,,,,,,space,2.695,2,1.779,0,487,487,487,1,487,images/pixabay_cat_000029.jpg,bx,001,2022-04-05_10h38.46.611,Cat face rating experiment_0-500,2021.1.4,MacIntel,58.82352941
,,,,,,space,2.755,1,1.958,0,488,488,488,1,488,images/pixabay_cat_004531.jpg,bx,001,2022-04-05_10h38.46.611,Cat face rating experiment_0-500,2021.1.4,MacIntel,58.82352941
,,,,,,space,6.392,1,1.19,0,489,489,489,1,489,images/pixabay_cat_004292.jpg,bx,001,2022-04-05_10h38.46.611,Cat face rating experiment_0-500,2021.1.4,MacIntel,58.82352941
,,,,,,space,3.006,5,1.824,0,490,490,490,1,490,images/pixabay_cat_004100.jpg,bx,001,2022-04-05_10h38.46.611,Cat face rating experiment_0-500,2021.1.4,MacIntel,58.82352941
,,,,,,space,2.153,3,1.432,0,491,491,491,1,491,images/pixabay_cat_000414.jpg,bx,001,2022-04-05_10h38.46.611,Cat face rating experiment_0-500,2021.1.4,MacIntel,58.82352941
,,,,,,space,3.318,2,2.831,0,492,492,492,1,492,images/pixabay_cat_002685.jpg,bx,001,2022-04-05_10h38.46.611,Cat face rating experiment_0-500,2021.1.4,MacIntel,58.82352941
,,,,,,space,1.635,2,1.126,0,493,493,493,1,493,images/pixabay_cat_004259.jpg,bx,001,2022-04-05_10h38.46.611,Cat face rating experiment_0-500,2021.1.4,MacIntel,58.82352941
,,,,,,space,1.852,2,1.04,0,494,494,494,1,494,images/pixabay_cat_001802.jpg,bx,001,2022-04-05_10h38.46.611,Cat face rating experiment_0-500,2021.1.4,MacIntel,58.82352941
,,,,,,space,3.392,5,2.624,0,495,495,495,1,495,images/pixabay_cat_000067.jpg,bx,001,2022-04-05_10h38.46.611,Cat face rating experiment_0-500,2021.1.4,MacIntel,58.82352941
,,,,,,space,2.089,4,1.457,0,496,496,496,1,496,images/pixabay_cat_003069.jpg,bx,001,2022-04-05_10h38.46.611,Cat face rating experiment_0-500,2021.1.4,MacIntel,58.82352941
,,,,,,space,1.821,3,1.223,0,497,497,497,1,497,images/flickr_cat_000812.jpg,bx,001,2022-04-05_10h38.46.611,Cat face rating experiment_0-500,2021.1.4,MacIntel,58.82352941
,,,,,,space,1.873,3,1.323,0,498,498,498,1,498,images/pixabay_cat_002638.jpg,bx,001,2022-04-05_10h38.46.611,Cat face rating experiment_0-500,2021.1.4,MacIntel,58.82352941
,,,,,,space,2.261,2,1.189,0,499,499,499,1,499,images/flickr_cat_000203.jpg,bx,001,2022-04-05_10h38.46.611,Cat face rating experiment_0-500,2021.1.4,MacIntel,58.82352941
