key_resp.keys,key_resp.rt,key_resp_2.keys,key_resp_2.rt,key_resp_3.keys,key_resp_3.rt,key_resp_4.keys,key_resp_4.rt,slider.response,slider.rt,trials.thisRepN,trials.thisTrialN,trials.thisN,trials.thisIndex,trials.ran,trial_nums,img,participant,session,date,expName,psychopyVersion,OS,frameRate
space,1.3916,space,2.6165,space,10.7289,space,9.1208,7,5.3144,0,0,0,0,1,0,images/pixabay_cat_000265.jpg,bx,001,2022-04-04_12h41.14.768,Cat face rating experiment_0-500,2021.1.4,MacIntel,60.0024001
,,,,,,space,3.4178,6,3.0614,0,1,1,1,1,1,images/pixabay_cat_003456.jpg,bx,001,2022-04-04_12h41.14.768,Cat face rating experiment_0-500,2021.1.4,MacIntel,60.0024001
,,,,,,space,2.496,5,2.1949,0,2,2,2,1,2,images/pixabay_cat_001888.jpg,bx,001,2022-04-04_12h41.14.768,Cat face rating experiment_0-500,2021.1.4,MacIntel,60.0024001
,,,,,,space,1.853,5,1.4947,0,3,3,3,1,3,images/pixabay_cat_002932.jpg,bx,001,2022-04-04_12h41.14.768,Cat face rating experiment_0-500,2021.1.4,MacIntel,60.0024001
,,,,,,space,3.2663,4,2.9606,0,4,4,4,1,4,images/pixabay_cat_001034.jpg,bx,001,2022-04-04_12h41.14.768,Cat face rating experiment_0-500,2021.1.4,MacIntel,60.0024001
,,,,,,space,1.8339,2,1.4598,0,5,5,5,1,5,images/flickr_cat_000685.jpg,bx,001,2022-04-04_12h41.14.768,Cat face rating experiment_0-500,2021.1.4,MacIntel,60.0024001
,,,,,,space,1.7606,7,1.3967,0,6,6,6,1,6,images/pixabay_cat_002620.jpg,bx,001,2022-04-04_12h41.14.768,Cat face rating experiment_0-500,2021.1.4,MacIntel,60.0024001
,,,,,,space,1.7129,6,1.3124,0,7,7,7,1,7,images/flickr_cat_000272.jpg,bx,001,2022-04-04_12h41.14.768,Cat face rating experiment_0-500,2021.1.4,MacIntel,60.0024001
,,,,,,space,1.8451,5,1.3757,0,8,8,8,1,8,images/flickr_cat_000764.jpg,bx,001,2022-04-04_12h41.14.768,Cat face rating experiment_0-500,2021.1.4,MacIntel,60.0024001
,,,,,,space,1.8484,6,1.4961,0,9,9,9,1,9,images/pixabay_cat_003872.jpg,bx,001,2022-04-04_12h41.14.768,Cat face rating experiment_0-500,2021.1.4,MacIntel,60.0024001
,,,,,,space,1.3861,6,1.0446,0,10,10,10,1,10,images/pixabay_cat_004323.jpg,bx,001,2022-04-04_12h41.14.768,Cat face rating experiment_0-500,2021.1.4,MacIntel,60.0024001
,,,,,,space,1.5659,6,1.179,0,11,11,11,1,11,images/pixabay_cat_000548.jpg,bx,001,2022-04-04_12h41.14.768,Cat face rating experiment_0-500,2021.1.4,MacIntel,60.0024001
,,,,,,space,2.6512,6,2.3126,0,12,12,12,1,12,images/flickr_cat_000463.jpg,bx,001,2022-04-04_12h41.14.768,Cat face rating experiment_0-500,2021.1.4,MacIntel,60.0024001
,,,,,,space,1.7852,3,1.4603,0,13,13,13,1,13,images/flickr_cat_000204.jpg,bx,001,2022-04-04_12h41.14.768,Cat face rating experiment_0-500,2021.1.4,MacIntel,60.0024001
,,,,,,space,2.7684,5,2.4441,0,14,14,14,1,14,images/pixabay_cat_001531.jpg,bx,001,2022-04-04_12h41.14.768,Cat face rating experiment_0-500,2021.1.4,MacIntel,60.0024001
,,,,,,space,1.5834,6,1.263,0,15,15,15,1,15,images/pixabay_cat_003665.jpg,bx,001,2022-04-04_12h41.14.768,Cat face rating experiment_0-500,2021.1.4,MacIntel,60.0024001
,,,,,,space,1.5675,5,1.2099,0,16,16,16,1,16,images/pixabay_cat_002893.jpg,bx,001,2022-04-04_12h41.14.768,Cat face rating experiment_0-500,2021.1.4,MacIntel,60.0024001
,,,,,,space,1.7356,3,1.2954,0,17,17,17,1,17,images/pixabay_cat_000223.jpg,bx,001,2022-04-04_12h41.14.768,Cat face rating experiment_0-500,2021.1.4,MacIntel,60.0024001
,,,,,,space,1.9009,6,1.5291,0,18,18,18,1,18,images/pixabay_cat_003726.jpg,bx,001,2022-04-04_12h41.14.768,Cat face rating experiment_0-500,2021.1.4,MacIntel,60.0024001
,,,,,,space,2.019,1,1.6454,0,19,19,19,1,19,images/pixabay_cat_001244.jpg,bx,001,2022-04-04_12h41.14.768,Cat face rating experiment_0-500,2021.1.4,MacIntel,60.0024001
,,,,,,space,1.681,2,1.344,0,20,20,20,1,20,images/pixabay_cat_000572.jpg,bx,001,2022-04-04_12h41.14.768,Cat face rating experiment_0-500,2021.1.4,MacIntel,60.0024001
,,,,,,space,1006.6169,5,909.1285,0,21,21,21,1,21,images/pixabay_cat_001023.jpg,bx,001,2022-04-04_12h41.14.768,Cat face rating experiment_0-500,2021.1.4,MacIntel,60.0024001
,,,,,,space,2.7244,5,1.7625,0,22,22,22,1,22,images/pixabay_cat_003287.jpg,bx,001,2022-04-04_12h41.14.768,Cat face rating experiment_0-500,2021.1.4,MacIntel,60.0024001
,,,,,,space,6.5298,6,2.0143,0,23,23,23,1,23,images/pixabay_cat_002876.jpg,bx,001,2022-04-04_12h41.14.768,Cat face rating experiment_0-500,2021.1.4,MacIntel,60.0024001
,,,,,,space,19.9775,6,1.8592,0,24,24,24,1,24,images/pixabay_cat_003702.jpg,bx,001,2022-04-04_12h41.14.768,Cat face rating experiment_0-500,2021.1.4,MacIntel,60.0024001
,,,,,,space,1.5935,6,1.2587,0,25,25,25,1,25,images/pixabay_cat_000258.jpg,bx,001,2022-04-04_12h41.14.768,Cat face rating experiment_0-500,2021.1.4,MacIntel,60.0024001
,,,,,,space,2.3856,2,1.9627,0,26,26,26,1,26,images/flickr_cat_000506.jpg,bx,001,2022-04-04_12h41.14.768,Cat face rating experiment_0-500,2021.1.4,MacIntel,60.0024001
,,,,,,space,2.0006,6,1.6628,0,27,27,27,1,27,images/flickr_cat_000469.jpg,bx,001,2022-04-04_12h41.14.768,Cat face rating experiment_0-500,2021.1.4,MacIntel,60.0024001
,,,,,,space,1121.8707,3,1121.3018,0,28,28,28,1,28,images/pixabay_cat_001432.jpg,bx,001,2022-04-04_12h41.14.768,Cat face rating experiment_0-500,2021.1.4,MacIntel,60.0024001
,,,,,,space,3.518,2,3.0448,0,29,29,29,1,29,images/pixabay_cat_004240.jpg,bx,001,2022-04-04_12h41.14.768,Cat face rating experiment_0-500,2021.1.4,MacIntel,60.0024001
,,,,,,space,3.4621,6,1.9127,0,30,30,30,1,30,images/pixabay_cat_004443.jpg,bx,001,2022-04-04_12h41.14.768,Cat face rating experiment_0-500,2021.1.4,MacIntel,60.0024001
,,,,,,space,3.0821,5,1.879,0,31,31,31,1,31,images/pixabay_cat_002104.jpg,bx,001,2022-04-04_12h41.14.768,Cat face rating experiment_0-500,2021.1.4,MacIntel,60.0024001
,,,,,,space,2.3814,2,1.9266,0,32,32,32,1,32,images/pixabay_cat_002059.jpg,bx,001,2022-04-04_12h41.14.768,Cat face rating experiment_0-500,2021.1.4,MacIntel,60.0024001
,,,,,,space,327.4127,5,326.9623,0,33,33,33,1,33,images/pixabay_cat_004462.jpg,bx,001,2022-04-04_12h41.14.768,Cat face rating experiment_0-500,2021.1.4,MacIntel,60.0024001
,,,,,,space,2.9956,1,2.428,0,34,34,34,1,34,images/flickr_cat_000436.jpg,bx,001,2022-04-04_12h41.14.768,Cat face rating experiment_0-500,2021.1.4,MacIntel,60.0024001
,,,,,,space,2.4871,2,1.8275,0,35,35,35,1,35,images/flickr_cat_000291.jpg,bx,001,2022-04-04_12h41.14.768,Cat face rating experiment_0-500,2021.1.4,MacIntel,60.0024001
,,,,,,space,2.1479,2,1.7617,0,36,36,36,1,36,images/pixabay_cat_001907.jpg,bx,001,2022-04-04_12h41.14.768,Cat face rating experiment_0-500,2021.1.4,MacIntel,60.0024001
,,,,,,space,2.2656,5,1.7449,0,37,37,37,1,37,images/pixabay_cat_004593.jpg,bx,001,2022-04-04_12h41.14.768,Cat face rating experiment_0-500,2021.1.4,MacIntel,60.0024001
,,,,,,space,1.8852,7,1.4985,0,38,38,38,1,38,images/pixabay_cat_002774.jpg,bx,001,2022-04-04_12h41.14.768,Cat face rating experiment_0-500,2021.1.4,MacIntel,60.0024001
,,,,,,space,4.4027,3,3.9472,0,39,39,39,1,39,images/pixabay_cat_001265.jpg,bx,001,2022-04-04_12h41.14.768,Cat face rating experiment_0-500,2021.1.4,MacIntel,60.0024001
,,,,,,space,2.6682,3,2.2797,0,40,40,40,1,40,images/flickr_cat_000057.jpg,bx,001,2022-04-04_12h41.14.768,Cat face rating experiment_0-500,2021.1.4,MacIntel,60.0024001
,,,,,,space,4.9044,2,4.5473,0,41,41,41,1,41,images/pixabay_cat_002143.jpg,bx,001,2022-04-04_12h41.14.768,Cat face rating experiment_0-500,2021.1.4,MacIntel,60.0024001
,,,,,,space,3.1015,6,1.9805,0,42,42,42,1,42,images/flickr_cat_000661.jpg,bx,001,2022-04-04_12h41.14.768,Cat face rating experiment_0-500,2021.1.4,MacIntel,60.0024001
,,,,,,space,2.048,3,1.6626,0,43,43,43,1,43,images/pixabay_cat_002411.jpg,bx,001,2022-04-04_12h41.14.768,Cat face rating experiment_0-500,2021.1.4,MacIntel,60.0024001
,,,,,,space,2.1311,2,1.7303,0,44,44,44,1,44,images/pixabay_cat_002309.jpg,bx,001,2022-04-04_12h41.14.768,Cat face rating experiment_0-500,2021.1.4,MacIntel,60.0024001
,,,,,,space,8.6323,6,8.2815,0,45,45,45,1,45,images/pixabay_cat_001534.jpg,bx,001,2022-04-04_12h41.14.768,Cat face rating experiment_0-500,2021.1.4,MacIntel,60.0024001
,,,,,,space,1.7028,2,1.3627,0,46,46,46,1,46,images/flickr_cat_000470.jpg,bx,001,2022-04-04_12h41.14.768,Cat face rating experiment_0-500,2021.1.4,MacIntel,60.0024001
,,,,,,space,3.0351,5,1.9288,0,47,47,47,1,47,images/pixabay_cat_002182.jpg,bx,001,2022-04-04_12h41.14.768,Cat face rating experiment_0-500,2021.1.4,MacIntel,60.0024001
,,,,,,space,1.8356,,,0,48,48,48,1,48,images/pixabay_cat_001520.jpg,bx,001,2022-04-04_12h41.14.768,Cat face rating experiment_0-500,2021.1.4,MacIntel,60.0024001
,,,,,,space,2.4671,3,2.0471,0,49,49,49,1,49,images/flickr_cat_000171.jpg,bx,001,2022-04-04_12h41.14.768,Cat face rating experiment_0-500,2021.1.4,MacIntel,60.0024001
,,,,,,space,2.4872,3,2.0942,0,50,50,50,1,50,images/flickr_cat_000763.jpg,bx,001,2022-04-04_12h41.14.768,Cat face rating experiment_0-500,2021.1.4,MacIntel,60.0024001
,,,,,,space,2.3495,6,1.8296,0,51,51,51,1,51,images/pixabay_cat_002897.jpg,bx,001,2022-04-04_12h41.14.768,Cat face rating experiment_0-500,2021.1.4,MacIntel,60.0024001
,,,,,,space,20.8819,2,20.4788,0,52,52,52,1,52,images/flickr_cat_000662.jpg,bx,001,2022-04-04_12h41.14.768,Cat face rating experiment_0-500,2021.1.4,MacIntel,60.0024001
,,,,,,space,1.8166,3,1.4606,0,53,53,53,1,53,images/flickr_cat_000064.jpg,bx,001,2022-04-04_12h41.14.768,Cat face rating experiment_0-500,2021.1.4,MacIntel,60.0024001
,,,,,,space,2.4989,3,2.1435,0,54,54,54,1,54,images/pixabay_cat_004053.jpg,bx,001,2022-04-04_12h41.14.768,Cat face rating experiment_0-500,2021.1.4,MacIntel,60.0024001
,,,,,,space,2.9033,2,2.4968,0,55,55,55,1,55,images/pixabay_cat_004383.jpg,bx,001,2022-04-04_12h41.14.768,Cat face rating experiment_0-500,2021.1.4,MacIntel,60.0024001
,,,,,,space,2.8655,2,1.4797,0,56,56,56,1,56,images/pixabay_cat_003546.jpg,bx,001,2022-04-04_12h41.14.768,Cat face rating experiment_0-500,2021.1.4,MacIntel,60.0024001
,,,,,,space,3.7002,2,1.259,0,57,57,57,1,57,images/pixabay_cat_001894.jpg,bx,001,2022-04-04_12h41.14.768,Cat face rating experiment_0-500,2021.1.4,MacIntel,60.0024001
,,,,,,space,2.1294,6,1.6282,0,58,58,58,1,58,images/pixabay_cat_000264.jpg,bx,001,2022-04-04_12h41.14.768,Cat face rating experiment_0-500,2021.1.4,MacIntel,60.0024001
,,,,,,space,3.6205,5,2.8452,0,59,59,59,1,59,images/pixabay_cat_001276.jpg,bx,001,2022-04-04_12h41.14.768,Cat face rating experiment_0-500,2021.1.4,MacIntel,60.0024001
,,,,,,space,43.5251,2,43.0944,0,60,60,60,1,60,images/pixabay_cat_002405.jpg,bx,001,2022-04-04_12h41.14.768,Cat face rating experiment_0-500,2021.1.4,MacIntel,60.0024001
,,,,,,space,2.6832,3,2.1101,0,61,61,61,1,61,images/pixabay_cat_002175.jpg,bx,001,2022-04-04_12h41.14.768,Cat face rating experiment_0-500,2021.1.4,MacIntel,60.0024001
,,,,,,space,1.7161,2,1.4454,0,62,62,62,1,62,images/pixabay_cat_000852.jpg,bx,001,2022-04-04_12h41.14.768,Cat face rating experiment_0-500,2021.1.4,MacIntel,60.0024001
,,,,,,space,6.9858,1,6.362,0,63,63,63,1,63,images/pixabay_cat_001484.jpg,bx,001,2022-04-04_12h41.14.768,Cat face rating experiment_0-500,2021.1.4,MacIntel,60.0024001
,,,,,,space,3.4148,2,3.0456,0,64,64,64,1,64,images/pixabay_cat_004181.jpg,bx,001,2022-04-04_12h41.14.768,Cat face rating experiment_0-500,2021.1.4,MacIntel,60.0024001
,,,,,,space,26.7003,3,25.7139,0,65,65,65,1,65,images/pixabay_cat_003705.jpg,bx,001,2022-04-04_12h41.14.768,Cat face rating experiment_0-500,2021.1.4,MacIntel,60.0024001
,,,,,,space,6.4852,2,6.0119,0,66,66,66,1,66,images/pixabay_cat_004638.jpg,bx,001,2022-04-04_12h41.14.768,Cat face rating experiment_0-500,2021.1.4,MacIntel,60.0024001
,,,,,,space,2.2183,5,1.6158,0,67,67,67,1,67,images/pixabay_cat_003846.jpg,bx,001,2022-04-04_12h41.14.768,Cat face rating experiment_0-500,2021.1.4,MacIntel,60.0024001
,,,,,,space,2.1667,6,1.6964,0,68,68,68,1,68,images/pixabay_cat_001886.jpg,bx,001,2022-04-04_12h41.14.768,Cat face rating experiment_0-500,2021.1.4,MacIntel,60.0024001
,,,,,,space,2.5393,3,1.8162,0,69,69,69,1,69,images/pixabay_cat_004424.jpg,bx,001,2022-04-04_12h41.14.768,Cat face rating experiment_0-500,2021.1.4,MacIntel,60.0024001
,,,,,,space,31.5128,2,31.098,0,70,70,70,1,70,images/pixabay_cat_002027.jpg,bx,001,2022-04-04_12h41.14.768,Cat face rating experiment_0-500,2021.1.4,MacIntel,60.0024001
,,,,,,space,1.4854,2,1.014,0,71,71,71,1,71,images/pixabay_cat_004796.jpg,bx,001,2022-04-04_12h41.14.768,Cat face rating experiment_0-500,2021.1.4,MacIntel,60.0024001
,,,,,,space,1.9638,2,0.9609,0,72,72,72,1,72,images/pixabay_cat_001698.jpg,bx,001,2022-04-04_12h41.14.768,Cat face rating experiment_0-500,2021.1.4,MacIntel,60.0024001
,,,,,,space,3.6019,3,3.2123,0,73,73,73,1,73,images/pixabay_cat_001898.jpg,bx,001,2022-04-04_12h41.14.768,Cat face rating experiment_0-500,2021.1.4,MacIntel,60.0024001
,,,,,,space,14.8839,3,14.2279,0,74,74,74,1,74,images/pixabay_cat_002250.jpg,bx,001,2022-04-04_12h41.14.768,Cat face rating experiment_0-500,2021.1.4,MacIntel,60.0024001
,,,,,,space,13.6067,4,13.23,0,75,75,75,1,75,images/pixabay_cat_004050.jpg,bx,001,2022-04-04_12h41.14.768,Cat face rating experiment_0-500,2021.1.4,MacIntel,60.0024001
,,,,,,space,2.4032,2,1.9456,0,76,76,76,1,76,images/pixabay_cat_002738.jpg,bx,001,2022-04-04_12h41.14.768,Cat face rating experiment_0-500,2021.1.4,MacIntel,60.0024001
,,,,,,space,57.5416,2,57.1106,0,77,77,77,1,77,images/flickr_cat_000034.jpg,bx,001,2022-04-04_12h41.14.768,Cat face rating experiment_0-500,2021.1.4,MacIntel,60.0024001
,,,,,,space,9.3515,1,8.9484,0,78,78,78,1,78,images/pixabay_cat_000766.jpg,bx,001,2022-04-04_12h41.14.768,Cat face rating experiment_0-500,2021.1.4,MacIntel,60.0024001
,,,,,,space,3.3841,2,1.4495,0,79,79,79,1,79,images/flickr_cat_000793.jpg,bx,001,2022-04-04_12h41.14.768,Cat face rating experiment_0-500,2021.1.4,MacIntel,60.0024001
,,,,,,space,20.4634,2,19.5614,0,80,80,80,1,80,images/pixabay_cat_000998.jpg,bx,001,2022-04-04_12h41.14.768,Cat face rating experiment_0-500,2021.1.4,MacIntel,60.0024001
,,,,,,space,7.1549,3,6.7461,0,81,81,81,1,81,images/pixabay_cat_002176.jpg,bx,001,2022-04-04_12h41.14.768,Cat face rating experiment_0-500,2021.1.4,MacIntel,60.0024001
,,,,,,space,1.7531,2,1.38,0,82,82,82,1,82,images/flickr_cat_000066.jpg,bx,001,2022-04-04_12h41.14.768,Cat face rating experiment_0-500,2021.1.4,MacIntel,60.0024001
,,,,,,space,145.036,5,144.6805,0,83,83,83,1,83,images/pixabay_cat_001796.jpg,bx,001,2022-04-04_12h41.14.768,Cat face rating experiment_0-500,2021.1.4,MacIntel,60.0024001
,,,,,,space,1.6932,5,1.3478,0,84,84,84,1,84,images/pixabay_cat_001862.jpg,bx,001,2022-04-04_12h41.14.768,Cat face rating experiment_0-500,2021.1.4,MacIntel,60.0024001
,,,,,,space,1.587,2,1.246,0,85,85,85,1,85,images/pixabay_cat_001624.jpg,bx,001,2022-04-04_12h41.14.768,Cat face rating experiment_0-500,2021.1.4,MacIntel,60.0024001
,,,,,,space,1.6686,3,1.312,0,86,86,86,1,86,images/pixabay_cat_000822.jpg,bx,001,2022-04-04_12h41.14.768,Cat face rating experiment_0-500,2021.1.4,MacIntel,60.0024001
,,,,,,space,1.604,7,1.2441,0,87,87,87,1,87,images/pixabay_cat_001353.jpg,bx,001,2022-04-04_12h41.14.768,Cat face rating experiment_0-500,2021.1.4,MacIntel,60.0024001
,,,,,,space,1.9882,2,1.6606,0,88,88,88,1,88,images/pixabay_cat_003405.jpg,bx,001,2022-04-04_12h41.14.768,Cat face rating experiment_0-500,2021.1.4,MacIntel,60.0024001
,,,,,,space,1.9722,4,1.5456,0,89,89,89,1,89,images/pixabay_cat_003174.jpg,bx,001,2022-04-04_12h41.14.768,Cat face rating experiment_0-500,2021.1.4,MacIntel,60.0024001
,,,,,,space,2.2697,3,1.8934,0,90,90,90,1,90,images/pixabay_cat_003323.jpg,bx,001,2022-04-04_12h41.14.768,Cat face rating experiment_0-500,2021.1.4,MacIntel,60.0024001
,,,,,,space,1.5201,2,1.196,0,91,91,91,1,91,images/pixabay_cat_003603.jpg,bx,001,2022-04-04_12h41.14.768,Cat face rating experiment_0-500,2021.1.4,MacIntel,60.0024001
,,,,,,space,38.4343,,,0,92,92,92,1,92,images/pixabay_cat_004244.jpg,bx,001,2022-04-04_12h41.14.768,Cat face rating experiment_0-500,2021.1.4,MacIntel,60.0024001
,,,,,,space,1.9501,3,1.5963,0,93,93,93,1,93,images/flickr_cat_000185.jpg,bx,001,2022-04-04_12h41.14.768,Cat face rating experiment_0-500,2021.1.4,MacIntel,60.0024001
,,,,,,space,1.5186,3,1.2127,0,94,94,94,1,94,images/pixabay_cat_004174.jpg,bx,001,2022-04-04_12h41.14.768,Cat face rating experiment_0-500,2021.1.4,MacIntel,60.0024001
,,,,,,space,2.2695,2,1.9941,0,95,95,95,1,95,images/pixabay_cat_003857.jpg,bx,001,2022-04-04_12h41.14.768,Cat face rating experiment_0-500,2021.1.4,MacIntel,60.0024001
,,,,,,space,1.7191,1,1.3472,0,96,96,96,1,96,images/pixabay_cat_000879.jpg,bx,001,2022-04-04_12h41.14.768,Cat face rating experiment_0-500,2021.1.4,MacIntel,60.0024001
,,,,,,space,1.1214,1,0.73,0,97,97,97,1,97,images/pixabay_cat_001251.jpg,bx,001,2022-04-04_12h41.14.768,Cat face rating experiment_0-500,2021.1.4,MacIntel,60.0024001
,,,,,,space,1.5423,2,1.1979,0,98,98,98,1,98,images/pixabay_cat_000306.jpg,bx,001,2022-04-04_12h41.14.768,Cat face rating experiment_0-500,2021.1.4,MacIntel,60.0024001
,,,,,,space,1.3986,3,1.0106,0,99,99,99,1,99,images/pixabay_cat_004615.jpg,bx,001,2022-04-04_12h41.14.768,Cat face rating experiment_0-500,2021.1.4,MacIntel,60.0024001
,,,,,,space,1.7044,4,1.4412,0,100,100,100,1,100,images/pixabay_cat_001846.jpg,bx,001,2022-04-04_12h41.14.768,Cat face rating experiment_0-500,2021.1.4,MacIntel,60.0024001
,,,,,,space,2.0517,5,1.7456,0,101,101,101,1,101,images/pixabay_cat_002180.jpg,bx,001,2022-04-04_12h41.14.768,Cat face rating experiment_0-500,2021.1.4,MacIntel,60.0024001
,,,,,,space,1.7607,3,1.3446,0,102,102,102,1,102,images/pixabay_cat_004451.jpg,bx,001,2022-04-04_12h41.14.768,Cat face rating experiment_0-500,2021.1.4,MacIntel,60.0024001
,,,,,,space,1.962,2,1.4985,0,103,103,103,1,103,images/flickr_cat_000281.jpg,bx,001,2022-04-04_12h41.14.768,Cat face rating experiment_0-500,2021.1.4,MacIntel,60.0024001
,,,,,,space,3.0031,1,2.6124,0,104,104,104,1,104,images/pixabay_cat_002858.jpg,bx,001,2022-04-04_12h41.14.768,Cat face rating experiment_0-500,2021.1.4,MacIntel,60.0024001
,,,,,,space,3.7703,5,3.4776,0,105,105,105,1,105,images/pixabay_cat_000992.jpg,bx,001,2022-04-04_12h41.14.768,Cat face rating experiment_0-500,2021.1.4,MacIntel,60.0024001
,,,,,,space,2.0337,2,1.6639,0,106,106,106,1,106,images/pixabay_cat_002097.jpg,bx,001,2022-04-04_12h41.14.768,Cat face rating experiment_0-500,2021.1.4,MacIntel,60.0024001
,,,,,,space,1.9147,2,1.3968,0,107,107,107,1,107,images/pixabay_cat_002098.jpg,bx,001,2022-04-04_12h41.14.768,Cat face rating experiment_0-500,2021.1.4,MacIntel,60.0024001
,,,,,,space,1.3508,3,1.0786,0,108,108,108,1,108,images/pixabay_cat_004280.jpg,bx,001,2022-04-04_12h41.14.768,Cat face rating experiment_0-500,2021.1.4,MacIntel,60.0024001
,,,,,,space,38.9047,,,0,109,109,109,1,109,images/pixabay_cat_001545.jpg,bx,001,2022-04-04_12h41.14.768,Cat face rating experiment_0-500,2021.1.4,MacIntel,60.0024001
,,,,,,space,1.7198,2,1.4278,0,110,110,110,1,110,images/pixabay_cat_000455.jpg,bx,001,2022-04-04_12h41.14.768,Cat face rating experiment_0-500,2021.1.4,MacIntel,60.0024001
,,,,,,space,1.4769,2,1.1326,0,111,111,111,1,111,images/pixabay_cat_003089.jpg,bx,001,2022-04-04_12h41.14.768,Cat face rating experiment_0-500,2021.1.4,MacIntel,60.0024001
,,,,,,space,1.1181,2,0.8278,0,112,112,112,1,112,images/pixabay_cat_000383.jpg,bx,001,2022-04-04_12h41.14.768,Cat face rating experiment_0-500,2021.1.4,MacIntel,60.0024001
,,,,,,space,2.8512,3,2.5797,0,113,113,113,1,113,images/flickr_cat_000432.jpg,bx,001,2022-04-04_12h41.14.768,Cat face rating experiment_0-500,2021.1.4,MacIntel,60.0024001
,,,,,,space,1.4951,4,1.281,0,114,114,114,1,114,images/pixabay_cat_001133.jpg,bx,001,2022-04-04_12h41.14.768,Cat face rating experiment_0-500,2021.1.4,MacIntel,60.0024001
,,,,,,space,1.8031,2,1.4972,0,115,115,115,1,115,images/pixabay_cat_003123.jpg,bx,001,2022-04-04_12h41.14.768,Cat face rating experiment_0-500,2021.1.4,MacIntel,60.0024001
,,,,,,space,1.1701,2,0.8438,0,116,116,116,1,116,images/pixabay_cat_001655.jpg,bx,001,2022-04-04_12h41.14.768,Cat face rating experiment_0-500,2021.1.4,MacIntel,60.0024001
,,,,,,space,1.7526,6,1.4624,0,117,117,117,1,117,images/pixabay_cat_003976.jpg,bx,001,2022-04-04_12h41.14.768,Cat face rating experiment_0-500,2021.1.4,MacIntel,60.0024001
,,,,,,space,1.5505,3,1.2775,0,118,118,118,1,118,images/pixabay_cat_000912.jpg,bx,001,2022-04-04_12h41.14.768,Cat face rating experiment_0-500,2021.1.4,MacIntel,60.0024001
,,,,,,space,1.6839,1,1.3794,0,119,119,119,1,119,images/flickr_cat_000059.jpg,bx,001,2022-04-04_12h41.14.768,Cat face rating experiment_0-500,2021.1.4,MacIntel,60.0024001
,,,,,,space,2.4781,2,2.0632,0,120,120,120,1,120,images/pixabay_cat_000819.jpg,bx,001,2022-04-04_12h41.14.768,Cat face rating experiment_0-500,2021.1.4,MacIntel,60.0024001
,,,,,,space,1.799,5,1.5288,0,121,121,121,1,121,images/pixabay_cat_003980.jpg,bx,001,2022-04-04_12h41.14.768,Cat face rating experiment_0-500,2021.1.4,MacIntel,60.0024001
,,,,,,space,1.6212,3,1.2953,0,122,122,122,1,122,images/pixabay_cat_000798.jpg,bx,001,2022-04-04_12h41.14.768,Cat face rating experiment_0-500,2021.1.4,MacIntel,60.0024001
,,,,,,space,57.7129,2,57.3803,0,123,123,123,1,123,images/pixabay_cat_002599.jpg,bx,001,2022-04-04_12h41.14.768,Cat face rating experiment_0-500,2021.1.4,MacIntel,60.0024001
,,,,,,space,2.5342,2,2.1298,0,124,124,124,1,124,images/pixabay_cat_001193.jpg,bx,001,2022-04-04_12h41.14.768,Cat face rating experiment_0-500,2021.1.4,MacIntel,60.0024001
,,,,,,space,38.233,3,37.8956,0,125,125,125,1,125,images/pixabay_cat_004644.jpg,bx,001,2022-04-04_12h41.14.768,Cat face rating experiment_0-500,2021.1.4,MacIntel,60.0024001
,,,,,,space,1.7,6,1.4142,0,126,126,126,1,126,images/pixabay_cat_001274.jpg,bx,001,2022-04-04_12h41.14.768,Cat face rating experiment_0-500,2021.1.4,MacIntel,60.0024001
,,,,,,space,1.5171,3,1.2484,0,127,127,127,1,127,images/flickr_cat_000820.jpg,bx,001,2022-04-04_12h41.14.768,Cat face rating experiment_0-500,2021.1.4,MacIntel,60.0024001
,,,,,,space,2.8183,5,2.5264,0,128,128,128,1,128,images/pixabay_cat_001568.jpg,bx,001,2022-04-04_12h41.14.768,Cat face rating experiment_0-500,2021.1.4,MacIntel,60.0024001
,,,,,,space,1.5374,3,1.2325,0,129,129,129,1,129,images/pixabay_cat_001123.jpg,bx,001,2022-04-04_12h41.14.768,Cat face rating experiment_0-500,2021.1.4,MacIntel,60.0024001
,,,,,,space,1.5695,5,1.2622,0,130,130,130,1,130,images/pixabay_cat_001498.jpg,bx,001,2022-04-04_12h41.14.768,Cat face rating experiment_0-500,2021.1.4,MacIntel,60.0024001
,,,,,,space,1.4527,3,1.1811,0,131,131,131,1,131,images/pixabay_cat_001301.jpg,bx,001,2022-04-04_12h41.14.768,Cat face rating experiment_0-500,2021.1.4,MacIntel,60.0024001
,,,,,,space,3.754,4,2.7799,0,132,132,132,1,132,images/pixabay_cat_002404.jpg,bx,001,2022-04-04_12h41.14.768,Cat face rating experiment_0-500,2021.1.4,MacIntel,60.0024001
,,,,,,space,1.5857,3,1.2773,0,133,133,133,1,133,images/pixabay_cat_001714.jpg,bx,001,2022-04-04_12h41.14.768,Cat face rating experiment_0-500,2021.1.4,MacIntel,60.0024001
,,,,,,space,2.4364,4,2.1921,0,134,134,134,1,134,images/pixabay_cat_003332.jpg,bx,001,2022-04-04_12h41.14.768,Cat face rating experiment_0-500,2021.1.4,MacIntel,60.0024001
,,,,,,space,2.1209,2,1.8471,0,135,135,135,1,135,images/pixabay_cat_000176.jpg,bx,001,2022-04-04_12h41.14.768,Cat face rating experiment_0-500,2021.1.4,MacIntel,60.0024001
,,,,,,space,2.351,3,2.0794,0,136,136,136,1,136,images/pixabay_cat_003592.jpg,bx,001,2022-04-04_12h41.14.768,Cat face rating experiment_0-500,2021.1.4,MacIntel,60.0024001
,,,,,,space,1.5514,2,1.2767,0,137,137,137,1,137,images/pixabay_cat_001978.jpg,bx,001,2022-04-04_12h41.14.768,Cat face rating experiment_0-500,2021.1.4,MacIntel,60.0024001
,,,,,,space,1.8042,3,1.5628,0,138,138,138,1,138,images/pixabay_cat_000739.jpg,bx,001,2022-04-04_12h41.14.768,Cat face rating experiment_0-500,2021.1.4,MacIntel,60.0024001
,,,,,,space,1.4429,2,1.1479,0,139,139,139,1,139,images/pixabay_cat_000620.jpg,bx,001,2022-04-04_12h41.14.768,Cat face rating experiment_0-500,2021.1.4,MacIntel,60.0024001
,,,,,,space,2.4847,2,2.1936,0,140,140,140,1,140,images/pixabay_cat_000659.jpg,bx,001,2022-04-04_12h41.14.768,Cat face rating experiment_0-500,2021.1.4,MacIntel,60.0024001
,,,,,,space,2.8946,2,2.3984,0,141,141,141,1,141,images/pixabay_cat_002627.jpg,bx,001,2022-04-04_12h41.14.768,Cat face rating experiment_0-500,2021.1.4,MacIntel,60.0024001
,,,,,,space,2.1367,2,1.7286,0,142,142,142,1,142,images/flickr_cat_000797.jpg,bx,001,2022-04-04_12h41.14.768,Cat face rating experiment_0-500,2021.1.4,MacIntel,60.0024001
,,,,,,space,1.9361,1,1.6935,0,143,143,143,1,143,images/pixabay_cat_003057.jpg,bx,001,2022-04-04_12h41.14.768,Cat face rating experiment_0-500,2021.1.4,MacIntel,60.0024001
,,,,,,space,1.3992,2,1.1452,0,144,144,144,1,144,images/pixabay_cat_003851.jpg,bx,001,2022-04-04_12h41.14.768,Cat face rating experiment_0-500,2021.1.4,MacIntel,60.0024001
,,,,,,space,2.0319,2,1.5293,0,145,145,145,1,145,images/pixabay_cat_003962.jpg,bx,001,2022-04-04_12h41.14.768,Cat face rating experiment_0-500,2021.1.4,MacIntel,60.0024001
,,,,,,space,1.3976,2,1.079,0,146,146,146,1,146,images/pixabay_cat_004447.jpg,bx,001,2022-04-04_12h41.14.768,Cat face rating experiment_0-500,2021.1.4,MacIntel,60.0024001
,,,,,,space,1.3376,2,0.7481,0,147,147,147,1,147,images/flickr_cat_000438.jpg,bx,001,2022-04-04_12h41.14.768,Cat face rating experiment_0-500,2021.1.4,MacIntel,60.0024001
,,,,,,space,1.0713,2,0.7798,0,148,148,148,1,148,images/flickr_cat_000511.jpg,bx,001,2022-04-04_12h41.14.768,Cat face rating experiment_0-500,2021.1.4,MacIntel,60.0024001
,,,,,,space,2.1871,3,1.8783,0,149,149,149,1,149,images/pixabay_cat_003704.jpg,bx,001,2022-04-04_12h41.14.768,Cat face rating experiment_0-500,2021.1.4,MacIntel,60.0024001
,,,,,,space,1.7826,5,1.5308,0,150,150,150,1,150,images/pixabay_cat_002372.jpg,bx,001,2022-04-04_12h41.14.768,Cat face rating experiment_0-500,2021.1.4,MacIntel,60.0024001
,,,,,,space,1.7361,1,1.4456,0,151,151,151,1,151,images/pixabay_cat_003078.jpg,bx,001,2022-04-04_12h41.14.768,Cat face rating experiment_0-500,2021.1.4,MacIntel,60.0024001
,,,,,,space,1.3366,2,1.0949,0,152,152,152,1,152,images/flickr_cat_000577.jpg,bx,001,2022-04-04_12h41.14.768,Cat face rating experiment_0-500,2021.1.4,MacIntel,60.0024001
,,,,,,space,1.3523,2,1.0437,0,153,153,153,1,153,images/pixabay_cat_002172.jpg,bx,001,2022-04-04_12h41.14.768,Cat face rating experiment_0-500,2021.1.4,MacIntel,60.0024001
,,,,,,space,1.6472,3,1.3632,0,154,154,154,1,154,images/pixabay_cat_004500.jpg,bx,001,2022-04-04_12h41.14.768,Cat face rating experiment_0-500,2021.1.4,MacIntel,60.0024001
,,,,,,space,6.7845,2,5.4481,0,155,155,155,1,155,images/flickr_cat_000003.jpg,bx,001,2022-04-04_12h41.14.768,Cat face rating experiment_0-500,2021.1.4,MacIntel,60.0024001
,,,,,,space,1.7522,3,1.1986,0,156,156,156,1,156,images/pixabay_cat_000574.jpg,bx,001,2022-04-04_12h41.14.768,Cat face rating experiment_0-500,2021.1.4,MacIntel,60.0024001
,,,,,,space,1.3787,2,1.0455,0,157,157,157,1,157,images/pixabay_cat_002457.jpg,bx,001,2022-04-04_12h41.14.768,Cat face rating experiment_0-500,2021.1.4,MacIntel,60.0024001
,,,,,,space,1.3875,2,1.128,0,158,158,158,1,158,images/pixabay_cat_000359.jpg,bx,001,2022-04-04_12h41.14.768,Cat face rating experiment_0-500,2021.1.4,MacIntel,60.0024001
,,,,,,space,1.1401,2,0.8286,0,159,159,159,1,159,images/pixabay_cat_000496.jpg,bx,001,2022-04-04_12h41.14.768,Cat face rating experiment_0-500,2021.1.4,MacIntel,60.0024001
,,,,,,space,1.5424,1,1.2799,0,160,160,160,1,160,images/pixabay_cat_000379.jpg,bx,001,2022-04-04_12h41.14.768,Cat face rating experiment_0-500,2021.1.4,MacIntel,60.0024001
,,,,,,space,1.6207,2,1.2952,0,161,161,161,1,161,images/flickr_cat_000046.jpg,bx,001,2022-04-04_12h41.14.768,Cat face rating experiment_0-500,2021.1.4,MacIntel,60.0024001
,,,,,,space,1.7337,2,1.3751,0,162,162,162,1,162,images/pixabay_cat_004397.jpg,bx,001,2022-04-04_12h41.14.768,Cat face rating experiment_0-500,2021.1.4,MacIntel,60.0024001
,,,,,,space,1.2492,2,0.9118,0,163,163,163,1,163,images/flickr_cat_000663.jpg,bx,001,2022-04-04_12h41.14.768,Cat face rating experiment_0-500,2021.1.4,MacIntel,60.0024001
,,,,,,space,2.5556,5,2.1475,0,164,164,164,1,164,images/pixabay_cat_002199.jpg,bx,001,2022-04-04_12h41.14.768,Cat face rating experiment_0-500,2021.1.4,MacIntel,60.0024001
,,,,,,space,2.4362,4,2.1616,0,165,165,165,1,165,images/pixabay_cat_000262.jpg,bx,001,2022-04-04_12h41.14.768,Cat face rating experiment_0-500,2021.1.4,MacIntel,60.0024001
,,,,,,space,1.6671,1,1.4105,0,166,166,166,1,166,images/pixabay_cat_002512.jpg,bx,001,2022-04-04_12h41.14.768,Cat face rating experiment_0-500,2021.1.4,MacIntel,60.0024001
,,,,,,space,1.4345,2,0.898,0,167,167,167,1,167,images/pixabay_cat_002963.jpg,bx,001,2022-04-04_12h41.14.768,Cat face rating experiment_0-500,2021.1.4,MacIntel,60.0024001
,,,,,,space,6.9879,5,5.4977,0,168,168,168,1,168,images/flickr_cat_000217.jpg,bx,001,2022-04-04_12h41.14.768,Cat face rating experiment_0-500,2021.1.4,MacIntel,60.0024001
,,,,,,space,29.4034,6,1.9947,0,169,169,169,1,169,images/pixabay_cat_001813.jpg,bx,001,2022-04-04_12h41.14.768,Cat face rating experiment_0-500,2021.1.4,MacIntel,60.0024001
,,,,,,space,1.4034,4,1.1459,0,170,170,170,1,170,images/pixabay_cat_000332.jpg,bx,001,2022-04-04_12h41.14.768,Cat face rating experiment_0-500,2021.1.4,MacIntel,60.0024001
,,,,,,space,1.9543,3,1.5978,0,171,171,171,1,171,images/flickr_cat_000638.jpg,bx,001,2022-04-04_12h41.14.768,Cat face rating experiment_0-500,2021.1.4,MacIntel,60.0024001
,,,,,,space,2.3878,3,1.2783,0,172,172,172,1,172,images/pixabay_cat_001722.jpg,bx,001,2022-04-04_12h41.14.768,Cat face rating experiment_0-500,2021.1.4,MacIntel,60.0024001
,,,,,,space,2.0668,4,1.6962,0,173,173,173,1,173,images/pixabay_cat_000034.jpg,bx,001,2022-04-04_12h41.14.768,Cat face rating experiment_0-500,2021.1.4,MacIntel,60.0024001
,,,,,,space,1.501,5,1.2128,0,174,174,174,1,174,images/pixabay_cat_003888.jpg,bx,001,2022-04-04_12h41.14.768,Cat face rating experiment_0-500,2021.1.4,MacIntel,60.0024001
,,,,,,space,4.0696,1,3.748,0,175,175,175,1,175,images/pixabay_cat_002408.jpg,bx,001,2022-04-04_12h41.14.768,Cat face rating experiment_0-500,2021.1.4,MacIntel,60.0024001
,,,,,,space,2.4194,2,2.0091,0,176,176,176,1,176,images/pixabay_cat_003398.jpg,bx,001,2022-04-04_12h41.14.768,Cat face rating experiment_0-500,2021.1.4,MacIntel,60.0024001
,,,,,,space,2.1043,6,1.5757,0,177,177,177,1,177,images/pixabay_cat_003226.jpg,bx,001,2022-04-04_12h41.14.768,Cat face rating experiment_0-500,2021.1.4,MacIntel,60.0024001
,,,,,,space,36.4628,,,0,178,178,178,1,178,images/pixabay_cat_001472.jpg,bx,001,2022-04-04_12h41.14.768,Cat face rating experiment_0-500,2021.1.4,MacIntel,60.0024001
,,,,,,space,1.5423,4,1.3442,0,179,179,179,1,179,images/pixabay_cat_000063.jpg,bx,001,2022-04-04_12h41.14.768,Cat face rating experiment_0-500,2021.1.4,MacIntel,60.0024001
,,,,,,space,1.7203,5,1.377,0,180,180,180,1,180,images/pixabay_cat_003893.jpg,bx,001,2022-04-04_12h41.14.768,Cat face rating experiment_0-500,2021.1.4,MacIntel,60.0024001
,,,,,,space,1.451,3,1.1284,0,181,181,181,1,181,images/pixabay_cat_000442.jpg,bx,001,2022-04-04_12h41.14.768,Cat face rating experiment_0-500,2021.1.4,MacIntel,60.0024001
,,,,,,space,1.8869,1,1.4133,0,182,182,182,1,182,images/flickr_cat_000773.jpg,bx,001,2022-04-04_12h41.14.768,Cat face rating experiment_0-500,2021.1.4,MacIntel,60.0024001
,,,,,,space,1.3692,2,1.0786,0,183,183,183,1,183,images/pixabay_cat_004091.jpg,bx,001,2022-04-04_12h41.14.768,Cat face rating experiment_0-500,2021.1.4,MacIntel,60.0024001
,,,,,,space,1.4037,2,1.1113,0,184,184,184,1,184,images/pixabay_cat_003152.jpg,bx,001,2022-04-04_12h41.14.768,Cat face rating experiment_0-500,2021.1.4,MacIntel,60.0024001
,,,,,,space,1.3049,2,0.7102,0,185,185,185,1,185,images/pixabay_cat_004821.jpg,bx,001,2022-04-04_12h41.14.768,Cat face rating experiment_0-500,2021.1.4,MacIntel,60.0024001
,,,,,,space,1.2024,2,0.7275,0,186,186,186,1,186,images/pixabay_cat_002288.jpg,bx,001,2022-04-04_12h41.14.768,Cat face rating experiment_0-500,2021.1.4,MacIntel,60.0024001
,,,,,,space,1.2184,2,0.813,0,187,187,187,1,187,images/pixabay_cat_003867.jpg,bx,001,2022-04-04_12h41.14.768,Cat face rating experiment_0-500,2021.1.4,MacIntel,60.0024001
,,,,,,space,1.1577,2,0.7138,0,188,188,188,1,188,images/pixabay_cat_004493.jpg,bx,001,2022-04-04_12h41.14.768,Cat face rating experiment_0-500,2021.1.4,MacIntel,60.0024001
,,,,,,space,2.6208,3,2.096,0,189,189,189,1,189,images/pixabay_cat_002530.jpg,bx,001,2022-04-04_12h41.14.768,Cat face rating experiment_0-500,2021.1.4,MacIntel,60.0024001
,,,,,,space,1.8658,4,1.6615,0,190,190,190,1,190,images/pixabay_cat_002297.jpg,bx,001,2022-04-04_12h41.14.768,Cat face rating experiment_0-500,2021.1.4,MacIntel,60.0024001
,,,,,,space,1.1479,3,0.9277,0,191,191,191,1,191,images/pixabay_cat_001734.jpg,bx,001,2022-04-04_12h41.14.768,Cat face rating experiment_0-500,2021.1.4,MacIntel,60.0024001
,,,,,,space,2.6205,4,2.3085,0,192,192,192,1,192,images/flickr_cat_000718.jpg,bx,001,2022-04-04_12h41.14.768,Cat face rating experiment_0-500,2021.1.4,MacIntel,60.0024001
,,,,,,space,1.3354,3,1.0629,0,193,193,193,1,193,images/pixabay_cat_001019.jpg,bx,001,2022-04-04_12h41.14.768,Cat face rating experiment_0-500,2021.1.4,MacIntel,60.0024001
,,,,,,space,1.8505,4,1.6116,0,194,194,194,1,194,images/pixabay_cat_000456.jpg,bx,001,2022-04-04_12h41.14.768,Cat face rating experiment_0-500,2021.1.4,MacIntel,60.0024001
,,,,,,space,1.5846,5,1.0319,0,195,195,195,1,195,images/pixabay_cat_002847.jpg,bx,001,2022-04-04_12h41.14.768,Cat face rating experiment_0-500,2021.1.4,MacIntel,60.0024001
,,,,,,space,1.4988,3,1.2432,0,196,196,196,1,196,images/flickr_cat_000298.jpg,bx,001,2022-04-04_12h41.14.768,Cat face rating experiment_0-500,2021.1.4,MacIntel,60.0024001
,,,,,,space,1.3874,4,1.0131,0,197,197,197,1,197,images/pixabay_cat_003868.jpg,bx,001,2022-04-04_12h41.14.768,Cat face rating experiment_0-500,2021.1.4,MacIntel,60.0024001
,,,,,,space,1.8479,3,1.5968,0,198,198,198,1,198,images/pixabay_cat_003003.jpg,bx,001,2022-04-04_12h41.14.768,Cat face rating experiment_0-500,2021.1.4,MacIntel,60.0024001
,,,,,,space,1.2806,2,1.0097,0,199,199,199,1,199,images/pixabay_cat_003233.jpg,bx,001,2022-04-04_12h41.14.768,Cat face rating experiment_0-500,2021.1.4,MacIntel,60.0024001
,,,,,,space,2.2348,3,1.9778,0,200,200,200,1,200,images/pixabay_cat_000021.jpg,bx,001,2022-04-04_12h41.14.768,Cat face rating experiment_0-500,2021.1.4,MacIntel,60.0024001
,,,,,,space,1.9356,4,1.4763,0,201,201,201,1,201,images/pixabay_cat_003295.jpg,bx,001,2022-04-04_12h41.14.768,Cat face rating experiment_0-500,2021.1.4,MacIntel,60.0024001
,,,,,,space,1.2741,3,1.0136,0,202,202,202,1,202,images/pixabay_cat_000897.jpg,bx,001,2022-04-04_12h41.14.768,Cat face rating experiment_0-500,2021.1.4,MacIntel,60.0024001
,,,,,,space,1.047,3,0.745,0,203,203,203,1,203,images/pixabay_cat_002729.jpg,bx,001,2022-04-04_12h41.14.768,Cat face rating experiment_0-500,2021.1.4,MacIntel,60.0024001
,,,,,,space,1.6684,5,1.3972,0,204,204,204,1,204,images/pixabay_cat_004139.jpg,bx,001,2022-04-04_12h41.14.768,Cat face rating experiment_0-500,2021.1.4,MacIntel,60.0024001
,,,,,,space,4.8157,3,4.5301,0,205,205,205,1,205,images/flickr_cat_000562.jpg,bx,001,2022-04-04_12h41.14.768,Cat face rating experiment_0-500,2021.1.4,MacIntel,60.0024001
,,,,,,space,28.611,,,0,206,206,206,1,206,images/pixabay_cat_000662.jpg,bx,001,2022-04-04_12h41.14.768,Cat face rating experiment_0-500,2021.1.4,MacIntel,60.0024001
,,,,,,space,2.8701,5,2.5435,0,207,207,207,1,207,images/pixabay_cat_003383.jpg,bx,001,2022-04-04_12h41.14.768,Cat face rating experiment_0-500,2021.1.4,MacIntel,60.0024001
,,,,,,space,1.7382,4,1.5623,0,208,208,208,1,208,images/pixabay_cat_001253.jpg,bx,001,2022-04-04_12h41.14.768,Cat face rating experiment_0-500,2021.1.4,MacIntel,60.0024001
,,,,,,space,2.055,2,1.7451,0,209,209,209,1,209,images/pixabay_cat_001892.jpg,bx,001,2022-04-04_12h41.14.768,Cat face rating experiment_0-500,2021.1.4,MacIntel,60.0024001
