key_resp.keys,key_resp.rt,key_resp_2.keys,key_resp_2.rt,key_resp_3.keys,key_resp_3.rt,key_resp_4.keys,key_resp_4.rt,slider.response,slider.rt,trials.thisRepN,trials.thisTrialN,trials.thisN,trials.thisIndex,trials.ran,trial_nums,img,participant,session,date,expName,psychopyVersion,OS,frameRate
space,0.7447,space,0.193,space,0.305,space,1.6202,6,1.2138,0,0,0,0,1,0,images/pixabay_cat_000265.jpg,Eddy,001,2022-04-11_11h23.05.220,Cat face rating experiment_0-500,2021.1.4,Win32,143.0410528
,,,,,,space,4.4539,6,2.1293,0,1,1,1,1,1,images/pixabay_cat_003456.jpg,Eddy,001,2022-04-11_11h23.05.220,Cat face rating experiment_0-500,2021.1.4,Win32,143.0410528
,,,,,,space,2.4208,5,1.6679,0,2,2,2,1,2,images/pixabay_cat_001888.jpg,Eddy,001,2022-04-11_11h23.05.220,Cat face rating experiment_0-500,2021.1.4,Win32,143.0410528
,,,,,,space,1.5759,,,0,3,3,3,1,3,images/pixabay_cat_002932.jpg,Eddy,001,2022-04-11_11h23.05.220,Cat face rating experiment_0-500,2021.1.4,Win32,143.0410528
,,,,,,space,1.7227,3,1.3687,0,4,4,4,1,4,images/pixabay_cat_001034.jpg,Eddy,001,2022-04-11_11h23.05.220,Cat face rating experiment_0-500,2021.1.4,Win32,143.0410528
,,,,,,space,3.0471,3,2.3102,0,5,5,5,1,5,images/flickr_cat_000685.jpg,Eddy,001,2022-04-11_11h23.05.220,Cat face rating experiment_0-500,2021.1.4,Win32,143.0410528
,,,,,,space,2.4001,6,2.0736,0,6,6,6,1,6,images/pixabay_cat_002620.jpg,Eddy,001,2022-04-11_11h23.05.220,Cat face rating experiment_0-500,2021.1.4,Win32,143.0410528
,,,,,,space,3.0367,3,2.6441,0,7,7,7,1,7,images/flickr_cat_000272.jpg,Eddy,001,2022-04-11_11h23.05.220,Cat face rating experiment_0-500,2021.1.4,Win32,143.0410528
,,,,,,space,1.6717,2,1.2893,0,8,8,8,1,8,images/flickr_cat_000764.jpg,Eddy,001,2022-04-11_11h23.05.220,Cat face rating experiment_0-500,2021.1.4,Win32,143.0410528
,,,,,,space,2.1303,7,1.6085,0,9,9,9,1,9,images/pixabay_cat_003872.jpg,Eddy,001,2022-04-11_11h23.05.220,Cat face rating experiment_0-500,2021.1.4,Win32,143.0410528
,,,,,,space,2.8262,6,2.5705,0,10,10,10,1,10,images/pixabay_cat_004323.jpg,Eddy,001,2022-04-11_11h23.05.220,Cat face rating experiment_0-500,2021.1.4,Win32,143.0410528
,,,,,,space,2.8386,2,2.2202,0,11,11,11,1,11,images/pixabay_cat_000548.jpg,Eddy,001,2022-04-11_11h23.05.220,Cat face rating experiment_0-500,2021.1.4,Win32,143.0410528
,,,,,,space,2.2586,3,2.0047,0,12,12,12,1,12,images/flickr_cat_000463.jpg,Eddy,001,2022-04-11_11h23.05.220,Cat face rating experiment_0-500,2021.1.4,Win32,143.0410528
,,,,,,space,2.1977,3,1.4479,0,13,13,13,1,13,images/flickr_cat_000204.jpg,Eddy,001,2022-04-11_11h23.05.220,Cat face rating experiment_0-500,2021.1.4,Win32,143.0410528
,,,,,,space,2.6317,2,2.0328,0,14,14,14,1,14,images/pixabay_cat_001531.jpg,Eddy,001,2022-04-11_11h23.05.220,Cat face rating experiment_0-500,2021.1.4,Win32,143.0410528
,,,,,,space,2.61,5,2.1751,0,15,15,15,1,15,images/pixabay_cat_003665.jpg,Eddy,001,2022-04-11_11h23.05.220,Cat face rating experiment_0-500,2021.1.4,Win32,143.0410528
,,,,,,space,3.6323,,,0,16,16,16,1,16,images/pixabay_cat_002893.jpg,Eddy,001,2022-04-11_11h23.05.220,Cat face rating experiment_0-500,2021.1.4,Win32,143.0410528
,,,,,,space,2.6661,2,2.363,0,17,17,17,1,17,images/pixabay_cat_000223.jpg,Eddy,001,2022-04-11_11h23.05.220,Cat face rating experiment_0-500,2021.1.4,Win32,143.0410528
,,,,,,space,2.0872,5,1.7331,0,18,18,18,1,18,images/pixabay_cat_003726.jpg,Eddy,001,2022-04-11_11h23.05.220,Cat face rating experiment_0-500,2021.1.4,Win32,143.0410528
,,,,,,space,2.3859,2,1.9376,0,19,19,19,1,19,images/pixabay_cat_001244.jpg,Eddy,001,2022-04-11_11h23.05.220,Cat face rating experiment_0-500,2021.1.4,Win32,143.0410528
,,,,,,space,3.4406,2,1.6209,0,20,20,20,1,20,images/pixabay_cat_000572.jpg,Eddy,001,2022-04-11_11h23.05.220,Cat face rating experiment_0-500,2021.1.4,Win32,143.0410528
,,,,,,space,2.042,3,1.6796,0,21,21,21,1,21,images/pixabay_cat_001023.jpg,Eddy,001,2022-04-11_11h23.05.220,Cat face rating experiment_0-500,2021.1.4,Win32,143.0410528
,,,,,,space,2.7826,4,2.4782,0,22,22,22,1,22,images/pixabay_cat_003287.jpg,Eddy,001,2022-04-11_11h23.05.220,Cat face rating experiment_0-500,2021.1.4,Win32,143.0410528
,,,,,,space,8.0736,3,7.7804,0,23,23,23,1,23,images/pixabay_cat_002876.jpg,Eddy,001,2022-04-11_11h23.05.220,Cat face rating experiment_0-500,2021.1.4,Win32,143.0410528
,,,,,,space,6.3153,6,6.0604,0,24,24,24,1,24,images/pixabay_cat_003702.jpg,Eddy,001,2022-04-11_11h23.05.220,Cat face rating experiment_0-500,2021.1.4,Win32,143.0410528
,,,,,,space,2.3072,5,1.6644,0,25,25,25,1,25,images/pixabay_cat_000258.jpg,Eddy,001,2022-04-11_11h23.05.220,Cat face rating experiment_0-500,2021.1.4,Win32,143.0410528
,,,,,,space,1.6425,5,1.3588,0,26,26,26,1,26,images/flickr_cat_000506.jpg,Eddy,001,2022-04-11_11h23.05.220,Cat face rating experiment_0-500,2021.1.4,Win32,143.0410528
,,,,,,space,1.6451,5,1.2349,0,27,27,27,1,27,images/flickr_cat_000469.jpg,Eddy,001,2022-04-11_11h23.05.220,Cat face rating experiment_0-500,2021.1.4,Win32,143.0410528
,,,,,,space,1.8387,,,0,28,28,28,1,28,images/pixabay_cat_001432.jpg,Eddy,001,2022-04-11_11h23.05.220,Cat face rating experiment_0-500,2021.1.4,Win32,143.0410528
,,,,,,space,3.7178,3,3.4818,0,29,29,29,1,29,images/pixabay_cat_004240.jpg,Eddy,001,2022-04-11_11h23.05.220,Cat face rating experiment_0-500,2021.1.4,Win32,143.0410528
,,,,,,space,2.1029,,,0,30,30,30,1,30,images/pixabay_cat_004443.jpg,Eddy,001,2022-04-11_11h23.05.220,Cat face rating experiment_0-500,2021.1.4,Win32,143.0410528
,,,,,,space,1.7636,,,0,31,31,31,1,31,images/pixabay_cat_002104.jpg,Eddy,001,2022-04-11_11h23.05.220,Cat face rating experiment_0-500,2021.1.4,Win32,143.0410528
,,,,,,space,2.9714,4,1.9976,0,32,32,32,1,32,images/pixabay_cat_002059.jpg,Eddy,001,2022-04-11_11h23.05.220,Cat face rating experiment_0-500,2021.1.4,Win32,143.0410528
,,,,,,space,18.1701,5,3.3065,0,33,33,33,1,33,images/pixabay_cat_004462.jpg,Eddy,001,2022-04-11_11h23.05.220,Cat face rating experiment_0-500,2021.1.4,Win32,143.0410528
,,,,,,space,3.1588,3,1.4211,0,34,34,34,1,34,images/flickr_cat_000436.jpg,Eddy,001,2022-04-11_11h23.05.220,Cat face rating experiment_0-500,2021.1.4,Win32,143.0410528
,,,,,,space,1.9048,3,1.6864,0,35,35,35,1,35,images/flickr_cat_000291.jpg,Eddy,001,2022-04-11_11h23.05.220,Cat face rating experiment_0-500,2021.1.4,Win32,143.0410528
,,,,,,space,2.6579,3,2.0446,0,36,36,36,1,36,images/pixabay_cat_001907.jpg,Eddy,001,2022-04-11_11h23.05.220,Cat face rating experiment_0-500,2021.1.4,Win32,143.0410528
,,,,,,space,6.2128,2,4.8875,0,37,37,37,1,37,images/pixabay_cat_004593.jpg,Eddy,001,2022-04-11_11h23.05.220,Cat face rating experiment_0-500,2021.1.4,Win32,143.0410528
