key_resp.keys,key_resp.rt,key_resp_2.keys,key_resp_2.rt,key_resp_3.keys,key_resp_3.rt,key_resp_4.keys,key_resp_4.rt,slider.response,slider.rt,trials.thisRepN,trials.thisTrialN,trials.thisN,trials.thisIndex,trials.ran,trial_nums,img,participant,session,date,expName,psychopyVersion,OS,frameRate
space,0.4951,space,0.2772,space,0.3395,space,2.6024,6,2.2993,0,0,0,0,1,0,images/pixabay_cat_000265.jpg,Eddy,001,2022-04-11_11h59.32.518,Cat face rating experiment_0-500,2021.1.4,Win32,143.8228103
,,,,,,space,1.6047,6,0.7215,0,1,1,1,1,1,images/pixabay_cat_003456.jpg,Eddy,001,2022-04-11_11h59.32.518,Cat face rating experiment_0-500,2021.1.4,Win32,143.8228103
,,,,,,space,5.2966,2,3.5952,0,2,2,2,1,2,images/pixabay_cat_001888.jpg,Eddy,001,2022-04-11_11h59.32.518,Cat face rating experiment_0-500,2021.1.4,Win32,143.8228103
,,,,,,space,3.0673,3,1.8528,0,3,3,3,1,3,images/pixabay_cat_002932.jpg,Eddy,001,2022-04-11_11h59.32.518,Cat face rating experiment_0-500,2021.1.4,Win32,143.8228103
,,,,,,space,3.2849,3,2.9783,0,4,4,4,1,4,images/pixabay_cat_001034.jpg,Eddy,001,2022-04-11_11h59.32.518,Cat face rating experiment_0-500,2021.1.4,Win32,143.8228103
,,,,,,space,4.3435,3,3.9002,0,5,5,5,1,5,images/flickr_cat_000685.jpg,Eddy,001,2022-04-11_11h59.32.518,Cat face rating experiment_0-500,2021.1.4,Win32,143.8228103
,,,,,,space,2.3219,5,1.3307,0,6,6,6,1,6,images/pixabay_cat_002620.jpg,Eddy,001,2022-04-11_11h59.32.518,Cat face rating experiment_0-500,2021.1.4,Win32,143.8228103
,,,,,,space,2.2827,3,1.9503,0,7,7,7,1,7,images/flickr_cat_000272.jpg,Eddy,001,2022-04-11_11h59.32.518,Cat face rating experiment_0-500,2021.1.4,Win32,143.8228103
,,,,,,space,1.4502,3,1.2132,0,8,8,8,1,8,images/flickr_cat_000764.jpg,Eddy,001,2022-04-11_11h59.32.518,Cat face rating experiment_0-500,2021.1.4,Win32,143.8228103
,,,,,,space,1.5105,6,1.2125,0,9,9,9,1,9,images/pixabay_cat_003872.jpg,Eddy,001,2022-04-11_11h59.32.518,Cat face rating experiment_0-500,2021.1.4,Win32,143.8228103
,,,,,,space,1.4033,5,1.0064,0,10,10,10,1,10,images/pixabay_cat_004323.jpg,Eddy,001,2022-04-11_11h59.32.518,Cat face rating experiment_0-500,2021.1.4,Win32,143.8228103
,,,,,,space,1.7405,,,0,11,11,11,1,11,images/pixabay_cat_000548.jpg,Eddy,001,2022-04-11_11h59.32.518,Cat face rating experiment_0-500,2021.1.4,Win32,143.8228103
,,,,,,space,1.8126,,,0,12,12,12,1,12,images/flickr_cat_000463.jpg,Eddy,001,2022-04-11_11h59.32.518,Cat face rating experiment_0-500,2021.1.4,Win32,143.8228103
,,,,,,space,1.7985,3,1.5892,0,13,13,13,1,13,images/flickr_cat_000204.jpg,Eddy,001,2022-04-11_11h59.32.518,Cat face rating experiment_0-500,2021.1.4,Win32,143.8228103
,,,,,,space,2.1217,2,1.8997,0,14,14,14,1,14,images/pixabay_cat_001531.jpg,Eddy,001,2022-04-11_11h59.32.518,Cat face rating experiment_0-500,2021.1.4,Win32,143.8228103
,,,,,,space,1.929,5,1.4907,0,15,15,15,1,15,images/pixabay_cat_003665.jpg,Eddy,001,2022-04-11_11h59.32.518,Cat face rating experiment_0-500,2021.1.4,Win32,143.8228103
,,,,,,space,2.7153,,,0,16,16,16,1,16,images/pixabay_cat_002893.jpg,Eddy,001,2022-04-11_11h59.32.518,Cat face rating experiment_0-500,2021.1.4,Win32,143.8228103
,,,,,,space,2.0158,2,1.7641,0,17,17,17,1,17,images/pixabay_cat_000223.jpg,Eddy,001,2022-04-11_11h59.32.518,Cat face rating experiment_0-500,2021.1.4,Win32,143.8228103
,,,,,,space,3.3528,5,1.5219,0,18,18,18,1,18,images/pixabay_cat_003726.jpg,Eddy,001,2022-04-11_11h59.32.518,Cat face rating experiment_0-500,2021.1.4,Win32,143.8228103
,,,,,,space,1.5819,2,1.3721,0,19,19,19,1,19,images/pixabay_cat_001244.jpg,Eddy,001,2022-04-11_11h59.32.518,Cat face rating experiment_0-500,2021.1.4,Win32,143.8228103
,,,,,,space,1.4434,3,1.2195,0,20,20,20,1,20,images/pixabay_cat_000572.jpg,Eddy,001,2022-04-11_11h59.32.518,Cat face rating experiment_0-500,2021.1.4,Win32,143.8228103
,,,,,,space,2.0623,,,0,21,21,21,1,21,images/pixabay_cat_001023.jpg,Eddy,001,2022-04-11_11h59.32.518,Cat face rating experiment_0-500,2021.1.4,Win32,143.8228103
,,,,,,space,3.0894,5,2.8306,0,22,22,22,1,22,images/pixabay_cat_003287.jpg,Eddy,001,2022-04-11_11h59.32.518,Cat face rating experiment_0-500,2021.1.4,Win32,143.8228103
,,,,,,space,2.9898,3,2.3657,0,23,23,23,1,23,images/pixabay_cat_002876.jpg,Eddy,001,2022-04-11_11h59.32.518,Cat face rating experiment_0-500,2021.1.4,Win32,143.8228103
,,,,,,space,2.6673,6,2.3951,0,24,24,24,1,24,images/pixabay_cat_003702.jpg,Eddy,001,2022-04-11_11h59.32.518,Cat face rating experiment_0-500,2021.1.4,Win32,143.8228103
,,,,,,space,1.37,5,1.0949,0,25,25,25,1,25,images/pixabay_cat_000258.jpg,Eddy,001,2022-04-11_11h59.32.518,Cat face rating experiment_0-500,2021.1.4,Win32,143.8228103
,,,,,,space,1.3381,5,1.148,0,26,26,26,1,26,images/flickr_cat_000506.jpg,Eddy,001,2022-04-11_11h59.32.518,Cat face rating experiment_0-500,2021.1.4,Win32,143.8228103
,,,,,,space,1.5125,6,1.2566,0,27,27,27,1,27,images/flickr_cat_000469.jpg,Eddy,001,2022-04-11_11h59.32.518,Cat face rating experiment_0-500,2021.1.4,Win32,143.8228103
,,,,,,space,1.4354,,,0,28,28,28,1,28,images/pixabay_cat_001432.jpg,Eddy,001,2022-04-11_11h59.32.518,Cat face rating experiment_0-500,2021.1.4,Win32,143.8228103
,,,,,,space,2.0095,3,1.7649,0,29,29,29,1,29,images/pixabay_cat_004240.jpg,Eddy,001,2022-04-11_11h59.32.518,Cat face rating experiment_0-500,2021.1.4,Win32,143.8228103
,,,,,,space,1.8934,5,1.7197,0,30,30,30,1,30,images/pixabay_cat_004443.jpg,Eddy,001,2022-04-11_11h59.32.518,Cat face rating experiment_0-500,2021.1.4,Win32,143.8228103
,,,,,,space,2.0389,6,1.7821,0,31,31,31,1,31,images/pixabay_cat_002104.jpg,Eddy,001,2022-04-11_11h59.32.518,Cat face rating experiment_0-500,2021.1.4,Win32,143.8228103
,,,,,,space,1.8218,5,1.1172,0,32,32,32,1,32,images/pixabay_cat_002059.jpg,Eddy,001,2022-04-11_11h59.32.518,Cat face rating experiment_0-500,2021.1.4,Win32,143.8228103
,,,,,,space,5.4923,3,3.3795,0,33,33,33,1,33,images/pixabay_cat_004462.jpg,Eddy,001,2022-04-11_11h59.32.518,Cat face rating experiment_0-500,2021.1.4,Win32,143.8228103
,,,,,,space,1.4946,3,1.3045,0,34,34,34,1,34,images/flickr_cat_000436.jpg,Eddy,001,2022-04-11_11h59.32.518,Cat face rating experiment_0-500,2021.1.4,Win32,143.8228103
,,,,,,space,2.7148,,,0,35,35,35,1,35,images/flickr_cat_000291.jpg,Eddy,001,2022-04-11_11h59.32.518,Cat face rating experiment_0-500,2021.1.4,Win32,143.8228103
,,,,,,space,1.8221,5,1.5447,0,36,36,36,1,36,images/pixabay_cat_001907.jpg,Eddy,001,2022-04-11_11h59.32.518,Cat face rating experiment_0-500,2021.1.4,Win32,143.8228103
,,,,,,space,2.2164,5,2.0007,0,37,37,37,1,37,images/pixabay_cat_000351.jpg,Eddy,001,2022-04-11_11h59.32.518,Cat face rating experiment_0-500,2021.1.4,Win32,143.8228103
,,,,,,space,1.901,,,0,38,38,38,1,38,images/pixabay_cat_002774.jpg,Eddy,001,2022-04-11_11h59.32.518,Cat face rating experiment_0-500,2021.1.4,Win32,143.8228103
,,,,,,space,0.9586,,,0,39,39,39,1,39,images/pixabay_cat_001265.jpg,Eddy,001,2022-04-11_11h59.32.518,Cat face rating experiment_0-500,2021.1.4,Win32,143.8228103
,,,,,,space,8.6989,2,3.4212,0,40,40,40,1,40,images/flickr_cat_000057.jpg,Eddy,001,2022-04-11_11h59.32.518,Cat face rating experiment_0-500,2021.1.4,Win32,143.8228103
,,,,,,space,4.0487,3,1.9571,0,41,41,41,1,41,images/pixabay_cat_002143.jpg,Eddy,001,2022-04-11_11h59.32.518,Cat face rating experiment_0-500,2021.1.4,Win32,143.8228103
,,,,,,space,2.4597,4,2.0702,0,42,42,42,1,42,images/flickr_cat_000661.jpg,Eddy,001,2022-04-11_11h59.32.518,Cat face rating experiment_0-500,2021.1.4,Win32,143.8228103
,,,,,,space,2.4331,3,2.1797,0,43,43,43,1,43,images/pixabay_cat_002411.jpg,Eddy,001,2022-04-11_11h59.32.518,Cat face rating experiment_0-500,2021.1.4,Win32,143.8228103
,,,,,,space,1.4207,2,1.2138,0,44,44,44,1,44,images/pixabay_cat_002309.jpg,Eddy,001,2022-04-11_11h59.32.518,Cat face rating experiment_0-500,2021.1.4,Win32,143.8228103
,,,,,,space,2.0414,6,1.7493,0,45,45,45,1,45,images/pixabay_cat_001534.jpg,Eddy,001,2022-04-11_11h59.32.518,Cat face rating experiment_0-500,2021.1.4,Win32,143.8228103
,,,,,,space,1.1955,5,0.9988,0,46,46,46,1,46,images/flickr_cat_000470.jpg,Eddy,001,2022-04-11_11h59.32.518,Cat face rating experiment_0-500,2021.1.4,Win32,143.8228103
,,,,,,space,1.6733,5,1.4907,0,47,47,47,1,47,images/pixabay_cat_002182.jpg,Eddy,001,2022-04-11_11h59.32.518,Cat face rating experiment_0-500,2021.1.4,Win32,143.8228103
,,,,,,space,1.8682,5,1.6165,0,48,48,48,1,48,images/pixabay_cat_001520.jpg,Eddy,001,2022-04-11_11h59.32.518,Cat face rating experiment_0-500,2021.1.4,Win32,143.8228103
,,,,,,space,2.8129,6,2.5407,0,49,49,49,1,49,images/flickr_cat_000171.jpg,Eddy,001,2022-04-11_11h59.32.518,Cat face rating experiment_0-500,2021.1.4,Win32,143.8228103
,,,,,,space,1.3456,6,1.1365,0,50,50,50,1,50,images/flickr_cat_000763.jpg,Eddy,001,2022-04-11_11h59.32.518,Cat face rating experiment_0-500,2021.1.4,Win32,143.8228103
,,,,,,space,2.039,2,1.3379,0,51,51,51,1,51,images/pixabay_cat_002897.jpg,Eddy,001,2022-04-11_11h59.32.518,Cat face rating experiment_0-500,2021.1.4,Win32,143.8228103
,,,,,,space,1.5802,3,1.1574,0,52,52,52,1,52,images/flickr_cat_000662.jpg,Eddy,001,2022-04-11_11h59.32.518,Cat face rating experiment_0-500,2021.1.4,Win32,143.8228103
,,,,,,space,10.5767,4,10.3537,0,53,53,53,1,53,images/flickr_cat_000064.jpg,Eddy,001,2022-04-11_11h59.32.518,Cat face rating experiment_0-500,2021.1.4,Win32,143.8228103
,,,,,,space,3.0189,3,2.7831,0,54,54,54,1,54,images/pixabay_cat_004053.jpg,Eddy,001,2022-04-11_11h59.32.518,Cat face rating experiment_0-500,2021.1.4,Win32,143.8228103
,,,,,,space,3.7844,4,3.1866,0,55,55,55,1,55,images/pixabay_cat_004383.jpg,Eddy,001,2022-04-11_11h59.32.518,Cat face rating experiment_0-500,2021.1.4,Win32,143.8228103
,,,,,,space,13.6202,3,3.0198,0,56,56,56,1,56,images/pixabay_cat_003546.jpg,Eddy,001,2022-04-11_11h59.32.518,Cat face rating experiment_0-500,2021.1.4,Win32,143.8228103
,,,,,,space,4.2451,5,4.059,0,57,57,57,1,57,images/pixabay_cat_001894.jpg,Eddy,001,2022-04-11_11h59.32.518,Cat face rating experiment_0-500,2021.1.4,Win32,143.8228103
,,,,,,space,1.2706,6,0.9859,0,58,58,58,1,58,images/pixabay_cat_000264.jpg,Eddy,001,2022-04-11_11h59.32.518,Cat face rating experiment_0-500,2021.1.4,Win32,143.8228103
,,,,,,space,1.768,5,1.5389,0,59,59,59,1,59,images/pixabay_cat_001276.jpg,Eddy,001,2022-04-11_11h59.32.518,Cat face rating experiment_0-500,2021.1.4,Win32,143.8228103
,,,,,,space,2.1485,5,1.8378,0,60,60,60,1,60,images/pixabay_cat_002405.jpg,Eddy,001,2022-04-11_11h59.32.518,Cat face rating experiment_0-500,2021.1.4,Win32,143.8228103
,,,,,,space,1.7107,6,1.4026,0,61,61,61,1,61,images/pixabay_cat_002175.jpg,Eddy,001,2022-04-11_11h59.32.518,Cat face rating experiment_0-500,2021.1.4,Win32,143.8228103
,,,,,,space,2.0351,3,1.7145,0,62,62,62,1,62,images/pixabay_cat_000852.jpg,Eddy,001,2022-04-11_11h59.32.518,Cat face rating experiment_0-500,2021.1.4,Win32,143.8228103
,,,,,,space,1.7007,2,1.4641,0,63,63,63,1,63,images/pixabay_cat_001484.jpg,Eddy,001,2022-04-11_11h59.32.518,Cat face rating experiment_0-500,2021.1.4,Win32,143.8228103
