key_resp.keys,key_resp.rt,key_resp_2.keys,key_resp_2.rt,key_resp_3.keys,key_resp_3.rt,key_resp_4.keys,key_resp_4.rt,slider.response,slider.rt,trials.thisRepN,trials.thisTrialN,trials.thisN,trials.thisIndex,trials.ran,trial_nums,img,participant,session,date,expName,psychopyVersion,OS,frameRate
space,0.6873,space,0.2766,space,0.2353,space,2.1106,6,1.8741,0,0,0,0,1,0,images/pixabay_cat_000265.jpg,Eddy,001,2022-04-11_12h41.35.471,Cat face rating experiment_0-500,2021.1.4,Win32,141.4027149
,,,,,,space,1.2649,6,0.6902,0,1,1,1,1,1,images/pixabay_cat_003456.jpg,Eddy,001,2022-04-11_12h41.35.471,Cat face rating experiment_0-500,2021.1.4,Win32,141.4027149
,,,,,,space,3.0875,3,2.7617,0,2,2,2,1,2,images/pixabay_cat_001888.jpg,Eddy,001,2022-04-11_12h41.35.471,Cat face rating experiment_0-500,2021.1.4,Win32,141.4027149
,,,,,,space,1.9173,3,1.6867,0,3,3,3,1,3,images/pixabay_cat_002932.jpg,Eddy,001,2022-04-11_12h41.35.471,Cat face rating experiment_0-500,2021.1.4,Win32,141.4027149
,,,,,,space,2.1682,3,1.9295,0,4,4,4,1,4,images/pixabay_cat_001034.jpg,Eddy,001,2022-04-11_12h41.35.471,Cat face rating experiment_0-500,2021.1.4,Win32,141.4027149
,,,,,,space,4.6676,3,4.4865,0,5,5,5,1,5,images/flickr_cat_000685.jpg,Eddy,001,2022-04-11_12h41.35.471,Cat face rating experiment_0-500,2021.1.4,Win32,141.4027149
,,,,,,space,1.2822,5,1.0352,0,6,6,6,1,6,images/pixabay_cat_002620.jpg,Eddy,001,2022-04-11_12h41.35.471,Cat face rating experiment_0-500,2021.1.4,Win32,141.4027149
,,,,,,space,3.2945,,,0,7,7,7,1,7,images/flickr_cat_000272.jpg,Eddy,001,2022-04-11_12h41.35.471,Cat face rating experiment_0-500,2021.1.4,Win32,141.4027149
,,,,,,space,1.068,3,0.8564,0,8,8,8,1,8,images/flickr_cat_000764.jpg,Eddy,001,2022-04-11_12h41.35.471,Cat face rating experiment_0-500,2021.1.4,Win32,141.4027149
,,,,,,space,1.2903,5,1.1712,0,9,9,9,1,9,images/pixabay_cat_003872.jpg,Eddy,001,2022-04-11_12h41.35.471,Cat face rating experiment_0-500,2021.1.4,Win32,141.4027149
,,,,,,space,1.2011,6,0.9352,0,10,10,10,1,10,images/pixabay_cat_004323.jpg,Eddy,001,2022-04-11_12h41.35.471,Cat face rating experiment_0-500,2021.1.4,Win32,141.4027149
,,,,,,space,4.9754,5,4.7577,0,11,11,11,1,11,images/pixabay_cat_000548.jpg,Eddy,001,2022-04-11_12h41.35.471,Cat face rating experiment_0-500,2021.1.4,Win32,141.4027149
,,,,,,space,2.228,,,0,12,12,12,1,12,images/flickr_cat_000463.jpg,Eddy,001,2022-04-11_12h41.35.471,Cat face rating experiment_0-500,2021.1.4,Win32,141.4027149
,,,,,,space,1.3403,3,1.1585,0,13,13,13,1,13,images/flickr_cat_000204.jpg,Eddy,001,2022-04-11_12h41.35.471,Cat face rating experiment_0-500,2021.1.4,Win32,141.4027149
,,,,,,space,1.7794,2,1.5032,0,14,14,14,1,14,images/pixabay_cat_001531.jpg,Eddy,001,2022-04-11_12h41.35.471,Cat face rating experiment_0-500,2021.1.4,Win32,141.4027149
,,,,,,space,1.5408,5,1.3862,0,15,15,15,1,15,images/pixabay_cat_003665.jpg,Eddy,001,2022-04-11_12h41.35.471,Cat face rating experiment_0-500,2021.1.4,Win32,141.4027149
,,,,,,space,2.4918,5,2.22,0,16,16,16,1,16,images/pixabay_cat_002893.jpg,Eddy,001,2022-04-11_12h41.35.471,Cat face rating experiment_0-500,2021.1.4,Win32,141.4027149
,,,,,,space,2.1231,2,1.9769,0,17,17,17,1,17,images/pixabay_cat_000223.jpg,Eddy,001,2022-04-11_12h41.35.471,Cat face rating experiment_0-500,2021.1.4,Win32,141.4027149
,,,,,,space,1.7162,5,1.3951,0,18,18,18,1,18,images/pixabay_cat_003726.jpg,Eddy,001,2022-04-11_12h41.35.471,Cat face rating experiment_0-500,2021.1.4,Win32,141.4027149
,,,,,,space,2.0296,1,1.6917,0,19,19,19,1,19,images/pixabay_cat_001244.jpg,Eddy,001,2022-04-11_12h41.35.471,Cat face rating experiment_0-500,2021.1.4,Win32,141.4027149
,,,,,,space,2.7476,3,2.4973,0,20,20,20,1,20,images/pixabay_cat_000572.jpg,Eddy,001,2022-04-11_12h41.35.471,Cat face rating experiment_0-500,2021.1.4,Win32,141.4027149
,,,,,,space,1.5159,3,1.2468,0,21,21,21,1,21,images/pixabay_cat_001023.jpg,Eddy,001,2022-04-11_12h41.35.471,Cat face rating experiment_0-500,2021.1.4,Win32,141.4027149
,,,,,,space,5.2896,5,1.904,0,22,22,22,1,22,images/pixabay_cat_003287.jpg,Eddy,001,2022-04-11_12h41.35.471,Cat face rating experiment_0-500,2021.1.4,Win32,141.4027149
,,,,,,space,1.43,3,1.205,0,23,23,23,1,23,images/pixabay_cat_002876.jpg,Eddy,001,2022-04-11_12h41.35.471,Cat face rating experiment_0-500,2021.1.4,Win32,141.4027149
,,,,,,space,2.5137,4,2.3031,0,24,24,24,1,24,images/pixabay_cat_003702.jpg,Eddy,001,2022-04-11_12h41.35.471,Cat face rating experiment_0-500,2021.1.4,Win32,141.4027149
,,,,,,space,1.3489,5,1.1293,0,25,25,25,1,25,images/pixabay_cat_000258.jpg,Eddy,001,2022-04-11_12h41.35.471,Cat face rating experiment_0-500,2021.1.4,Win32,141.4027149
,,,,,,space,2.2004,6,1.8936,0,26,26,26,1,26,images/flickr_cat_000506.jpg,Eddy,001,2022-04-11_12h41.35.471,Cat face rating experiment_0-500,2021.1.4,Win32,141.4027149
,,,,,,space,1.4369,6,1.1953,0,27,27,27,1,27,images/flickr_cat_000469.jpg,Eddy,001,2022-04-11_12h41.35.471,Cat face rating experiment_0-500,2021.1.4,Win32,141.4027149
,,,,,,space,9.59,5,1.8449,0,28,28,28,1,28,images/pixabay_cat_001432.jpg,Eddy,001,2022-04-11_12h41.35.471,Cat face rating experiment_0-500,2021.1.4,Win32,141.4027149
,,,,,,space,5.6204,3,5.5117,0,29,29,29,1,29,images/pixabay_cat_004240.jpg,Eddy,001,2022-04-11_12h41.35.471,Cat face rating experiment_0-500,2021.1.4,Win32,141.4027149
,,,,,,space,1.3876,,,0,30,30,30,1,30,images/pixabay_cat_004443.jpg,Eddy,001,2022-04-11_12h41.35.471,Cat face rating experiment_0-500,2021.1.4,Win32,141.4027149
,,,,,,space,1.8956,5,1.6723,0,31,31,31,1,31,images/pixabay_cat_002104.jpg,Eddy,001,2022-04-11_12h41.35.471,Cat face rating experiment_0-500,2021.1.4,Win32,141.4027149
,,,,,,space,2.331,6,1.9699,0,32,32,32,1,32,images/pixabay_cat_002059.jpg,Eddy,001,2022-04-11_12h41.35.471,Cat face rating experiment_0-500,2021.1.4,Win32,141.4027149
,,,,,,space,3.0781,5,2.8685,0,33,33,33,1,33,images/pixabay_cat_004462.jpg,Eddy,001,2022-04-11_12h41.35.471,Cat face rating experiment_0-500,2021.1.4,Win32,141.4027149
,,,,,,space,2.7193,2,2.5742,0,34,34,34,1,34,images/flickr_cat_000436.jpg,Eddy,001,2022-04-11_12h41.35.471,Cat face rating experiment_0-500,2021.1.4,Win32,141.4027149
,,,,,,space,2.9453,3,1.3943,0,35,35,35,1,35,images/flickr_cat_000291.jpg,Eddy,001,2022-04-11_12h41.35.471,Cat face rating experiment_0-500,2021.1.4,Win32,141.4027149
,,,,,,space,1.5463,3,1.435,0,36,36,36,1,36,images/pixabay_cat_001907.jpg,Eddy,001,2022-04-11_12h41.35.471,Cat face rating experiment_0-500,2021.1.4,Win32,141.4027149
,,,,,,space,1.4615,,,0,37,37,37,1,37,images/pixabay_cat_000351.jpg,Eddy,001,2022-04-11_12h41.35.471,Cat face rating experiment_0-500,2021.1.4,Win32,141.4027149
,,,,,,space,1.7388,3,1.6217,0,38,38,38,1,38,images/pixabay_cat_002774.jpg,Eddy,001,2022-04-11_12h41.35.471,Cat face rating experiment_0-500,2021.1.4,Win32,141.4027149
,,,,,,space,1.2902,,,0,39,39,39,1,39,images/pixabay_cat_001265.jpg,Eddy,001,2022-04-11_12h41.35.471,Cat face rating experiment_0-500,2021.1.4,Win32,141.4027149
,,,,,,space,7.0329,3,6.6644,0,40,40,40,1,40,images/flickr_cat_000057.jpg,Eddy,001,2022-04-11_12h41.35.471,Cat face rating experiment_0-500,2021.1.4,Win32,141.4027149
,,,,,,space,7.0463,2,4.6986,0,41,41,41,1,41,images/pixabay_cat_002143.jpg,Eddy,001,2022-04-11_12h41.35.471,Cat face rating experiment_0-500,2021.1.4,Win32,141.4027149
,,,,,,space,3.3061,,,0,42,42,42,1,42,images/flickr_cat_000661.jpg,Eddy,001,2022-04-11_12h41.35.471,Cat face rating experiment_0-500,2021.1.4,Win32,141.4027149
,,,,,,space,1.3174,,,0,43,43,43,1,43,images/pixabay_cat_002411.jpg,Eddy,001,2022-04-11_12h41.35.471,Cat face rating experiment_0-500,2021.1.4,Win32,141.4027149
,,,,,,space,1.3732,3,1.0903,0,44,44,44,1,44,images/pixabay_cat_002309.jpg,Eddy,001,2022-04-11_12h41.35.471,Cat face rating experiment_0-500,2021.1.4,Win32,141.4027149
,,,,,,space,1.6526,5,1.3798,0,45,45,45,1,45,images/pixabay_cat_001534.jpg,Eddy,001,2022-04-11_12h41.35.471,Cat face rating experiment_0-500,2021.1.4,Win32,141.4027149
,,,,,,space,1.4176,6,1.1866,0,46,46,46,1,46,images/flickr_cat_000470.jpg,Eddy,001,2022-04-11_12h41.35.471,Cat face rating experiment_0-500,2021.1.4,Win32,141.4027149
,,,,,,space,1.605,,,0,47,47,47,1,47,images/pixabay_cat_002182.jpg,Eddy,001,2022-04-11_12h41.35.471,Cat face rating experiment_0-500,2021.1.4,Win32,141.4027149
,,,,,,space,1.6867,5,1.3598,0,48,48,48,1,48,images/pixabay_cat_001520.jpg,Eddy,001,2022-04-11_12h41.35.471,Cat face rating experiment_0-500,2021.1.4,Win32,141.4027149
,,,,,,space,2.0941,6,1.6525,0,49,49,49,1,49,images/flickr_cat_000171.jpg,Eddy,001,2022-04-11_12h41.35.471,Cat face rating experiment_0-500,2021.1.4,Win32,141.4027149
,,,,,,space,2.6802,5,2.4975,0,50,50,50,1,50,images/flickr_cat_000763.jpg,Eddy,001,2022-04-11_12h41.35.471,Cat face rating experiment_0-500,2021.1.4,Win32,141.4027149
,,,,,,space,2.2415,3,1.9718,0,51,51,51,1,51,images/pixabay_cat_002897.jpg,Eddy,001,2022-04-11_12h41.35.471,Cat face rating experiment_0-500,2021.1.4,Win32,141.4027149
,,,,,,space,2.5134,3,2.1866,0,52,52,52,1,52,images/flickr_cat_000662.jpg,Eddy,001,2022-04-11_12h41.35.471,Cat face rating experiment_0-500,2021.1.4,Win32,141.4027149
,,,,,,space,2.9981,3,1.7684,0,53,53,53,1,53,images/flickr_cat_000064.jpg,Eddy,001,2022-04-11_12h41.35.471,Cat face rating experiment_0-500,2021.1.4,Win32,141.4027149
,,,,,,space,2.4255,2,2.1882,0,54,54,54,1,54,images/pixabay_cat_004053.jpg,Eddy,001,2022-04-11_12h41.35.471,Cat face rating experiment_0-500,2021.1.4,Win32,141.4027149
,,,,,,space,2.185,3,1.9975,0,55,55,55,1,55,images/pixabay_cat_004383.jpg,Eddy,001,2022-04-11_12h41.35.471,Cat face rating experiment_0-500,2021.1.4,Win32,141.4027149
,,,,,,space,6.6648,4,6.4779,0,56,56,56,1,56,images/pixabay_cat_003546.jpg,Eddy,001,2022-04-11_12h41.35.471,Cat face rating experiment_0-500,2021.1.4,Win32,141.4027149
,,,,,,space,1.9664,5,1.7074,0,57,57,57,1,57,images/pixabay_cat_001894.jpg,Eddy,001,2022-04-11_12h41.35.471,Cat face rating experiment_0-500,2021.1.4,Win32,141.4027149
,,,,,,space,1.8311,6,1.5308,0,58,58,58,1,58,images/pixabay_cat_000264.jpg,Eddy,001,2022-04-11_12h41.35.471,Cat face rating experiment_0-500,2021.1.4,Win32,141.4027149
,,,,,,space,2.4291,5,1.4858,0,59,59,59,1,59,images/pixabay_cat_001276.jpg,Eddy,001,2022-04-11_12h41.35.471,Cat face rating experiment_0-500,2021.1.4,Win32,141.4027149
,,,,,,space,2.0359,5,1.3973,0,60,60,60,1,60,images/pixabay_cat_002405.jpg,Eddy,001,2022-04-11_12h41.35.471,Cat face rating experiment_0-500,2021.1.4,Win32,141.4027149
,,,,,,space,2.5077,6,2.3384,0,61,61,61,1,61,images/pixabay_cat_002175.jpg,Eddy,001,2022-04-11_12h41.35.471,Cat face rating experiment_0-500,2021.1.4,Win32,141.4027149
,,,,,,space,3.5527,3,1.8027,0,62,62,62,1,62,images/pixabay_cat_000852.jpg,Eddy,001,2022-04-11_12h41.35.471,Cat face rating experiment_0-500,2021.1.4,Win32,141.4027149
,,,,,,space,1.7409,2,1.4765,0,63,63,63,1,63,images/pixabay_cat_001484.jpg,Eddy,001,2022-04-11_12h41.35.471,Cat face rating experiment_0-500,2021.1.4,Win32,141.4027149
,,,,,,space,2.0664,1,1.7477,0,64,64,64,1,64,images/pixabay_cat_004181.jpg,Eddy,001,2022-04-11_12h41.35.471,Cat face rating experiment_0-500,2021.1.4,Win32,141.4027149
,,,,,,space,2.1938,,,0,65,65,65,1,65,images/pixabay_cat_003705.jpg,Eddy,001,2022-04-11_12h41.35.471,Cat face rating experiment_0-500,2021.1.4,Win32,141.4027149
,,,,,,space,2.5336,,,0,66,66,66,1,66,images/pixabay_cat_004638.jpg,Eddy,001,2022-04-11_12h41.35.471,Cat face rating experiment_0-500,2021.1.4,Win32,141.4027149
,,,,,,space,2.7488,5,2.5172,0,67,67,67,1,67,images/pixabay_cat_003846.jpg,Eddy,001,2022-04-11_12h41.35.471,Cat face rating experiment_0-500,2021.1.4,Win32,141.4027149
,,,,,,space,1.8675,2,1.6641,0,68,68,68,1,68,images/pixabay_cat_001886.jpg,Eddy,001,2022-04-11_12h41.35.471,Cat face rating experiment_0-500,2021.1.4,Win32,141.4027149
,,,,,,space,4.8861,2,4.7201,0,69,69,69,1,69,images/pixabay_cat_004424.jpg,Eddy,001,2022-04-11_12h41.35.471,Cat face rating experiment_0-500,2021.1.4,Win32,141.4027149
,,,,,,space,3.4876,3,3.1951,0,70,70,70,1,70,images/pixabay_cat_002027.jpg,Eddy,001,2022-04-11_12h41.35.471,Cat face rating experiment_0-500,2021.1.4,Win32,141.4027149
,,,,,,space,2.0337,3,1.713,0,71,71,71,1,71,images/pixabay_cat_004796.jpg,Eddy,001,2022-04-11_12h41.35.471,Cat face rating experiment_0-500,2021.1.4,Win32,141.4027149
,,,,,,space,1.6083,2,1.4386,0,72,72,72,1,72,images/pixabay_cat_001698.jpg,Eddy,001,2022-04-11_12h41.35.471,Cat face rating experiment_0-500,2021.1.4,Win32,141.4027149
,,,,,,space,1.4828,2,1.239,0,73,73,73,1,73,images/pixabay_cat_001898.jpg,Eddy,001,2022-04-11_12h41.35.471,Cat face rating experiment_0-500,2021.1.4,Win32,141.4027149
,,,,,,space,2.5415,2,2.2963,0,74,74,74,1,74,images/pixabay_cat_002250.jpg,Eddy,001,2022-04-11_12h41.35.471,Cat face rating experiment_0-500,2021.1.4,Win32,141.4027149
,,,,,,space,3.785,3,3.1503,0,75,75,75,1,75,images/pixabay_cat_004050.jpg,Eddy,001,2022-04-11_12h41.35.471,Cat face rating experiment_0-500,2021.1.4,Win32,141.4027149
,,,,,,space,1.8429,2,1.6089,0,76,76,76,1,76,images/pixabay_cat_002738.jpg,Eddy,001,2022-04-11_12h41.35.471,Cat face rating experiment_0-500,2021.1.4,Win32,141.4027149
,,,,,,space,3.888,,,0,77,77,77,1,77,images/flickr_cat_000034.jpg,Eddy,001,2022-04-11_12h41.35.471,Cat face rating experiment_0-500,2021.1.4,Win32,141.4027149
,,,,,,space,1.7489,2,1.5941,0,78,78,78,1,78,images/pixabay_cat_000766.jpg,Eddy,001,2022-04-11_12h41.35.471,Cat face rating experiment_0-500,2021.1.4,Win32,141.4027149
,,,,,,space,3.2022,3,2.9297,0,79,79,79,1,79,images/flickr_cat_000793.jpg,Eddy,001,2022-04-11_12h41.35.471,Cat face rating experiment_0-500,2021.1.4,Win32,141.4027149
,,,,,,space,3.3168,6,3.0317,0,80,80,80,1,80,images/pixabay_cat_000998.jpg,Eddy,001,2022-04-11_12h41.35.471,Cat face rating experiment_0-500,2021.1.4,Win32,141.4027149
,,,,,,space,1.9485,5,1.8042,0,81,81,81,1,81,images/pixabay_cat_002176.jpg,Eddy,001,2022-04-11_12h41.35.471,Cat face rating experiment_0-500,2021.1.4,Win32,141.4027149
,,,,,,space,3.4008,6,3.1506,0,82,82,82,1,82,images/flickr_cat_000066.jpg,Eddy,001,2022-04-11_12h41.35.471,Cat face rating experiment_0-500,2021.1.4,Win32,141.4027149
,,,,,,space,3.7076,3,3.6369,0,83,83,83,1,83,images/pixabay_cat_001796.jpg,Eddy,001,2022-04-11_12h41.35.471,Cat face rating experiment_0-500,2021.1.4,Win32,141.4027149
,,,,,,space,1.324,5,1.1644,0,84,84,84,1,84,images/pixabay_cat_001862.jpg,Eddy,001,2022-04-11_12h41.35.471,Cat face rating experiment_0-500,2021.1.4,Win32,141.4027149
,,,,,,space,1.5128,2,1.366,0,85,85,85,1,85,images/pixabay_cat_001624.jpg,Eddy,001,2022-04-11_12h41.35.471,Cat face rating experiment_0-500,2021.1.4,Win32,141.4027149
,,,,,,space,3.5765,5,3.4844,0,86,86,86,1,86,images/pixabay_cat_000822.jpg,Eddy,001,2022-04-11_12h41.35.471,Cat face rating experiment_0-500,2021.1.4,Win32,141.4027149
,,,,,,space,2.1158,5,1.8311,0,87,87,87,1,87,images/pixabay_cat_001353.jpg,Eddy,001,2022-04-11_12h41.35.471,Cat face rating experiment_0-500,2021.1.4,Win32,141.4027149
,,,,,,space,5.0807,3,2.6749,0,88,88,88,1,88,images/pixabay_cat_003405.jpg,Eddy,001,2022-04-11_12h41.35.471,Cat face rating experiment_0-500,2021.1.4,Win32,141.4027149
,,,,,,space,2.7827,3,1.3795,0,89,89,89,1,89,images/pixabay_cat_003174.jpg,Eddy,001,2022-04-11_12h41.35.471,Cat face rating experiment_0-500,2021.1.4,Win32,141.4027149
,,,,,,space,4.9708,,,0,90,90,90,1,90,images/pixabay_cat_003323.jpg,Eddy,001,2022-04-11_12h41.35.471,Cat face rating experiment_0-500,2021.1.4,Win32,141.4027149
,,,,,,space,1.7885,,,0,91,91,91,1,91,images/pixabay_cat_003603.jpg,Eddy,001,2022-04-11_12h41.35.471,Cat face rating experiment_0-500,2021.1.4,Win32,141.4027149
,,,,,,space,6.2471,,,0,92,92,92,1,92,images/pixabay_cat_004244.jpg,Eddy,001,2022-04-11_12h41.35.471,Cat face rating experiment_0-500,2021.1.4,Win32,141.4027149
,,,,,,space,2.8603,,,0,93,93,93,1,93,images/flickr_cat_000185.jpg,Eddy,001,2022-04-11_12h41.35.471,Cat face rating experiment_0-500,2021.1.4,Win32,141.4027149
,,,,,,space,1.673,5,1.3784,0,94,94,94,1,94,images/pixabay_cat_004174.jpg,Eddy,001,2022-04-11_12h41.35.471,Cat face rating experiment_0-500,2021.1.4,Win32,141.4027149
,,,,,,space,1.8473,6,1.317,0,95,95,95,1,95,images/pixabay_cat_003857.jpg,Eddy,001,2022-04-11_12h41.35.471,Cat face rating experiment_0-500,2021.1.4,Win32,141.4027149
,,,,,,space,2.309,2,2.004,0,96,96,96,1,96,images/pixabay_cat_000879.jpg,Eddy,001,2022-04-11_12h41.35.471,Cat face rating experiment_0-500,2021.1.4,Win32,141.4027149
,,,,,,space,1.7797,,,0,97,97,97,1,97,images/pixabay_cat_001251.jpg,Eddy,001,2022-04-11_12h41.35.471,Cat face rating experiment_0-500,2021.1.4,Win32,141.4027149
,,,,,,space,7.5135,5,6.3753,0,98,98,98,1,98,images/pixabay_cat_000306.jpg,Eddy,001,2022-04-11_12h41.35.471,Cat face rating experiment_0-500,2021.1.4,Win32,141.4027149
,,,,,,space,1.9118,3,1.4506,0,99,99,99,1,99,images/pixabay_cat_004615.jpg,Eddy,001,2022-04-11_12h41.35.471,Cat face rating experiment_0-500,2021.1.4,Win32,141.4027149
,,,,,,space,1.9659,2,1.617,0,100,100,100,1,100,images/pixabay_cat_001846.jpg,Eddy,001,2022-04-11_12h41.35.471,Cat face rating experiment_0-500,2021.1.4,Win32,141.4027149
,,,,,,space,2.4668,5,2.1507,0,101,101,101,1,101,images/pixabay_cat_002180.jpg,Eddy,001,2022-04-11_12h41.35.471,Cat face rating experiment_0-500,2021.1.4,Win32,141.4027149
,,,,,,space,2.0004,2,1.664,0,102,102,102,1,102,images/pixabay_cat_004451.jpg,Eddy,001,2022-04-11_12h41.35.471,Cat face rating experiment_0-500,2021.1.4,Win32,141.4027149
,,,,,,space,2.4838,2,1.8583,0,103,103,103,1,103,images/flickr_cat_000281.jpg,Eddy,001,2022-04-11_12h41.35.471,Cat face rating experiment_0-500,2021.1.4,Win32,141.4027149
,,,,,,space,3.3455,1,2.8045,0,104,104,104,1,104,images/pixabay_cat_002858.jpg,Eddy,001,2022-04-11_12h41.35.471,Cat face rating experiment_0-500,2021.1.4,Win32,141.4027149
,,,,,,space,10.9964,1,10.1242,0,105,105,105,1,105,images/pixabay_cat_000992.jpg,Eddy,001,2022-04-11_12h41.35.471,Cat face rating experiment_0-500,2021.1.4,Win32,141.4027149
,,,,,,space,1.58,,,0,106,106,106,1,106,images/pixabay_cat_002097.jpg,Eddy,001,2022-04-11_12h41.35.471,Cat face rating experiment_0-500,2021.1.4,Win32,141.4027149
,,,,,,space,2.1861,3,1.8042,0,107,107,107,1,107,images/pixabay_cat_002098.jpg,Eddy,001,2022-04-11_12h41.35.471,Cat face rating experiment_0-500,2021.1.4,Win32,141.4027149
,,,,,,space,2.4284,2,2.0639,0,108,108,108,1,108,images/pixabay_cat_004280.jpg,Eddy,001,2022-04-11_12h41.35.471,Cat face rating experiment_0-500,2021.1.4,Win32,141.4027149
,,,,,,space,2.5399,5,2.2084,0,109,109,109,1,109,images/pixabay_cat_001545.jpg,Eddy,001,2022-04-11_12h41.35.471,Cat face rating experiment_0-500,2021.1.4,Win32,141.4027149
,,,,,,space,2.0394,3,1.395,0,110,110,110,1,110,images/pixabay_cat_000455.jpg,Eddy,001,2022-04-11_12h41.35.471,Cat face rating experiment_0-500,2021.1.4,Win32,141.4027149
,,,,,,space,1.9841,,,0,111,111,111,1,111,images/pixabay_cat_003089.jpg,Eddy,001,2022-04-11_12h41.35.471,Cat face rating experiment_0-500,2021.1.4,Win32,141.4027149
,,,,,,space,2.8707,1,1.9087,0,112,112,112,1,112,images/pixabay_cat_000383.jpg,Eddy,001,2022-04-11_12h41.35.471,Cat face rating experiment_0-500,2021.1.4,Win32,141.4027149
,,,,,,space,3.4492,6,2.8728,0,113,113,113,1,113,images/flickr_cat_000432.jpg,Eddy,001,2022-04-11_12h41.35.471,Cat face rating experiment_0-500,2021.1.4,Win32,141.4027149
,,,,,,space,1.7418,5,1.4003,0,114,114,114,1,114,images/pixabay_cat_001133.jpg,Eddy,001,2022-04-11_12h41.35.471,Cat face rating experiment_0-500,2021.1.4,Win32,141.4027149
,,,,,,space,1.6575,2,1.3322,0,115,115,115,1,115,images/pixabay_cat_003123.jpg,Eddy,001,2022-04-11_12h41.35.471,Cat face rating experiment_0-500,2021.1.4,Win32,141.4027149
,,,,,,space,3.1062,5,2.7422,0,116,116,116,1,116,images/pixabay_cat_001655.jpg,Eddy,001,2022-04-11_12h41.35.471,Cat face rating experiment_0-500,2021.1.4,Win32,141.4027149
,,,,,,space,2.8808,6,2.1643,0,117,117,117,1,117,images/pixabay_cat_003976.jpg,Eddy,001,2022-04-11_12h41.35.471,Cat face rating experiment_0-500,2021.1.4,Win32,141.4027149
,,,,,,space,2.4471,3,2.0755,0,118,118,118,1,118,images/pixabay_cat_000912.jpg,Eddy,001,2022-04-11_12h41.35.471,Cat face rating experiment_0-500,2021.1.4,Win32,141.4027149
,,,,,,space,1.9847,2,1.5673,0,119,119,119,1,119,images/flickr_cat_000059.jpg,Eddy,001,2022-04-11_12h41.35.471,Cat face rating experiment_0-500,2021.1.4,Win32,141.4027149
,,,,,,space,2.8837,4,2.2698,0,120,120,120,1,120,images/pixabay_cat_000819.jpg,Eddy,001,2022-04-11_12h41.35.471,Cat face rating experiment_0-500,2021.1.4,Win32,141.4027149
,,,,,,space,2.4033,6,1.8994,0,121,121,121,1,121,images/pixabay_cat_003980.jpg,Eddy,001,2022-04-11_12h41.35.471,Cat face rating experiment_0-500,2021.1.4,Win32,141.4027149
,,,,,,space,2.3334,3,1.6575,0,122,122,122,1,122,images/pixabay_cat_000798.jpg,Eddy,001,2022-04-11_12h41.35.471,Cat face rating experiment_0-500,2021.1.4,Win32,141.4027149
,,,,,,space,1.9208,2,1.5182,0,123,123,123,1,123,images/pixabay_cat_002599.jpg,Eddy,001,2022-04-11_12h41.35.471,Cat face rating experiment_0-500,2021.1.4,Win32,141.4027149
,,,,,,space,4.588,1,4.1858,0,124,124,124,1,124,images/pixabay_cat_001193.jpg,Eddy,001,2022-04-11_12h41.35.471,Cat face rating experiment_0-500,2021.1.4,Win32,141.4027149
,,,,,,space,6.6388,3,3.8884,0,125,125,125,1,125,images/pixabay_cat_004644.jpg,Eddy,001,2022-04-11_12h41.35.471,Cat face rating experiment_0-500,2021.1.4,Win32,141.4027149
,,,,,,space,2.6379,5,1.3503,0,126,126,126,1,126,images/pixabay_cat_001274.jpg,Eddy,001,2022-04-11_12h41.35.471,Cat face rating experiment_0-500,2021.1.4,Win32,141.4027149
,,,,,,space,1.7159,,,0,127,127,127,1,127,images/flickr_cat_000820.jpg,Eddy,001,2022-04-11_12h41.35.471,Cat face rating experiment_0-500,2021.1.4,Win32,141.4027149
,,,,,,space,9.561,3,9.234,0,128,128,128,1,128,images/pixabay_cat_001568.jpg,Eddy,001,2022-04-11_12h41.35.471,Cat face rating experiment_0-500,2021.1.4,Win32,141.4027149
,,,,,,space,1.6086,5,1.2269,0,129,129,129,1,129,images/pixabay_cat_001123.jpg,Eddy,001,2022-04-11_12h41.35.471,Cat face rating experiment_0-500,2021.1.4,Win32,141.4027149
,,,,,,space,1.9431,6,1.2059,0,130,130,130,1,130,images/pixabay_cat_001498.jpg,Eddy,001,2022-04-11_12h41.35.471,Cat face rating experiment_0-500,2021.1.4,Win32,141.4027149
,,,,,,space,2.0138,6,1.5683,0,131,131,131,1,131,images/pixabay_cat_001301.jpg,Eddy,001,2022-04-11_12h41.35.471,Cat face rating experiment_0-500,2021.1.4,Win32,141.4027149
,,,,,,space,2.7247,2,2.3333,0,132,132,132,1,132,images/pixabay_cat_002404.jpg,Eddy,001,2022-04-11_12h41.35.471,Cat face rating experiment_0-500,2021.1.4,Win32,141.4027149
,,,,,,space,2.9899,7,2.4084,0,133,133,133,1,133,images/pixabay_cat_001714.jpg,Eddy,001,2022-04-11_12h41.35.471,Cat face rating experiment_0-500,2021.1.4,Win32,141.4027149
,,,,,,space,3.279,5,2.9017,0,134,134,134,1,134,images/pixabay_cat_003332.jpg,Eddy,001,2022-04-11_12h41.35.471,Cat face rating experiment_0-500,2021.1.4,Win32,141.4027149
,,,,,,space,1.8202,2,1.402,0,135,135,135,1,135,images/pixabay_cat_000176.jpg,Eddy,001,2022-04-11_12h41.35.471,Cat face rating experiment_0-500,2021.1.4,Win32,141.4027149
,,,,,,space,3.4322,3,3.0348,0,136,136,136,1,136,images/pixabay_cat_003592.jpg,Eddy,001,2022-04-11_12h41.35.471,Cat face rating experiment_0-500,2021.1.4,Win32,141.4027149
,,,,,,space,6.8294,3,6.4657,0,137,137,137,1,137,images/pixabay_cat_001978.jpg,Eddy,001,2022-04-11_12h41.35.471,Cat face rating experiment_0-500,2021.1.4,Win32,141.4027149
,,,,,,space,2.1026,3,1.8061,0,138,138,138,1,138,images/pixabay_cat_000739.jpg,Eddy,001,2022-04-11_12h41.35.471,Cat face rating experiment_0-500,2021.1.4,Win32,141.4027149
,,,,,,space,4.4494,6,4.1437,0,139,139,139,1,139,images/pixabay_cat_000620.jpg,Eddy,001,2022-04-11_12h41.35.471,Cat face rating experiment_0-500,2021.1.4,Win32,141.4027149
,,,,,,space,2.7208,,,0,140,140,140,1,140,images/pixabay_cat_000659.jpg,Eddy,001,2022-04-11_12h41.35.471,Cat face rating experiment_0-500,2021.1.4,Win32,141.4027149
,,,,,,space,3.876,,,0,141,141,141,1,141,images/pixabay_cat_002627.jpg,Eddy,001,2022-04-11_12h41.35.471,Cat face rating experiment_0-500,2021.1.4,Win32,141.4027149
,,,,,,space,4.282,3,3.003,0,142,142,142,1,142,images/flickr_cat_000797.jpg,Eddy,001,2022-04-11_12h41.35.471,Cat face rating experiment_0-500,2021.1.4,Win32,141.4027149
,,,,,,space,1.4415,2,1.1221,0,143,143,143,1,143,images/pixabay_cat_003057.jpg,Eddy,001,2022-04-11_12h41.35.471,Cat face rating experiment_0-500,2021.1.4,Win32,141.4027149
,,,,,,space,3.1834,3,2.87,0,144,144,144,1,144,images/pixabay_cat_003851.jpg,Eddy,001,2022-04-11_12h41.35.471,Cat face rating experiment_0-500,2021.1.4,Win32,141.4027149
,,,,,,space,2.6656,6,2.4416,0,145,145,145,1,145,images/pixabay_cat_003962.jpg,Eddy,001,2022-04-11_12h41.35.471,Cat face rating experiment_0-500,2021.1.4,Win32,141.4027149
,,,,,,space,1.9633,3,1.6711,0,146,146,146,1,146,images/pixabay_cat_004447.jpg,Eddy,001,2022-04-11_12h41.35.471,Cat face rating experiment_0-500,2021.1.4,Win32,141.4027149
,,,,,,space,1.3137,,,0,147,147,147,1,147,images/flickr_cat_000438.jpg,Eddy,001,2022-04-11_12h41.35.471,Cat face rating experiment_0-500,2021.1.4,Win32,141.4027149
,,,,,,space,1.5928,5,1.2838,0,148,148,148,1,148,images/flickr_cat_000511.jpg,Eddy,001,2022-04-11_12h41.35.471,Cat face rating experiment_0-500,2021.1.4,Win32,141.4027149
,,,,,,space,6.4195,5,1.7759,0,149,149,149,1,149,images/pixabay_cat_003704.jpg,Eddy,001,2022-04-11_12h41.35.471,Cat face rating experiment_0-500,2021.1.4,Win32,141.4027149
,,,,,,space,7.1606,5,6.5468,0,150,150,150,1,150,images/pixabay_cat_002372.jpg,Eddy,001,2022-04-11_12h41.35.471,Cat face rating experiment_0-500,2021.1.4,Win32,141.4027149
,,,,,,space,1.5598,,,0,151,151,151,1,151,images/pixabay_cat_003078.jpg,Eddy,001,2022-04-11_12h41.35.471,Cat face rating experiment_0-500,2021.1.4,Win32,141.4027149
,,,,,,space,2.188,3,1.9572,0,152,152,152,1,152,images/flickr_cat_000577.jpg,Eddy,001,2022-04-11_12h41.35.471,Cat face rating experiment_0-500,2021.1.4,Win32,141.4027149
,,,,,,space,2.9293,3,2.0128,0,153,153,153,1,153,images/pixabay_cat_002172.jpg,Eddy,001,2022-04-11_12h41.35.471,Cat face rating experiment_0-500,2021.1.4,Win32,141.4027149
,,,,,,space,3.2588,3,2.9898,0,154,154,154,1,154,images/pixabay_cat_004500.jpg,Eddy,001,2022-04-11_12h41.35.471,Cat face rating experiment_0-500,2021.1.4,Win32,141.4027149
,,,,,,space,2.2311,2,1.8951,0,155,155,155,1,155,images/flickr_cat_000003.jpg,Eddy,001,2022-04-11_12h41.35.471,Cat face rating experiment_0-500,2021.1.4,Win32,141.4027149
,,,,,,space,4.0874,2,3.6988,0,156,156,156,1,156,images/pixabay_cat_000574.jpg,Eddy,001,2022-04-11_12h41.35.471,Cat face rating experiment_0-500,2021.1.4,Win32,141.4027149
,,,,,,space,5.845,5,5.4432,0,157,157,157,1,157,images/pixabay_cat_002457.jpg,Eddy,001,2022-04-11_12h41.35.471,Cat face rating experiment_0-500,2021.1.4,Win32,141.4027149
,,,,,,space,2.3064,,,0,158,158,158,1,158,images/pixabay_cat_000359.jpg,Eddy,001,2022-04-11_12h41.35.471,Cat face rating experiment_0-500,2021.1.4,Win32,141.4027149
,,,,,,space,2.1018,3,1.7194,0,159,159,159,1,159,images/pixabay_cat_000496.jpg,Eddy,001,2022-04-11_12h41.35.471,Cat face rating experiment_0-500,2021.1.4,Win32,141.4027149
,,,,,,space,2.7702,1,2.1985,0,160,160,160,1,160,images/pixabay_cat_000379.jpg,Eddy,001,2022-04-11_12h41.35.471,Cat face rating experiment_0-500,2021.1.4,Win32,141.4027149
,,,,,,space,7.6537,5,7.2964,0,161,161,161,1,161,images/flickr_cat_000046.jpg,Eddy,001,2022-04-11_12h41.35.471,Cat face rating experiment_0-500,2021.1.4,Win32,141.4027149
,,,,,,space,1.715,,,0,162,162,162,1,162,images/pixabay_cat_004397.jpg,Eddy,001,2022-04-11_12h41.35.471,Cat face rating experiment_0-500,2021.1.4,Win32,141.4027149
,,,,,,space,1.777,,,0,163,163,163,1,163,images/flickr_cat_000663.jpg,Eddy,001,2022-04-11_12h41.35.471,Cat face rating experiment_0-500,2021.1.4,Win32,141.4027149
,,,,,,space,2.6318,3,1.5112,0,164,164,164,1,164,images/pixabay_cat_002199.jpg,Eddy,001,2022-04-11_12h41.35.471,Cat face rating experiment_0-500,2021.1.4,Win32,141.4027149
,,,,,,space,2.1138,,,0,165,165,165,1,165,images/pixabay_cat_000262.jpg,Eddy,001,2022-04-11_12h41.35.471,Cat face rating experiment_0-500,2021.1.4,Win32,141.4027149
,,,,,,space,2.6792,5,1.976,0,166,166,166,1,166,images/pixabay_cat_002512.jpg,Eddy,001,2022-04-11_12h41.35.471,Cat face rating experiment_0-500,2021.1.4,Win32,141.4027149
,,,,,,space,2.3521,3,1.3521,0,167,167,167,1,167,images/pixabay_cat_002963.jpg,Eddy,001,2022-04-11_12h41.35.471,Cat face rating experiment_0-500,2021.1.4,Win32,141.4027149
,,,,,,space,6.5299,5,5.5135,0,168,168,168,1,168,images/flickr_cat_000217.jpg,Eddy,001,2022-04-11_12h41.35.471,Cat face rating experiment_0-500,2021.1.4,Win32,141.4027149
,,,,,,space,2.7097,3,2.2008,0,169,169,169,1,169,images/pixabay_cat_001813.jpg,Eddy,001,2022-04-11_12h41.35.471,Cat face rating experiment_0-500,2021.1.4,Win32,141.4027149
,,,,,,space,6.1952,5,5.4631,0,170,170,170,1,170,images/pixabay_cat_000332.jpg,Eddy,001,2022-04-11_12h41.35.471,Cat face rating experiment_0-500,2021.1.4,Win32,141.4027149
,,,,,,space,2.0194,5,1.47,0,171,171,171,1,171,images/flickr_cat_000638.jpg,Eddy,001,2022-04-11_12h41.35.471,Cat face rating experiment_0-500,2021.1.4,Win32,141.4027149
,,,,,,space,2.4026,3,1.6089,0,172,172,172,1,172,images/pixabay_cat_001722.jpg,Eddy,001,2022-04-11_12h41.35.471,Cat face rating experiment_0-500,2021.1.4,Win32,141.4027149
,,,,,,space,7.7716,5,7.4367,0,173,173,173,1,173,images/pixabay_cat_000034.jpg,Eddy,001,2022-04-11_12h41.35.471,Cat face rating experiment_0-500,2021.1.4,Win32,141.4027149
,,,,,,space,1.8082,5,1.4966,0,174,174,174,1,174,images/pixabay_cat_003888.jpg,Eddy,001,2022-04-11_12h41.35.471,Cat face rating experiment_0-500,2021.1.4,Win32,141.4027149
,,,,,,space,5.1536,1,4.6449,0,175,175,175,1,175,images/pixabay_cat_002408.jpg,Eddy,001,2022-04-11_12h41.35.471,Cat face rating experiment_0-500,2021.1.4,Win32,141.4027149
,,,,,,space,3.0207,4,2.692,0,176,176,176,1,176,images/pixabay_cat_003398.jpg,Eddy,001,2022-04-11_12h41.35.471,Cat face rating experiment_0-500,2021.1.4,Win32,141.4027149
,,,,,,space,1.8295,6,1.5039,0,177,177,177,1,177,images/pixabay_cat_003226.jpg,Eddy,001,2022-04-11_12h41.35.471,Cat face rating experiment_0-500,2021.1.4,Win32,141.4027149
,,,,,,space,3.6465,3,3.304,0,178,178,178,1,178,images/pixabay_cat_001472.jpg,Eddy,001,2022-04-11_12h41.35.471,Cat face rating experiment_0-500,2021.1.4,Win32,141.4027149
,,,,,,space,2.1885,5,1.9435,0,179,179,179,1,179,images/pixabay_cat_000063.jpg,Eddy,001,2022-04-11_12h41.35.471,Cat face rating experiment_0-500,2021.1.4,Win32,141.4027149
,,,,,,space,1.9345,5,1.6225,0,180,180,180,1,180,images/pixabay_cat_003893.jpg,Eddy,001,2022-04-11_12h41.35.471,Cat face rating experiment_0-500,2021.1.4,Win32,141.4027149
,,,,,,space,1.87,,,0,181,181,181,1,181,images/pixabay_cat_000442.jpg,Eddy,001,2022-04-11_12h41.35.471,Cat face rating experiment_0-500,2021.1.4,Win32,141.4027149
,,,,,,space,1.2304,,,0,182,182,182,1,182,images/flickr_cat_000773.jpg,Eddy,001,2022-04-11_12h41.35.471,Cat face rating experiment_0-500,2021.1.4,Win32,141.4027149
,,,,,,space,2.9569,5,2.3865,0,183,183,183,1,183,images/pixabay_cat_004091.jpg,Eddy,001,2022-04-11_12h41.35.471,Cat face rating experiment_0-500,2021.1.4,Win32,141.4027149
,,,,,,space,2.1927,2,1.908,0,184,184,184,1,184,images/pixabay_cat_003152.jpg,Eddy,001,2022-04-11_12h41.35.471,Cat face rating experiment_0-500,2021.1.4,Win32,141.4027149
,,,,,,space,2.0763,2,1.5115,0,185,185,185,1,185,images/pixabay_cat_004821.jpg,Eddy,001,2022-04-11_12h41.35.471,Cat face rating experiment_0-500,2021.1.4,Win32,141.4027149
,,,,,,space,9.1443,5,2.5556,0,186,186,186,1,186,images/pixabay_cat_002288.jpg,Eddy,001,2022-04-11_12h41.35.471,Cat face rating experiment_0-500,2021.1.4,Win32,141.4027149
,,,,,,space,2.1507,5,1.7464,0,187,187,187,1,187,images/pixabay_cat_003867.jpg,Eddy,001,2022-04-11_12h41.35.471,Cat face rating experiment_0-500,2021.1.4,Win32,141.4027149
,,,,,,space,1.5425,,,0,188,188,188,1,188,images/pixabay_cat_004493.jpg,Eddy,001,2022-04-11_12h41.35.471,Cat face rating experiment_0-500,2021.1.4,Win32,141.4027149
,,,,,,space,1.0557,,,0,189,189,189,1,189,images/pixabay_cat_002530.jpg,Eddy,001,2022-04-11_12h41.35.471,Cat face rating experiment_0-500,2021.1.4,Win32,141.4027149
,,,,,,space,2.5398,,,0,190,190,190,1,190,images/pixabay_cat_002297.jpg,Eddy,001,2022-04-11_12h41.35.471,Cat face rating experiment_0-500,2021.1.4,Win32,141.4027149
,,,,,,space,1.8405,3,1.5323,0,191,191,191,1,191,images/pixabay_cat_001734.jpg,Eddy,001,2022-04-11_12h41.35.471,Cat face rating experiment_0-500,2021.1.4,Win32,141.4027149
,,,,,,space,4.8514,3,3.7902,0,192,192,192,1,192,images/flickr_cat_000718.jpg,Eddy,001,2022-04-11_12h41.35.471,Cat face rating experiment_0-500,2021.1.4,Win32,141.4027149
,,,,,,space,1.7267,,,0,193,193,193,1,193,images/pixabay_cat_001019.jpg,Eddy,001,2022-04-11_12h41.35.471,Cat face rating experiment_0-500,2021.1.4,Win32,141.4027149
,,,,,,space,1.7932,5,1.4992,0,194,194,194,1,194,images/pixabay_cat_000456.jpg,Eddy,001,2022-04-11_12h41.35.471,Cat face rating experiment_0-500,2021.1.4,Win32,141.4027149
,,,,,,space,2.6049,7,2.0618,0,195,195,195,1,195,images/pixabay_cat_002847.jpg,Eddy,001,2022-04-11_12h41.35.471,Cat face rating experiment_0-500,2021.1.4,Win32,141.4027149
,,,,,,space,2.4866,2,2.145,0,196,196,196,1,196,images/flickr_cat_000298.jpg,Eddy,001,2022-04-11_12h41.35.471,Cat face rating experiment_0-500,2021.1.4,Win32,141.4027149
,,,,,,space,2.2042,6,1.6918,0,197,197,197,1,197,images/pixabay_cat_003868.jpg,Eddy,001,2022-04-11_12h41.35.471,Cat face rating experiment_0-500,2021.1.4,Win32,141.4027149
,,,,,,space,2.1611,6,1.4219,0,198,198,198,1,198,images/pixabay_cat_003003.jpg,Eddy,001,2022-04-11_12h41.35.471,Cat face rating experiment_0-500,2021.1.4,Win32,141.4027149
,,,,,,space,1.7128,5,1.44,0,199,199,199,1,199,images/pixabay_cat_003233.jpg,Eddy,001,2022-04-11_12h41.35.471,Cat face rating experiment_0-500,2021.1.4,Win32,141.4027149
,,,,,,space,2.7155,7,2.3169,0,200,200,200,1,200,images/pixabay_cat_000021.jpg,Eddy,001,2022-04-11_12h41.35.471,Cat face rating experiment_0-500,2021.1.4,Win32,141.4027149
,,,,,,space,2.5703,2,2.2755,0,201,201,201,1,201,images/pixabay_cat_003295.jpg,Eddy,001,2022-04-11_12h41.35.471,Cat face rating experiment_0-500,2021.1.4,Win32,141.4027149
,,,,,,space,2.2717,3,1.3464,0,202,202,202,1,202,images/pixabay_cat_000897.jpg,Eddy,001,2022-04-11_12h41.35.471,Cat face rating experiment_0-500,2021.1.4,Win32,141.4027149
,,,,,,space,2.8266,6,2.5601,0,203,203,203,1,203,images/pixabay_cat_002729.jpg,Eddy,001,2022-04-11_12h41.35.471,Cat face rating experiment_0-500,2021.1.4,Win32,141.4027149
,,,,,,space,4.0193,5,3.7548,0,204,204,204,1,204,images/pixabay_cat_004139.jpg,Eddy,001,2022-04-11_12h41.35.471,Cat face rating experiment_0-500,2021.1.4,Win32,141.4027149
,,,,,,space,0.9853,,,0,205,205,205,1,205,images/flickr_cat_000562.jpg,Eddy,001,2022-04-11_12h41.35.471,Cat face rating experiment_0-500,2021.1.4,Win32,141.4027149
,,,,,,space,6.709,,,0,206,206,206,1,206,images/pixabay_cat_000662.jpg,Eddy,001,2022-04-11_12h41.35.471,Cat face rating experiment_0-500,2021.1.4,Win32,141.4027149
,,,,,,space,2.0808,5,1.5049,0,207,207,207,1,207,images/pixabay_cat_003383.jpg,Eddy,001,2022-04-11_12h41.35.471,Cat face rating experiment_0-500,2021.1.4,Win32,141.4027149
,,,,,,space,3.353,4,2.977,0,208,208,208,1,208,images/pixabay_cat_001253.jpg,Eddy,001,2022-04-11_12h41.35.471,Cat face rating experiment_0-500,2021.1.4,Win32,141.4027149
,,,,,,space,1.9354,3,1.2564,0,209,209,209,1,209,images/pixabay_cat_001892.jpg,Eddy,001,2022-04-11_12h41.35.471,Cat face rating experiment_0-500,2021.1.4,Win32,141.4027149
,,,,,,space,4.1305,,,0,210,210,210,1,210,images/pixabay_cat_000880.jpg,Eddy,001,2022-04-11_12h41.35.471,Cat face rating experiment_0-500,2021.1.4,Win32,141.4027149
,,,,,,space,4.0285,,,0,211,211,211,1,211,images/pixabay_cat_004824.jpg,Eddy,001,2022-04-11_12h41.35.471,Cat face rating experiment_0-500,2021.1.4,Win32,141.4027149
,,,,,,space,1.6315,5,1.3576,0,212,212,212,1,212,images/pixabay_cat_003694.jpg,Eddy,001,2022-04-11_12h41.35.471,Cat face rating experiment_0-500,2021.1.4,Win32,141.4027149
,,,,,,space,1.0185,,,0,213,213,213,1,213,images/pixabay_cat_003436.jpg,Eddy,001,2022-04-11_12h41.35.471,Cat face rating experiment_0-500,2021.1.4,Win32,141.4027149
,,,,,,space,1.9737,,,0,214,214,214,1,214,images/pixabay_cat_003682.jpg,Eddy,001,2022-04-11_12h41.35.471,Cat face rating experiment_0-500,2021.1.4,Win32,141.4027149
,,,,,,space,6.0219,5,5.7583,0,215,215,215,1,215,images/pixabay_cat_001368.jpg,Eddy,001,2022-04-11_12h41.35.471,Cat face rating experiment_0-500,2021.1.4,Win32,141.4027149
,,,,,,space,3.215,5,2.9361,0,216,216,216,1,216,images/pixabay_cat_001304.jpg,Eddy,001,2022-04-11_12h41.35.471,Cat face rating experiment_0-500,2021.1.4,Win32,141.4027149
,,,,,,space,3.2875,3,3.0563,0,217,217,217,1,217,images/pixabay_cat_001980.jpg,Eddy,001,2022-04-11_12h41.35.471,Cat face rating experiment_0-500,2021.1.4,Win32,141.4027149
,,,,,,space,2.0052,2,1.0672,0,218,218,218,1,218,images/pixabay_cat_002613.jpg,Eddy,001,2022-04-11_12h41.35.471,Cat face rating experiment_0-500,2021.1.4,Win32,141.4027149
,,,,,,space,2.1934,6,1.7978,0,219,219,219,1,219,images/pixabay_cat_003312.jpg,Eddy,001,2022-04-11_12h41.35.471,Cat face rating experiment_0-500,2021.1.4,Win32,141.4027149
,,,,,,space,9.1752,5,2.5057,0,220,220,220,1,220,images/pixabay_cat_004572.jpg,Eddy,001,2022-04-11_12h41.35.471,Cat face rating experiment_0-500,2021.1.4,Win32,141.4027149
,,,,,,space,4.8868,2,3.9826,0,221,221,221,1,221,images/pixabay_cat_003245.jpg,Eddy,001,2022-04-11_12h41.35.471,Cat face rating experiment_0-500,2021.1.4,Win32,141.4027149
,,,,,,space,2.0507,2,1.728,0,222,222,222,1,222,images/pixabay_cat_003128.jpg,Eddy,001,2022-04-11_12h41.35.471,Cat face rating experiment_0-500,2021.1.4,Win32,141.4027149
,,,,,,space,14.3756,3,13.8811,0,223,223,223,1,223,images/pixabay_cat_000787.jpg,Eddy,001,2022-04-11_12h41.35.471,Cat face rating experiment_0-500,2021.1.4,Win32,141.4027149
,,,,,,space,1.1474,,,0,224,224,224,1,224,images/pixabay_cat_002972.jpg,Eddy,001,2022-04-11_12h41.35.471,Cat face rating experiment_0-500,2021.1.4,Win32,141.4027149
,,,,,,space,1.1965,,,0,225,225,225,1,225,images/pixabay_cat_001785.jpg,Eddy,001,2022-04-11_12h41.35.471,Cat face rating experiment_0-500,2021.1.4,Win32,141.4027149
,,,,,,space,3.6505,3,3.4075,0,226,226,226,1,226,images/pixabay_cat_001648.jpg,Eddy,001,2022-04-11_12h41.35.471,Cat face rating experiment_0-500,2021.1.4,Win32,141.4027149
,,,,,,space,4.5712,5,3.5204,0,227,227,227,1,227,images/pixabay_cat_003196.jpg,Eddy,001,2022-04-11_12h41.35.471,Cat face rating experiment_0-500,2021.1.4,Win32,141.4027149
,,,,,,space,2.7461,5,2.0393,0,228,228,228,1,228,images/pixabay_cat_002388.jpg,Eddy,001,2022-04-11_12h41.35.471,Cat face rating experiment_0-500,2021.1.4,Win32,141.4027149
,,,,,,space,1.2149,,,0,229,229,229,1,229,images/pixabay_cat_003136.jpg,Eddy,001,2022-04-11_12h41.35.471,Cat face rating experiment_0-500,2021.1.4,Win32,141.4027149
,,,,,,space,1.9188,3,1.8086,0,230,230,230,1,230,images/pixabay_cat_000694.jpg,Eddy,001,2022-04-11_12h41.35.471,Cat face rating experiment_0-500,2021.1.4,Win32,141.4027149
,,,,,,space,4.894,5,4.1851,0,231,231,231,1,231,images/pixabay_cat_001458.jpg,Eddy,001,2022-04-11_12h41.35.471,Cat face rating experiment_0-500,2021.1.4,Win32,141.4027149
,,,,,,space,3.9038,5,3.6527,0,232,232,232,1,232,images/pixabay_cat_001129.jpg,Eddy,001,2022-04-11_12h41.35.471,Cat face rating experiment_0-500,2021.1.4,Win32,141.4027149
,,,,,,space,1.2797,,,0,233,233,233,1,233,images/flickr_cat_000494.jpg,Eddy,001,2022-04-11_12h41.35.471,Cat face rating experiment_0-500,2021.1.4,Win32,141.4027149
,,,,,,space,1.4213,2,1.2547,0,234,234,234,1,234,images/flickr_cat_000202.jpg,Eddy,001,2022-04-11_12h41.35.471,Cat face rating experiment_0-500,2021.1.4,Win32,141.4027149
,,,,,,space,1.9092,3,1.6227,0,235,235,235,1,235,images/pixabay_cat_002233.jpg,Eddy,001,2022-04-11_12h41.35.471,Cat face rating experiment_0-500,2021.1.4,Win32,141.4027149
,,,,,,space,2.2635,3,2.0512,0,236,236,236,1,236,images/pixabay_cat_000186.jpg,Eddy,001,2022-04-11_12h41.35.471,Cat face rating experiment_0-500,2021.1.4,Win32,141.4027149
,,,,,,space,1.6595,,,0,237,237,237,1,237,images/pixabay_cat_002799.jpg,Eddy,001,2022-04-11_12h41.35.471,Cat face rating experiment_0-500,2021.1.4,Win32,141.4027149
,,,,,,space,2.2944,2,1.6661,0,238,238,238,1,238,images/pixabay_cat_004033.jpg,Eddy,001,2022-04-11_12h41.35.471,Cat face rating experiment_0-500,2021.1.4,Win32,141.4027149
,,,,,,space,2.1824,6,2.0265,0,239,239,239,1,239,images/flickr_cat_000581.jpg,Eddy,001,2022-04-11_12h41.35.471,Cat face rating experiment_0-500,2021.1.4,Win32,141.4027149
,,,,,,space,11.6589,5,10.9853,0,240,240,240,1,240,images/flickr_cat_000803.jpg,Eddy,001,2022-04-11_12h41.35.471,Cat face rating experiment_0-500,2021.1.4,Win32,141.4027149
,,,,,,space,1.9858,6,1.5631,0,241,241,241,1,241,images/pixabay_cat_000354.jpg,Eddy,001,2022-04-11_12h41.35.471,Cat face rating experiment_0-500,2021.1.4,Win32,141.4027149
,,,,,,space,13.6825,5,4.8914,0,242,242,242,1,242,images/pixabay_cat_003304.jpg,Eddy,001,2022-04-11_12h41.35.471,Cat face rating experiment_0-500,2021.1.4,Win32,141.4027149
,,,,,,space,1.5955,6,1.2953,0,243,243,243,1,243,images/pixabay_cat_001836.jpg,Eddy,001,2022-04-11_12h41.35.471,Cat face rating experiment_0-500,2021.1.4,Win32,141.4027149
,,,,,,space,3.9474,,,0,244,244,244,1,244,images/pixabay_cat_002563.jpg,Eddy,001,2022-04-11_12h41.35.471,Cat face rating experiment_0-500,2021.1.4,Win32,141.4027149
,,,,,,space,2.1243,3,1.7489,0,245,245,245,1,245,images/flickr_cat_000333.jpg,Eddy,001,2022-04-11_12h41.35.471,Cat face rating experiment_0-500,2021.1.4,Win32,141.4027149
,,,,,,space,1.5187,5,1.2269,0,246,246,246,1,246,images/pixabay_cat_004416.jpg,Eddy,001,2022-04-11_12h41.35.471,Cat face rating experiment_0-500,2021.1.4,Win32,141.4027149
,,,,,,space,2.6453,6,1.8379,0,247,247,247,1,247,images/pixabay_cat_002403.jpg,Eddy,001,2022-04-11_12h41.35.471,Cat face rating experiment_0-500,2021.1.4,Win32,141.4027149
,,,,,,space,2.8415,5,2.5626,0,248,248,248,1,248,images/pixabay_cat_004492.jpg,Eddy,001,2022-04-11_12h41.35.471,Cat face rating experiment_0-500,2021.1.4,Win32,141.4027149
,,,,,,space,1.7085,,,0,249,249,249,1,249,images/pixabay_cat_003149.jpg,Eddy,001,2022-04-11_12h41.35.471,Cat face rating experiment_0-500,2021.1.4,Win32,141.4027149
,,,,,,space,2.5619,3,1.7262,0,250,250,250,1,250,images/pixabay_cat_002505.jpg,Eddy,001,2022-04-11_12h41.35.471,Cat face rating experiment_0-500,2021.1.4,Win32,141.4027149
,,,,,,space,3.3393,2,2.9849,0,251,251,251,1,251,images/pixabay_cat_002607.jpg,Eddy,001,2022-04-11_12h41.35.471,Cat face rating experiment_0-500,2021.1.4,Win32,141.4027149
,,,,,,space,1.8008,3,1.4717,0,252,252,252,1,252,images/pixabay_cat_003526.jpg,Eddy,001,2022-04-11_12h41.35.471,Cat face rating experiment_0-500,2021.1.4,Win32,141.4027149
,,,,,,space,1.7155,3,1.5205,0,253,253,253,1,253,images/pixabay_cat_004818.jpg,Eddy,001,2022-04-11_12h41.35.471,Cat face rating experiment_0-500,2021.1.4,Win32,141.4027149
,,,,,,space,3.2295,,,0,254,254,254,1,254,images/pixabay_cat_000368.jpg,Eddy,001,2022-04-11_12h41.35.471,Cat face rating experiment_0-500,2021.1.4,Win32,141.4027149
,,,,,,space,10.0524,3,9.7337,0,255,255,255,1,255,images/pixabay_cat_000948.jpg,Eddy,001,2022-04-11_12h41.35.471,Cat face rating experiment_0-500,2021.1.4,Win32,141.4027149
,,,,,,space,3.0791,2,2.6797,0,256,256,256,1,256,images/pixabay_cat_003987.jpg,Eddy,001,2022-04-11_12h41.35.471,Cat face rating experiment_0-500,2021.1.4,Win32,141.4027149
,,,,,,space,1.7074,,,0,257,257,257,1,257,images/flickr_cat_000214.jpg,Eddy,001,2022-04-11_12h41.35.471,Cat face rating experiment_0-500,2021.1.4,Win32,141.4027149
,,,,,,space,1.472,5,1.2894,0,258,258,258,1,258,images/pixabay_cat_000463.jpg,Eddy,001,2022-04-11_12h41.35.471,Cat face rating experiment_0-500,2021.1.4,Win32,141.4027149
,,,,,,space,2.5623,2,1.9073,0,259,259,259,1,259,images/pixabay_cat_000932.jpg,Eddy,001,2022-04-11_12h41.35.471,Cat face rating experiment_0-500,2021.1.4,Win32,141.4027149
,,,,,,space,2.403,,,0,260,260,260,1,260,images/pixabay_cat_002632.jpg,Eddy,001,2022-04-11_12h41.35.471,Cat face rating experiment_0-500,2021.1.4,Win32,141.4027149
,,,,,,space,3.5423,,,0,261,261,261,1,261,images/pixabay_cat_001278.jpg,Eddy,001,2022-04-11_12h41.35.471,Cat face rating experiment_0-500,2021.1.4,Win32,141.4027149
,,,,,,space,1.6349,5,1.4039,0,262,262,262,1,262,images/pixabay_cat_004028.jpg,Eddy,001,2022-04-11_12h41.35.471,Cat face rating experiment_0-500,2021.1.4,Win32,141.4027149
,,,,,,space,1.2416,,,0,263,263,263,1,263,images/flickr_cat_000540.jpg,Eddy,001,2022-04-11_12h41.35.471,Cat face rating experiment_0-500,2021.1.4,Win32,141.4027149
,,,,,,space,2.1794,3,1.2604,0,264,264,264,1,264,images/pixabay_cat_003733.jpg,Eddy,001,2022-04-11_12h41.35.471,Cat face rating experiment_0-500,2021.1.4,Win32,141.4027149
,,,,,,space,5.0694,4,4.7757,0,265,265,265,1,265,images/flickr_cat_000426.jpg,Eddy,001,2022-04-11_12h41.35.471,Cat face rating experiment_0-500,2021.1.4,Win32,141.4027149
,,,,,,space,1.6858,,,0,266,266,266,1,266,images/pixabay_cat_003948.jpg,Eddy,001,2022-04-11_12h41.35.471,Cat face rating experiment_0-500,2021.1.4,Win32,141.4027149
,,,,,,space,3.0203,,,0,267,267,267,1,267,images/flickr_cat_000657.jpg,Eddy,001,2022-04-11_12h41.35.471,Cat face rating experiment_0-500,2021.1.4,Win32,141.4027149
,,,,,,space,3.136,5,2.4695,0,268,268,268,1,268,images/flickr_cat_000584.jpg,Eddy,001,2022-04-11_12h41.35.471,Cat face rating experiment_0-500,2021.1.4,Win32,141.4027149
,,,,,,space,1.3476,6,0.8105,0,269,269,269,1,269,images/pixabay_cat_002971.jpg,Eddy,001,2022-04-11_12h41.35.471,Cat face rating experiment_0-500,2021.1.4,Win32,141.4027149
,,,,,,space,9.2207,3,8.8524,0,270,270,270,1,270,images/pixabay_cat_004807.jpg,Eddy,001,2022-04-11_12h41.35.471,Cat face rating experiment_0-500,2021.1.4,Win32,141.4027149
,,,,,,space,3.1033,6,2.8457,0,271,271,271,1,271,images/pixabay_cat_001434.jpg,Eddy,001,2022-04-11_12h41.35.471,Cat face rating experiment_0-500,2021.1.4,Win32,141.4027149
,,,,,,space,1.8403,,,0,272,272,272,1,272,images/pixabay_cat_001092.jpg,Eddy,001,2022-04-11_12h41.35.471,Cat face rating experiment_0-500,2021.1.4,Win32,141.4027149
,,,,,,space,1.3222,5,1.0618,0,273,273,273,1,273,images/flickr_cat_000771.jpg,Eddy,001,2022-04-11_12h41.35.471,Cat face rating experiment_0-500,2021.1.4,Win32,141.4027149
,,,,,,space,1.597,3,1.2203,0,274,274,274,1,274,images/pixabay_cat_003954.jpg,Eddy,001,2022-04-11_12h41.35.471,Cat face rating experiment_0-500,2021.1.4,Win32,141.4027149
,,,,,,space,1.4568,5,1.2726,0,275,275,275,1,275,images/pixabay_cat_003899.jpg,Eddy,001,2022-04-11_12h41.35.471,Cat face rating experiment_0-500,2021.1.4,Win32,141.4027149
,,,,,,space,2.3712,3,2.1755,0,276,276,276,1,276,images/pixabay_cat_001067.jpg,Eddy,001,2022-04-11_12h41.35.471,Cat face rating experiment_0-500,2021.1.4,Win32,141.4027149
,,,,,,space,4.2861,6,2.5489,0,277,277,277,1,277,images/pixabay_cat_004626.jpg,Eddy,001,2022-04-11_12h41.35.471,Cat face rating experiment_0-500,2021.1.4,Win32,141.4027149
,,,,,,space,1.8269,3,1.5326,0,278,278,278,1,278,images/pixabay_cat_003781.jpg,Eddy,001,2022-04-11_12h41.35.471,Cat face rating experiment_0-500,2021.1.4,Win32,141.4027149
,,,,,,space,2.5775,5,2.4014,0,279,279,279,1,279,images/pixabay_cat_003600.jpg,Eddy,001,2022-04-11_12h41.35.471,Cat face rating experiment_0-500,2021.1.4,Win32,141.4027149
,,,,,,space,2.2156,,,0,280,280,280,1,280,images/pixabay_cat_004335.jpg,Eddy,001,2022-04-11_12h41.35.471,Cat face rating experiment_0-500,2021.1.4,Win32,141.4027149
,,,,,,space,2.9091,3,2.6435,0,281,281,281,1,281,images/pixabay_cat_004760.jpg,Eddy,001,2022-04-11_12h41.35.471,Cat face rating experiment_0-500,2021.1.4,Win32,141.4027149
,,,,,,space,5.5906,2,3.6094,0,282,282,282,1,282,images/flickr_cat_000452.jpg,Eddy,001,2022-04-11_12h41.35.471,Cat face rating experiment_0-500,2021.1.4,Win32,141.4027149
,,,,,,space,1.5277,5,1.1568,0,283,283,283,1,283,images/pixabay_cat_000677.jpg,Eddy,001,2022-04-11_12h41.35.471,Cat face rating experiment_0-500,2021.1.4,Win32,141.4027149
,,,,,,space,1.5621,6,1.1727,0,284,284,284,1,284,images/pixabay_cat_004262.jpg,Eddy,001,2022-04-11_12h41.35.471,Cat face rating experiment_0-500,2021.1.4,Win32,141.4027149
,,,,,,space,1.2798,6,1.085,0,285,285,285,1,285,images/pixabay_cat_004597.jpg,Eddy,001,2022-04-11_12h41.35.471,Cat face rating experiment_0-500,2021.1.4,Win32,141.4027149
,,,,,,space,1.9085,,,0,286,286,286,1,286,images/pixabay_cat_000747.jpg,Eddy,001,2022-04-11_12h41.35.471,Cat face rating experiment_0-500,2021.1.4,Win32,141.4027149
,,,,,,space,5.1168,1,4.6322,0,287,287,287,1,287,images/pixabay_cat_003077.jpg,Eddy,001,2022-04-11_12h41.35.471,Cat face rating experiment_0-500,2021.1.4,Win32,141.4027149
,,,,,,space,3.8992,2,2.7894,0,288,288,288,1,288,images/pixabay_cat_002076.jpg,Eddy,001,2022-04-11_12h41.35.471,Cat face rating experiment_0-500,2021.1.4,Win32,141.4027149
,,,,,,space,2.3213,,,0,289,289,289,1,289,images/pixabay_cat_000832.jpg,Eddy,001,2022-04-11_12h41.35.471,Cat face rating experiment_0-500,2021.1.4,Win32,141.4027149
,,,,,,space,1.6061,,,0,290,290,290,1,290,images/pixabay_cat_001553.jpg,Eddy,001,2022-04-11_12h41.35.471,Cat face rating experiment_0-500,2021.1.4,Win32,141.4027149
,,,,,,space,1.6599,5,1.089,0,291,291,291,1,291,images/pixabay_cat_001581.jpg,Eddy,001,2022-04-11_12h41.35.471,Cat face rating experiment_0-500,2021.1.4,Win32,141.4027149
,,,,,,space,3.7712,6,1.1853,0,292,292,292,1,292,images/pixabay_cat_000563.jpg,Eddy,001,2022-04-11_12h41.35.471,Cat face rating experiment_0-500,2021.1.4,Win32,141.4027149
,,,,,,space,3.9181,7,1.4415,0,293,293,293,1,293,images/pixabay_cat_000908.jpg,Eddy,001,2022-04-11_12h41.35.471,Cat face rating experiment_0-500,2021.1.4,Win32,141.4027149
,,,,,,space,2.9999,2,2.7013,0,294,294,294,1,294,images/pixabay_cat_002591.jpg,Eddy,001,2022-04-11_12h41.35.471,Cat face rating experiment_0-500,2021.1.4,Win32,141.4027149
,,,,,,space,1.3374,,,0,295,295,295,1,295,images/pixabay_cat_000738.jpg,Eddy,001,2022-04-11_12h41.35.471,Cat face rating experiment_0-500,2021.1.4,Win32,141.4027149
,,,,,,space,1.07,,,0,296,296,296,1,296,images/pixabay_cat_002224.jpg,Eddy,001,2022-04-11_12h41.35.471,Cat face rating experiment_0-500,2021.1.4,Win32,141.4027149
,,,,,,space,1.9975,5,1.7423,0,297,297,297,1,297,images/pixabay_cat_002122.jpg,Eddy,001,2022-04-11_12h41.35.471,Cat face rating experiment_0-500,2021.1.4,Win32,141.4027149
,,,,,,space,1.3115,,,0,298,298,298,1,298,images/pixabay_cat_002603.jpg,Eddy,001,2022-04-11_12h41.35.471,Cat face rating experiment_0-500,2021.1.4,Win32,141.4027149
,,,,,,space,1.5042,,,0,299,299,299,1,299,images/pixabay_cat_003985.jpg,Eddy,001,2022-04-11_12h41.35.471,Cat face rating experiment_0-500,2021.1.4,Win32,141.4027149
,,,,,,space,1.2566,,,0,300,300,300,1,300,images/pixabay_cat_000044.jpg,Eddy,001,2022-04-11_12h41.35.471,Cat face rating experiment_0-500,2021.1.4,Win32,141.4027149
,,,,,,space,1.9867,3,1.7142,0,301,301,301,1,301,images/pixabay_cat_003333.jpg,Eddy,001,2022-04-11_12h41.35.471,Cat face rating experiment_0-500,2021.1.4,Win32,141.4027149
,,,,,,space,2.4289,2,1.6921,0,302,302,302,1,302,images/pixabay_cat_002846.jpg,Eddy,001,2022-04-11_12h41.35.471,Cat face rating experiment_0-500,2021.1.4,Win32,141.4027149
,,,,,,space,2.8932,5,2.5547,0,303,303,303,1,303,images/flickr_cat_000081.jpg,Eddy,001,2022-04-11_12h41.35.471,Cat face rating experiment_0-500,2021.1.4,Win32,141.4027149
,,,,,,space,1.7072,,,0,304,304,304,1,304,images/pixabay_cat_004314.jpg,Eddy,001,2022-04-11_12h41.35.471,Cat face rating experiment_0-500,2021.1.4,Win32,141.4027149
,,,,,,space,1.5694,,,0,305,305,305,1,305,images/pixabay_cat_002432.jpg,Eddy,001,2022-04-11_12h41.35.471,Cat face rating experiment_0-500,2021.1.4,Win32,141.4027149
,,,,,,space,2.0882,3,1.8872,0,306,306,306,1,306,images/pixabay_cat_000869.jpg,Eddy,001,2022-04-11_12h41.35.471,Cat face rating experiment_0-500,2021.1.4,Win32,141.4027149
,,,,,,space,1.5643,2,1.3463,0,307,307,307,1,307,images/pixabay_cat_000486.jpg,Eddy,001,2022-04-11_12h41.35.471,Cat face rating experiment_0-500,2021.1.4,Win32,141.4027149
,,,,,,space,1.9703,1,1.6779,0,308,308,308,1,308,images/pixabay_cat_002421.jpg,Eddy,001,2022-04-11_12h41.35.471,Cat face rating experiment_0-500,2021.1.4,Win32,141.4027149
,,,,,,space,2.7044,2,2.4147,0,309,309,309,1,309,images/pixabay_cat_004514.jpg,Eddy,001,2022-04-11_12h41.35.471,Cat face rating experiment_0-500,2021.1.4,Win32,141.4027149
,,,,,,space,2.1022,6,1.845,0,310,310,310,1,310,images/pixabay_cat_003960.jpg,Eddy,001,2022-04-11_12h41.35.471,Cat face rating experiment_0-500,2021.1.4,Win32,141.4027149
,,,,,,space,27.0153,4,26.4027,0,311,311,311,1,311,images/flickr_cat_000227.jpg,Eddy,001,2022-04-11_12h41.35.471,Cat face rating experiment_0-500,2021.1.4,Win32,141.4027149
,,,,,,space,3.0732,3,2.8098,0,312,312,312,1,312,images/pixabay_cat_002218.jpg,Eddy,001,2022-04-11_12h41.35.471,Cat face rating experiment_0-500,2021.1.4,Win32,141.4027149
,,,,,,space,2.2345,5,1.9005,0,313,313,313,1,313,images/pixabay_cat_003181.jpg,Eddy,001,2022-04-11_12h41.35.471,Cat face rating experiment_0-500,2021.1.4,Win32,141.4027149
,,,,,,space,2.218,,,0,314,314,314,1,314,images/pixabay_cat_003958.jpg,Eddy,001,2022-04-11_12h41.35.471,Cat face rating experiment_0-500,2021.1.4,Win32,141.4027149
,,,,,,space,2.2223,6,1.5795,0,315,315,315,1,315,images/pixabay_cat_000624.jpg,Eddy,001,2022-04-11_12h41.35.471,Cat face rating experiment_0-500,2021.1.4,Win32,141.4027149
,,,,,,space,2.1487,6,1.7068,0,316,316,316,1,316,images/flickr_cat_000407.jpg,Eddy,001,2022-04-11_12h41.35.471,Cat face rating experiment_0-500,2021.1.4,Win32,141.4027149
,,,,,,space,2.0228,5,1.1085,0,317,317,317,1,317,images/pixabay_cat_001576.jpg,Eddy,001,2022-04-11_12h41.35.471,Cat face rating experiment_0-500,2021.1.4,Win32,141.4027149
,,,,,,space,2.3874,,,0,318,318,318,1,318,images/pixabay_cat_000204.jpg,Eddy,001,2022-04-11_12h41.35.471,Cat face rating experiment_0-500,2021.1.4,Win32,141.4027149
,,,,,,space,1.8247,5,1.6409,0,319,319,319,1,319,images/flickr_cat_000428.jpg,Eddy,001,2022-04-11_12h41.35.471,Cat face rating experiment_0-500,2021.1.4,Win32,141.4027149
,,,,,,space,2.0276,5,1.7686,0,320,320,320,1,320,images/flickr_cat_000219.jpg,Eddy,001,2022-04-11_12h41.35.471,Cat face rating experiment_0-500,2021.1.4,Win32,141.4027149
,,,,,,space,3.036,2,2.7559,0,321,321,321,1,321,images/pixabay_cat_001761.jpg,Eddy,001,2022-04-11_12h41.35.471,Cat face rating experiment_0-500,2021.1.4,Win32,141.4027149
,,,,,,space,1.8283,3,1.4921,0,322,322,322,1,322,images/pixabay_cat_003167.jpg,Eddy,001,2022-04-11_12h41.35.471,Cat face rating experiment_0-500,2021.1.4,Win32,141.4027149
,,,,,,space,1.5756,3,1.3587,0,323,323,323,1,323,images/pixabay_cat_000763.jpg,Eddy,001,2022-04-11_12h41.35.471,Cat face rating experiment_0-500,2021.1.4,Win32,141.4027149
,,,,,,space,4.039,,,0,324,324,324,1,324,images/flickr_cat_000398.jpg,Eddy,001,2022-04-11_12h41.35.471,Cat face rating experiment_0-500,2021.1.4,Win32,141.4027149
,,,,,,space,1.8997,2,1.6357,0,325,325,325,1,325,images/flickr_cat_000381.jpg,Eddy,001,2022-04-11_12h41.35.471,Cat face rating experiment_0-500,2021.1.4,Win32,141.4027149
,,,,,,space,4.4642,2,3.7057,0,326,326,326,1,326,images/pixabay_cat_000257.jpg,Eddy,001,2022-04-11_12h41.35.471,Cat face rating experiment_0-500,2021.1.4,Win32,141.4027149
,,,,,,space,2.2546,2,2.081,0,327,327,327,1,327,images/pixabay_cat_000020.jpg,Eddy,001,2022-04-11_12h41.35.471,Cat face rating experiment_0-500,2021.1.4,Win32,141.4027149
,,,,,,space,2.0134,6,1.7217,0,328,328,328,1,328,images/flickr_cat_000553.jpg,Eddy,001,2022-04-11_12h41.35.471,Cat face rating experiment_0-500,2021.1.4,Win32,141.4027149
,,,,,,space,1.4449,3,1.2239,0,329,329,329,1,329,images/pixabay_cat_002063.jpg,Eddy,001,2022-04-11_12h41.35.471,Cat face rating experiment_0-500,2021.1.4,Win32,141.4027149
,,,,,,space,1.8185,2,1.317,0,330,330,330,1,330,images/pixabay_cat_003443.jpg,Eddy,001,2022-04-11_12h41.35.471,Cat face rating experiment_0-500,2021.1.4,Win32,141.4027149
,,,,,,space,2.2106,4,2.0266,0,331,331,331,1,331,images/pixabay_cat_003535.jpg,Eddy,001,2022-04-11_12h41.35.471,Cat face rating experiment_0-500,2021.1.4,Win32,141.4027149
,,,,,,space,1.5954,5,1.1916,0,332,332,332,1,332,images/pixabay_cat_000478.jpg,Eddy,001,2022-04-11_12h41.35.471,Cat face rating experiment_0-500,2021.1.4,Win32,141.4027149
,,,,,,space,6.4546,2,5.5478,0,333,333,333,1,333,images/flickr_cat_000218.jpg,Eddy,001,2022-04-11_12h41.35.471,Cat face rating experiment_0-500,2021.1.4,Win32,141.4027149
,,,,,,space,2.2712,3,1.759,0,334,334,334,1,334,images/pixabay_cat_001630.jpg,Eddy,001,2022-04-11_12h41.35.471,Cat face rating experiment_0-500,2021.1.4,Win32,141.4027149
,,,,,,space,4.1745,5,3.9086,0,335,335,335,1,335,images/pixabay_cat_003669.jpg,Eddy,001,2022-04-11_12h41.35.471,Cat face rating experiment_0-500,2021.1.4,Win32,141.4027149
,,,,,,space,2.9274,2,2.6538,0,336,336,336,1,336,images/pixabay_cat_002648.jpg,Eddy,001,2022-04-11_12h41.35.471,Cat face rating experiment_0-500,2021.1.4,Win32,141.4027149
,,,,,,space,1.5054,3,1.316,0,337,337,337,1,337,images/pixabay_cat_002032.jpg,Eddy,001,2022-04-11_12h41.35.471,Cat face rating experiment_0-500,2021.1.4,Win32,141.4027149
,,,,,,space,1.6442,5,1.1726,0,338,338,338,1,338,images/flickr_cat_000198.jpg,Eddy,001,2022-04-11_12h41.35.471,Cat face rating experiment_0-500,2021.1.4,Win32,141.4027149
,,,,,,space,2.4608,6,2.0577,0,339,339,339,1,339,images/pixabay_cat_000436.jpg,Eddy,001,2022-04-11_12h41.35.471,Cat face rating experiment_0-500,2021.1.4,Win32,141.4027149
,,,,,,space,1.3267,,,0,340,340,340,1,340,images/pixabay_cat_003590.jpg,Eddy,001,2022-04-11_12h41.35.471,Cat face rating experiment_0-500,2021.1.4,Win32,141.4027149
,,,,,,space,1.8621,3,1.6127,0,341,341,341,1,341,images/pixabay_cat_004018.jpg,Eddy,001,2022-04-11_12h41.35.471,Cat face rating experiment_0-500,2021.1.4,Win32,141.4027149
,,,,,,space,3.664,5,3.1948,0,342,342,342,1,342,images/pixabay_cat_004409.jpg,Eddy,001,2022-04-11_12h41.35.471,Cat face rating experiment_0-500,2021.1.4,Win32,141.4027149
,,,,,,space,2.0664,5,1.4264,0,343,343,343,1,343,images/pixabay_cat_002691.jpg,Eddy,001,2022-04-11_12h41.35.471,Cat face rating experiment_0-500,2021.1.4,Win32,141.4027149
,,,,,,space,1.7834,,,0,344,344,344,1,344,images/pixabay_cat_003120.jpg,Eddy,001,2022-04-11_12h41.35.471,Cat face rating experiment_0-500,2021.1.4,Win32,141.4027149
,,,,,,space,1.514,,,0,345,345,345,1,345,images/pixabay_cat_003622.jpg,Eddy,001,2022-04-11_12h41.35.471,Cat face rating experiment_0-500,2021.1.4,Win32,141.4027149
,,,,,,space,2.3678,3,1.3601,0,346,346,346,1,346,images/pixabay_cat_001535.jpg,Eddy,001,2022-04-11_12h41.35.471,Cat face rating experiment_0-500,2021.1.4,Win32,141.4027149
,,,,,,space,2.5606,2,2.1891,0,347,347,347,1,347,images/pixabay_cat_004093.jpg,Eddy,001,2022-04-11_12h41.35.471,Cat face rating experiment_0-500,2021.1.4,Win32,141.4027149
,,,,,,space,3.3413,5,2.4735,0,348,348,348,1,348,images/pixabay_cat_004787.jpg,Eddy,001,2022-04-11_12h41.35.471,Cat face rating experiment_0-500,2021.1.4,Win32,141.4027149
,,,,,,space,1.6597,5,1.4871,0,349,349,349,1,349,images/pixabay_cat_002079.jpg,Eddy,001,2022-04-11_12h41.35.471,Cat face rating experiment_0-500,2021.1.4,Win32,141.4027149
,,,,,,space,1.5914,6,1.401,0,350,350,350,1,350,images/pixabay_cat_004398.jpg,Eddy,001,2022-04-11_12h41.35.471,Cat face rating experiment_0-500,2021.1.4,Win32,141.4027149
,,,,,,space,4.1954,5,4.0554,0,351,351,351,1,351,images/pixabay_cat_004546.jpg,Eddy,001,2022-04-11_12h41.35.471,Cat face rating experiment_0-500,2021.1.4,Win32,141.4027149
,,,,,,space,2.3088,7,2.0477,0,352,352,352,1,352,images/pixabay_cat_001295.jpg,Eddy,001,2022-04-11_12h41.35.471,Cat face rating experiment_0-500,2021.1.4,Win32,141.4027149
,,,,,,space,1.9434,6,1.5095,0,353,353,353,1,353,images/pixabay_cat_002815.jpg,Eddy,001,2022-04-11_12h41.35.471,Cat face rating experiment_0-500,2021.1.4,Win32,141.4027149
,,,,,,space,24.174,,,0,354,354,354,1,354,images/pixabay_cat_003863.jpg,Eddy,001,2022-04-11_12h41.35.471,Cat face rating experiment_0-500,2021.1.4,Win32,141.4027149
,,,,,,space,10.79,3,1.6722,0,355,355,355,1,355,images/pixabay_cat_003552.jpg,Eddy,001,2022-04-11_12h41.35.471,Cat face rating experiment_0-500,2021.1.4,Win32,141.4027149
,,,,,,space,1.6894,,,0,356,356,356,1,356,images/flickr_cat_000267.jpg,Eddy,001,2022-04-11_12h41.35.471,Cat face rating experiment_0-500,2021.1.4,Win32,141.4027149
,,,,,,space,4.8604,2,4.0256,0,357,357,357,1,357,images/pixabay_cat_002590.jpg,Eddy,001,2022-04-11_12h41.35.471,Cat face rating experiment_0-500,2021.1.4,Win32,141.4027149
,,,,,,space,1.6673,5,1.4505,0,358,358,358,1,358,images/pixabay_cat_002602.jpg,Eddy,001,2022-04-11_12h41.35.471,Cat face rating experiment_0-500,2021.1.4,Win32,141.4027149
,,,,,,space,3.3763,5,1.0602,0,359,359,359,1,359,images/flickr_cat_000415.jpg,Eddy,001,2022-04-11_12h41.35.471,Cat face rating experiment_0-500,2021.1.4,Win32,141.4027149
,,,,,,space,1.5783,6,1.0662,0,360,360,360,1,360,images/pixabay_cat_000408.jpg,Eddy,001,2022-04-11_12h41.35.471,Cat face rating experiment_0-500,2021.1.4,Win32,141.4027149
,,,,,,space,1.6171,6,1.4647,0,361,361,361,1,361,images/pixabay_cat_003676.jpg,Eddy,001,2022-04-11_12h41.35.471,Cat face rating experiment_0-500,2021.1.4,Win32,141.4027149
,,,,,,space,1.3958,6,1.161,0,362,362,362,1,362,images/pixabay_cat_002634.jpg,Eddy,001,2022-04-11_12h41.35.471,Cat face rating experiment_0-500,2021.1.4,Win32,141.4027149
,,,,,,space,1.265,,,0,363,363,363,1,363,images/pixabay_cat_004795.jpg,Eddy,001,2022-04-11_12h41.35.471,Cat face rating experiment_0-500,2021.1.4,Win32,141.4027149
,,,,,,space,6.8393,2,6.7614,0,364,364,364,1,364,images/pixabay_cat_003308.jpg,Eddy,001,2022-04-11_12h41.35.471,Cat face rating experiment_0-500,2021.1.4,Win32,141.4027149
,,,,,,space,2.133,,,0,365,365,365,1,365,images/pixabay_cat_002374.jpg,Eddy,001,2022-04-11_12h41.35.471,Cat face rating experiment_0-500,2021.1.4,Win32,141.4027149
,,,,,,space,3.6421,2,3.2712,0,366,366,366,1,366,images/flickr_cat_000215.jpg,Eddy,001,2022-04-11_12h41.35.471,Cat face rating experiment_0-500,2021.1.4,Win32,141.4027149
,,,,,,space,2.0122,5,1.785,0,367,367,367,1,367,images/flickr_cat_000589.jpg,Eddy,001,2022-04-11_12h41.35.471,Cat face rating experiment_0-500,2021.1.4,Win32,141.4027149
,,,,,,space,1.6379,3,1.3887,0,368,368,368,1,368,images/pixabay_cat_001231.jpg,Eddy,001,2022-04-11_12h41.35.471,Cat face rating experiment_0-500,2021.1.4,Win32,141.4027149
,,,,,,space,2.4206,1,2.0772,0,369,369,369,1,369,images/pixabay_cat_001688.jpg,Eddy,001,2022-04-11_12h41.35.471,Cat face rating experiment_0-500,2021.1.4,Win32,141.4027149
,,,,,,space,3.4078,5,3.2715,0,370,370,370,1,370,images/pixabay_cat_004457.jpg,Eddy,001,2022-04-11_12h41.35.471,Cat face rating experiment_0-500,2021.1.4,Win32,141.4027149
,,,,,,space,2.1384,2,1.8485,0,371,371,371,1,371,images/pixabay_cat_001542.jpg,Eddy,001,2022-04-11_12h41.35.471,Cat face rating experiment_0-500,2021.1.4,Win32,141.4027149
,,,,,,space,3.3332,5,2.7581,0,372,372,372,1,372,images/flickr_cat_000591.jpg,Eddy,001,2022-04-11_12h41.35.471,Cat face rating experiment_0-500,2021.1.4,Win32,141.4027149
,,,,,,space,1.0949,,,0,373,373,373,1,373,images/pixabay_cat_002111.jpg,Eddy,001,2022-04-11_12h41.35.471,Cat face rating experiment_0-500,2021.1.4,Win32,141.4027149
,,,,,,space,1.5191,3,1.3043,0,374,374,374,1,374,images/pixabay_cat_002827.jpg,Eddy,001,2022-04-11_12h41.35.471,Cat face rating experiment_0-500,2021.1.4,Win32,141.4027149
,,,,,,space,2.0866,5,1.8946,0,375,375,375,1,375,images/pixabay_cat_004099.jpg,Eddy,001,2022-04-11_12h41.35.471,Cat face rating experiment_0-500,2021.1.4,Win32,141.4027149
,,,,,,space,2.2406,4,1.994,0,376,376,376,1,376,images/pixabay_cat_000884.jpg,Eddy,001,2022-04-11_12h41.35.471,Cat face rating experiment_0-500,2021.1.4,Win32,141.4027149
,,,,,,space,5.5308,3,4.0148,0,377,377,377,1,377,images/pixabay_cat_002925.jpg,Eddy,001,2022-04-11_12h41.35.471,Cat face rating experiment_0-500,2021.1.4,Win32,141.4027149
,,,,,,space,1.7903,2,1.4644,0,378,378,378,1,378,images/pixabay_cat_002908.jpg,Eddy,001,2022-04-11_12h41.35.471,Cat face rating experiment_0-500,2021.1.4,Win32,141.4027149
,,,,,,space,2.456,5,2.3237,0,379,379,379,1,379,images/pixabay_cat_002809.jpg,Eddy,001,2022-04-11_12h41.35.471,Cat face rating experiment_0-500,2021.1.4,Win32,141.4027149
,,,,,,space,1.0572,,,0,380,380,380,1,380,images/flickr_cat_000611.jpg,Eddy,001,2022-04-11_12h41.35.471,Cat face rating experiment_0-500,2021.1.4,Win32,141.4027149
,,,,,,space,1.8519,3,1.6822,0,381,381,381,1,381,images/pixabay_cat_002574.jpg,Eddy,001,2022-04-11_12h41.35.471,Cat face rating experiment_0-500,2021.1.4,Win32,141.4027149
,,,,,,space,1.829,5,1.5491,0,382,382,382,1,382,images/pixabay_cat_001708.jpg,Eddy,001,2022-04-11_12h41.35.471,Cat face rating experiment_0-500,2021.1.4,Win32,141.4027149
,,,,,,space,2.0497,5,1.7559,0,383,383,383,1,383,images/pixabay_cat_002684.jpg,Eddy,001,2022-04-11_12h41.35.471,Cat face rating experiment_0-500,2021.1.4,Win32,141.4027149
,,,,,,space,3.7294,3,3.4163,0,384,384,384,1,384,images/pixabay_cat_003506.jpg,Eddy,001,2022-04-11_12h41.35.471,Cat face rating experiment_0-500,2021.1.4,Win32,141.4027149
,,,,,,space,1.4556,5,1.2782,0,385,385,385,1,385,images/pixabay_cat_000777.jpg,Eddy,001,2022-04-11_12h41.35.471,Cat face rating experiment_0-500,2021.1.4,Win32,141.4027149
,,,,,,space,1.1082,,,0,386,386,386,1,386,images/pixabay_cat_000319.jpg,Eddy,001,2022-04-11_12h41.35.471,Cat face rating experiment_0-500,2021.1.4,Win32,141.4027149
,,,,,,space,3.5341,3,2.8734,0,387,387,387,1,387,images/pixabay_cat_000152.jpg,Eddy,001,2022-04-11_12h41.35.471,Cat face rating experiment_0-500,2021.1.4,Win32,141.4027149
,,,,,,space,3.6552,2,3.1091,0,388,388,388,1,388,images/pixabay_cat_004261.jpg,Eddy,001,2022-04-11_12h41.35.471,Cat face rating experiment_0-500,2021.1.4,Win32,141.4027149
,,,,,,space,0.0434,,,0,389,389,389,1,389,images/flickr_cat_000260.jpg,Eddy,001,2022-04-11_12h41.35.471,Cat face rating experiment_0-500,2021.1.4,Win32,141.4027149
,,,,,,space,5.7426,,,0,390,390,390,1,390,images/pixabay_cat_000237.jpg,Eddy,001,2022-04-11_12h41.35.471,Cat face rating experiment_0-500,2021.1.4,Win32,141.4027149
,,,,,,space,2.0744,5,1.3075,0,391,391,391,1,391,images/pixabay_cat_001414.jpg,Eddy,001,2022-04-11_12h41.35.471,Cat face rating experiment_0-500,2021.1.4,Win32,141.4027149
,,,,,,space,2.1706,6,1.8027,0,392,392,392,1,392,images/pixabay_cat_002796.jpg,Eddy,001,2022-04-11_12h41.35.471,Cat face rating experiment_0-500,2021.1.4,Win32,141.4027149
,,,,,,space,1.9462,2,1.5622,0,393,393,393,1,393,images/pixabay_cat_001814.jpg,Eddy,001,2022-04-11_12h41.35.471,Cat face rating experiment_0-500,2021.1.4,Win32,141.4027149
,,,,,,space,2.9841,5,1.999,0,394,394,394,1,394,images/pixabay_cat_001944.jpg,Eddy,001,2022-04-11_12h41.35.471,Cat face rating experiment_0-500,2021.1.4,Win32,141.4027149
,,,,,,space,1.5131,1,1.1356,0,395,395,395,1,395,images/pixabay_cat_001158.jpg,Eddy,001,2022-04-11_12h41.35.471,Cat face rating experiment_0-500,2021.1.4,Win32,141.4027149
,,,,,,space,2.9746,2,2.6104,0,396,396,396,1,396,images/flickr_cat_000088.jpg,Eddy,001,2022-04-11_12h41.35.471,Cat face rating experiment_0-500,2021.1.4,Win32,141.4027149
,,,,,,space,1.8204,6,1.4824,0,397,397,397,1,397,images/pixabay_cat_002399.jpg,Eddy,001,2022-04-11_12h41.35.471,Cat face rating experiment_0-500,2021.1.4,Win32,141.4027149
,,,,,,space,1.932,3,1.6586,0,398,398,398,1,398,images/pixabay_cat_001626.jpg,Eddy,001,2022-04-11_12h41.35.471,Cat face rating experiment_0-500,2021.1.4,Win32,141.4027149
,,,,,,space,4.1111,,,0,399,399,399,1,399,images/pixabay_cat_004324.jpg,Eddy,001,2022-04-11_12h41.35.471,Cat face rating experiment_0-500,2021.1.4,Win32,141.4027149
,,,,,,space,2.2301,5,1.8744,0,400,400,400,1,400,images/pixabay_cat_000703.jpg,Eddy,001,2022-04-11_12h41.35.471,Cat face rating experiment_0-500,2021.1.4,Win32,141.4027149
,,,,,,space,1.4699,,,0,401,401,401,1,401,images/pixabay_cat_004220.jpg,Eddy,001,2022-04-11_12h41.35.471,Cat face rating experiment_0-500,2021.1.4,Win32,141.4027149
,,,,,,space,1.2709,,,0,402,402,402,1,402,images/pixabay_cat_000530.jpg,Eddy,001,2022-04-11_12h41.35.471,Cat face rating experiment_0-500,2021.1.4,Win32,141.4027149
,,,,,,space,1.1783,,,0,403,403,403,1,403,images/pixabay_cat_002629.jpg,Eddy,001,2022-04-11_12h41.35.471,Cat face rating experiment_0-500,2021.1.4,Win32,141.4027149
,,,,,,space,1.1757,,,0,404,404,404,1,404,images/pixabay_cat_004405.jpg,Eddy,001,2022-04-11_12h41.35.471,Cat face rating experiment_0-500,2021.1.4,Win32,141.4027149
,,,,,,space,2.5199,3,2.2244,0,405,405,405,1,405,images/pixabay_cat_001178.jpg,Eddy,001,2022-04-11_12h41.35.471,Cat face rating experiment_0-500,2021.1.4,Win32,141.4027149
,,,,,,space,2.8353,3,1.1701,0,406,406,406,1,406,images/pixabay_cat_003338.jpg,Eddy,001,2022-04-11_12h41.35.471,Cat face rating experiment_0-500,2021.1.4,Win32,141.4027149
,,,,,,space,1.464,3,1.1022,0,407,407,407,1,407,images/pixabay_cat_000594.jpg,Eddy,001,2022-04-11_12h41.35.471,Cat face rating experiment_0-500,2021.1.4,Win32,141.4027149
,,,,,,space,2.4391,,,0,408,408,408,1,408,images/pixabay_cat_002178.jpg,Eddy,001,2022-04-11_12h41.35.471,Cat face rating experiment_0-500,2021.1.4,Win32,141.4027149
,,,,,,space,10.6983,5,6.4543,0,409,409,409,1,409,images/pixabay_cat_002478.jpg,Eddy,001,2022-04-11_12h41.35.471,Cat face rating experiment_0-500,2021.1.4,Win32,141.4027149
,,,,,,space,2.3889,2,2.0876,0,410,410,410,1,410,images/pixabay_cat_004558.jpg,Eddy,001,2022-04-11_12h41.35.471,Cat face rating experiment_0-500,2021.1.4,Win32,141.4027149
,,,,,,space,2.2835,2,1.3632,0,411,411,411,1,411,images/flickr_cat_000421.jpg,Eddy,001,2022-04-11_12h41.35.471,Cat face rating experiment_0-500,2021.1.4,Win32,141.4027149
,,,,,,space,2.009,6,1.7355,0,412,412,412,1,412,images/pixabay_cat_003650.jpg,Eddy,001,2022-04-11_12h41.35.471,Cat face rating experiment_0-500,2021.1.4,Win32,141.4027149
,,,,,,space,1.3119,,,0,413,413,413,1,413,images/pixabay_cat_002152.jpg,Eddy,001,2022-04-11_12h41.35.471,Cat face rating experiment_0-500,2021.1.4,Win32,141.4027149
,,,,,,space,1.3587,,,0,414,414,414,1,414,images/flickr_cat_000569.jpg,Eddy,001,2022-04-11_12h41.35.471,Cat face rating experiment_0-500,2021.1.4,Win32,141.4027149
,,,,,,space,9.7856,5,1.2903,0,415,415,415,1,415,images/pixabay_cat_004406.jpg,Eddy,001,2022-04-11_12h41.35.471,Cat face rating experiment_0-500,2021.1.4,Win32,141.4027149
,,,,,,space,1.512,6,1.3481,0,416,416,416,1,416,images/pixabay_cat_001238.jpg,Eddy,001,2022-04-11_12h41.35.471,Cat face rating experiment_0-500,2021.1.4,Win32,141.4027149
,,,,,,space,1.7489,5,1.5028,0,417,417,417,1,417,images/pixabay_cat_003677.jpg,Eddy,001,2022-04-11_12h41.35.471,Cat face rating experiment_0-500,2021.1.4,Win32,141.4027149
,,,,,,space,1.3358,3,1.1318,0,418,418,418,1,418,images/pixabay_cat_000124.jpg,Eddy,001,2022-04-11_12h41.35.471,Cat face rating experiment_0-500,2021.1.4,Win32,141.4027149
,,,,,,space,4.8055,4,1.9967,0,419,419,419,1,419,images/pixabay_cat_000928.jpg,Eddy,001,2022-04-11_12h41.35.471,Cat face rating experiment_0-500,2021.1.4,Win32,141.4027149
,,,,,,space,2.0025,3,1.6706,0,420,420,420,1,420,images/pixabay_cat_001983.jpg,Eddy,001,2022-04-11_12h41.35.471,Cat face rating experiment_0-500,2021.1.4,Win32,141.4027149
,,,,,,space,1.6306,,,0,421,421,421,1,421,images/pixabay_cat_004087.jpg,Eddy,001,2022-04-11_12h41.35.471,Cat face rating experiment_0-500,2021.1.4,Win32,141.4027149
,,,,,,space,1.4112,5,1.2014,0,422,422,422,1,422,images/pixabay_cat_001391.jpg,Eddy,001,2022-04-11_12h41.35.471,Cat face rating experiment_0-500,2021.1.4,Win32,141.4027149
,,,,,,space,1.6453,3,1.3676,0,423,423,423,1,423,images/pixabay_cat_003752.jpg,Eddy,001,2022-04-11_12h41.35.471,Cat face rating experiment_0-500,2021.1.4,Win32,141.4027149
,,,,,,space,1.8337,6,1.503,0,424,424,424,1,424,images/pixabay_cat_000004.jpg,Eddy,001,2022-04-11_12h41.35.471,Cat face rating experiment_0-500,2021.1.4,Win32,141.4027149
,,,,,,space,1.5853,6,1.258,0,425,425,425,1,425,images/pixabay_cat_003460.jpg,Eddy,001,2022-04-11_12h41.35.471,Cat face rating experiment_0-500,2021.1.4,Win32,141.4027149
,,,,,,space,1.5746,5,1.271,0,426,426,426,1,426,images/pixabay_cat_001749.jpg,Eddy,001,2022-04-11_12h41.35.471,Cat face rating experiment_0-500,2021.1.4,Win32,141.4027149
,,,,,,space,1.6958,2,1.3997,0,427,427,427,1,427,images/pixabay_cat_002811.jpg,Eddy,001,2022-04-11_12h41.35.471,Cat face rating experiment_0-500,2021.1.4,Win32,141.4027149
,,,,,,space,4.8275,3,2.1432,0,428,428,428,1,428,images/pixabay_cat_003139.jpg,Eddy,001,2022-04-11_12h41.35.471,Cat face rating experiment_0-500,2021.1.4,Win32,141.4027149
,,,,,,space,12.6125,5,12.2966,0,429,429,429,1,429,images/flickr_cat_000774.jpg,Eddy,001,2022-04-11_12h41.35.471,Cat face rating experiment_0-500,2021.1.4,Win32,141.4027149
,,,,,,space,1.8175,5,1.5264,0,430,430,430,1,430,images/pixabay_cat_003720.jpg,Eddy,001,2022-04-11_12h41.35.471,Cat face rating experiment_0-500,2021.1.4,Win32,141.4027149
,,,,,,space,7.7275,3,2.4186,0,431,431,431,1,431,images/pixabay_cat_000878.jpg,Eddy,001,2022-04-11_12h41.35.471,Cat face rating experiment_0-500,2021.1.4,Win32,141.4027149
,,,,,,space,2.908,5,2.0333,0,432,432,432,1,432,images/pixabay_cat_001793.jpg,Eddy,001,2022-04-11_12h41.35.471,Cat face rating experiment_0-500,2021.1.4,Win32,141.4027149
,,,,,,space,0.9653,,,0,433,433,433,1,433,images/pixabay_cat_002282.jpg,Eddy,001,2022-04-11_12h41.35.471,Cat face rating experiment_0-500,2021.1.4,Win32,141.4027149
,,,,,,space,3.2119,2,2.9354,0,434,434,434,1,434,images/pixabay_cat_003147.jpg,Eddy,001,2022-04-11_12h41.35.471,Cat face rating experiment_0-500,2021.1.4,Win32,141.4027149
,,,,,,space,1.7051,3,1.3796,0,435,435,435,1,435,images/flickr_cat_000396.jpg,Eddy,001,2022-04-11_12h41.35.471,Cat face rating experiment_0-500,2021.1.4,Win32,141.4027149
,,,,,,space,1.8678,6,1.5134,0,436,436,436,1,436,images/pixabay_cat_002014.jpg,Eddy,001,2022-04-11_12h41.35.471,Cat face rating experiment_0-500,2021.1.4,Win32,141.4027149
,,,,,,space,2.4264,3,2.165,0,437,437,437,1,437,images/pixabay_cat_001634.jpg,Eddy,001,2022-04-11_12h41.35.471,Cat face rating experiment_0-500,2021.1.4,Win32,141.4027149
,,,,,,space,1.4084,5,1.0915,0,438,438,438,1,438,images/pixabay_cat_001449.jpg,Eddy,001,2022-04-11_12h41.35.471,Cat face rating experiment_0-500,2021.1.4,Win32,141.4027149
,,,,,,space,2.3007,5,2.1127,0,439,439,439,1,439,images/pixabay_cat_001541.jpg,Eddy,001,2022-04-11_12h41.35.471,Cat face rating experiment_0-500,2021.1.4,Win32,141.4027149
,,,,,,space,5.9745,2,5.7126,0,440,440,440,1,440,images/pixabay_cat_001152.jpg,Eddy,001,2022-04-11_12h41.35.471,Cat face rating experiment_0-500,2021.1.4,Win32,141.4027149
,,,,,,space,1.2395,,,0,441,441,441,1,441,images/pixabay_cat_003606.jpg,Eddy,001,2022-04-11_12h41.35.471,Cat face rating experiment_0-500,2021.1.4,Win32,141.4027149
,,,,,,space,5.3047,,,0,442,442,442,1,442,images/pixabay_cat_001220.jpg,Eddy,001,2022-04-11_12h41.35.471,Cat face rating experiment_0-500,2021.1.4,Win32,141.4027149
,,,,,,space,7.7407,5,1.9414,0,443,443,443,1,443,images/pixabay_cat_000957.jpg,Eddy,001,2022-04-11_12h41.35.471,Cat face rating experiment_0-500,2021.1.4,Win32,141.4027149
,,,,,,space,1.1115,5,0.8867,0,444,444,444,1,444,images/flickr_cat_000023.jpg,Eddy,001,2022-04-11_12h41.35.471,Cat face rating experiment_0-500,2021.1.4,Win32,141.4027149
,,,,,,space,1.5283,6,1.2367,0,445,445,445,1,445,images/pixabay_cat_003656.jpg,Eddy,001,2022-04-11_12h41.35.471,Cat face rating experiment_0-500,2021.1.4,Win32,141.4027149
,,,,,,space,1.8523,5,1.5827,0,446,446,446,1,446,images/pixabay_cat_000976.jpg,Eddy,001,2022-04-11_12h41.35.471,Cat face rating experiment_0-500,2021.1.4,Win32,141.4027149
,,,,,,space,3.7307,3,2.2165,0,447,447,447,1,447,images/pixabay_cat_000657.jpg,Eddy,001,2022-04-11_12h41.35.471,Cat face rating experiment_0-500,2021.1.4,Win32,141.4027149
,,,,,,space,1.4856,,,0,448,448,448,1,448,images/flickr_cat_000376.jpg,Eddy,001,2022-04-11_12h41.35.471,Cat face rating experiment_0-500,2021.1.4,Win32,141.4027149
,,,,,,space,1.3216,,,0,449,449,449,1,449,images/pixabay_cat_003747.jpg,Eddy,001,2022-04-11_12h41.35.471,Cat face rating experiment_0-500,2021.1.4,Win32,141.4027149
,,,,,,space,5.8504,5,5.5596,0,450,450,450,1,450,images/pixabay_cat_003228.jpg,Eddy,001,2022-04-11_12h41.35.471,Cat face rating experiment_0-500,2021.1.4,Win32,141.4027149
,,,,,,space,2.712,5,2.347,0,451,451,451,1,451,images/pixabay_cat_001345.jpg,Eddy,001,2022-04-11_12h41.35.471,Cat face rating experiment_0-500,2021.1.4,Win32,141.4027149
,,,,,,space,2.6951,3,2.2258,0,452,452,452,1,452,images/pixabay_cat_004108.jpg,Eddy,001,2022-04-11_12h41.35.471,Cat face rating experiment_0-500,2021.1.4,Win32,141.4027149
,,,,,,space,5.6514,6,1.339,0,453,453,453,1,453,images/pixabay_cat_002529.jpg,Eddy,001,2022-04-11_12h41.35.471,Cat face rating experiment_0-500,2021.1.4,Win32,141.4027149
,,,,,,space,3.5944,4,3.3516,0,454,454,454,1,454,images/pixabay_cat_004258.jpg,Eddy,001,2022-04-11_12h41.35.471,Cat face rating experiment_0-500,2021.1.4,Win32,141.4027149
,,,,,,space,1.8094,,,0,455,455,455,1,455,images/pixabay_cat_004158.jpg,Eddy,001,2022-04-11_12h41.35.471,Cat face rating experiment_0-500,2021.1.4,Win32,141.4027149
,,,,,,space,2.3695,,,0,456,456,456,1,456,images/pixabay_cat_004264.jpg,Eddy,001,2022-04-11_12h41.35.471,Cat face rating experiment_0-500,2021.1.4,Win32,141.4027149
,,,,,,space,1.143,,,0,457,457,457,1,457,images/pixabay_cat_001490.jpg,Eddy,001,2022-04-11_12h41.35.471,Cat face rating experiment_0-500,2021.1.4,Win32,141.4027149
,,,,,,space,1.893,,,0,458,458,458,1,458,images/pixabay_cat_001186.jpg,Eddy,001,2022-04-11_12h41.35.471,Cat face rating experiment_0-500,2021.1.4,Win32,141.4027149
,,,,,,space,1.2792,,,0,459,459,459,1,459,images/pixabay_cat_002949.jpg,Eddy,001,2022-04-11_12h41.35.471,Cat face rating experiment_0-500,2021.1.4,Win32,141.4027149
,,,,,,space,1.2299,3,1.0039,0,460,460,460,1,460,images/pixabay_cat_002642.jpg,Eddy,001,2022-04-11_12h41.35.471,Cat face rating experiment_0-500,2021.1.4,Win32,141.4027149
,,,,,,space,1.598,3,1.2752,0,461,461,461,1,461,images/pixabay_cat_001589.jpg,Eddy,001,2022-04-11_12h41.35.471,Cat face rating experiment_0-500,2021.1.4,Win32,141.4027149
,,,,,,space,6.2764,5,1.9917,0,462,462,462,1,462,images/flickr_cat_000101.jpg,Eddy,001,2022-04-11_12h41.35.471,Cat face rating experiment_0-500,2021.1.4,Win32,141.4027149
,,,,,,space,3.0767,6,1.3342,0,463,463,463,1,463,images/flickr_cat_000416.jpg,Eddy,001,2022-04-11_12h41.35.471,Cat face rating experiment_0-500,2021.1.4,Win32,141.4027149
,,,,,,space,1.3623,5,1.111,0,464,464,464,1,464,images/pixabay_cat_002843.jpg,Eddy,001,2022-04-11_12h41.35.471,Cat face rating experiment_0-500,2021.1.4,Win32,141.4027149
,,,,,,space,1.7355,2,1.3648,0,465,465,465,1,465,images/pixabay_cat_001547.jpg,Eddy,001,2022-04-11_12h41.35.471,Cat face rating experiment_0-500,2021.1.4,Win32,141.4027149
,,,,,,space,2.6861,3,2.3402,0,466,466,466,1,466,images/pixabay_cat_000858.jpg,Eddy,001,2022-04-11_12h41.35.471,Cat face rating experiment_0-500,2021.1.4,Win32,141.4027149
,,,,,,space,2.0482,5,1.7217,0,467,467,467,1,467,images/pixabay_cat_004792.jpg,Eddy,001,2022-04-11_12h41.35.471,Cat face rating experiment_0-500,2021.1.4,Win32,141.4027149
,,,,,,space,2.1077,,,0,468,468,468,1,468,images/pixabay_cat_003838.jpg,Eddy,001,2022-04-11_12h41.35.471,Cat face rating experiment_0-500,2021.1.4,Win32,141.4027149
,,,,,,space,1.7067,,,0,469,469,469,1,469,images/flickr_cat_000819.jpg,Eddy,001,2022-04-11_12h41.35.471,Cat face rating experiment_0-500,2021.1.4,Win32,141.4027149
,,,,,,space,4.1347,3,1.8203,0,470,470,470,1,470,images/pixabay_cat_001697.jpg,Eddy,001,2022-04-11_12h41.35.471,Cat face rating experiment_0-500,2021.1.4,Win32,141.4027149
,,,,,,space,1.7381,2,1.1506,0,471,471,471,1,471,images/pixabay_cat_004458.jpg,Eddy,001,2022-04-11_12h41.35.471,Cat face rating experiment_0-500,2021.1.4,Win32,141.4027149
,,,,,,space,5.5748,,,0,472,472,472,1,472,images/pixabay_cat_000242.jpg,Eddy,001,2022-04-11_12h41.35.471,Cat face rating experiment_0-500,2021.1.4,Win32,141.4027149
,,,,,,space,1.3231,5,1.1338,0,473,473,473,1,473,images/flickr_cat_000097.jpg,Eddy,001,2022-04-11_12h41.35.471,Cat face rating experiment_0-500,2021.1.4,Win32,141.4027149
,,,,,,space,2.4175,7,2.0967,0,474,474,474,1,474,images/pixabay_cat_001868.jpg,Eddy,001,2022-04-11_12h41.35.471,Cat face rating experiment_0-500,2021.1.4,Win32,141.4027149
,,,,,,space,2.8195,7,1.1891,0,475,475,475,1,475,images/pixabay_cat_000856.jpg,Eddy,001,2022-04-11_12h41.35.471,Cat face rating experiment_0-500,2021.1.4,Win32,141.4027149
,,,,,,space,1.8019,5,1.5988,0,476,476,476,1,476,images/pixabay_cat_003849.jpg,Eddy,001,2022-04-11_12h41.35.471,Cat face rating experiment_0-500,2021.1.4,Win32,141.4027149
,,,,,,space,1.5801,5,1.339,0,477,477,477,1,477,images/pixabay_cat_002171.jpg,Eddy,001,2022-04-11_12h41.35.471,Cat face rating experiment_0-500,2021.1.4,Win32,141.4027149
,,,,,,space,3.788,3,1.974,0,478,478,478,1,478,images/pixabay_cat_002114.jpg,Eddy,001,2022-04-11_12h41.35.471,Cat face rating experiment_0-500,2021.1.4,Win32,141.4027149
,,,,,,space,1.2286,,,0,479,479,479,1,479,images/pixabay_cat_003258.jpg,Eddy,001,2022-04-11_12h41.35.471,Cat face rating experiment_0-500,2021.1.4,Win32,141.4027149
,,,,,,space,2.2648,2,1.6656,0,480,480,480,1,480,images/pixabay_cat_000425.jpg,Eddy,001,2022-04-11_12h41.35.471,Cat face rating experiment_0-500,2021.1.4,Win32,141.4027149
,,,,,,space,3.5882,5,3.3891,0,481,481,481,1,481,images/pixabay_cat_003821.jpg,Eddy,001,2022-04-11_12h41.35.471,Cat face rating experiment_0-500,2021.1.4,Win32,141.4027149
,,,,,,space,1.765,5,1.5875,0,482,482,482,1,482,images/pixabay_cat_000568.jpg,Eddy,001,2022-04-11_12h41.35.471,Cat face rating experiment_0-500,2021.1.4,Win32,141.4027149
,,,,,,space,3.6494,3,2.0856,0,483,483,483,1,483,images/pixabay_cat_000800.jpg,Eddy,001,2022-04-11_12h41.35.471,Cat face rating experiment_0-500,2021.1.4,Win32,141.4027149
,,,,,,space,1.4867,2,1.0019,0,484,484,484,1,484,images/pixabay_cat_002004.jpg,Eddy,001,2022-04-11_12h41.35.471,Cat face rating experiment_0-500,2021.1.4,Win32,141.4027149
,,,,,,space,1.9389,1,1.3339,0,485,485,485,1,485,images/pixabay_cat_002760.jpg,Eddy,001,2022-04-11_12h41.35.471,Cat face rating experiment_0-500,2021.1.4,Win32,141.4027149
,,,,,,space,2.9177,3,2.7106,0,486,486,486,1,486,images/pixabay_cat_003518.jpg,Eddy,001,2022-04-11_12h41.35.471,Cat face rating experiment_0-500,2021.1.4,Win32,141.4027149
,,,,,,space,4.0916,4,3.8516,0,487,487,487,1,487,images/pixabay_cat_000029.jpg,Eddy,001,2022-04-11_12h41.35.471,Cat face rating experiment_0-500,2021.1.4,Win32,141.4027149
,,,,,,space,1.1008,5,0.8522,0,488,488,488,1,488,images/pixabay_cat_004531.jpg,Eddy,001,2022-04-11_12h41.35.471,Cat face rating experiment_0-500,2021.1.4,Win32,141.4027149
,,,,,,space,1.8565,3,1.4858,0,489,489,489,1,489,images/pixabay_cat_004292.jpg,Eddy,001,2022-04-11_12h41.35.471,Cat face rating experiment_0-500,2021.1.4,Win32,141.4027149
,,,,,,space,5.2401,6,4.9511,0,490,490,490,1,490,images/pixabay_cat_004100.jpg,Eddy,001,2022-04-11_12h41.35.471,Cat face rating experiment_0-500,2021.1.4,Win32,141.4027149
,,,,,,space,2.1786,4,1.839,0,491,491,491,1,491,images/pixabay_cat_000414.jpg,Eddy,001,2022-04-11_12h41.35.471,Cat face rating experiment_0-500,2021.1.4,Win32,141.4027149
,,,,,,space,5.5809,,,0,492,492,492,1,492,images/pixabay_cat_002685.jpg,Eddy,001,2022-04-11_12h41.35.471,Cat face rating experiment_0-500,2021.1.4,Win32,141.4027149
,,,,,,space,1.7209,3,1.4965,0,493,493,493,1,493,images/pixabay_cat_004259.jpg,Eddy,001,2022-04-11_12h41.35.471,Cat face rating experiment_0-500,2021.1.4,Win32,141.4027149
,,,,,,space,2.114,5,1.8488,0,494,494,494,1,494,images/pixabay_cat_001802.jpg,Eddy,001,2022-04-11_12h41.35.471,Cat face rating experiment_0-500,2021.1.4,Win32,141.4027149
,,,,,,space,3.3822,5,3.1044,0,495,495,495,1,495,images/pixabay_cat_000067.jpg,Eddy,001,2022-04-11_12h41.35.471,Cat face rating experiment_0-500,2021.1.4,Win32,141.4027149
,,,,,,space,2.3788,3,1.992,0,496,496,496,1,496,images/pixabay_cat_003069.jpg,Eddy,001,2022-04-11_12h41.35.471,Cat face rating experiment_0-500,2021.1.4,Win32,141.4027149
,,,,,,space,3.2738,,,0,497,497,497,1,497,images/flickr_cat_000812.jpg,Eddy,001,2022-04-11_12h41.35.471,Cat face rating experiment_0-500,2021.1.4,Win32,141.4027149
,,,,,,space,2.7015,3,2.3076,0,498,498,498,1,498,images/pixabay_cat_002638.jpg,Eddy,001,2022-04-11_12h41.35.471,Cat face rating experiment_0-500,2021.1.4,Win32,141.4027149
,,,,,,space,1.5365,,,0,499,499,499,1,499,images/flickr_cat_000203.jpg,Eddy,001,2022-04-11_12h41.35.471,Cat face rating experiment_0-500,2021.1.4,Win32,141.4027149
