key_resp.keys,key_resp.rt,key_resp_2.keys,key_resp_2.rt,key_resp_3.keys,key_resp_3.rt,key_resp_4.keys,key_resp_4.rt,slider.response,slider.rt,trials.thisRepN,trials.thisTrialN,trials.thisN,trials.thisIndex,trials.ran,trial_nums,img,participant,session,date,expName,psychopyVersion,OS,frameRate
space,0.4184,space,0.2982,space,0.3772,space,3.6319,6,3.3446,0,0,0,0,1,0,images/pixabay_cat_000265.jpg,Eddy,001,2022-04-11_12h40.19.358,Cat face rating experiment_0-500,2021.1.4,Win32,72.00460829
,,,,,,space,3.2773,6,3.0174,0,1,1,1,1,1,images/pixabay_cat_003456.jpg,Eddy,001,2022-04-11_12h40.19.358,Cat face rating experiment_0-500,2021.1.4,Win32,72.00460829
,,,,,,space,3.3176,3,1.6917,0,2,2,2,1,2,images/pixabay_cat_001888.jpg,Eddy,001,2022-04-11_12h40.19.358,Cat face rating experiment_0-500,2021.1.4,Win32,72.00460829
,,,,,,space,3.1796,2,2.8397,0,3,3,3,1,3,images/pixabay_cat_002932.jpg,Eddy,001,2022-04-11_12h40.19.358,Cat face rating experiment_0-500,2021.1.4,Win32,72.00460829
,,,,,,space,1.2793,3,1.0129,0,4,4,4,1,4,images/pixabay_cat_001034.jpg,Eddy,001,2022-04-11_12h40.19.358,Cat face rating experiment_0-500,2021.1.4,Win32,72.00460829
,,,,,,space,1.1763,3,1.0573,0,5,5,5,1,5,images/flickr_cat_000685.jpg,Eddy,001,2022-04-11_12h40.19.358,Cat face rating experiment_0-500,2021.1.4,Win32,72.00460829
,,,,,,space,2.7869,5,1.3246,0,6,6,6,1,6,images/pixabay_cat_002620.jpg,Eddy,001,2022-04-11_12h40.19.358,Cat face rating experiment_0-500,2021.1.4,Win32,72.00460829
,,,,,,space,2.0202,,,0,7,7,7,1,7,images/flickr_cat_000272.jpg,Eddy,001,2022-04-11_12h40.19.358,Cat face rating experiment_0-500,2021.1.4,Win32,72.00460829
,,,,,,space,1.5789,3,1.3235,0,8,8,8,1,8,images/flickr_cat_000764.jpg,Eddy,001,2022-04-11_12h40.19.358,Cat face rating experiment_0-500,2021.1.4,Win32,72.00460829
,,,,,,space,2.2656,5,1.7146,0,9,9,9,1,9,images/pixabay_cat_003872.jpg,Eddy,001,2022-04-11_12h40.19.358,Cat face rating experiment_0-500,2021.1.4,Win32,72.00460829
,,,,,,space,1.3083,6,1.0318,0,10,10,10,1,10,images/pixabay_cat_004323.jpg,Eddy,001,2022-04-11_12h40.19.358,Cat face rating experiment_0-500,2021.1.4,Win32,72.00460829
,,,,,,space,1.4838,5,1.2753,0,11,11,11,1,11,images/pixabay_cat_000548.jpg,Eddy,001,2022-04-11_12h40.19.358,Cat face rating experiment_0-500,2021.1.4,Win32,72.00460829
,,,,,,space,2.0521,,,0,12,12,12,1,12,images/flickr_cat_000463.jpg,Eddy,001,2022-04-11_12h40.19.358,Cat face rating experiment_0-500,2021.1.4,Win32,72.00460829
,,,,,,space,1.2998,3,1.0832,0,13,13,13,1,13,images/flickr_cat_000204.jpg,Eddy,001,2022-04-11_12h40.19.358,Cat face rating experiment_0-500,2021.1.4,Win32,72.00460829
,,,,,,space,1.4486,2,1.2752,0,14,14,14,1,14,images/pixabay_cat_001531.jpg,Eddy,001,2022-04-11_12h40.19.358,Cat face rating experiment_0-500,2021.1.4,Win32,72.00460829
,,,,,,space,1.8253,5,1.6512,0,15,15,15,1,15,images/pixabay_cat_003665.jpg,Eddy,001,2022-04-11_12h40.19.358,Cat face rating experiment_0-500,2021.1.4,Win32,72.00460829
,,,,,,space,3.6066,5,3.3321,0,16,16,16,1,16,images/pixabay_cat_002893.jpg,Eddy,001,2022-04-11_12h40.19.358,Cat face rating experiment_0-500,2021.1.4,Win32,72.00460829
,,,,,,space,3.0394,3,2.7545,0,17,17,17,1,17,images/pixabay_cat_000223.jpg,Eddy,001,2022-04-11_12h40.19.358,Cat face rating experiment_0-500,2021.1.4,Win32,72.00460829
,,,,,,space,1.4673,5,1.3272,0,18,18,18,1,18,images/pixabay_cat_003726.jpg,Eddy,001,2022-04-11_12h40.19.358,Cat face rating experiment_0-500,2021.1.4,Win32,72.00460829
,,,,,,space,1.5268,,,0,19,19,19,1,19,images/pixabay_cat_001244.jpg,Eddy,001,2022-04-11_12h40.19.358,Cat face rating experiment_0-500,2021.1.4,Win32,72.00460829
