key_resp.keys,key_resp.rt,key_resp_2.keys,key_resp_2.rt,key_resp_3.keys,key_resp_3.rt,key_resp_4.keys,key_resp_4.rt,slider.response,slider.rt,trials.thisRepN,trials.thisTrialN,trials.thisN,trials.thisIndex,trials.ran,trial_nums,img,participant,session,date,expName,psychopyVersion,OS,frameRate
space,3.0293,space,51.9519,space,8.4654,space,10.1559,6,6.3783,0,0,0,0,1,0,images/pixabay_cat_000265.jpg,Jack Lo,001,2022-05-28_21h48.59.667,Cat face rating experiment_0-500,2021.1.4,MacIntel,60.0024001
,,,,,,space,8.7574,3,7.42,0,1,1,1,1,1,images/pixabay_cat_003456.jpg,Jack Lo,001,2022-05-28_21h48.59.667,Cat face rating experiment_0-500,2021.1.4,MacIntel,60.0024001
,,,,,,space,2.9659,3,2.4229,0,2,2,2,1,2,images/pixabay_cat_001888.jpg,Jack Lo,001,2022-05-28_21h48.59.667,Cat face rating experiment_0-500,2021.1.4,MacIntel,60.0024001
,,,,,,space,2.2679,5,1.7876,0,3,3,3,1,3,images/pixabay_cat_002932.jpg,Jack Lo,001,2022-05-28_21h48.59.667,Cat face rating experiment_0-500,2021.1.4,MacIntel,60.0024001
,,,,,,space,1.8198,3,1.5366,0,4,4,4,1,4,images/pixabay_cat_001034.jpg,Jack Lo,001,2022-05-28_21h48.59.667,Cat face rating experiment_0-500,2021.1.4,MacIntel,60.0024001
,,,,,,space,2.7589,,,0,5,5,5,1,5,images/flickr_cat_000685.jpg,Jack Lo,001,2022-05-28_21h48.59.667,Cat face rating experiment_0-500,2021.1.4,MacIntel,60.0024001
,,,,,,space,4.9587,7,4.403,0,6,6,6,1,6,images/pixabay_cat_002620.jpg,Jack Lo,001,2022-05-28_21h48.59.667,Cat face rating experiment_0-500,2021.1.4,MacIntel,60.0024001
,,,,,,space,2.2044,2,1.9385,0,7,7,7,1,7,images/flickr_cat_000272.jpg,Jack Lo,001,2022-05-28_21h48.59.667,Cat face rating experiment_0-500,2021.1.4,MacIntel,60.0024001
,,,,,,space,2.0965,1,1.6366,0,8,8,8,1,8,images/flickr_cat_000764.jpg,Jack Lo,001,2022-05-28_21h48.59.667,Cat face rating experiment_0-500,2021.1.4,MacIntel,60.0024001
,,,,,,space,2.4938,2,1.756,0,9,9,9,1,9,images/pixabay_cat_003872.jpg,Jack Lo,001,2022-05-28_21h48.59.667,Cat face rating experiment_0-500,2021.1.4,MacIntel,60.0024001
,,,,,,space,1.5652,3,1.286,0,10,10,10,1,10,images/pixabay_cat_004323.jpg,Jack Lo,001,2022-05-28_21h48.59.667,Cat face rating experiment_0-500,2021.1.4,MacIntel,60.0024001
,,,,,,space,1.1378,,,0,11,11,11,1,11,images/pixabay_cat_000548.jpg,Jack Lo,001,2022-05-28_21h48.59.667,Cat face rating experiment_0-500,2021.1.4,MacIntel,60.0024001
,,,,,,space,2.2344,3,1.7511,0,12,12,12,1,12,images/flickr_cat_000463.jpg,Jack Lo,001,2022-05-28_21h48.59.667,Cat face rating experiment_0-500,2021.1.4,MacIntel,60.0024001
,,,,,,space,1.3505,3,1.0858,0,13,13,13,1,13,images/flickr_cat_000204.jpg,Jack Lo,001,2022-05-28_21h48.59.667,Cat face rating experiment_0-500,2021.1.4,MacIntel,60.0024001
,,,,,,space,2.0983,3,0.9357,0,14,14,14,1,14,images/pixabay_cat_001531.jpg,Jack Lo,001,2022-05-28_21h48.59.667,Cat face rating experiment_0-500,2021.1.4,MacIntel,60.0024001
,,,,,,space,4.6197,,,0,15,15,15,1,15,images/pixabay_cat_003665.jpg,Jack Lo,001,2022-05-28_21h48.59.667,Cat face rating experiment_0-500,2021.1.4,MacIntel,60.0024001
,,,,,,space,15.831,3,15.5254,0,16,16,16,1,16,images/pixabay_cat_002893.jpg,Jack Lo,001,2022-05-28_21h48.59.667,Cat face rating experiment_0-500,2021.1.4,MacIntel,60.0024001
,,,,,,space,1.4486,,,0,17,17,17,1,17,images/pixabay_cat_000223.jpg,Jack Lo,001,2022-05-28_21h48.59.667,Cat face rating experiment_0-500,2021.1.4,MacIntel,60.0024001
,,,,,,space,3.8608,,,0,18,18,18,1,18,images/pixabay_cat_003726.jpg,Jack Lo,001,2022-05-28_21h48.59.667,Cat face rating experiment_0-500,2021.1.4,MacIntel,60.0024001
,,,,,,space,2.5505,1,2.2058,0,19,19,19,1,19,images/pixabay_cat_001244.jpg,Jack Lo,001,2022-05-28_21h48.59.667,Cat face rating experiment_0-500,2021.1.4,MacIntel,60.0024001
,,,,,,space,21.2045,3,20.9545,0,20,20,20,1,20,images/pixabay_cat_000572.jpg,Jack Lo,001,2022-05-28_21h48.59.667,Cat face rating experiment_0-500,2021.1.4,MacIntel,60.0024001
,,,,,,space,3.0067,3,2.5571,0,21,21,21,1,21,images/pixabay_cat_001023.jpg,Jack Lo,001,2022-05-28_21h48.59.667,Cat face rating experiment_0-500,2021.1.4,MacIntel,60.0024001
,,,,,,space,1.6768,5,1.3374,0,22,22,22,1,22,images/pixabay_cat_003287.jpg,Jack Lo,001,2022-05-28_21h48.59.667,Cat face rating experiment_0-500,2021.1.4,MacIntel,60.0024001
,,,,,,space,3.098,3,2.3905,0,23,23,23,1,23,images/pixabay_cat_002876.jpg,Jack Lo,001,2022-05-28_21h48.59.667,Cat face rating experiment_0-500,2021.1.4,MacIntel,60.0024001
,,,,,,space,1.3305,,,0,24,24,24,1,24,images/pixabay_cat_003702.jpg,Jack Lo,001,2022-05-28_21h48.59.667,Cat face rating experiment_0-500,2021.1.4,MacIntel,60.0024001
,,,,,,space,1.6907,,,0,25,25,25,1,25,images/pixabay_cat_000258.jpg,Jack Lo,001,2022-05-28_21h48.59.667,Cat face rating experiment_0-500,2021.1.4,MacIntel,60.0024001
,,,,,,space,2.4898,5,1.6714,0,26,26,26,1,26,images/flickr_cat_000506.jpg,Jack Lo,001,2022-05-28_21h48.59.667,Cat face rating experiment_0-500,2021.1.4,MacIntel,60.0024001
,,,,,,space,2.6052,6,2.2746,0,27,27,27,1,27,images/flickr_cat_000469.jpg,Jack Lo,001,2022-05-28_21h48.59.667,Cat face rating experiment_0-500,2021.1.4,MacIntel,60.0024001
,,,,,,space,4.7597,5,4.5873,0,28,28,28,1,28,images/pixabay_cat_001432.jpg,Jack Lo,001,2022-05-28_21h48.59.667,Cat face rating experiment_0-500,2021.1.4,MacIntel,60.0024001
,,,,,,space,2.2209,5,1.9012,0,29,29,29,1,29,images/pixabay_cat_004240.jpg,Jack Lo,001,2022-05-28_21h48.59.667,Cat face rating experiment_0-500,2021.1.4,MacIntel,60.0024001
,,,,,,space,1.2191,,,0,30,30,30,1,30,images/pixabay_cat_004443.jpg,Jack Lo,001,2022-05-28_21h48.59.667,Cat face rating experiment_0-500,2021.1.4,MacIntel,60.0024001
,,,,,,space,5.616,5,5.0228,0,31,31,31,1,31,images/pixabay_cat_002104.jpg,Jack Lo,001,2022-05-28_21h48.59.667,Cat face rating experiment_0-500,2021.1.4,MacIntel,60.0024001
,,,,,,space,1.8685,3,1.5026,0,32,32,32,1,32,images/pixabay_cat_002059.jpg,Jack Lo,001,2022-05-28_21h48.59.667,Cat face rating experiment_0-500,2021.1.4,MacIntel,60.0024001
,,,,,,space,9.958,3,8.9538,0,33,33,33,1,33,images/pixabay_cat_004462.jpg,Jack Lo,001,2022-05-28_21h48.59.667,Cat face rating experiment_0-500,2021.1.4,MacIntel,60.0024001
,,,,,,space,2.7773,,,0,34,34,34,1,34,images/flickr_cat_000436.jpg,Jack Lo,001,2022-05-28_21h48.59.667,Cat face rating experiment_0-500,2021.1.4,MacIntel,60.0024001
,,,,,,space,1.8126,3,1.604,0,35,35,35,1,35,images/flickr_cat_000291.jpg,Jack Lo,001,2022-05-28_21h48.59.667,Cat face rating experiment_0-500,2021.1.4,MacIntel,60.0024001
,,,,,,space,1.4465,,,0,36,36,36,1,36,images/pixabay_cat_001907.jpg,Jack Lo,001,2022-05-28_21h48.59.667,Cat face rating experiment_0-500,2021.1.4,MacIntel,60.0024001
,,,,,,space,2.0589,3,1.7712,0,37,37,37,1,37,images/pixabay_cat_000351.jpg,Jack Lo,001,2022-05-28_21h48.59.667,Cat face rating experiment_0-500,2021.1.4,MacIntel,60.0024001
,,,,,,space,4.1887,5,3.9709,0,38,38,38,1,38,images/pixabay_cat_002774.jpg,Jack Lo,001,2022-05-28_21h48.59.667,Cat face rating experiment_0-500,2021.1.4,MacIntel,60.0024001
,,,,,,space,35.8358,1,3.3686,0,39,39,39,1,39,images/pixabay_cat_001265.jpg,Jack Lo,001,2022-05-28_21h48.59.667,Cat face rating experiment_0-500,2021.1.4,MacIntel,60.0024001
,,,,,,space,1.854,3,1.5718,0,40,40,40,1,40,images/flickr_cat_000057.jpg,Jack Lo,001,2022-05-28_21h48.59.667,Cat face rating experiment_0-500,2021.1.4,MacIntel,60.0024001
,,,,,,space,1.6061,1,1.3357,0,41,41,41,1,41,images/pixabay_cat_002143.jpg,Jack Lo,001,2022-05-28_21h48.59.667,Cat face rating experiment_0-500,2021.1.4,MacIntel,60.0024001
,,,,,,space,2.1186,5,1.857,0,42,42,42,1,42,images/flickr_cat_000661.jpg,Jack Lo,001,2022-05-28_21h48.59.667,Cat face rating experiment_0-500,2021.1.4,MacIntel,60.0024001
,,,,,,space,2.3989,2,2.1522,0,43,43,43,1,43,images/pixabay_cat_002411.jpg,Jack Lo,001,2022-05-28_21h48.59.667,Cat face rating experiment_0-500,2021.1.4,MacIntel,60.0024001
,,,,,,space,1.884,2,1.4014,0,44,44,44,1,44,images/pixabay_cat_002309.jpg,Jack Lo,001,2022-05-28_21h48.59.667,Cat face rating experiment_0-500,2021.1.4,MacIntel,60.0024001
,,,,,,space,2.1672,3,1.9371,0,45,45,45,1,45,images/pixabay_cat_001534.jpg,Jack Lo,001,2022-05-28_21h48.59.667,Cat face rating experiment_0-500,2021.1.4,MacIntel,60.0024001
,,,,,,space,1.1599,,,0,46,46,46,1,46,images/flickr_cat_000470.jpg,Jack Lo,001,2022-05-28_21h48.59.667,Cat face rating experiment_0-500,2021.1.4,MacIntel,60.0024001
,,,,,,space,1.7846,3,1.5046,0,47,47,47,1,47,images/pixabay_cat_002182.jpg,Jack Lo,001,2022-05-28_21h48.59.667,Cat face rating experiment_0-500,2021.1.4,MacIntel,60.0024001
,,,,,,space,1.2031,,,0,48,48,48,1,48,images/pixabay_cat_001520.jpg,Jack Lo,001,2022-05-28_21h48.59.667,Cat face rating experiment_0-500,2021.1.4,MacIntel,60.0024001
,,,,,,space,1.9688,6,1.7173,0,49,49,49,1,49,images/flickr_cat_000171.jpg,Jack Lo,001,2022-05-28_21h48.59.667,Cat face rating experiment_0-500,2021.1.4,MacIntel,60.0024001
,,,,,,space,2.5431,,,0,50,50,50,1,50,images/flickr_cat_000763.jpg,Jack Lo,001,2022-05-28_21h48.59.667,Cat face rating experiment_0-500,2021.1.4,MacIntel,60.0024001
,,,,,,space,1.3075,,,0,51,51,51,1,51,images/pixabay_cat_002897.jpg,Jack Lo,001,2022-05-28_21h48.59.667,Cat face rating experiment_0-500,2021.1.4,MacIntel,60.0024001
,,,,,,space,2.8502,5,2.5578,0,52,52,52,1,52,images/flickr_cat_000662.jpg,Jack Lo,001,2022-05-28_21h48.59.667,Cat face rating experiment_0-500,2021.1.4,MacIntel,60.0024001
,,,,,,space,2.6743,5,1.7379,0,53,53,53,1,53,images/flickr_cat_000064.jpg,Jack Lo,001,2022-05-28_21h48.59.667,Cat face rating experiment_0-500,2021.1.4,MacIntel,60.0024001
,,,,,,space,2.1285,3,1.9554,0,54,54,54,1,54,images/pixabay_cat_004053.jpg,Jack Lo,001,2022-05-28_21h48.59.667,Cat face rating experiment_0-500,2021.1.4,MacIntel,60.0024001
,,,,,,space,1.6177,,,0,55,55,55,1,55,images/pixabay_cat_004383.jpg,Jack Lo,001,2022-05-28_21h48.59.667,Cat face rating experiment_0-500,2021.1.4,MacIntel,60.0024001
,,,,,,space,6.4082,3,6.1084,0,56,56,56,1,56,images/pixabay_cat_003546.jpg,Jack Lo,001,2022-05-28_21h48.59.667,Cat face rating experiment_0-500,2021.1.4,MacIntel,60.0024001
,,,,,,space,18.6719,5,18.405,0,57,57,57,1,57,images/pixabay_cat_001894.jpg,Jack Lo,001,2022-05-28_21h48.59.667,Cat face rating experiment_0-500,2021.1.4,MacIntel,60.0024001
,,,,,,space,1.4372,5,1.168,0,58,58,58,1,58,images/pixabay_cat_000264.jpg,Jack Lo,001,2022-05-28_21h48.59.667,Cat face rating experiment_0-500,2021.1.4,MacIntel,60.0024001
,,,,,,space,2.7713,5,0.7694,0,59,59,59,1,59,images/pixabay_cat_001276.jpg,Jack Lo,001,2022-05-28_21h48.59.667,Cat face rating experiment_0-500,2021.1.4,MacIntel,60.0024001
,,,,,,space,4.6573,4,4.2877,0,60,60,60,1,60,images/pixabay_cat_002405.jpg,Jack Lo,001,2022-05-28_21h48.59.667,Cat face rating experiment_0-500,2021.1.4,MacIntel,60.0024001
,,,,,,space,3.2747,3,1.4736,0,61,61,61,1,61,images/pixabay_cat_002175.jpg,Jack Lo,001,2022-05-28_21h48.59.667,Cat face rating experiment_0-500,2021.1.4,MacIntel,60.0024001
,,,,,,space,1.7363,2,1.4063,0,62,62,62,1,62,images/pixabay_cat_000852.jpg,Jack Lo,001,2022-05-28_21h48.59.667,Cat face rating experiment_0-500,2021.1.4,MacIntel,60.0024001
,,,,,,space,1.5735,2,1.2719,0,63,63,63,1,63,images/pixabay_cat_001484.jpg,Jack Lo,001,2022-05-28_21h48.59.667,Cat face rating experiment_0-500,2021.1.4,MacIntel,60.0024001
,,,,,,space,15.8275,3,1.5557,0,64,64,64,1,64,images/pixabay_cat_004181.jpg,Jack Lo,001,2022-05-28_21h48.59.667,Cat face rating experiment_0-500,2021.1.4,MacIntel,60.0024001
,,,,,,space,9.0447,3,1.4554,0,65,65,65,1,65,images/pixabay_cat_003705.jpg,Jack Lo,001,2022-05-28_21h48.59.667,Cat face rating experiment_0-500,2021.1.4,MacIntel,60.0024001
,,,,,,space,1.1798,,,0,66,66,66,1,66,images/pixabay_cat_004638.jpg,Jack Lo,001,2022-05-28_21h48.59.667,Cat face rating experiment_0-500,2021.1.4,MacIntel,60.0024001
,,,,,,space,1.3775,3,1.1895,0,67,67,67,1,67,images/pixabay_cat_003846.jpg,Jack Lo,001,2022-05-28_21h48.59.667,Cat face rating experiment_0-500,2021.1.4,MacIntel,60.0024001
,,,,,,space,2.6129,3,1.7554,0,68,68,68,1,68,images/pixabay_cat_001886.jpg,Jack Lo,001,2022-05-28_21h48.59.667,Cat face rating experiment_0-500,2021.1.4,MacIntel,60.0024001
,,,,,,space,26.5914,1,25.6571,0,69,69,69,1,69,images/pixabay_cat_004424.jpg,Jack Lo,001,2022-05-28_21h48.59.667,Cat face rating experiment_0-500,2021.1.4,MacIntel,60.0024001
,,,,,,space,2.0947,2,1.5191,0,70,70,70,1,70,images/pixabay_cat_002027.jpg,Jack Lo,001,2022-05-28_21h48.59.667,Cat face rating experiment_0-500,2021.1.4,MacIntel,60.0024001
,,,,,,space,2.9229,5,2.6546,0,71,71,71,1,71,images/pixabay_cat_004796.jpg,Jack Lo,001,2022-05-28_21h48.59.667,Cat face rating experiment_0-500,2021.1.4,MacIntel,60.0024001
,,,,,,space,2.9767,1,2.5889,0,72,72,72,1,72,images/pixabay_cat_001698.jpg,Jack Lo,001,2022-05-28_21h48.59.667,Cat face rating experiment_0-500,2021.1.4,MacIntel,60.0024001
,,,,,,space,22.6839,2,21.742,0,73,73,73,1,73,images/pixabay_cat_001898.jpg,Jack Lo,001,2022-05-28_21h48.59.667,Cat face rating experiment_0-500,2021.1.4,MacIntel,60.0024001
,,,,,,space,1.7746,1,1.4868,0,74,74,74,1,74,images/pixabay_cat_002250.jpg,Jack Lo,001,2022-05-28_21h48.59.667,Cat face rating experiment_0-500,2021.1.4,MacIntel,60.0024001
,,,,,,space,1.2769,1,1.0251,0,75,75,75,1,75,images/pixabay_cat_004050.jpg,Jack Lo,001,2022-05-28_21h48.59.667,Cat face rating experiment_0-500,2021.1.4,MacIntel,60.0024001
,,,,,,space,0.9067,1,0.6524,0,76,76,76,1,76,images/pixabay_cat_002738.jpg,Jack Lo,001,2022-05-28_21h48.59.667,Cat face rating experiment_0-500,2021.1.4,MacIntel,60.0024001
,,,,,,space,3.3744,4,2.8696,0,77,77,77,1,77,images/flickr_cat_000034.jpg,Jack Lo,001,2022-05-28_21h48.59.667,Cat face rating experiment_0-500,2021.1.4,MacIntel,60.0024001
,,,,,,space,1.7729,1,1.4894,0,78,78,78,1,78,images/pixabay_cat_000766.jpg,Jack Lo,001,2022-05-28_21h48.59.667,Cat face rating experiment_0-500,2021.1.4,MacIntel,60.0024001
,,,,,,space,1.8885,2,1.6234,0,79,79,79,1,79,images/flickr_cat_000793.jpg,Jack Lo,001,2022-05-28_21h48.59.667,Cat face rating experiment_0-500,2021.1.4,MacIntel,60.0024001
,,,,,,space,1.6703,2,1.4066,0,80,80,80,1,80,images/pixabay_cat_000998.jpg,Jack Lo,001,2022-05-28_21h48.59.667,Cat face rating experiment_0-500,2021.1.4,MacIntel,60.0024001
,,,,,,space,2.2536,3,1.7709,0,81,81,81,1,81,images/pixabay_cat_002176.jpg,Jack Lo,001,2022-05-28_21h48.59.667,Cat face rating experiment_0-500,2021.1.4,MacIntel,60.0024001
,,,,,,space,11.8337,1,3.319,0,82,82,82,1,82,images/flickr_cat_000066.jpg,Jack Lo,001,2022-05-28_21h48.59.667,Cat face rating experiment_0-500,2021.1.4,MacIntel,60.0024001
,,,,,,space,0.035,,,0,83,83,83,1,83,images/pixabay_cat_001796.jpg,Jack Lo,001,2022-05-28_21h48.59.667,Cat face rating experiment_0-500,2021.1.4,MacIntel,60.0024001
,,,,,,space,2.8737,,,0,84,84,84,1,84,images/pixabay_cat_001862.jpg,Jack Lo,001,2022-05-28_21h48.59.667,Cat face rating experiment_0-500,2021.1.4,MacIntel,60.0024001
,,,,,,space,1.8373,2,1.6192,0,85,85,85,1,85,images/pixabay_cat_001624.jpg,Jack Lo,001,2022-05-28_21h48.59.667,Cat face rating experiment_0-500,2021.1.4,MacIntel,60.0024001
,,,,,,space,1.276,,,0,86,86,86,1,86,images/pixabay_cat_000822.jpg,Jack Lo,001,2022-05-28_21h48.59.667,Cat face rating experiment_0-500,2021.1.4,MacIntel,60.0024001
,,,,,,space,1.1283,,,0,87,87,87,1,87,images/pixabay_cat_001353.jpg,Jack Lo,001,2022-05-28_21h48.59.667,Cat face rating experiment_0-500,2021.1.4,MacIntel,60.0024001
,,,,,,space,3.8035,2,3.4716,0,88,88,88,1,88,images/pixabay_cat_003405.jpg,Jack Lo,001,2022-05-28_21h48.59.667,Cat face rating experiment_0-500,2021.1.4,MacIntel,60.0024001
,,,,,,space,1.8948,5,1.605,0,89,89,89,1,89,images/pixabay_cat_003174.jpg,Jack Lo,001,2022-05-28_21h48.59.667,Cat face rating experiment_0-500,2021.1.4,MacIntel,60.0024001
,,,,,,space,2.9487,1,2.4555,0,90,90,90,1,90,images/pixabay_cat_003323.jpg,Jack Lo,001,2022-05-28_21h48.59.667,Cat face rating experiment_0-500,2021.1.4,MacIntel,60.0024001
,,,,,,space,1.4899,1,0.9903,0,91,91,91,1,91,images/pixabay_cat_003603.jpg,Jack Lo,001,2022-05-28_21h48.59.667,Cat face rating experiment_0-500,2021.1.4,MacIntel,60.0024001
,,,,,,space,1.3677,1,0.7383,0,92,92,92,1,92,images/pixabay_cat_004244.jpg,Jack Lo,001,2022-05-28_21h48.59.667,Cat face rating experiment_0-500,2021.1.4,MacIntel,60.0024001
,,,,,,space,2.7016,3,2.1153,0,93,93,93,1,93,images/flickr_cat_000185.jpg,Jack Lo,001,2022-05-28_21h48.59.667,Cat face rating experiment_0-500,2021.1.4,MacIntel,60.0024001
,,,,,,space,1.9219,2,1.5879,0,94,94,94,1,94,images/pixabay_cat_004174.jpg,Jack Lo,001,2022-05-28_21h48.59.667,Cat face rating experiment_0-500,2021.1.4,MacIntel,60.0024001
,,,,,,space,16.2374,3,15.5046,0,95,95,95,1,95,images/pixabay_cat_003857.jpg,Jack Lo,001,2022-05-28_21h48.59.667,Cat face rating experiment_0-500,2021.1.4,MacIntel,60.0024001
,,,,,,space,2.288,1,1.5376,0,96,96,96,1,96,images/pixabay_cat_000879.jpg,Jack Lo,001,2022-05-28_21h48.59.667,Cat face rating experiment_0-500,2021.1.4,MacIntel,60.0024001
,,,,,,space,1.7762,1,1.3357,0,97,97,97,1,97,images/pixabay_cat_001251.jpg,Jack Lo,001,2022-05-28_21h48.59.667,Cat face rating experiment_0-500,2021.1.4,MacIntel,60.0024001
,,,,,,space,9.0784,2,1.4872,0,98,98,98,1,98,images/pixabay_cat_000306.jpg,Jack Lo,001,2022-05-28_21h48.59.667,Cat face rating experiment_0-500,2021.1.4,MacIntel,60.0024001
,,,,,,space,16.3727,1,15.6053,0,99,99,99,1,99,images/pixabay_cat_004615.jpg,Jack Lo,001,2022-05-28_21h48.59.667,Cat face rating experiment_0-500,2021.1.4,MacIntel,60.0024001
,,,,,,space,2.926,1,2.6225,0,100,100,100,1,100,images/pixabay_cat_001846.jpg,Jack Lo,001,2022-05-28_21h48.59.667,Cat face rating experiment_0-500,2021.1.4,MacIntel,60.0024001
,,,,,,space,0.0436,,,0,101,101,101,1,101,images/pixabay_cat_002180.jpg,Jack Lo,001,2022-05-28_21h48.59.667,Cat face rating experiment_0-500,2021.1.4,MacIntel,60.0024001
,,,,,,space,1.7645,2,1.521,0,102,102,102,1,102,images/pixabay_cat_004451.jpg,Jack Lo,001,2022-05-28_21h48.59.667,Cat face rating experiment_0-500,2021.1.4,MacIntel,60.0024001
,,,,,,space,1.8952,1,1.6571,0,103,103,103,1,103,images/flickr_cat_000281.jpg,Jack Lo,001,2022-05-28_21h48.59.667,Cat face rating experiment_0-500,2021.1.4,MacIntel,60.0024001
,,,,,,space,1.0579,1,0.7893,0,104,104,104,1,104,images/pixabay_cat_002858.jpg,Jack Lo,001,2022-05-28_21h48.59.667,Cat face rating experiment_0-500,2021.1.4,MacIntel,60.0024001
,,,,,,space,2.6756,2,1.9093,0,105,105,105,1,105,images/pixabay_cat_000992.jpg,Jack Lo,001,2022-05-28_21h48.59.667,Cat face rating experiment_0-500,2021.1.4,MacIntel,60.0024001
,,,,,,space,6.207,3,5.7368,0,106,106,106,1,106,images/pixabay_cat_002097.jpg,Jack Lo,001,2022-05-28_21h48.59.667,Cat face rating experiment_0-500,2021.1.4,MacIntel,60.0024001
,,,,,,space,10.9076,2,10.3719,0,107,107,107,1,107,images/pixabay_cat_002098.jpg,Jack Lo,001,2022-05-28_21h48.59.667,Cat face rating experiment_0-500,2021.1.4,MacIntel,60.0024001
,,,,,,space,1.606,3,1.4206,0,108,108,108,1,108,images/pixabay_cat_004280.jpg,Jack Lo,001,2022-05-28_21h48.59.667,Cat face rating experiment_0-500,2021.1.4,MacIntel,60.0024001
,,,,,,space,3.0564,1,1.7565,0,109,109,109,1,109,images/pixabay_cat_001545.jpg,Jack Lo,001,2022-05-28_21h48.59.667,Cat face rating experiment_0-500,2021.1.4,MacIntel,60.0024001
,,,,,,space,1.4703,,,0,110,110,110,1,110,images/pixabay_cat_000455.jpg,Jack Lo,001,2022-05-28_21h48.59.667,Cat face rating experiment_0-500,2021.1.4,MacIntel,60.0024001
,,,,,,space,20.1415,2,19.6856,0,111,111,111,1,111,images/pixabay_cat_003089.jpg,Jack Lo,001,2022-05-28_21h48.59.667,Cat face rating experiment_0-500,2021.1.4,MacIntel,60.0024001
,,,,,,space,1.4621,1,1.1681,0,112,112,112,1,112,images/pixabay_cat_000383.jpg,Jack Lo,001,2022-05-28_21h48.59.667,Cat face rating experiment_0-500,2021.1.4,MacIntel,60.0024001
,,,,,,space,2.9446,2,1.4066,0,113,113,113,1,113,images/flickr_cat_000432.jpg,Jack Lo,001,2022-05-28_21h48.59.667,Cat face rating experiment_0-500,2021.1.4,MacIntel,60.0024001
,,,,,,space,3.0069,3,2.7562,0,114,114,114,1,114,images/pixabay_cat_001133.jpg,Jack Lo,001,2022-05-28_21h48.59.667,Cat face rating experiment_0-500,2021.1.4,MacIntel,60.0024001
,,,,,,space,1.8369,1,1.521,0,115,115,115,1,115,images/pixabay_cat_003123.jpg,Jack Lo,001,2022-05-28_21h48.59.667,Cat face rating experiment_0-500,2021.1.4,MacIntel,60.0024001
,,,,,,space,2.2546,5,1.8034,0,116,116,116,1,116,images/pixabay_cat_001655.jpg,Jack Lo,001,2022-05-28_21h48.59.667,Cat face rating experiment_0-500,2021.1.4,MacIntel,60.0024001
,,,,,,space,6.7339,7,4.0101,0,117,117,117,1,117,images/pixabay_cat_003976.jpg,Jack Lo,001,2022-05-28_21h48.59.667,Cat face rating experiment_0-500,2021.1.4,MacIntel,60.0024001
,,,,,,space,3.3836,3,2.994,0,118,118,118,1,118,images/pixabay_cat_000912.jpg,Jack Lo,001,2022-05-28_21h48.59.667,Cat face rating experiment_0-500,2021.1.4,MacIntel,60.0024001
,,,,,,space,3.1284,1,2.4186,0,119,119,119,1,119,images/flickr_cat_000059.jpg,Jack Lo,001,2022-05-28_21h48.59.667,Cat face rating experiment_0-500,2021.1.4,MacIntel,60.0024001
,,,,,,space,5.0406,1,4.2724,0,120,120,120,1,120,images/pixabay_cat_000819.jpg,Jack Lo,001,2022-05-28_21h48.59.667,Cat face rating experiment_0-500,2021.1.4,MacIntel,60.0024001
,,,,,,space,5.4877,1,4.8238,0,121,121,121,1,121,images/pixabay_cat_003980.jpg,Jack Lo,001,2022-05-28_21h48.59.667,Cat face rating experiment_0-500,2021.1.4,MacIntel,60.0024001
,,,,,,space,12.1254,2,10.8547,0,122,122,122,1,122,images/pixabay_cat_000798.jpg,Jack Lo,001,2022-05-28_21h48.59.667,Cat face rating experiment_0-500,2021.1.4,MacIntel,60.0024001
,,,,,,space,2.0984,3,1.692,0,123,123,123,1,123,images/pixabay_cat_002599.jpg,Jack Lo,001,2022-05-28_21h48.59.667,Cat face rating experiment_0-500,2021.1.4,MacIntel,60.0024001
,,,,,,space,1.6295,2,1.3179,0,124,124,124,1,124,images/pixabay_cat_001193.jpg,Jack Lo,001,2022-05-28_21h48.59.667,Cat face rating experiment_0-500,2021.1.4,MacIntel,60.0024001
,,,,,,space,2.8317,2,0.8561,0,125,125,125,1,125,images/pixabay_cat_004644.jpg,Jack Lo,001,2022-05-28_21h48.59.667,Cat face rating experiment_0-500,2021.1.4,MacIntel,60.0024001
,,,,,,space,5.4022,6,4.8727,0,126,126,126,1,126,images/pixabay_cat_001274.jpg,Jack Lo,001,2022-05-28_21h48.59.667,Cat face rating experiment_0-500,2021.1.4,MacIntel,60.0024001
,,,,,,space,44.8526,5,44.4896,0,127,127,127,1,127,images/flickr_cat_000820.jpg,Jack Lo,001,2022-05-28_21h48.59.667,Cat face rating experiment_0-500,2021.1.4,MacIntel,60.0024001
,,,,,,space,6.864,2,6.4778,0,128,128,128,1,128,images/pixabay_cat_001568.jpg,Jack Lo,001,2022-05-28_21h48.59.667,Cat face rating experiment_0-500,2021.1.4,MacIntel,60.0024001
,,,,,,space,0.9213,2,0.6045,0,129,129,129,1,129,images/pixabay_cat_001123.jpg,Jack Lo,001,2022-05-28_21h48.59.667,Cat face rating experiment_0-500,2021.1.4,MacIntel,60.0024001
,,,,,,space,2.66,4,2.3735,0,130,130,130,1,130,images/pixabay_cat_001498.jpg,Jack Lo,001,2022-05-28_21h48.59.667,Cat face rating experiment_0-500,2021.1.4,MacIntel,60.0024001
,,,,,,space,3.3192,2,3.0068,0,131,131,131,1,131,images/pixabay_cat_001301.jpg,Jack Lo,001,2022-05-28_21h48.59.667,Cat face rating experiment_0-500,2021.1.4,MacIntel,60.0024001
,,,,,,space,1.6632,1,1.4346,0,132,132,132,1,132,images/pixabay_cat_002404.jpg,Jack Lo,001,2022-05-28_21h48.59.667,Cat face rating experiment_0-500,2021.1.4,MacIntel,60.0024001
,,,,,,space,1.9459,5,1.6089,0,133,133,133,1,133,images/pixabay_cat_001714.jpg,Jack Lo,001,2022-05-28_21h48.59.667,Cat face rating experiment_0-500,2021.1.4,MacIntel,60.0024001
,,,,,,space,4.9687,3,4.5397,0,134,134,134,1,134,images/pixabay_cat_003332.jpg,Jack Lo,001,2022-05-28_21h48.59.667,Cat face rating experiment_0-500,2021.1.4,MacIntel,60.0024001
,,,,,,space,1.9754,1,1.455,0,135,135,135,1,135,images/pixabay_cat_000176.jpg,Jack Lo,001,2022-05-28_21h48.59.667,Cat face rating experiment_0-500,2021.1.4,MacIntel,60.0024001
,,,,,,space,2.8499,2,1.489,0,136,136,136,1,136,images/pixabay_cat_003592.jpg,Jack Lo,001,2022-05-28_21h48.59.667,Cat face rating experiment_0-500,2021.1.4,MacIntel,60.0024001
,,,,,,space,2.6667,5,2.3916,0,137,137,137,1,137,images/pixabay_cat_001978.jpg,Jack Lo,001,2022-05-28_21h48.59.667,Cat face rating experiment_0-500,2021.1.4,MacIntel,60.0024001
,,,,,,space,3.3843,2,2.756,0,138,138,138,1,138,images/pixabay_cat_000739.jpg,Jack Lo,001,2022-05-28_21h48.59.667,Cat face rating experiment_0-500,2021.1.4,MacIntel,60.0024001
,,,,,,space,3.0249,1,2.7555,0,139,139,139,1,139,images/pixabay_cat_000620.jpg,Jack Lo,001,2022-05-28_21h48.59.667,Cat face rating experiment_0-500,2021.1.4,MacIntel,60.0024001
,,,,,,space,2.4749,2,2.2271,0,140,140,140,1,140,images/pixabay_cat_000659.jpg,Jack Lo,001,2022-05-28_21h48.59.667,Cat face rating experiment_0-500,2021.1.4,MacIntel,60.0024001
,,,,,,space,1.4966,1,1.1693,0,141,141,141,1,141,images/pixabay_cat_002627.jpg,Jack Lo,001,2022-05-28_21h48.59.667,Cat face rating experiment_0-500,2021.1.4,MacIntel,60.0024001
,,,,,,space,1.84,3,1.6583,0,142,142,142,1,142,images/flickr_cat_000797.jpg,Jack Lo,001,2022-05-28_21h48.59.667,Cat face rating experiment_0-500,2021.1.4,MacIntel,60.0024001
,,,,,,space,2.1256,2,1.5917,0,143,143,143,1,143,images/pixabay_cat_003057.jpg,Jack Lo,001,2022-05-28_21h48.59.667,Cat face rating experiment_0-500,2021.1.4,MacIntel,60.0024001
,,,,,,space,2.1724,1,1.5847,0,144,144,144,1,144,images/pixabay_cat_003851.jpg,Jack Lo,001,2022-05-28_21h48.59.667,Cat face rating experiment_0-500,2021.1.4,MacIntel,60.0024001
,,,,,,space,1.7248,,,0,145,145,145,1,145,images/pixabay_cat_003962.jpg,Jack Lo,001,2022-05-28_21h48.59.667,Cat face rating experiment_0-500,2021.1.4,MacIntel,60.0024001
,,,,,,space,1.2266,,,0,146,146,146,1,146,images/pixabay_cat_004447.jpg,Jack Lo,001,2022-05-28_21h48.59.667,Cat face rating experiment_0-500,2021.1.4,MacIntel,60.0024001
,,,,,,space,1.9179,2,1.6536,0,147,147,147,1,147,images/flickr_cat_000438.jpg,Jack Lo,001,2022-05-28_21h48.59.667,Cat face rating experiment_0-500,2021.1.4,MacIntel,60.0024001
,,,,,,space,19.3922,3,18.841,0,148,148,148,1,148,images/flickr_cat_000511.jpg,Jack Lo,001,2022-05-28_21h48.59.667,Cat face rating experiment_0-500,2021.1.4,MacIntel,60.0024001
,,,,,,space,3.6616,1,3.0923,0,149,149,149,1,149,images/pixabay_cat_003704.jpg,Jack Lo,001,2022-05-28_21h48.59.667,Cat face rating experiment_0-500,2021.1.4,MacIntel,60.0024001
,,,,,,space,1.2779,,,0,150,150,150,1,150,images/pixabay_cat_002372.jpg,Jack Lo,001,2022-05-28_21h48.59.667,Cat face rating experiment_0-500,2021.1.4,MacIntel,60.0024001
,,,,,,space,7.5255,4,7.0902,0,151,151,151,1,151,images/pixabay_cat_003078.jpg,Jack Lo,001,2022-05-28_21h48.59.667,Cat face rating experiment_0-500,2021.1.4,MacIntel,60.0024001
,,,,,,space,19.5023,2,18.7172,0,152,152,152,1,152,images/flickr_cat_000577.jpg,Jack Lo,001,2022-05-28_21h48.59.667,Cat face rating experiment_0-500,2021.1.4,MacIntel,60.0024001
,,,,,,space,6.0356,2,1.3202,0,153,153,153,1,153,images/pixabay_cat_002172.jpg,Jack Lo,001,2022-05-28_21h48.59.667,Cat face rating experiment_0-500,2021.1.4,MacIntel,60.0024001
,,,,,,space,1.0017,,,0,154,154,154,1,154,images/pixabay_cat_004500.jpg,Jack Lo,001,2022-05-28_21h48.59.667,Cat face rating experiment_0-500,2021.1.4,MacIntel,60.0024001
,,,,,,space,5.208,1,4.8578,0,155,155,155,1,155,images/flickr_cat_000003.jpg,Jack Lo,001,2022-05-28_21h48.59.667,Cat face rating experiment_0-500,2021.1.4,MacIntel,60.0024001
,,,,,,space,1.1871,1,0.8589,0,156,156,156,1,156,images/pixabay_cat_000574.jpg,Jack Lo,001,2022-05-28_21h48.59.667,Cat face rating experiment_0-500,2021.1.4,MacIntel,60.0024001
,,,,,,space,1.5667,,,0,157,157,157,1,157,images/pixabay_cat_002457.jpg,Jack Lo,001,2022-05-28_21h48.59.667,Cat face rating experiment_0-500,2021.1.4,MacIntel,60.0024001
,,,,,,space,1.3227,,,0,158,158,158,1,158,images/pixabay_cat_000359.jpg,Jack Lo,001,2022-05-28_21h48.59.667,Cat face rating experiment_0-500,2021.1.4,MacIntel,60.0024001
,,,,,,space,2.1918,2,1.8724,0,159,159,159,1,159,images/pixabay_cat_000496.jpg,Jack Lo,001,2022-05-28_21h48.59.667,Cat face rating experiment_0-500,2021.1.4,MacIntel,60.0024001
,,,,,,space,13.9019,1,10.9258,0,160,160,160,1,160,images/pixabay_cat_000379.jpg,Jack Lo,001,2022-05-28_21h48.59.667,Cat face rating experiment_0-500,2021.1.4,MacIntel,60.0024001
,,,,,,space,9.7555,,,0,161,161,161,1,161,images/flickr_cat_000046.jpg,Jack Lo,001,2022-05-28_21h48.59.667,Cat face rating experiment_0-500,2021.1.4,MacIntel,60.0024001
,,,,,,space,2.9636,5,2.6527,0,162,162,162,1,162,images/pixabay_cat_004397.jpg,Jack Lo,001,2022-05-28_21h48.59.667,Cat face rating experiment_0-500,2021.1.4,MacIntel,60.0024001
,,,,,,space,2.2455,1,1.5375,0,163,163,163,1,163,images/flickr_cat_000663.jpg,Jack Lo,001,2022-05-28_21h48.59.667,Cat face rating experiment_0-500,2021.1.4,MacIntel,60.0024001
,,,,,,space,1.5899,2,1.3068,0,164,164,164,1,164,images/pixabay_cat_002199.jpg,Jack Lo,001,2022-05-28_21h48.59.667,Cat face rating experiment_0-500,2021.1.4,MacIntel,60.0024001
,,,,,,space,1.1518,,,0,165,165,165,1,165,images/pixabay_cat_000262.jpg,Jack Lo,001,2022-05-28_21h48.59.667,Cat face rating experiment_0-500,2021.1.4,MacIntel,60.0024001
,,,,,,space,1.6067,,,0,166,166,166,1,166,images/pixabay_cat_002512.jpg,Jack Lo,001,2022-05-28_21h48.59.667,Cat face rating experiment_0-500,2021.1.4,MacIntel,60.0024001
,,,,,,space,2.2571,1,1.7403,0,167,167,167,1,167,images/pixabay_cat_002963.jpg,Jack Lo,001,2022-05-28_21h48.59.667,Cat face rating experiment_0-500,2021.1.4,MacIntel,60.0024001
,,,,,,space,2.9113,2,1.2242,0,168,168,168,1,168,images/flickr_cat_000217.jpg,Jack Lo,001,2022-05-28_21h48.59.667,Cat face rating experiment_0-500,2021.1.4,MacIntel,60.0024001
,,,,,,space,1.2608,2,0.9892,0,169,169,169,1,169,images/pixabay_cat_001813.jpg,Jack Lo,001,2022-05-28_21h48.59.667,Cat face rating experiment_0-500,2021.1.4,MacIntel,60.0024001
,,,,,,space,1.8743,3,1.5902,0,170,170,170,1,170,images/pixabay_cat_000332.jpg,Jack Lo,001,2022-05-28_21h48.59.667,Cat face rating experiment_0-500,2021.1.4,MacIntel,60.0024001
,,,,,,space,1.1371,,,0,171,171,171,1,171,images/flickr_cat_000638.jpg,Jack Lo,001,2022-05-28_21h48.59.667,Cat face rating experiment_0-500,2021.1.4,MacIntel,60.0024001
,,,,,,space,1.7588,5,1.5251,0,172,172,172,1,172,images/pixabay_cat_001722.jpg,Jack Lo,001,2022-05-28_21h48.59.667,Cat face rating experiment_0-500,2021.1.4,MacIntel,60.0024001
,,,,,,space,10.555,3,2.4899,0,173,173,173,1,173,images/pixabay_cat_000034.jpg,Jack Lo,001,2022-05-28_21h48.59.667,Cat face rating experiment_0-500,2021.1.4,MacIntel,60.0024001
,,,,,,space,12.5915,5,11.8015,0,174,174,174,1,174,images/pixabay_cat_003888.jpg,Jack Lo,001,2022-05-28_21h48.59.667,Cat face rating experiment_0-500,2021.1.4,MacIntel,60.0024001
,,,,,,space,8.3774,1,2.99,0,175,175,175,1,175,images/pixabay_cat_002408.jpg,Jack Lo,001,2022-05-28_21h48.59.667,Cat face rating experiment_0-500,2021.1.4,MacIntel,60.0024001
,,,,,,space,6.9747,2,6.1074,0,176,176,176,1,176,images/pixabay_cat_003398.jpg,Jack Lo,001,2022-05-28_21h48.59.667,Cat face rating experiment_0-500,2021.1.4,MacIntel,60.0024001
,,,,,,space,2.1053,7,1.7395,0,177,177,177,1,177,images/pixabay_cat_003226.jpg,Jack Lo,001,2022-05-28_21h48.59.667,Cat face rating experiment_0-500,2021.1.4,MacIntel,60.0024001
,,,,,,space,17.4911,3,10.4424,0,178,178,178,1,178,images/pixabay_cat_001472.jpg,Jack Lo,001,2022-05-28_21h48.59.667,Cat face rating experiment_0-500,2021.1.4,MacIntel,60.0024001
,,,,,,space,2.2686,2,1.9025,0,179,179,179,1,179,images/pixabay_cat_000063.jpg,Jack Lo,001,2022-05-28_21h48.59.667,Cat face rating experiment_0-500,2021.1.4,MacIntel,60.0024001
,,,,,,space,6.9356,6,6.3555,0,180,180,180,1,180,images/pixabay_cat_003893.jpg,Jack Lo,001,2022-05-28_21h48.59.667,Cat face rating experiment_0-500,2021.1.4,MacIntel,60.0024001
,,,,,,space,2.0367,2,1.637,0,181,181,181,1,181,images/pixabay_cat_000442.jpg,Jack Lo,001,2022-05-28_21h48.59.667,Cat face rating experiment_0-500,2021.1.4,MacIntel,60.0024001
,,,,,,space,2.2766,1,1.9867,0,182,182,182,1,182,images/flickr_cat_000773.jpg,Jack Lo,001,2022-05-28_21h48.59.667,Cat face rating experiment_0-500,2021.1.4,MacIntel,60.0024001
,,,,,,space,1.5915,3,1.3213,0,183,183,183,1,183,images/pixabay_cat_004091.jpg,Jack Lo,001,2022-05-28_21h48.59.667,Cat face rating experiment_0-500,2021.1.4,MacIntel,60.0024001
,,,,,,space,1.8097,2,1.5396,0,184,184,184,1,184,images/pixabay_cat_003152.jpg,Jack Lo,001,2022-05-28_21h48.59.667,Cat face rating experiment_0-500,2021.1.4,MacIntel,60.0024001
,,,,,,space,1.5114,2,1.1862,0,185,185,185,1,185,images/pixabay_cat_004821.jpg,Jack Lo,001,2022-05-28_21h48.59.667,Cat face rating experiment_0-500,2021.1.4,MacIntel,60.0024001
,,,,,,space,1.9251,3,1.6387,0,186,186,186,1,186,images/pixabay_cat_002288.jpg,Jack Lo,001,2022-05-28_21h48.59.667,Cat face rating experiment_0-500,2021.1.4,MacIntel,60.0024001
,,,,,,space,2.4319,1,1.7395,0,187,187,187,1,187,images/pixabay_cat_003867.jpg,Jack Lo,001,2022-05-28_21h48.59.667,Cat face rating experiment_0-500,2021.1.4,MacIntel,60.0024001
,,,,,,space,2.8084,2,1.9226,0,188,188,188,1,188,images/pixabay_cat_004493.jpg,Jack Lo,001,2022-05-28_21h48.59.667,Cat face rating experiment_0-500,2021.1.4,MacIntel,60.0024001
,,,,,,space,5.804,1,4.9889,0,189,189,189,1,189,images/pixabay_cat_002530.jpg,Jack Lo,001,2022-05-28_21h48.59.667,Cat face rating experiment_0-500,2021.1.4,MacIntel,60.0024001
,,,,,,space,9.1528,2,8.49,0,190,190,190,1,190,images/pixabay_cat_002297.jpg,Jack Lo,001,2022-05-28_21h48.59.667,Cat face rating experiment_0-500,2021.1.4,MacIntel,60.0024001
,,,,,,space,3.0702,1,2.1553,0,191,191,191,1,191,images/pixabay_cat_001734.jpg,Jack Lo,001,2022-05-28_21h48.59.667,Cat face rating experiment_0-500,2021.1.4,MacIntel,60.0024001
,,,,,,space,3.8876,1,3.4057,0,192,192,192,1,192,images/flickr_cat_000718.jpg,Jack Lo,001,2022-05-28_21h48.59.667,Cat face rating experiment_0-500,2021.1.4,MacIntel,60.0024001
,,,,,,space,17.3906,2,15.5072,0,193,193,193,1,193,images/pixabay_cat_001019.jpg,Jack Lo,001,2022-05-28_21h48.59.667,Cat face rating experiment_0-500,2021.1.4,MacIntel,60.0024001
,,,,,,space,1.7738,2,1.2063,0,194,194,194,1,194,images/pixabay_cat_000456.jpg,Jack Lo,001,2022-05-28_21h48.59.667,Cat face rating experiment_0-500,2021.1.4,MacIntel,60.0024001
,,,,,,space,1.2221,,,0,195,195,195,1,195,images/pixabay_cat_002847.jpg,Jack Lo,001,2022-05-28_21h48.59.667,Cat face rating experiment_0-500,2021.1.4,MacIntel,60.0024001
,,,,,,space,9.0167,1,2.8343,0,196,196,196,1,196,images/flickr_cat_000298.jpg,Jack Lo,001,2022-05-28_21h48.59.667,Cat face rating experiment_0-500,2021.1.4,MacIntel,60.0024001
,,,,,,space,4.1418,3,1.5531,0,197,197,197,1,197,images/pixabay_cat_003868.jpg,Jack Lo,001,2022-05-28_21h48.59.667,Cat face rating experiment_0-500,2021.1.4,MacIntel,60.0024001
,,,,,,space,5.1751,6,4.4412,0,198,198,198,1,198,images/pixabay_cat_003003.jpg,Jack Lo,001,2022-05-28_21h48.59.667,Cat face rating experiment_0-500,2021.1.4,MacIntel,60.0024001
,,,,,,space,2.572,1,1.8388,0,199,199,199,1,199,images/pixabay_cat_003233.jpg,Jack Lo,001,2022-05-28_21h48.59.667,Cat face rating experiment_0-500,2021.1.4,MacIntel,60.0024001
,,,,,,space,3.669,2,2.4704,0,200,200,200,1,200,images/pixabay_cat_000021.jpg,Jack Lo,001,2022-05-28_21h48.59.667,Cat face rating experiment_0-500,2021.1.4,MacIntel,60.0024001
,,,,,,space,1.2384,,,0,201,201,201,1,201,images/pixabay_cat_003295.jpg,Jack Lo,001,2022-05-28_21h48.59.667,Cat face rating experiment_0-500,2021.1.4,MacIntel,60.0024001
,,,,,,space,1.7403,3,1.4224,0,202,202,202,1,202,images/pixabay_cat_000897.jpg,Jack Lo,001,2022-05-28_21h48.59.667,Cat face rating experiment_0-500,2021.1.4,MacIntel,60.0024001
,,,,,,space,7.1875,2,6.5766,0,203,203,203,1,203,images/pixabay_cat_002729.jpg,Jack Lo,001,2022-05-28_21h48.59.667,Cat face rating experiment_0-500,2021.1.4,MacIntel,60.0024001
,,,,,,space,4.6506,3,2.5184,0,204,204,204,1,204,images/pixabay_cat_004139.jpg,Jack Lo,001,2022-05-28_21h48.59.667,Cat face rating experiment_0-500,2021.1.4,MacIntel,60.0024001
,,,,,,space,1.5229,,,0,205,205,205,1,205,images/flickr_cat_000562.jpg,Jack Lo,001,2022-05-28_21h48.59.667,Cat face rating experiment_0-500,2021.1.4,MacIntel,60.0024001
,,,,,,space,0.9537,,,0,206,206,206,1,206,images/pixabay_cat_000662.jpg,Jack Lo,001,2022-05-28_21h48.59.667,Cat face rating experiment_0-500,2021.1.4,MacIntel,60.0024001
,,,,,,space,2.2631,5,1.9365,0,207,207,207,1,207,images/pixabay_cat_003383.jpg,Jack Lo,001,2022-05-28_21h48.59.667,Cat face rating experiment_0-500,2021.1.4,MacIntel,60.0024001
,,,,,,space,1.7272,3,1.4408,0,208,208,208,1,208,images/pixabay_cat_001253.jpg,Jack Lo,001,2022-05-28_21h48.59.667,Cat face rating experiment_0-500,2021.1.4,MacIntel,60.0024001
,,,,,,space,4.2078,2,1.7409,0,209,209,209,1,209,images/pixabay_cat_001892.jpg,Jack Lo,001,2022-05-28_21h48.59.667,Cat face rating experiment_0-500,2021.1.4,MacIntel,60.0024001
,,,,,,space,1.3594,,,0,210,210,210,1,210,images/pixabay_cat_000880.jpg,Jack Lo,001,2022-05-28_21h48.59.667,Cat face rating experiment_0-500,2021.1.4,MacIntel,60.0024001
,,,,,,space,1.3578,3,0.9406,0,211,211,211,1,211,images/pixabay_cat_004824.jpg,Jack Lo,001,2022-05-28_21h48.59.667,Cat face rating experiment_0-500,2021.1.4,MacIntel,60.0024001
,,,,,,space,1.27,2,1.0394,0,212,212,212,1,212,images/pixabay_cat_003694.jpg,Jack Lo,001,2022-05-28_21h48.59.667,Cat face rating experiment_0-500,2021.1.4,MacIntel,60.0024001
,,,,,,space,8.0778,1,5.6682,0,213,213,213,1,213,images/pixabay_cat_003436.jpg,Jack Lo,001,2022-05-28_21h48.59.667,Cat face rating experiment_0-500,2021.1.4,MacIntel,60.0024001
,,,,,,space,2.0733,3,1.5907,0,214,214,214,1,214,images/pixabay_cat_003682.jpg,Jack Lo,001,2022-05-28_21h48.59.667,Cat face rating experiment_0-500,2021.1.4,MacIntel,60.0024001
,,,,,,space,2.4648,6,2.1549,0,215,215,215,1,215,images/pixabay_cat_001368.jpg,Jack Lo,001,2022-05-28_21h48.59.667,Cat face rating experiment_0-500,2021.1.4,MacIntel,60.0024001
,,,,,,space,1.4733,5,1.2359,0,216,216,216,1,216,images/pixabay_cat_001304.jpg,Jack Lo,001,2022-05-28_21h48.59.667,Cat face rating experiment_0-500,2021.1.4,MacIntel,60.0024001
,,,,,,space,2.1153,3,1.7889,0,217,217,217,1,217,images/pixabay_cat_001980.jpg,Jack Lo,001,2022-05-28_21h48.59.667,Cat face rating experiment_0-500,2021.1.4,MacIntel,60.0024001
,,,,,,space,2.5711,1,2.2388,0,218,218,218,1,218,images/pixabay_cat_002613.jpg,Jack Lo,001,2022-05-28_21h48.59.667,Cat face rating experiment_0-500,2021.1.4,MacIntel,60.0024001
,,,,,,space,3.674,6,3.0733,0,219,219,219,1,219,images/pixabay_cat_003312.jpg,Jack Lo,001,2022-05-28_21h48.59.667,Cat face rating experiment_0-500,2021.1.4,MacIntel,60.0024001
,,,,,,space,5.4192,2,4.8201,0,220,220,220,1,220,images/pixabay_cat_004572.jpg,Jack Lo,001,2022-05-28_21h48.59.667,Cat face rating experiment_0-500,2021.1.4,MacIntel,60.0024001
,,,,,,space,1.1138,2,0.7333,0,221,221,221,1,221,images/pixabay_cat_003245.jpg,Jack Lo,001,2022-05-28_21h48.59.667,Cat face rating experiment_0-500,2021.1.4,MacIntel,60.0024001
,,,,,,space,1.1333,2,0.8228,0,222,222,222,1,222,images/pixabay_cat_003128.jpg,Jack Lo,001,2022-05-28_21h48.59.667,Cat face rating experiment_0-500,2021.1.4,MacIntel,60.0024001
,,,,,,space,1.0982,2,0.734,0,223,223,223,1,223,images/pixabay_cat_000787.jpg,Jack Lo,001,2022-05-28_21h48.59.667,Cat face rating experiment_0-500,2021.1.4,MacIntel,60.0024001
,,,,,,space,1.0338,2,0.6744,0,224,224,224,1,224,images/pixabay_cat_002972.jpg,Jack Lo,001,2022-05-28_21h48.59.667,Cat face rating experiment_0-500,2021.1.4,MacIntel,60.0024001
,,,,,,space,1.8563,2,0.6241,0,225,225,225,1,225,images/pixabay_cat_001785.jpg,Jack Lo,001,2022-05-28_21h48.59.667,Cat face rating experiment_0-500,2021.1.4,MacIntel,60.0024001
,,,,,,space,1.354,2,0.6203,0,226,226,226,1,226,images/pixabay_cat_001648.jpg,Jack Lo,001,2022-05-28_21h48.59.667,Cat face rating experiment_0-500,2021.1.4,MacIntel,60.0024001
,,,,,,space,1.7211,3,1.4885,0,227,227,227,1,227,images/pixabay_cat_003196.jpg,Jack Lo,001,2022-05-28_21h48.59.667,Cat face rating experiment_0-500,2021.1.4,MacIntel,60.0024001
,,,,,,space,1.1385,3,0.8045,0,228,228,228,1,228,images/pixabay_cat_002388.jpg,Jack Lo,001,2022-05-28_21h48.59.667,Cat face rating experiment_0-500,2021.1.4,MacIntel,60.0024001
,,,,,,space,2.0134,2,1.6085,0,229,229,229,1,229,images/pixabay_cat_003136.jpg,Jack Lo,001,2022-05-28_21h48.59.667,Cat face rating experiment_0-500,2021.1.4,MacIntel,60.0024001
,,,,,,space,1.7357,5,1.5389,0,230,230,230,1,230,images/pixabay_cat_000694.jpg,Jack Lo,001,2022-05-28_21h48.59.667,Cat face rating experiment_0-500,2021.1.4,MacIntel,60.0024001
,,,,,,space,1.6827,,,0,231,231,231,1,231,images/pixabay_cat_001458.jpg,Jack Lo,001,2022-05-28_21h48.59.667,Cat face rating experiment_0-500,2021.1.4,MacIntel,60.0024001
,,,,,,space,1.1513,,,0,232,232,232,1,232,images/pixabay_cat_001129.jpg,Jack Lo,001,2022-05-28_21h48.59.667,Cat face rating experiment_0-500,2021.1.4,MacIntel,60.0024001
,,,,,,space,3.1058,3,2.8705,0,233,233,233,1,233,images/flickr_cat_000494.jpg,Jack Lo,001,2022-05-28_21h48.59.667,Cat face rating experiment_0-500,2021.1.4,MacIntel,60.0024001
,,,,,,space,1.8413,2,1.5057,0,234,234,234,1,234,images/flickr_cat_000202.jpg,Jack Lo,001,2022-05-28_21h48.59.667,Cat face rating experiment_0-500,2021.1.4,MacIntel,60.0024001
,,,,,,space,0.9302,2,0.6551,0,235,235,235,1,235,images/pixabay_cat_002233.jpg,Jack Lo,001,2022-05-28_21h48.59.667,Cat face rating experiment_0-500,2021.1.4,MacIntel,60.0024001
,,,,,,space,0.9051,2,0.6739,0,236,236,236,1,236,images/pixabay_cat_000186.jpg,Jack Lo,001,2022-05-28_21h48.59.667,Cat face rating experiment_0-500,2021.1.4,MacIntel,60.0024001
,,,,,,space,1.449,2,1.1044,0,237,237,237,1,237,images/pixabay_cat_002799.jpg,Jack Lo,001,2022-05-28_21h48.59.667,Cat face rating experiment_0-500,2021.1.4,MacIntel,60.0024001
,,,,,,space,0.9754,2,0.703,0,238,238,238,1,238,images/pixabay_cat_004033.jpg,Jack Lo,001,2022-05-28_21h48.59.667,Cat face rating experiment_0-500,2021.1.4,MacIntel,60.0024001
,,,,,,space,2.8579,6,2.506,0,239,239,239,1,239,images/flickr_cat_000581.jpg,Jack Lo,001,2022-05-28_21h48.59.667,Cat face rating experiment_0-500,2021.1.4,MacIntel,60.0024001
,,,,,,space,2.0045,6,1.7368,0,240,240,240,1,240,images/flickr_cat_000803.jpg,Jack Lo,001,2022-05-28_21h48.59.667,Cat face rating experiment_0-500,2021.1.4,MacIntel,60.0024001
,,,,,,space,1.2089,6,0.8059,0,241,241,241,1,241,images/pixabay_cat_000354.jpg,Jack Lo,001,2022-05-28_21h48.59.667,Cat face rating experiment_0-500,2021.1.4,MacIntel,60.0024001
,,,,,,space,1.1795,6,0.8409,0,242,242,242,1,242,images/pixabay_cat_003304.jpg,Jack Lo,001,2022-05-28_21h48.59.667,Cat face rating experiment_0-500,2021.1.4,MacIntel,60.0024001
,,,,,,space,0.8418,6,0.64,0,243,243,243,1,243,images/pixabay_cat_001836.jpg,Jack Lo,001,2022-05-28_21h48.59.667,Cat face rating experiment_0-500,2021.1.4,MacIntel,60.0024001
,,,,,,space,1.2922,6,0.8107,0,244,244,244,1,244,images/pixabay_cat_002563.jpg,Jack Lo,001,2022-05-28_21h48.59.667,Cat face rating experiment_0-500,2021.1.4,MacIntel,60.0024001
,,,,,,space,2.039,1,1.6698,0,245,245,245,1,245,images/flickr_cat_000333.jpg,Jack Lo,001,2022-05-28_21h48.59.667,Cat face rating experiment_0-500,2021.1.4,MacIntel,60.0024001
,,,,,,space,1.9619,6,1.7376,0,246,246,246,1,246,images/pixabay_cat_004416.jpg,Jack Lo,001,2022-05-28_21h48.59.667,Cat face rating experiment_0-500,2021.1.4,MacIntel,60.0024001
,,,,,,space,1.2605,6,1.0087,0,247,247,247,1,247,images/pixabay_cat_002403.jpg,Jack Lo,001,2022-05-28_21h48.59.667,Cat face rating experiment_0-500,2021.1.4,MacIntel,60.0024001
,,,,,,space,2.9645,3,2.6726,0,248,248,248,1,248,images/pixabay_cat_004492.jpg,Jack Lo,001,2022-05-28_21h48.59.667,Cat face rating experiment_0-500,2021.1.4,MacIntel,60.0024001
,,,,,,space,1.2678,,,0,249,249,249,1,249,images/pixabay_cat_003149.jpg,Jack Lo,001,2022-05-28_21h48.59.667,Cat face rating experiment_0-500,2021.1.4,MacIntel,60.0024001
,,,,,,space,2.2093,2,1.9561,0,250,250,250,1,250,images/pixabay_cat_002505.jpg,Jack Lo,001,2022-05-28_21h48.59.667,Cat face rating experiment_0-500,2021.1.4,MacIntel,60.0024001
,,,,,,space,2.0174,2,1.7036,0,251,251,251,1,251,images/pixabay_cat_002607.jpg,Jack Lo,001,2022-05-28_21h48.59.667,Cat face rating experiment_0-500,2021.1.4,MacIntel,60.0024001
,,,,,,space,1.8888,2,0.7384,0,252,252,252,1,252,images/pixabay_cat_003526.jpg,Jack Lo,001,2022-05-28_21h48.59.667,Cat face rating experiment_0-500,2021.1.4,MacIntel,60.0024001
,,,,,,space,2.0413,5,1.7561,0,253,253,253,1,253,images/pixabay_cat_004818.jpg,Jack Lo,001,2022-05-28_21h48.59.667,Cat face rating experiment_0-500,2021.1.4,MacIntel,60.0024001
,,,,,,space,1.3941,,,0,254,254,254,1,254,images/pixabay_cat_000368.jpg,Jack Lo,001,2022-05-28_21h48.59.667,Cat face rating experiment_0-500,2021.1.4,MacIntel,60.0024001
,,,,,,space,2.0353,1,1.8062,0,255,255,255,1,255,images/pixabay_cat_000948.jpg,Jack Lo,001,2022-05-28_21h48.59.667,Cat face rating experiment_0-500,2021.1.4,MacIntel,60.0024001
,,,,,,space,3.1908,5,2.9235,0,256,256,256,1,256,images/pixabay_cat_003987.jpg,Jack Lo,001,2022-05-28_21h48.59.667,Cat face rating experiment_0-500,2021.1.4,MacIntel,60.0024001
,,,,,,space,1.1724,,,0,257,257,257,1,257,images/flickr_cat_000214.jpg,Jack Lo,001,2022-05-28_21h48.59.667,Cat face rating experiment_0-500,2021.1.4,MacIntel,60.0024001
,,,,,,space,1.5285,3,1.2247,0,258,258,258,1,258,images/pixabay_cat_000463.jpg,Jack Lo,001,2022-05-28_21h48.59.667,Cat face rating experiment_0-500,2021.1.4,MacIntel,60.0024001
,,,,,,space,1.9863,2,1.5392,0,259,259,259,1,259,images/pixabay_cat_000932.jpg,Jack Lo,001,2022-05-28_21h48.59.667,Cat face rating experiment_0-500,2021.1.4,MacIntel,60.0024001
,,,,,,space,3.9735,3,1.6062,0,260,260,260,1,260,images/pixabay_cat_002632.jpg,Jack Lo,001,2022-05-28_21h48.59.667,Cat face rating experiment_0-500,2021.1.4,MacIntel,60.0024001
,,,,,,space,1.5375,2,1.1891,0,261,261,261,1,261,images/pixabay_cat_001278.jpg,Jack Lo,001,2022-05-28_21h48.59.667,Cat face rating experiment_0-500,2021.1.4,MacIntel,60.0024001
,,,,,,space,1.6104,,,0,262,262,262,1,262,images/pixabay_cat_004028.jpg,Jack Lo,001,2022-05-28_21h48.59.667,Cat face rating experiment_0-500,2021.1.4,MacIntel,60.0024001
,,,,,,space,1.0709,,,0,263,263,263,1,263,images/flickr_cat_000540.jpg,Jack Lo,001,2022-05-28_21h48.59.667,Cat face rating experiment_0-500,2021.1.4,MacIntel,60.0024001
,,,,,,space,2.928,1,2.5873,0,264,264,264,1,264,images/pixabay_cat_003733.jpg,Jack Lo,001,2022-05-28_21h48.59.667,Cat face rating experiment_0-500,2021.1.4,MacIntel,60.0024001
,,,,,,space,1.5052,2,1.208,0,265,265,265,1,265,images/flickr_cat_000426.jpg,Jack Lo,001,2022-05-28_21h48.59.667,Cat face rating experiment_0-500,2021.1.4,MacIntel,60.0024001
,,,,,,space,1.3341,,,0,266,266,266,1,266,images/pixabay_cat_003948.jpg,Jack Lo,001,2022-05-28_21h48.59.667,Cat face rating experiment_0-500,2021.1.4,MacIntel,60.0024001
,,,,,,space,0.9352,,,0,267,267,267,1,267,images/flickr_cat_000657.jpg,Jack Lo,001,2022-05-28_21h48.59.667,Cat face rating experiment_0-500,2021.1.4,MacIntel,60.0024001
,,,,,,space,2.1488,6,1.8689,0,268,268,268,1,268,images/flickr_cat_000584.jpg,Jack Lo,001,2022-05-28_21h48.59.667,Cat face rating experiment_0-500,2021.1.4,MacIntel,60.0024001
,,,,,,space,2.2093,2,1.5372,0,269,269,269,1,269,images/pixabay_cat_002971.jpg,Jack Lo,001,2022-05-28_21h48.59.667,Cat face rating experiment_0-500,2021.1.4,MacIntel,60.0024001
,,,,,,space,1.8207,2,1.4916,0,270,270,270,1,270,images/pixabay_cat_004807.jpg,Jack Lo,001,2022-05-28_21h48.59.667,Cat face rating experiment_0-500,2021.1.4,MacIntel,60.0024001
,,,,,,space,2.3179,6,2.0343,0,271,271,271,1,271,images/pixabay_cat_001434.jpg,Jack Lo,001,2022-05-28_21h48.59.667,Cat face rating experiment_0-500,2021.1.4,MacIntel,60.0024001
,,,,,,space,1.7238,2,1.4704,0,272,272,272,1,272,images/pixabay_cat_001092.jpg,Jack Lo,001,2022-05-28_21h48.59.667,Cat face rating experiment_0-500,2021.1.4,MacIntel,60.0024001
,,,,,,space,2.1561,5,1.7736,0,273,273,273,1,273,images/flickr_cat_000771.jpg,Jack Lo,001,2022-05-28_21h48.59.667,Cat face rating experiment_0-500,2021.1.4,MacIntel,60.0024001
,,,,,,space,2.2909,2,1.7733,0,274,274,274,1,274,images/pixabay_cat_003954.jpg,Jack Lo,001,2022-05-28_21h48.59.667,Cat face rating experiment_0-500,2021.1.4,MacIntel,60.0024001
,,,,,,space,2.1821,5,1.89,0,275,275,275,1,275,images/pixabay_cat_003899.jpg,Jack Lo,001,2022-05-28_21h48.59.667,Cat face rating experiment_0-500,2021.1.4,MacIntel,60.0024001
,,,,,,space,2.0775,,,0,276,276,276,1,276,images/pixabay_cat_001067.jpg,Jack Lo,001,2022-05-28_21h48.59.667,Cat face rating experiment_0-500,2021.1.4,MacIntel,60.0024001
,,,,,,space,1.3607,,,0,277,277,277,1,277,images/pixabay_cat_004626.jpg,Jack Lo,001,2022-05-28_21h48.59.667,Cat face rating experiment_0-500,2021.1.4,MacIntel,60.0024001
,,,,,,space,1.2719,,,0,278,278,278,1,278,images/pixabay_cat_003781.jpg,Jack Lo,001,2022-05-28_21h48.59.667,Cat face rating experiment_0-500,2021.1.4,MacIntel,60.0024001
,,,,,,space,1.7836,1,1.4513,0,279,279,279,1,279,images/pixabay_cat_003600.jpg,Jack Lo,001,2022-05-28_21h48.59.667,Cat face rating experiment_0-500,2021.1.4,MacIntel,60.0024001
,,,,,,space,1.9006,,,0,280,280,280,1,280,images/pixabay_cat_004335.jpg,Jack Lo,001,2022-05-28_21h48.59.667,Cat face rating experiment_0-500,2021.1.4,MacIntel,60.0024001
,,,,,,space,2.1871,3,1.9201,0,281,281,281,1,281,images/pixabay_cat_004760.jpg,Jack Lo,001,2022-05-28_21h48.59.667,Cat face rating experiment_0-500,2021.1.4,MacIntel,60.0024001
,,,,,,space,3.1086,2,1.5891,0,282,282,282,1,282,images/flickr_cat_000452.jpg,Jack Lo,001,2022-05-28_21h48.59.667,Cat face rating experiment_0-500,2021.1.4,MacIntel,60.0024001
,,,,,,space,4.1598,5,3.4702,0,283,283,283,1,283,images/pixabay_cat_000677.jpg,Jack Lo,001,2022-05-28_21h48.59.667,Cat face rating experiment_0-500,2021.1.4,MacIntel,60.0024001
,,,,,,space,3.6372,6,3.4226,0,284,284,284,1,284,images/pixabay_cat_004262.jpg,Jack Lo,001,2022-05-28_21h48.59.667,Cat face rating experiment_0-500,2021.1.4,MacIntel,60.0024001
,,,,,,space,2.0707,7,1.523,0,285,285,285,1,285,images/pixabay_cat_004597.jpg,Jack Lo,001,2022-05-28_21h48.59.667,Cat face rating experiment_0-500,2021.1.4,MacIntel,60.0024001
,,,,,,space,1.5703,3,1.3394,0,286,286,286,1,286,images/pixabay_cat_000747.jpg,Jack Lo,001,2022-05-28_21h48.59.667,Cat face rating experiment_0-500,2021.1.4,MacIntel,60.0024001
,,,,,,space,2.6727,1,2.3066,0,287,287,287,1,287,images/pixabay_cat_003077.jpg,Jack Lo,001,2022-05-28_21h48.59.667,Cat face rating experiment_0-500,2021.1.4,MacIntel,60.0024001
,,,,,,space,1.5861,1,0.8042,0,288,288,288,1,288,images/pixabay_cat_002076.jpg,Jack Lo,001,2022-05-28_21h48.59.667,Cat face rating experiment_0-500,2021.1.4,MacIntel,60.0024001
,,,,,,space,2.5698,2,1.2922,0,289,289,289,1,289,images/pixabay_cat_000832.jpg,Jack Lo,001,2022-05-28_21h48.59.667,Cat face rating experiment_0-500,2021.1.4,MacIntel,60.0024001
,,,,,,space,1.7165,2,1.5238,0,290,290,290,1,290,images/pixabay_cat_001553.jpg,Jack Lo,001,2022-05-28_21h48.59.667,Cat face rating experiment_0-500,2021.1.4,MacIntel,60.0024001
,,,,,,space,2.0541,3,1.7565,0,291,291,291,1,291,images/pixabay_cat_001581.jpg,Jack Lo,001,2022-05-28_21h48.59.667,Cat face rating experiment_0-500,2021.1.4,MacIntel,60.0024001
,,,,,,space,0.9571,,,0,292,292,292,1,292,images/pixabay_cat_000563.jpg,Jack Lo,001,2022-05-28_21h48.59.667,Cat face rating experiment_0-500,2021.1.4,MacIntel,60.0024001
,,,,,,space,1.5814,3,1.275,0,293,293,293,1,293,images/pixabay_cat_000908.jpg,Jack Lo,001,2022-05-28_21h48.59.667,Cat face rating experiment_0-500,2021.1.4,MacIntel,60.0024001
,,,,,,space,2.473,1,2.2093,0,294,294,294,1,294,images/pixabay_cat_002591.jpg,Jack Lo,001,2022-05-28_21h48.59.667,Cat face rating experiment_0-500,2021.1.4,MacIntel,60.0024001
,,,,,,space,2.7452,3,2.3695,0,295,295,295,1,295,images/pixabay_cat_000738.jpg,Jack Lo,001,2022-05-28_21h48.59.667,Cat face rating experiment_0-500,2021.1.4,MacIntel,60.0024001
,,,,,,space,0.9105,,,0,296,296,296,1,296,images/pixabay_cat_002224.jpg,Jack Lo,001,2022-05-28_21h48.59.667,Cat face rating experiment_0-500,2021.1.4,MacIntel,60.0024001
,,,,,,space,0.8976,,,0,297,297,297,1,297,images/pixabay_cat_002122.jpg,Jack Lo,001,2022-05-28_21h48.59.667,Cat face rating experiment_0-500,2021.1.4,MacIntel,60.0024001
,,,,,,space,4.8005,5,4.0054,0,298,298,298,1,298,images/pixabay_cat_002603.jpg,Jack Lo,001,2022-05-28_21h48.59.667,Cat face rating experiment_0-500,2021.1.4,MacIntel,60.0024001
,,,,,,space,1.9474,2,1.6747,0,299,299,299,1,299,images/pixabay_cat_003985.jpg,Jack Lo,001,2022-05-28_21h48.59.667,Cat face rating experiment_0-500,2021.1.4,MacIntel,60.0024001
,,,,,,space,2.2983,3,1.9215,0,300,300,300,1,300,images/pixabay_cat_000044.jpg,Jack Lo,001,2022-05-28_21h48.59.667,Cat face rating experiment_0-500,2021.1.4,MacIntel,60.0024001
,,,,,,space,2.1287,1,1.4563,0,301,301,301,1,301,images/pixabay_cat_003333.jpg,Jack Lo,001,2022-05-28_21h48.59.667,Cat face rating experiment_0-500,2021.1.4,MacIntel,60.0024001
,,,,,,space,2.7813,5,2.441,0,302,302,302,1,302,images/pixabay_cat_002846.jpg,Jack Lo,001,2022-05-28_21h48.59.667,Cat face rating experiment_0-500,2021.1.4,MacIntel,60.0024001
,,,,,,space,1.2104,,,0,303,303,303,1,303,images/flickr_cat_000081.jpg,Jack Lo,001,2022-05-28_21h48.59.667,Cat face rating experiment_0-500,2021.1.4,MacIntel,60.0024001
,,,,,,space,1.7217,3,1.4727,0,304,304,304,1,304,images/pixabay_cat_004314.jpg,Jack Lo,001,2022-05-28_21h48.59.667,Cat face rating experiment_0-500,2021.1.4,MacIntel,60.0024001
,,,,,,space,1.5746,2,1.2564,0,305,305,305,1,305,images/pixabay_cat_002432.jpg,Jack Lo,001,2022-05-28_21h48.59.667,Cat face rating experiment_0-500,2021.1.4,MacIntel,60.0024001
,,,,,,space,2.5445,1,2.2569,0,306,306,306,1,306,images/pixabay_cat_000869.jpg,Jack Lo,001,2022-05-28_21h48.59.667,Cat face rating experiment_0-500,2021.1.4,MacIntel,60.0024001
,,,,,,space,1.0628,1,0.7917,0,307,307,307,1,307,images/pixabay_cat_000486.jpg,Jack Lo,001,2022-05-28_21h48.59.667,Cat face rating experiment_0-500,2021.1.4,MacIntel,60.0024001
,,,,,,space,0.8852,1,0.5824,0,308,308,308,1,308,images/pixabay_cat_002421.jpg,Jack Lo,001,2022-05-28_21h48.59.667,Cat face rating experiment_0-500,2021.1.4,MacIntel,60.0024001
,,,,,,space,1.2668,1,0.7541,0,309,309,309,1,309,images/pixabay_cat_004514.jpg,Jack Lo,001,2022-05-28_21h48.59.667,Cat face rating experiment_0-500,2021.1.4,MacIntel,60.0024001
,,,,,,space,1.4866,,,0,310,310,310,1,310,images/pixabay_cat_003960.jpg,Jack Lo,001,2022-05-28_21h48.59.667,Cat face rating experiment_0-500,2021.1.4,MacIntel,60.0024001
,,,,,,space,1.7189,2,1.4544,0,311,311,311,1,311,images/flickr_cat_000227.jpg,Jack Lo,001,2022-05-28_21h48.59.667,Cat face rating experiment_0-500,2021.1.4,MacIntel,60.0024001
,,,,,,space,1.9272,3,1.6574,0,312,312,312,1,312,images/pixabay_cat_002218.jpg,Jack Lo,001,2022-05-28_21h48.59.667,Cat face rating experiment_0-500,2021.1.4,MacIntel,60.0024001
,,,,,,space,2.0264,5,1.5233,0,313,313,313,1,313,images/pixabay_cat_003181.jpg,Jack Lo,001,2022-05-28_21h48.59.667,Cat face rating experiment_0-500,2021.1.4,MacIntel,60.0024001
,,,,,,space,2.3253,2,2.0516,0,314,314,314,1,314,images/pixabay_cat_003958.jpg,Jack Lo,001,2022-05-28_21h48.59.667,Cat face rating experiment_0-500,2021.1.4,MacIntel,60.0024001
,,,,,,space,2.0019,6,1.7386,0,315,315,315,1,315,images/pixabay_cat_000624.jpg,Jack Lo,001,2022-05-28_21h48.59.667,Cat face rating experiment_0-500,2021.1.4,MacIntel,60.0024001
,,,,,,space,2.2225,5,1.2904,0,316,316,316,1,316,images/flickr_cat_000407.jpg,Jack Lo,001,2022-05-28_21h48.59.667,Cat face rating experiment_0-500,2021.1.4,MacIntel,60.0024001
,,,,,,space,1.2433,,,0,317,317,317,1,317,images/pixabay_cat_001576.jpg,Jack Lo,001,2022-05-28_21h48.59.667,Cat face rating experiment_0-500,2021.1.4,MacIntel,60.0024001
,,,,,,space,3.1113,7,2.7743,0,318,318,318,1,318,images/pixabay_cat_000204.jpg,Jack Lo,001,2022-05-28_21h48.59.667,Cat face rating experiment_0-500,2021.1.4,MacIntel,60.0024001
,,,,,,space,1.6933,5,1.3726,0,319,319,319,1,319,images/flickr_cat_000428.jpg,Jack Lo,001,2022-05-28_21h48.59.667,Cat face rating experiment_0-500,2021.1.4,MacIntel,60.0024001
,,,,,,space,1.8063,3,1.4227,0,320,320,320,1,320,images/flickr_cat_000219.jpg,Jack Lo,001,2022-05-28_21h48.59.667,Cat face rating experiment_0-500,2021.1.4,MacIntel,60.0024001
,,,,,,space,2.0912,3,1.7194,0,321,321,321,1,321,images/pixabay_cat_001761.jpg,Jack Lo,001,2022-05-28_21h48.59.667,Cat face rating experiment_0-500,2021.1.4,MacIntel,60.0024001
,,,,,,space,1.207,3,0.9182,0,322,322,322,1,322,images/pixabay_cat_003167.jpg,Jack Lo,001,2022-05-28_21h48.59.667,Cat face rating experiment_0-500,2021.1.4,MacIntel,60.0024001
,,,,,,space,2.9922,2,1.7417,0,323,323,323,1,323,images/pixabay_cat_000763.jpg,Jack Lo,001,2022-05-28_21h48.59.667,Cat face rating experiment_0-500,2021.1.4,MacIntel,60.0024001
,,,,,,space,2.6872,3,2.3556,0,324,324,324,1,324,images/flickr_cat_000398.jpg,Jack Lo,001,2022-05-28_21h48.59.667,Cat face rating experiment_0-500,2021.1.4,MacIntel,60.0024001
,,,,,,space,2.1979,1,1.3234,0,325,325,325,1,325,images/flickr_cat_000381.jpg,Jack Lo,001,2022-05-28_21h48.59.667,Cat face rating experiment_0-500,2021.1.4,MacIntel,60.0024001
,,,,,,space,1.3703,1,1.0725,0,326,326,326,1,326,images/pixabay_cat_000257.jpg,Jack Lo,001,2022-05-28_21h48.59.667,Cat face rating experiment_0-500,2021.1.4,MacIntel,60.0024001
,,,,,,space,0.8322,1,0.5719,0,327,327,327,1,327,images/pixabay_cat_000020.jpg,Jack Lo,001,2022-05-28_21h48.59.667,Cat face rating experiment_0-500,2021.1.4,MacIntel,60.0024001
,,,,,,space,2.4759,7,1.7236,0,328,328,328,1,328,images/flickr_cat_000553.jpg,Jack Lo,001,2022-05-28_21h48.59.667,Cat face rating experiment_0-500,2021.1.4,MacIntel,60.0024001
,,,,,,space,3.1198,2,2.8504,0,329,329,329,1,329,images/pixabay_cat_002063.jpg,Jack Lo,001,2022-05-28_21h48.59.667,Cat face rating experiment_0-500,2021.1.4,MacIntel,60.0024001
,,,,,,space,3.5293,1,3.2079,0,330,330,330,1,330,images/pixabay_cat_003443.jpg,Jack Lo,001,2022-05-28_21h48.59.667,Cat face rating experiment_0-500,2021.1.4,MacIntel,60.0024001
,,,,,,space,0.9476,1,0.7209,0,331,331,331,1,331,images/pixabay_cat_003535.jpg,Jack Lo,001,2022-05-28_21h48.59.667,Cat face rating experiment_0-500,2021.1.4,MacIntel,60.0024001
,,,,,,space,3.3551,5,3.0741,0,332,332,332,1,332,images/pixabay_cat_000478.jpg,Jack Lo,001,2022-05-28_21h48.59.667,Cat face rating experiment_0-500,2021.1.4,MacIntel,60.0024001
,,,,,,space,1.7535,1,1.5005,0,333,333,333,1,333,images/flickr_cat_000218.jpg,Jack Lo,001,2022-05-28_21h48.59.667,Cat face rating experiment_0-500,2021.1.4,MacIntel,60.0024001
,,,,,,space,2.0858,2,1.3035,0,334,334,334,1,334,images/pixabay_cat_001630.jpg,Jack Lo,001,2022-05-28_21h48.59.667,Cat face rating experiment_0-500,2021.1.4,MacIntel,60.0024001
,,,,,,space,1.7611,3,1.2219,0,335,335,335,1,335,images/pixabay_cat_003669.jpg,Jack Lo,001,2022-05-28_21h48.59.667,Cat face rating experiment_0-500,2021.1.4,MacIntel,60.0024001
,,,,,,space,1.5416,1,1.2569,0,336,336,336,1,336,images/pixabay_cat_002648.jpg,Jack Lo,001,2022-05-28_21h48.59.667,Cat face rating experiment_0-500,2021.1.4,MacIntel,60.0024001
,,,,,,space,3.1921,2,2.3236,0,337,337,337,1,337,images/pixabay_cat_002032.jpg,Jack Lo,001,2022-05-28_21h48.59.667,Cat face rating experiment_0-500,2021.1.4,MacIntel,60.0024001
,,,,,,space,2.0992,5,1.5732,0,338,338,338,1,338,images/flickr_cat_000198.jpg,Jack Lo,001,2022-05-28_21h48.59.667,Cat face rating experiment_0-500,2021.1.4,MacIntel,60.0024001
,,,,,,space,1.6878,3,1.354,0,339,339,339,1,339,images/pixabay_cat_000436.jpg,Jack Lo,001,2022-05-28_21h48.59.667,Cat face rating experiment_0-500,2021.1.4,MacIntel,60.0024001
,,,,,,space,3.386,2,1.2069,0,340,340,340,1,340,images/pixabay_cat_003590.jpg,Jack Lo,001,2022-05-28_21h48.59.667,Cat face rating experiment_0-500,2021.1.4,MacIntel,60.0024001
,,,,,,space,3.8824,5,3.5349,0,341,341,341,1,341,images/pixabay_cat_004018.jpg,Jack Lo,001,2022-05-28_21h48.59.667,Cat face rating experiment_0-500,2021.1.4,MacIntel,60.0024001
,,,,,,space,2.3058,5,2.036,0,342,342,342,1,342,images/pixabay_cat_004409.jpg,Jack Lo,001,2022-05-28_21h48.59.667,Cat face rating experiment_0-500,2021.1.4,MacIntel,60.0024001
,,,,,,space,1.5701,3,1.3215,0,343,343,343,1,343,images/pixabay_cat_002691.jpg,Jack Lo,001,2022-05-28_21h48.59.667,Cat face rating experiment_0-500,2021.1.4,MacIntel,60.0024001
,,,,,,space,2.7199,4,2.0897,0,344,344,344,1,344,images/pixabay_cat_003120.jpg,Jack Lo,001,2022-05-28_21h48.59.667,Cat face rating experiment_0-500,2021.1.4,MacIntel,60.0024001
,,,,,,space,2.0575,1,1.7871,0,345,345,345,1,345,images/pixabay_cat_003622.jpg,Jack Lo,001,2022-05-28_21h48.59.667,Cat face rating experiment_0-500,2021.1.4,MacIntel,60.0024001
,,,,,,space,0.8897,1,0.656,0,346,346,346,1,346,images/pixabay_cat_001535.jpg,Jack Lo,001,2022-05-28_21h48.59.667,Cat face rating experiment_0-500,2021.1.4,MacIntel,60.0024001
,,,,,,space,1.4905,2,1.2886,0,347,347,347,1,347,images/pixabay_cat_004093.jpg,Jack Lo,001,2022-05-28_21h48.59.667,Cat face rating experiment_0-500,2021.1.4,MacIntel,60.0024001
,,,,,,space,1.8789,5,1.6718,0,348,348,348,1,348,images/pixabay_cat_004787.jpg,Jack Lo,001,2022-05-28_21h48.59.667,Cat face rating experiment_0-500,2021.1.4,MacIntel,60.0024001
,,,,,,space,3.0591,3,2.7939,0,349,349,349,1,349,images/pixabay_cat_002079.jpg,Jack Lo,001,2022-05-28_21h48.59.667,Cat face rating experiment_0-500,2021.1.4,MacIntel,60.0024001
,,,,,,space,2.9458,7,2.5579,0,350,350,350,1,350,images/pixabay_cat_004398.jpg,Jack Lo,001,2022-05-28_21h48.59.667,Cat face rating experiment_0-500,2021.1.4,MacIntel,60.0024001
,,,,,,space,2.7527,2,2.0518,0,351,351,351,1,351,images/pixabay_cat_004546.jpg,Jack Lo,001,2022-05-28_21h48.59.667,Cat face rating experiment_0-500,2021.1.4,MacIntel,60.0024001
,,,,,,space,1.998,7,1.5234,0,352,352,352,1,352,images/pixabay_cat_001295.jpg,Jack Lo,001,2022-05-28_21h48.59.667,Cat face rating experiment_0-500,2021.1.4,MacIntel,60.0024001
,,,,,,space,2.0577,3,1.7208,0,353,353,353,1,353,images/pixabay_cat_002815.jpg,Jack Lo,001,2022-05-28_21h48.59.667,Cat face rating experiment_0-500,2021.1.4,MacIntel,60.0024001
,,,,,,space,1.2295,3,0.9036,0,354,354,354,1,354,images/pixabay_cat_003863.jpg,Jack Lo,001,2022-05-28_21h48.59.667,Cat face rating experiment_0-500,2021.1.4,MacIntel,60.0024001
,,,,,,space,1.4543,,,0,355,355,355,1,355,images/pixabay_cat_003552.jpg,Jack Lo,001,2022-05-28_21h48.59.667,Cat face rating experiment_0-500,2021.1.4,MacIntel,60.0024001
,,,,,,space,2.1434,2,1.9057,0,356,356,356,1,356,images/flickr_cat_000267.jpg,Jack Lo,001,2022-05-28_21h48.59.667,Cat face rating experiment_0-500,2021.1.4,MacIntel,60.0024001
,,,,,,space,1.0914,2,0.7364,0,357,357,357,1,357,images/pixabay_cat_002590.jpg,Jack Lo,001,2022-05-28_21h48.59.667,Cat face rating experiment_0-500,2021.1.4,MacIntel,60.0024001
,,,,,,space,1.3829,2,0.7916,0,358,358,358,1,358,images/pixabay_cat_002602.jpg,Jack Lo,001,2022-05-28_21h48.59.667,Cat face rating experiment_0-500,2021.1.4,MacIntel,60.0024001
,,,,,,space,3.0266,3,2.6579,0,359,359,359,1,359,images/flickr_cat_000415.jpg,Jack Lo,001,2022-05-28_21h48.59.667,Cat face rating experiment_0-500,2021.1.4,MacIntel,60.0024001
,,,,,,space,1.6841,,,0,360,360,360,1,360,images/pixabay_cat_000408.jpg,Jack Lo,001,2022-05-28_21h48.59.667,Cat face rating experiment_0-500,2021.1.4,MacIntel,60.0024001
,,,,,,space,1.439,,,0,361,361,361,1,361,images/pixabay_cat_003676.jpg,Jack Lo,001,2022-05-28_21h48.59.667,Cat face rating experiment_0-500,2021.1.4,MacIntel,60.0024001
,,,,,,space,0.6102,,,0,362,362,362,1,362,images/pixabay_cat_002634.jpg,Jack Lo,001,2022-05-28_21h48.59.667,Cat face rating experiment_0-500,2021.1.4,MacIntel,60.0024001
,,,,,,space,3.4257,3,3.2071,0,363,363,363,1,363,images/pixabay_cat_004795.jpg,Jack Lo,001,2022-05-28_21h48.59.667,Cat face rating experiment_0-500,2021.1.4,MacIntel,60.0024001
,,,,,,space,2.1574,3,1.5424,0,364,364,364,1,364,images/pixabay_cat_003308.jpg,Jack Lo,001,2022-05-28_21h48.59.667,Cat face rating experiment_0-500,2021.1.4,MacIntel,60.0024001
,,,,,,space,6.957,2,5.9881,0,365,365,365,1,365,images/pixabay_cat_002374.jpg,Jack Lo,001,2022-05-28_21h48.59.667,Cat face rating experiment_0-500,2021.1.4,MacIntel,60.0024001
,,,,,,space,3.7297,3,3.3884,0,366,366,366,1,366,images/flickr_cat_000215.jpg,Jack Lo,001,2022-05-28_21h48.59.667,Cat face rating experiment_0-500,2021.1.4,MacIntel,60.0024001
,,,,,,space,1.3209,3,1.0394,0,367,367,367,1,367,images/flickr_cat_000589.jpg,Jack Lo,001,2022-05-28_21h48.59.667,Cat face rating experiment_0-500,2021.1.4,MacIntel,60.0024001
,,,,,,space,1.8541,2,1.222,0,368,368,368,1,368,images/pixabay_cat_001231.jpg,Jack Lo,001,2022-05-28_21h48.59.667,Cat face rating experiment_0-500,2021.1.4,MacIntel,60.0024001
,,,,,,space,1.8511,1,1.3068,0,369,369,369,1,369,images/pixabay_cat_001688.jpg,Jack Lo,001,2022-05-28_21h48.59.667,Cat face rating experiment_0-500,2021.1.4,MacIntel,60.0024001
,,,,,,space,1.6309,3,1.3388,0,370,370,370,1,370,images/pixabay_cat_004457.jpg,Jack Lo,001,2022-05-28_21h48.59.667,Cat face rating experiment_0-500,2021.1.4,MacIntel,60.0024001
,,,,,,space,1.1252,,,0,371,371,371,1,371,images/pixabay_cat_001542.jpg,Jack Lo,001,2022-05-28_21h48.59.667,Cat face rating experiment_0-500,2021.1.4,MacIntel,60.0024001
,,,,,,space,1.6733,6,1.3386,0,372,372,372,1,372,images/flickr_cat_000591.jpg,Jack Lo,001,2022-05-28_21h48.59.667,Cat face rating experiment_0-500,2021.1.4,MacIntel,60.0024001
,,,,,,space,2.8537,3,2.5504,0,373,373,373,1,373,images/pixabay_cat_002111.jpg,Jack Lo,001,2022-05-28_21h48.59.667,Cat face rating experiment_0-500,2021.1.4,MacIntel,60.0024001
,,,,,,space,1.3369,2,1.038,0,374,374,374,1,374,images/pixabay_cat_002827.jpg,Jack Lo,001,2022-05-28_21h48.59.667,Cat face rating experiment_0-500,2021.1.4,MacIntel,60.0024001
,,,,,,space,2.622,6,2.3238,0,375,375,375,1,375,images/pixabay_cat_004099.jpg,Jack Lo,001,2022-05-28_21h48.59.667,Cat face rating experiment_0-500,2021.1.4,MacIntel,60.0024001
,,,,,,space,1.5225,3,1.2044,0,376,376,376,1,376,images/pixabay_cat_000884.jpg,Jack Lo,001,2022-05-28_21h48.59.667,Cat face rating experiment_0-500,2021.1.4,MacIntel,60.0024001
,,,,,,space,2.3046,1,1.8841,0,377,377,377,1,377,images/pixabay_cat_002925.jpg,Jack Lo,001,2022-05-28_21h48.59.667,Cat face rating experiment_0-500,2021.1.4,MacIntel,60.0024001
,,,,,,space,1.0392,1,0.7347,0,378,378,378,1,378,images/pixabay_cat_002908.jpg,Jack Lo,001,2022-05-28_21h48.59.667,Cat face rating experiment_0-500,2021.1.4,MacIntel,60.0024001
,,,,,,space,1.9196,2,1.6682,0,379,379,379,1,379,images/pixabay_cat_002809.jpg,Jack Lo,001,2022-05-28_21h48.59.667,Cat face rating experiment_0-500,2021.1.4,MacIntel,60.0024001
,,,,,,space,1.5579,1,0.9899,0,380,380,380,1,380,images/flickr_cat_000611.jpg,Jack Lo,001,2022-05-28_21h48.59.667,Cat face rating experiment_0-500,2021.1.4,MacIntel,60.0024001
,,,,,,space,0.8909,1,0.6245,0,381,381,381,1,381,images/pixabay_cat_002574.jpg,Jack Lo,001,2022-05-28_21h48.59.667,Cat face rating experiment_0-500,2021.1.4,MacIntel,60.0024001
,,,,,,space,1.0576,1,0.7406,0,382,382,382,1,382,images/pixabay_cat_001708.jpg,Jack Lo,001,2022-05-28_21h48.59.667,Cat face rating experiment_0-500,2021.1.4,MacIntel,60.0024001
,,,,,,space,1.6416,2,1.3743,0,383,383,383,1,383,images/pixabay_cat_002684.jpg,Jack Lo,001,2022-05-28_21h48.59.667,Cat face rating experiment_0-500,2021.1.4,MacIntel,60.0024001
,,,,,,space,1.154,1,0.917,0,384,384,384,1,384,images/pixabay_cat_003506.jpg,Jack Lo,001,2022-05-28_21h48.59.667,Cat face rating experiment_0-500,2021.1.4,MacIntel,60.0024001
,,,,,,space,4.7567,3,4.4731,0,385,385,385,1,385,images/pixabay_cat_000777.jpg,Jack Lo,001,2022-05-28_21h48.59.667,Cat face rating experiment_0-500,2021.1.4,MacIntel,60.0024001
,,,,,,space,3.3843,2,3.1039,0,386,386,386,1,386,images/pixabay_cat_000319.jpg,Jack Lo,001,2022-05-28_21h48.59.667,Cat face rating experiment_0-500,2021.1.4,MacIntel,60.0024001
,,,,,,space,1.5486,2,1.3063,0,387,387,387,1,387,images/pixabay_cat_000152.jpg,Jack Lo,001,2022-05-28_21h48.59.667,Cat face rating experiment_0-500,2021.1.4,MacIntel,60.0024001
,,,,,,space,3.1026,3,2.8743,0,388,388,388,1,388,images/pixabay_cat_004261.jpg,Jack Lo,001,2022-05-28_21h48.59.667,Cat face rating experiment_0-500,2021.1.4,MacIntel,60.0024001
,,,,,,space,1.2784,3,1.0719,0,389,389,389,1,389,images/flickr_cat_000260.jpg,Jack Lo,001,2022-05-28_21h48.59.667,Cat face rating experiment_0-500,2021.1.4,MacIntel,60.0024001
,,,,,,space,0.8717,3,0.6718,0,390,390,390,1,390,images/pixabay_cat_000237.jpg,Jack Lo,001,2022-05-28_21h48.59.667,Cat face rating experiment_0-500,2021.1.4,MacIntel,60.0024001
,,,,,,space,0.6604,3,0.5056,0,391,391,391,1,391,images/pixabay_cat_001414.jpg,Jack Lo,001,2022-05-28_21h48.59.667,Cat face rating experiment_0-500,2021.1.4,MacIntel,60.0024001
,,,,,,space,1.4382,3,1.2237,0,392,392,392,1,392,images/pixabay_cat_002796.jpg,Jack Lo,001,2022-05-28_21h48.59.667,Cat face rating experiment_0-500,2021.1.4,MacIntel,60.0024001
,,,,,,space,1.4959,3,1.1902,0,393,393,393,1,393,images/pixabay_cat_001814.jpg,Jack Lo,001,2022-05-28_21h48.59.667,Cat face rating experiment_0-500,2021.1.4,MacIntel,60.0024001
,,,,,,space,1.7759,5,1.5415,0,394,394,394,1,394,images/pixabay_cat_001944.jpg,Jack Lo,001,2022-05-28_21h48.59.667,Cat face rating experiment_0-500,2021.1.4,MacIntel,60.0024001
,,,,,,space,1.6414,1,1.3388,0,395,395,395,1,395,images/pixabay_cat_001158.jpg,Jack Lo,001,2022-05-28_21h48.59.667,Cat face rating experiment_0-500,2021.1.4,MacIntel,60.0024001
,,,,,,space,1.9612,3,1.67,0,396,396,396,1,396,images/flickr_cat_000088.jpg,Jack Lo,001,2022-05-28_21h48.59.667,Cat face rating experiment_0-500,2021.1.4,MacIntel,60.0024001
,,,,,,space,3.0228,6,1.8017,0,397,397,397,1,397,images/pixabay_cat_002399.jpg,Jack Lo,001,2022-05-28_21h48.59.667,Cat face rating experiment_0-500,2021.1.4,MacIntel,60.0024001
,,,,,,space,2.196,1,1.8205,0,398,398,398,1,398,images/pixabay_cat_001626.jpg,Jack Lo,001,2022-05-28_21h48.59.667,Cat face rating experiment_0-500,2021.1.4,MacIntel,60.0024001
,,,,,,space,1.825,2,1.6518,0,399,399,399,1,399,images/pixabay_cat_004324.jpg,Jack Lo,001,2022-05-28_21h48.59.667,Cat face rating experiment_0-500,2021.1.4,MacIntel,60.0024001
,,,,,,space,3.3051,1,2.853,0,400,400,400,1,400,images/pixabay_cat_000703.jpg,Jack Lo,001,2022-05-28_21h48.59.667,Cat face rating experiment_0-500,2021.1.4,MacIntel,60.0024001
,,,,,,space,5.7225,3,5.0569,0,401,401,401,1,401,images/pixabay_cat_004220.jpg,Jack Lo,001,2022-05-28_21h48.59.667,Cat face rating experiment_0-500,2021.1.4,MacIntel,60.0024001
,,,,,,space,15.2531,2,1.5882,0,402,402,402,1,402,images/pixabay_cat_000530.jpg,Jack Lo,001,2022-05-28_21h48.59.667,Cat face rating experiment_0-500,2021.1.4,MacIntel,60.0024001
,,,,,,space,2.3201,5,1.7861,0,403,403,403,1,403,images/pixabay_cat_002629.jpg,Jack Lo,001,2022-05-28_21h48.59.667,Cat face rating experiment_0-500,2021.1.4,MacIntel,60.0024001
,,,,,,space,1.9872,3,1.739,0,404,404,404,1,404,images/pixabay_cat_004405.jpg,Jack Lo,001,2022-05-28_21h48.59.667,Cat face rating experiment_0-500,2021.1.4,MacIntel,60.0024001
,,,,,,space,3.0164,2,2.7379,0,405,405,405,1,405,images/pixabay_cat_001178.jpg,Jack Lo,001,2022-05-28_21h48.59.667,Cat face rating experiment_0-500,2021.1.4,MacIntel,60.0024001
,,,,,,space,1.3453,2,0.9709,0,406,406,406,1,406,images/pixabay_cat_003338.jpg,Jack Lo,001,2022-05-28_21h48.59.667,Cat face rating experiment_0-500,2021.1.4,MacIntel,60.0024001
,,,,,,space,1.2024,1,0.9186,0,407,407,407,1,407,images/pixabay_cat_000594.jpg,Jack Lo,001,2022-05-28_21h48.59.667,Cat face rating experiment_0-500,2021.1.4,MacIntel,60.0024001
,,,,,,space,1.1216,1,0.838,0,408,408,408,1,408,images/pixabay_cat_002178.jpg,Jack Lo,001,2022-05-28_21h48.59.667,Cat face rating experiment_0-500,2021.1.4,MacIntel,60.0024001
,,,,,,space,2.9377,3,2.6065,0,409,409,409,1,409,images/pixabay_cat_002478.jpg,Jack Lo,001,2022-05-28_21h48.59.667,Cat face rating experiment_0-500,2021.1.4,MacIntel,60.0024001
,,,,,,space,1.1601,,,0,410,410,410,1,410,images/pixabay_cat_004558.jpg,Jack Lo,001,2022-05-28_21h48.59.667,Cat face rating experiment_0-500,2021.1.4,MacIntel,60.0024001
,,,,,,space,1.3576,3,1.0401,0,411,411,411,1,411,images/flickr_cat_000421.jpg,Jack Lo,001,2022-05-28_21h48.59.667,Cat face rating experiment_0-500,2021.1.4,MacIntel,60.0024001
,,,,,,space,1.2075,,,0,412,412,412,1,412,images/pixabay_cat_003650.jpg,Jack Lo,001,2022-05-28_21h48.59.667,Cat face rating experiment_0-500,2021.1.4,MacIntel,60.0024001
,,,,,,space,1.2992,,,0,413,413,413,1,413,images/pixabay_cat_002152.jpg,Jack Lo,001,2022-05-28_21h48.59.667,Cat face rating experiment_0-500,2021.1.4,MacIntel,60.0024001
,,,,,,space,2.1867,2,1.5918,0,414,414,414,1,414,images/flickr_cat_000569.jpg,Jack Lo,001,2022-05-28_21h48.59.667,Cat face rating experiment_0-500,2021.1.4,MacIntel,60.0024001
,,,,,,space,1.6606,5,1.4378,0,415,415,415,1,415,images/pixabay_cat_004406.jpg,Jack Lo,001,2022-05-28_21h48.59.667,Cat face rating experiment_0-500,2021.1.4,MacIntel,60.0024001
,,,,,,space,1.7139,5,1.4384,0,416,416,416,1,416,images/pixabay_cat_001238.jpg,Jack Lo,001,2022-05-28_21h48.59.667,Cat face rating experiment_0-500,2021.1.4,MacIntel,60.0024001
,,,,,,space,2.335,6,1.404,0,417,417,417,1,417,images/pixabay_cat_003677.jpg,Jack Lo,001,2022-05-28_21h48.59.667,Cat face rating experiment_0-500,2021.1.4,MacIntel,60.0024001
,,,,,,space,1.4768,,,0,418,418,418,1,418,images/pixabay_cat_000124.jpg,Jack Lo,001,2022-05-28_21h48.59.667,Cat face rating experiment_0-500,2021.1.4,MacIntel,60.0024001
,,,,,,space,2.2044,6,2.0059,0,419,419,419,1,419,images/pixabay_cat_000928.jpg,Jack Lo,001,2022-05-28_21h48.59.667,Cat face rating experiment_0-500,2021.1.4,MacIntel,60.0024001
,,,,,,space,1.3363,,,0,420,420,420,1,420,images/pixabay_cat_001983.jpg,Jack Lo,001,2022-05-28_21h48.59.667,Cat face rating experiment_0-500,2021.1.4,MacIntel,60.0024001
,,,,,,space,3.1336,,,0,421,421,421,1,421,images/pixabay_cat_004087.jpg,Jack Lo,001,2022-05-28_21h48.59.667,Cat face rating experiment_0-500,2021.1.4,MacIntel,60.0024001
,,,,,,space,3.411,7,3.1191,0,422,422,422,1,422,images/pixabay_cat_001391.jpg,Jack Lo,001,2022-05-28_21h48.59.667,Cat face rating experiment_0-500,2021.1.4,MacIntel,60.0024001
,,,,,,space,1.8563,3,1.573,0,423,423,423,1,423,images/pixabay_cat_003752.jpg,Jack Lo,001,2022-05-28_21h48.59.667,Cat face rating experiment_0-500,2021.1.4,MacIntel,60.0024001
,,,,,,space,3.7729,3,3.4579,0,424,424,424,1,424,images/pixabay_cat_000004.jpg,Jack Lo,001,2022-05-28_21h48.59.667,Cat face rating experiment_0-500,2021.1.4,MacIntel,60.0024001
,,,,,,space,3.5594,1,2.7069,0,425,425,425,1,425,images/pixabay_cat_003460.jpg,Jack Lo,001,2022-05-28_21h48.59.667,Cat face rating experiment_0-500,2021.1.4,MacIntel,60.0024001
,,,,,,space,6.0234,6,5.1584,0,426,426,426,1,426,images/pixabay_cat_001749.jpg,Jack Lo,001,2022-05-28_21h48.59.667,Cat face rating experiment_0-500,2021.1.4,MacIntel,60.0024001
,,,,,,space,23.6518,1,8.9232,0,427,427,427,1,427,images/pixabay_cat_002811.jpg,Jack Lo,001,2022-05-28_21h48.59.667,Cat face rating experiment_0-500,2021.1.4,MacIntel,60.0024001
,,,,,,space,30.3906,2,2.7024,0,428,428,428,1,428,images/pixabay_cat_003139.jpg,Jack Lo,001,2022-05-28_21h48.59.667,Cat face rating experiment_0-500,2021.1.4,MacIntel,60.0024001
,,,,,,space,11.1152,6,10.5197,0,429,429,429,1,429,images/flickr_cat_000774.jpg,Jack Lo,001,2022-05-28_21h48.59.667,Cat face rating experiment_0-500,2021.1.4,MacIntel,60.0024001
,,,,,,space,8.3019,2,7.5562,0,430,430,430,1,430,images/pixabay_cat_003720.jpg,Jack Lo,001,2022-05-28_21h48.59.667,Cat face rating experiment_0-500,2021.1.4,MacIntel,60.0024001
,,,,,,space,1.4376,,,0,431,431,431,1,431,images/pixabay_cat_000878.jpg,Jack Lo,001,2022-05-28_21h48.59.667,Cat face rating experiment_0-500,2021.1.4,MacIntel,60.0024001
,,,,,,space,0.9945,,,0,432,432,432,1,432,images/pixabay_cat_001793.jpg,Jack Lo,001,2022-05-28_21h48.59.667,Cat face rating experiment_0-500,2021.1.4,MacIntel,60.0024001
,,,,,,space,2.0069,3,1.7583,0,433,433,433,1,433,images/pixabay_cat_002282.jpg,Jack Lo,001,2022-05-28_21h48.59.667,Cat face rating experiment_0-500,2021.1.4,MacIntel,60.0024001
,,,,,,space,2.1537,2,1.7876,0,434,434,434,1,434,images/pixabay_cat_003147.jpg,Jack Lo,001,2022-05-28_21h48.59.667,Cat face rating experiment_0-500,2021.1.4,MacIntel,60.0024001
,,,,,,space,1.8075,2,1.5693,0,435,435,435,1,435,images/flickr_cat_000396.jpg,Jack Lo,001,2022-05-28_21h48.59.667,Cat face rating experiment_0-500,2021.1.4,MacIntel,60.0024001
,,,,,,space,8.0599,3,7.7721,0,436,436,436,1,436,images/pixabay_cat_002014.jpg,Jack Lo,001,2022-05-28_21h48.59.667,Cat face rating experiment_0-500,2021.1.4,MacIntel,60.0024001
,,,,,,space,1.4597,,,0,437,437,437,1,437,images/pixabay_cat_001634.jpg,Jack Lo,001,2022-05-28_21h48.59.667,Cat face rating experiment_0-500,2021.1.4,MacIntel,60.0024001
,,,,,,space,2.1432,5,1.904,0,438,438,438,1,438,images/pixabay_cat_001449.jpg,Jack Lo,001,2022-05-28_21h48.59.667,Cat face rating experiment_0-500,2021.1.4,MacIntel,60.0024001
,,,,,,space,1.9234,6,1.3566,0,439,439,439,1,439,images/pixabay_cat_001541.jpg,Jack Lo,001,2022-05-28_21h48.59.667,Cat face rating experiment_0-500,2021.1.4,MacIntel,60.0024001
,,,,,,space,2.9048,1,2.7024,0,440,440,440,1,440,images/pixabay_cat_001152.jpg,Jack Lo,001,2022-05-28_21h48.59.667,Cat face rating experiment_0-500,2021.1.4,MacIntel,60.0024001
,,,,,,space,1.6934,3,1.4724,0,441,441,441,1,441,images/pixabay_cat_003606.jpg,Jack Lo,001,2022-05-28_21h48.59.667,Cat face rating experiment_0-500,2021.1.4,MacIntel,60.0024001
,,,,,,space,1.3585,,,0,442,442,442,1,442,images/pixabay_cat_001220.jpg,Jack Lo,001,2022-05-28_21h48.59.667,Cat face rating experiment_0-500,2021.1.4,MacIntel,60.0024001
,,,,,,space,1.5968,3,1.107,0,443,443,443,1,443,images/pixabay_cat_000957.jpg,Jack Lo,001,2022-05-28_21h48.59.667,Cat face rating experiment_0-500,2021.1.4,MacIntel,60.0024001
,,,,,,space,1.3982,,,0,444,444,444,1,444,images/flickr_cat_000023.jpg,Jack Lo,001,2022-05-28_21h48.59.667,Cat face rating experiment_0-500,2021.1.4,MacIntel,60.0024001
,,,,,,space,1.4711,5,1.2887,0,445,445,445,1,445,images/pixabay_cat_003656.jpg,Jack Lo,001,2022-05-28_21h48.59.667,Cat face rating experiment_0-500,2021.1.4,MacIntel,60.0024001
,,,,,,space,1.689,4,1.4028,0,446,446,446,1,446,images/pixabay_cat_000976.jpg,Jack Lo,001,2022-05-28_21h48.59.667,Cat face rating experiment_0-500,2021.1.4,MacIntel,60.0024001
,,,,,,space,1.8937,2,1.488,0,447,447,447,1,447,images/pixabay_cat_000657.jpg,Jack Lo,001,2022-05-28_21h48.59.667,Cat face rating experiment_0-500,2021.1.4,MacIntel,60.0024001
,,,,,,space,1.4736,3,1.2067,0,448,448,448,1,448,images/flickr_cat_000376.jpg,Jack Lo,001,2022-05-28_21h48.59.667,Cat face rating experiment_0-500,2021.1.4,MacIntel,60.0024001
,,,,,,space,2.0258,5,1.8407,0,449,449,449,1,449,images/pixabay_cat_003747.jpg,Jack Lo,001,2022-05-28_21h48.59.667,Cat face rating experiment_0-500,2021.1.4,MacIntel,60.0024001
,,,,,,space,2.6761,,,0,450,450,450,1,450,images/pixabay_cat_003228.jpg,Jack Lo,001,2022-05-28_21h48.59.667,Cat face rating experiment_0-500,2021.1.4,MacIntel,60.0024001
,,,,,,space,2.6144,3,2.1049,0,451,451,451,1,451,images/pixabay_cat_001345.jpg,Jack Lo,001,2022-05-28_21h48.59.667,Cat face rating experiment_0-500,2021.1.4,MacIntel,60.0024001
,,,,,,space,1.9534,2,1.6547,0,452,452,452,1,452,images/pixabay_cat_004108.jpg,Jack Lo,001,2022-05-28_21h48.59.667,Cat face rating experiment_0-500,2021.1.4,MacIntel,60.0024001
,,,,,,space,2.0148,5,1.7747,0,453,453,453,1,453,images/pixabay_cat_002529.jpg,Jack Lo,001,2022-05-28_21h48.59.667,Cat face rating experiment_0-500,2021.1.4,MacIntel,60.0024001
,,,,,,space,2.0791,3,1.325,0,454,454,454,1,454,images/pixabay_cat_004258.jpg,Jack Lo,001,2022-05-28_21h48.59.667,Cat face rating experiment_0-500,2021.1.4,MacIntel,60.0024001
,,,,,,space,2.8055,3,2.5919,0,455,455,455,1,455,images/pixabay_cat_004158.jpg,Jack Lo,001,2022-05-28_21h48.59.667,Cat face rating experiment_0-500,2021.1.4,MacIntel,60.0024001
,,,,,,space,1.0988,3,0.8398,0,456,456,456,1,456,images/pixabay_cat_004264.jpg,Jack Lo,001,2022-05-28_21h48.59.667,Cat face rating experiment_0-500,2021.1.4,MacIntel,60.0024001
,,,,,,space,1.5173,2,1.1852,0,457,457,457,1,457,images/pixabay_cat_001490.jpg,Jack Lo,001,2022-05-28_21h48.59.667,Cat face rating experiment_0-500,2021.1.4,MacIntel,60.0024001
,,,,,,space,1.7294,2,1.5253,0,458,458,458,1,458,images/pixabay_cat_001186.jpg,Jack Lo,001,2022-05-28_21h48.59.667,Cat face rating experiment_0-500,2021.1.4,MacIntel,60.0024001
,,,,,,space,2.7956,3,2.475,0,459,459,459,1,459,images/pixabay_cat_002949.jpg,Jack Lo,001,2022-05-28_21h48.59.667,Cat face rating experiment_0-500,2021.1.4,MacIntel,60.0024001
,,,,,,space,3.0815,1,2.8216,0,460,460,460,1,460,images/pixabay_cat_002642.jpg,Jack Lo,001,2022-05-28_21h48.59.667,Cat face rating experiment_0-500,2021.1.4,MacIntel,60.0024001
,,,,,,space,1.4513,2,0.9902,0,461,461,461,1,461,images/pixabay_cat_001589.jpg,Jack Lo,001,2022-05-28_21h48.59.667,Cat face rating experiment_0-500,2021.1.4,MacIntel,60.0024001
,,,,,,space,2.0978,3,1.903,0,462,462,462,1,462,images/flickr_cat_000101.jpg,Jack Lo,001,2022-05-28_21h48.59.667,Cat face rating experiment_0-500,2021.1.4,MacIntel,60.0024001
,,,,,,space,2.1877,5,1.4694,0,463,463,463,1,463,images/flickr_cat_000416.jpg,Jack Lo,001,2022-05-28_21h48.59.667,Cat face rating experiment_0-500,2021.1.4,MacIntel,60.0024001
,,,,,,space,2.0184,2,1.8026,0,464,464,464,1,464,images/pixabay_cat_002843.jpg,Jack Lo,001,2022-05-28_21h48.59.667,Cat face rating experiment_0-500,2021.1.4,MacIntel,60.0024001
,,,,,,space,1.0377,2,0.7699,0,465,465,465,1,465,images/pixabay_cat_001547.jpg,Jack Lo,001,2022-05-28_21h48.59.667,Cat face rating experiment_0-500,2021.1.4,MacIntel,60.0024001
,,,,,,space,3.1443,1,1.1014,0,466,466,466,1,466,images/pixabay_cat_000858.jpg,Jack Lo,001,2022-05-28_21h48.59.667,Cat face rating experiment_0-500,2021.1.4,MacIntel,60.0024001
,,,,,,space,1.5579,2,1.2726,0,467,467,467,1,467,images/pixabay_cat_004792.jpg,Jack Lo,001,2022-05-28_21h48.59.667,Cat face rating experiment_0-500,2021.1.4,MacIntel,60.0024001
,,,,,,space,1.5209,3,1.3372,0,468,468,468,1,468,images/pixabay_cat_003838.jpg,Jack Lo,001,2022-05-28_21h48.59.667,Cat face rating experiment_0-500,2021.1.4,MacIntel,60.0024001
,,,,,,space,1.6611,4,1.4547,0,469,469,469,1,469,images/flickr_cat_000819.jpg,Jack Lo,001,2022-05-28_21h48.59.667,Cat face rating experiment_0-500,2021.1.4,MacIntel,60.0024001
,,,,,,space,1.4082,4,0.7245,0,470,470,470,1,470,images/pixabay_cat_001697.jpg,Jack Lo,001,2022-05-28_21h48.59.667,Cat face rating experiment_0-500,2021.1.4,MacIntel,60.0024001
,,,,,,space,1.7698,3,1.3757,0,471,471,471,1,471,images/pixabay_cat_004458.jpg,Jack Lo,001,2022-05-28_21h48.59.667,Cat face rating experiment_0-500,2021.1.4,MacIntel,60.0024001
,,,,,,space,1.3187,3,1.0061,0,472,472,472,1,472,images/pixabay_cat_000242.jpg,Jack Lo,001,2022-05-28_21h48.59.667,Cat face rating experiment_0-500,2021.1.4,MacIntel,60.0024001
,,,,,,space,1.852,5,1.6207,0,473,473,473,1,473,images/flickr_cat_000097.jpg,Jack Lo,001,2022-05-28_21h48.59.667,Cat face rating experiment_0-500,2021.1.4,MacIntel,60.0024001
,,,,,,space,1.2609,,,0,474,474,474,1,474,images/pixabay_cat_001868.jpg,Jack Lo,001,2022-05-28_21h48.59.667,Cat face rating experiment_0-500,2021.1.4,MacIntel,60.0024001
,,,,,,space,2.4513,5,2.1903,0,475,475,475,1,475,images/pixabay_cat_000856.jpg,Jack Lo,001,2022-05-28_21h48.59.667,Cat face rating experiment_0-500,2021.1.4,MacIntel,60.0024001
,,,,,,space,2.2336,,,0,476,476,476,1,476,images/pixabay_cat_003849.jpg,Jack Lo,001,2022-05-28_21h48.59.667,Cat face rating experiment_0-500,2021.1.4,MacIntel,60.0024001
,,,,,,space,1.5545,3,1.3552,0,477,477,477,1,477,images/pixabay_cat_002171.jpg,Jack Lo,001,2022-05-28_21h48.59.667,Cat face rating experiment_0-500,2021.1.4,MacIntel,60.0024001
,,,,,,space,4.6808,2,3.3905,0,478,478,478,1,478,images/pixabay_cat_002114.jpg,Jack Lo,001,2022-05-28_21h48.59.667,Cat face rating experiment_0-500,2021.1.4,MacIntel,60.0024001
,,,,,,space,1.7096,3,1.5242,0,479,479,479,1,479,images/pixabay_cat_003258.jpg,Jack Lo,001,2022-05-28_21h48.59.667,Cat face rating experiment_0-500,2021.1.4,MacIntel,60.0024001
,,,,,,space,2.005,1,1.7571,0,480,480,480,1,480,images/pixabay_cat_000425.jpg,Jack Lo,001,2022-05-28_21h48.59.667,Cat face rating experiment_0-500,2021.1.4,MacIntel,60.0024001
,,,,,,space,2.2238,5,1.9863,0,481,481,481,1,481,images/pixabay_cat_003821.jpg,Jack Lo,001,2022-05-28_21h48.59.667,Cat face rating experiment_0-500,2021.1.4,MacIntel,60.0024001
,,,,,,space,1.6833,3,1.4553,0,482,482,482,1,482,images/pixabay_cat_000568.jpg,Jack Lo,001,2022-05-28_21h48.59.667,Cat face rating experiment_0-500,2021.1.4,MacIntel,60.0024001
,,,,,,space,1.309,3,1.0402,0,483,483,483,1,483,images/pixabay_cat_000800.jpg,Jack Lo,001,2022-05-28_21h48.59.667,Cat face rating experiment_0-500,2021.1.4,MacIntel,60.0024001
,,,,,,space,1.4514,3,1.2559,0,484,484,484,1,484,images/pixabay_cat_002004.jpg,Jack Lo,001,2022-05-28_21h48.59.667,Cat face rating experiment_0-500,2021.1.4,MacIntel,60.0024001
,,,,,,space,1.9711,3,1.6893,0,485,485,485,1,485,images/pixabay_cat_002760.jpg,Jack Lo,001,2022-05-28_21h48.59.667,Cat face rating experiment_0-500,2021.1.4,MacIntel,60.0024001
,,,,,,space,1.1051,2,0.8855,0,486,486,486,1,486,images/pixabay_cat_003518.jpg,Jack Lo,001,2022-05-28_21h48.59.667,Cat face rating experiment_0-500,2021.1.4,MacIntel,60.0024001
,,,,,,space,1.3197,2,1.1046,0,487,487,487,1,487,images/pixabay_cat_000029.jpg,Jack Lo,001,2022-05-28_21h48.59.667,Cat face rating experiment_0-500,2021.1.4,MacIntel,60.0024001
,,,,,,space,2.8725,2,2.5577,0,488,488,488,1,488,images/pixabay_cat_004531.jpg,Jack Lo,001,2022-05-28_21h48.59.667,Cat face rating experiment_0-500,2021.1.4,MacIntel,60.0024001
,,,,,,space,1.2539,2,0.8222,0,489,489,489,1,489,images/pixabay_cat_004292.jpg,Jack Lo,001,2022-05-28_21h48.59.667,Cat face rating experiment_0-500,2021.1.4,MacIntel,60.0024001
,,,,,,space,1.7615,5,1.5219,0,490,490,490,1,490,images/pixabay_cat_004100.jpg,Jack Lo,001,2022-05-28_21h48.59.667,Cat face rating experiment_0-500,2021.1.4,MacIntel,60.0024001
,,,,,,space,1.6809,3,1.425,0,491,491,491,1,491,images/pixabay_cat_000414.jpg,Jack Lo,001,2022-05-28_21h48.59.667,Cat face rating experiment_0-500,2021.1.4,MacIntel,60.0024001
,,,,,,space,1.1724,2,0.9402,0,492,492,492,1,492,images/pixabay_cat_002685.jpg,Jack Lo,001,2022-05-28_21h48.59.667,Cat face rating experiment_0-500,2021.1.4,MacIntel,60.0024001
,,,,,,space,1.5764,5,1.357,0,493,493,493,1,493,images/pixabay_cat_004259.jpg,Jack Lo,001,2022-05-28_21h48.59.667,Cat face rating experiment_0-500,2021.1.4,MacIntel,60.0024001
,,,,,,space,1.0394,,,0,494,494,494,1,494,images/pixabay_cat_001802.jpg,Jack Lo,001,2022-05-28_21h48.59.667,Cat face rating experiment_0-500,2021.1.4,MacIntel,60.0024001
,,,,,,space,1.3286,5,0.872,0,495,495,495,1,495,images/pixabay_cat_000067.jpg,Jack Lo,001,2022-05-28_21h48.59.667,Cat face rating experiment_0-500,2021.1.4,MacIntel,60.0024001
,,,,,,space,2.1689,3,1.6695,0,496,496,496,1,496,images/pixabay_cat_003069.jpg,Jack Lo,001,2022-05-28_21h48.59.667,Cat face rating experiment_0-500,2021.1.4,MacIntel,60.0024001
,,,,,,space,1.3822,5,1.1077,0,497,497,497,1,497,images/flickr_cat_000812.jpg,Jack Lo,001,2022-05-28_21h48.59.667,Cat face rating experiment_0-500,2021.1.4,MacIntel,60.0024001
,,,,,,space,1.8405,5,1.6065,0,498,498,498,1,498,images/pixabay_cat_002638.jpg,Jack Lo,001,2022-05-28_21h48.59.667,Cat face rating experiment_0-500,2021.1.4,MacIntel,60.0024001
,,,,,,space,1.7552,5,1.5401,0,499,499,499,1,499,images/flickr_cat_000203.jpg,Jack Lo,001,2022-05-28_21h48.59.667,Cat face rating experiment_0-500,2021.1.4,MacIntel,60.0024001
