key_resp.keys,key_resp.rt,key_resp_2.keys,key_resp_2.rt,key_resp_3.keys,key_resp_3.rt,key_resp_4.keys,key_resp_4.rt,slider.response,slider.rt,trials.thisRepN,trials.thisTrialN,trials.thisN,trials.thisIndex,trials.ran,trial_nums,img,participant,session,date,expName,psychopyVersion,OS,frameRate
space,0.5236,space,0.2706,space,0.2011,space,0.2401,,,0,0,0,0,1,0,images/pixabay_cat_000265.jpg,,001,2022-04-11_11h50.48.852,Cat face rating experiment_0-500,2021.1.4,Win32,71.9372707
,,,,,,space,0.2062,,,0,1,1,1,1,1,images/pixabay_cat_003456.jpg,,001,2022-04-11_11h50.48.852,Cat face rating experiment_0-500,2021.1.4,Win32,71.9372707
,,,,,,space,0.1866,,,0,2,2,2,1,2,images/pixabay_cat_001888.jpg,,001,2022-04-11_11h50.48.852,Cat face rating experiment_0-500,2021.1.4,Win32,71.9372707
,,,,,,space,0.2048,,,0,3,3,3,1,3,images/pixabay_cat_002932.jpg,,001,2022-04-11_11h50.48.852,Cat face rating experiment_0-500,2021.1.4,Win32,71.9372707
,,,,,,space,0.1788,,,0,4,4,4,1,4,images/pixabay_cat_001034.jpg,,001,2022-04-11_11h50.48.852,Cat face rating experiment_0-500,2021.1.4,Win32,71.9372707
,,,,,,space,0.1645,,,0,5,5,5,1,5,images/flickr_cat_000685.jpg,,001,2022-04-11_11h50.48.852,Cat face rating experiment_0-500,2021.1.4,Win32,71.9372707
,,,,,,space,0.1827,,,0,6,6,6,1,6,images/pixabay_cat_002620.jpg,,001,2022-04-11_11h50.48.852,Cat face rating experiment_0-500,2021.1.4,Win32,71.9372707
,,,,,,space,0.1937,,,0,7,7,7,1,7,images/flickr_cat_000272.jpg,,001,2022-04-11_11h50.48.852,Cat face rating experiment_0-500,2021.1.4,Win32,71.9372707
,,,,,,space,0.1687,,,0,8,8,8,1,8,images/flickr_cat_000764.jpg,,001,2022-04-11_11h50.48.852,Cat face rating experiment_0-500,2021.1.4,Win32,71.9372707
,,,,,,space,0.1966,,,0,9,9,9,1,9,images/pixabay_cat_003872.jpg,,001,2022-04-11_11h50.48.852,Cat face rating experiment_0-500,2021.1.4,Win32,71.9372707
,,,,,,space,0.2067,,,0,10,10,10,1,10,images/pixabay_cat_004323.jpg,,001,2022-04-11_11h50.48.852,Cat face rating experiment_0-500,2021.1.4,Win32,71.9372707
,,,,,,space,0.1622,,,0,11,11,11,1,11,images/pixabay_cat_000548.jpg,,001,2022-04-11_11h50.48.852,Cat face rating experiment_0-500,2021.1.4,Win32,71.9372707
,,,,,,space,0.1566,,,0,12,12,12,1,12,images/flickr_cat_000463.jpg,,001,2022-04-11_11h50.48.852,Cat face rating experiment_0-500,2021.1.4,Win32,71.9372707
,,,,,,space,0.1593,,,0,13,13,13,1,13,images/flickr_cat_000204.jpg,,001,2022-04-11_11h50.48.852,Cat face rating experiment_0-500,2021.1.4,Win32,71.9372707
,,,,,,space,0.1433,,,0,14,14,14,1,14,images/pixabay_cat_001531.jpg,,001,2022-04-11_11h50.48.852,Cat face rating experiment_0-500,2021.1.4,Win32,71.9372707
,,,,,,space,0.156,,,0,15,15,15,1,15,images/pixabay_cat_003665.jpg,,001,2022-04-11_11h50.48.852,Cat face rating experiment_0-500,2021.1.4,Win32,71.9372707
,,,,,,space,0.1605,,,0,16,16,16,1,16,images/pixabay_cat_002893.jpg,,001,2022-04-11_11h50.48.852,Cat face rating experiment_0-500,2021.1.4,Win32,71.9372707
,,,,,,space,0.1468,,,0,17,17,17,1,17,images/pixabay_cat_000223.jpg,,001,2022-04-11_11h50.48.852,Cat face rating experiment_0-500,2021.1.4,Win32,71.9372707
,,,,,,space,0.1725,,,0,18,18,18,1,18,images/pixabay_cat_003726.jpg,,001,2022-04-11_11h50.48.852,Cat face rating experiment_0-500,2021.1.4,Win32,71.9372707
,,,,,,space,0.162,,,0,19,19,19,1,19,images/pixabay_cat_001244.jpg,,001,2022-04-11_11h50.48.852,Cat face rating experiment_0-500,2021.1.4,Win32,71.9372707
,,,,,,space,0.1598,,,0,20,20,20,1,20,images/pixabay_cat_000572.jpg,,001,2022-04-11_11h50.48.852,Cat face rating experiment_0-500,2021.1.4,Win32,71.9372707
,,,,,,space,0.17,,,0,21,21,21,1,21,images/pixabay_cat_001023.jpg,,001,2022-04-11_11h50.48.852,Cat face rating experiment_0-500,2021.1.4,Win32,71.9372707
,,,,,,space,0.175,,,0,22,22,22,1,22,images/pixabay_cat_003287.jpg,,001,2022-04-11_11h50.48.852,Cat face rating experiment_0-500,2021.1.4,Win32,71.9372707
,,,,,,space,0.1686,,,0,23,23,23,1,23,images/pixabay_cat_002876.jpg,,001,2022-04-11_11h50.48.852,Cat face rating experiment_0-500,2021.1.4,Win32,71.9372707
,,,,,,space,0.1777,,,0,24,24,24,1,24,images/pixabay_cat_003702.jpg,,001,2022-04-11_11h50.48.852,Cat face rating experiment_0-500,2021.1.4,Win32,71.9372707
,,,,,,space,0.1697,,,0,25,25,25,1,25,images/pixabay_cat_000258.jpg,,001,2022-04-11_11h50.48.852,Cat face rating experiment_0-500,2021.1.4,Win32,71.9372707
,,,,,,space,0.1795,,,0,26,26,26,1,26,images/flickr_cat_000506.jpg,,001,2022-04-11_11h50.48.852,Cat face rating experiment_0-500,2021.1.4,Win32,71.9372707
,,,,,,space,0.1963,,,0,27,27,27,1,27,images/flickr_cat_000469.jpg,,001,2022-04-11_11h50.48.852,Cat face rating experiment_0-500,2021.1.4,Win32,71.9372707
,,,,,,space,0.1813,,,0,28,28,28,1,28,images/pixabay_cat_001432.jpg,,001,2022-04-11_11h50.48.852,Cat face rating experiment_0-500,2021.1.4,Win32,71.9372707
,,,,,,space,0.1609,,,0,29,29,29,1,29,images/pixabay_cat_004240.jpg,,001,2022-04-11_11h50.48.852,Cat face rating experiment_0-500,2021.1.4,Win32,71.9372707
,,,,,,space,0.1888,,,0,30,30,30,1,30,images/pixabay_cat_004443.jpg,,001,2022-04-11_11h50.48.852,Cat face rating experiment_0-500,2021.1.4,Win32,71.9372707
,,,,,,space,0.1873,,,0,31,31,31,1,31,images/pixabay_cat_002104.jpg,,001,2022-04-11_11h50.48.852,Cat face rating experiment_0-500,2021.1.4,Win32,71.9372707
,,,,,,space,0.1918,,,0,32,32,32,1,32,images/pixabay_cat_002059.jpg,,001,2022-04-11_11h50.48.852,Cat face rating experiment_0-500,2021.1.4,Win32,71.9372707
,,,,,,space,0.1987,,,0,33,33,33,1,33,images/pixabay_cat_004462.jpg,,001,2022-04-11_11h50.48.852,Cat face rating experiment_0-500,2021.1.4,Win32,71.9372707
,,,,,,space,0.2096,,,0,34,34,34,1,34,images/flickr_cat_000436.jpg,,001,2022-04-11_11h50.48.852,Cat face rating experiment_0-500,2021.1.4,Win32,71.9372707
,,,,,,space,0.1958,,,0,35,35,35,1,35,images/flickr_cat_000291.jpg,,001,2022-04-11_11h50.48.852,Cat face rating experiment_0-500,2021.1.4,Win32,71.9372707
,,,,,,space,0.2081,,,0,36,36,36,1,36,images/pixabay_cat_001907.jpg,,001,2022-04-11_11h50.48.852,Cat face rating experiment_0-500,2021.1.4,Win32,71.9372707
