key_resp.keys,key_resp.rt,key_resp_2.keys,key_resp_2.rt,key_resp_3.keys,key_resp_3.rt,key_resp_4.keys,key_resp_4.rt,slider.response,slider.rt,trials.thisRepN,trials.thisTrialN,trials.thisN,trials.thisIndex,trials.ran,trial_nums,img,participant,session,date,expName,psychopyVersion,OS,frameRate
space,0.9453,space,0.1842,space,0.2251,space,1.9427,5,1.7098,0,0,0,0,1,0,images/pixabay_cat_000265.jpg,,001,2022-03-12_18h28.00.942,Cat face rating experiment_0-500,2021.1.4,Win32,72.25433526
,,,,,,space,0.4507,5,0.4266,0,1,1,1,1,1,images/pixabay_cat_003456.jpg,,001,2022-03-12_18h28.00.942,Cat face rating experiment_0-500,2021.1.4,Win32,72.25433526
,,,,,,space,0.3037,5,0.2756,0,2,2,2,1,2,images/pixabay_cat_001888.jpg,,001,2022-03-12_18h28.00.942,Cat face rating experiment_0-500,2021.1.4,Win32,72.25433526
,,,,,,space,0.2991,5,0.3124,0,3,3,3,1,3,images/pixabay_cat_002932.jpg,,001,2022-03-12_18h28.00.942,Cat face rating experiment_0-500,2021.1.4,Win32,72.25433526
,,,,,,space,0.2767,5,0.3053,0,4,4,4,1,4,images/pixabay_cat_001034.jpg,,001,2022-03-12_18h28.00.942,Cat face rating experiment_0-500,2021.1.4,Win32,72.25433526
,,,,,,space,0.4478,5,0.3232,0,5,5,5,1,5,images/flickr_cat_000685.jpg,,001,2022-03-12_18h28.00.942,Cat face rating experiment_0-500,2021.1.4,Win32,72.25433526
,,,,,,space,0.3015,5,0.2508,0,6,6,6,1,6,images/pixabay_cat_002620.jpg,,001,2022-03-12_18h28.00.942,Cat face rating experiment_0-500,2021.1.4,Win32,72.25433526
,,,,,,space,0.3398,5,0.3246,0,7,7,7,1,7,images/flickr_cat_000272.jpg,,001,2022-03-12_18h28.00.942,Cat face rating experiment_0-500,2021.1.4,Win32,72.25433526
,,,,,,space,0.3094,5,0.308,0,8,8,8,1,8,images/flickr_cat_000764.jpg,,001,2022-03-12_18h28.00.942,Cat face rating experiment_0-500,2021.1.4,Win32,72.25433526
,,,,,,space,0.347,5,0.3292,0,9,9,9,1,9,images/pixabay_cat_003872.jpg,,001,2022-03-12_18h28.00.942,Cat face rating experiment_0-500,2021.1.4,Win32,72.25433526
,,,,,,space,0.3568,5,0.318,0,10,10,10,1,10,images/pixabay_cat_004323.jpg,,001,2022-03-12_18h28.00.942,Cat face rating experiment_0-500,2021.1.4,Win32,72.25433526
,,,,,,space,0.429,5,0.3176,0,11,11,11,1,11,images/pixabay_cat_000548.jpg,,001,2022-03-12_18h28.00.942,Cat face rating experiment_0-500,2021.1.4,Win32,72.25433526
,,,,,,space,0.4968,5,0.4906,0,12,12,12,1,12,images/flickr_cat_000463.jpg,,001,2022-03-12_18h28.00.942,Cat face rating experiment_0-500,2021.1.4,Win32,72.25433526
,,,,,,space,0.4039,5,0.3492,0,13,13,13,1,13,images/flickr_cat_000204.jpg,,001,2022-03-12_18h28.00.942,Cat face rating experiment_0-500,2021.1.4,Win32,72.25433526
,,,,,,space,0.3651,5,0.3029,0,14,14,14,1,14,images/pixabay_cat_001531.jpg,,001,2022-03-12_18h28.00.942,Cat face rating experiment_0-500,2021.1.4,Win32,72.25433526
,,,,,,space,0.3402,5,0.2681,0,15,15,15,1,15,images/pixabay_cat_003665.jpg,,001,2022-03-12_18h28.00.942,Cat face rating experiment_0-500,2021.1.4,Win32,72.25433526
,,,,,,space,0.3565,5,0.3007,0,16,16,16,1,16,images/pixabay_cat_002893.jpg,,001,2022-03-12_18h28.00.942,Cat face rating experiment_0-500,2021.1.4,Win32,72.25433526
,,,,,,space,0.376,5,0.3171,0,17,17,17,1,17,images/pixabay_cat_000223.jpg,,001,2022-03-12_18h28.00.942,Cat face rating experiment_0-500,2021.1.4,Win32,72.25433526
,,,,,,space,1.4302,5,0.6721,0,18,18,18,1,18,images/pixabay_cat_003726.jpg,,001,2022-03-12_18h28.00.942,Cat face rating experiment_0-500,2021.1.4,Win32,72.25433526
,,,,,,space,0.5415,5,0.5164,0,19,19,19,1,19,images/pixabay_cat_001244.jpg,,001,2022-03-12_18h28.00.942,Cat face rating experiment_0-500,2021.1.4,Win32,72.25433526
,,,,,,space,0.5154,5,0.4734,0,20,20,20,1,20,images/pixabay_cat_000572.jpg,,001,2022-03-12_18h28.00.942,Cat face rating experiment_0-500,2021.1.4,Win32,72.25433526
,,,,,,space,0.5721,5,0.5211,0,21,21,21,1,21,images/pixabay_cat_001023.jpg,,001,2022-03-12_18h28.00.942,Cat face rating experiment_0-500,2021.1.4,Win32,72.25433526
,,,,,,space,0.533,5,0.45,0,22,22,22,1,22,images/pixabay_cat_003287.jpg,,001,2022-03-12_18h28.00.942,Cat face rating experiment_0-500,2021.1.4,Win32,72.25433526
,,,,,,space,0.7492,5,0.6775,0,23,23,23,1,23,images/pixabay_cat_002876.jpg,,001,2022-03-12_18h28.00.942,Cat face rating experiment_0-500,2021.1.4,Win32,72.25433526
,,,,,,space,0.5418,5,0.4866,0,24,24,24,1,24,images/pixabay_cat_003702.jpg,,001,2022-03-12_18h28.00.942,Cat face rating experiment_0-500,2021.1.4,Win32,72.25433526
,,,,,,space,0.4598,5,0.3996,0,25,25,25,1,25,images/pixabay_cat_000258.jpg,,001,2022-03-12_18h28.00.942,Cat face rating experiment_0-500,2021.1.4,Win32,72.25433526
,,,,,,space,0.5637,5,0.5153,0,26,26,26,1,26,images/flickr_cat_000506.jpg,,001,2022-03-12_18h28.00.942,Cat face rating experiment_0-500,2021.1.4,Win32,72.25433526
,,,,,,space,0.3986,5,0.34,0,27,27,27,1,27,images/flickr_cat_000469.jpg,,001,2022-03-12_18h28.00.942,Cat face rating experiment_0-500,2021.1.4,Win32,72.25433526
,,,,,,space,0.3187,5,0.2886,0,28,28,28,1,28,images/pixabay_cat_001432.jpg,,001,2022-03-12_18h28.00.942,Cat face rating experiment_0-500,2021.1.4,Win32,72.25433526
,,,,,,space,0.3427,5,0.3119,0,29,29,29,1,29,images/pixabay_cat_004240.jpg,,001,2022-03-12_18h28.00.942,Cat face rating experiment_0-500,2021.1.4,Win32,72.25433526
,,,,,,space,0.3665,5,0.3448,0,30,30,30,1,30,images/pixabay_cat_004443.jpg,,001,2022-03-12_18h28.00.942,Cat face rating experiment_0-500,2021.1.4,Win32,72.25433526
,,,,,,space,0.3483,5,0.3015,0,31,31,31,1,31,images/pixabay_cat_002104.jpg,,001,2022-03-12_18h28.00.942,Cat face rating experiment_0-500,2021.1.4,Win32,72.25433526
,,,,,,space,0.3094,5,0.2856,0,32,32,32,1,32,images/pixabay_cat_002059.jpg,,001,2022-03-12_18h28.00.942,Cat face rating experiment_0-500,2021.1.4,Win32,72.25433526
,,,,,,space,0.3094,5,0.2984,0,33,33,33,1,33,images/pixabay_cat_004462.jpg,,001,2022-03-12_18h28.00.942,Cat face rating experiment_0-500,2021.1.4,Win32,72.25433526
,,,,,,space,0.3161,5,0.3239,0,34,34,34,1,34,images/flickr_cat_000436.jpg,,001,2022-03-12_18h28.00.942,Cat face rating experiment_0-500,2021.1.4,Win32,72.25433526
,,,,,,space,0.3684,5,0.3198,0,35,35,35,1,35,images/flickr_cat_000291.jpg,,001,2022-03-12_18h28.00.942,Cat face rating experiment_0-500,2021.1.4,Win32,72.25433526
,,,,,,space,0.3452,5,0.3095,0,36,36,36,1,36,images/pixabay_cat_001907.jpg,,001,2022-03-12_18h28.00.942,Cat face rating experiment_0-500,2021.1.4,Win32,72.25433526
,,,,,,space,0.3171,5,0.3027,0,37,37,37,1,37,images/pixabay_cat_004593.jpg,,001,2022-03-12_18h28.00.942,Cat face rating experiment_0-500,2021.1.4,Win32,72.25433526
,,,,,,space,0.327,5,0.296,0,38,38,38,1,38,images/pixabay_cat_002774.jpg,,001,2022-03-12_18h28.00.942,Cat face rating experiment_0-500,2021.1.4,Win32,72.25433526
,,,,,,space,0.3337,5,0.3101,0,39,39,39,1,39,images/pixabay_cat_001265.jpg,,001,2022-03-12_18h28.00.942,Cat face rating experiment_0-500,2021.1.4,Win32,72.25433526
,,,,,,space,0.3251,5,0.2971,0,40,40,40,1,40,images/flickr_cat_000057.jpg,,001,2022-03-12_18h28.00.942,Cat face rating experiment_0-500,2021.1.4,Win32,72.25433526
,,,,,,space,0.2865,5,0.2888,0,41,41,41,1,41,images/pixabay_cat_002143.jpg,,001,2022-03-12_18h28.00.942,Cat face rating experiment_0-500,2021.1.4,Win32,72.25433526
,,,,,,space,0.3042,5,0.3352,0,42,42,42,1,42,images/flickr_cat_000661.jpg,,001,2022-03-12_18h28.00.942,Cat face rating experiment_0-500,2021.1.4,Win32,72.25433526
,,,,,,space,0.3877,5,0.3618,0,43,43,43,1,43,images/pixabay_cat_002411.jpg,,001,2022-03-12_18h28.00.942,Cat face rating experiment_0-500,2021.1.4,Win32,72.25433526
,,,,,,space,0.5706,5,0.4489,0,44,44,44,1,44,images/pixabay_cat_002309.jpg,,001,2022-03-12_18h28.00.942,Cat face rating experiment_0-500,2021.1.4,Win32,72.25433526
,,,,,,space,0.408,5,0.3472,0,45,45,45,1,45,images/pixabay_cat_001534.jpg,,001,2022-03-12_18h28.00.942,Cat face rating experiment_0-500,2021.1.4,Win32,72.25433526
,,,,,,space,0.4035,5,0.3288,0,46,46,46,1,46,images/flickr_cat_000470.jpg,,001,2022-03-12_18h28.00.942,Cat face rating experiment_0-500,2021.1.4,Win32,72.25433526
,,,,,,space,0.4113,5,0.3297,0,47,47,47,1,47,images/pixabay_cat_002182.jpg,,001,2022-03-12_18h28.00.942,Cat face rating experiment_0-500,2021.1.4,Win32,72.25433526
,,,,,,space,0.3745,5,0.3132,0,48,48,48,1,48,images/pixabay_cat_001520.jpg,,001,2022-03-12_18h28.00.942,Cat face rating experiment_0-500,2021.1.4,Win32,72.25433526
,,,,,,space,0.3308,5,0.2958,0,49,49,49,1,49,images/flickr_cat_000171.jpg,,001,2022-03-12_18h28.00.942,Cat face rating experiment_0-500,2021.1.4,Win32,72.25433526
,,,,,,space,0.2857,5,0.2844,0,50,50,50,1,50,images/flickr_cat_000763.jpg,,001,2022-03-12_18h28.00.942,Cat face rating experiment_0-500,2021.1.4,Win32,72.25433526
,,,,,,space,0.215,,,0,51,51,51,1,51,images/pixabay_cat_002897.jpg,,001,2022-03-12_18h28.00.942,Cat face rating experiment_0-500,2021.1.4,Win32,72.25433526
,,,,,,space,0.2114,5,0.0658,0,52,52,52,1,52,images/flickr_cat_000662.jpg,,001,2022-03-12_18h28.00.942,Cat face rating experiment_0-500,2021.1.4,Win32,72.25433526
,,,,,,space,0.2703,5,0.1996,0,53,53,53,1,53,images/flickr_cat_000064.jpg,,001,2022-03-12_18h28.00.942,Cat face rating experiment_0-500,2021.1.4,Win32,72.25433526
,,,,,,space,0.2711,5,0.2815,0,54,54,54,1,54,images/pixabay_cat_004053.jpg,,001,2022-03-12_18h28.00.942,Cat face rating experiment_0-500,2021.1.4,Win32,72.25433526
,,,,,,space,0.2495,,,0,55,55,55,1,55,images/pixabay_cat_004383.jpg,,001,2022-03-12_18h28.00.942,Cat face rating experiment_0-500,2021.1.4,Win32,72.25433526
,,,,,,space,0.2037,5,0.0337,0,56,56,56,1,56,images/pixabay_cat_003546.jpg,,001,2022-03-12_18h28.00.942,Cat face rating experiment_0-500,2021.1.4,Win32,72.25433526
,,,,,,space,0.2351,5,0.1806,0,57,57,57,1,57,images/pixabay_cat_001894.jpg,,001,2022-03-12_18h28.00.942,Cat face rating experiment_0-500,2021.1.4,Win32,72.25433526
,,,,,,space,0.2517,5,0.2515,0,58,58,58,1,58,images/pixabay_cat_000264.jpg,,001,2022-03-12_18h28.00.942,Cat face rating experiment_0-500,2021.1.4,Win32,72.25433526
,,,,,,space,0.225,,,0,59,59,59,1,59,images/pixabay_cat_001276.jpg,,001,2022-03-12_18h28.00.942,Cat face rating experiment_0-500,2021.1.4,Win32,72.25433526
,,,,,,space,0.2201,5,0.0363,0,60,60,60,1,60,images/pixabay_cat_002405.jpg,,001,2022-03-12_18h28.00.942,Cat face rating experiment_0-500,2021.1.4,Win32,72.25433526
,,,,,,space,0.2122,5,0.1662,0,61,61,61,1,61,images/pixabay_cat_002175.jpg,,001,2022-03-12_18h28.00.942,Cat face rating experiment_0-500,2021.1.4,Win32,72.25433526
,,,,,,space,0.2858,5,0.2974,0,62,62,62,1,62,images/pixabay_cat_000852.jpg,,001,2022-03-12_18h28.00.942,Cat face rating experiment_0-500,2021.1.4,Win32,72.25433526
,,,,,,space,0.2977,5,0.3078,0,63,63,63,1,63,images/pixabay_cat_001484.jpg,,001,2022-03-12_18h28.00.942,Cat face rating experiment_0-500,2021.1.4,Win32,72.25433526
,,,,,,space,0.2942,,,0,64,64,64,1,64,images/pixabay_cat_004181.jpg,,001,2022-03-12_18h28.00.942,Cat face rating experiment_0-500,2021.1.4,Win32,72.25433526
,,,,,,space,0.2188,5,0.0297,0,65,65,65,1,65,images/pixabay_cat_003705.jpg,,001,2022-03-12_18h28.00.942,Cat face rating experiment_0-500,2021.1.4,Win32,72.25433526
,,,,,,space,0.2035,5,0.0882,0,66,66,66,1,66,images/pixabay_cat_004638.jpg,,001,2022-03-12_18h28.00.942,Cat face rating experiment_0-500,2021.1.4,Win32,72.25433526
,,,,,,space,0.2817,5,0.2606,0,67,67,67,1,67,images/pixabay_cat_003846.jpg,,001,2022-03-12_18h28.00.942,Cat face rating experiment_0-500,2021.1.4,Win32,72.25433526
,,,,,,space,0.3702,5,0.3027,0,68,68,68,1,68,images/pixabay_cat_001886.jpg,,001,2022-03-12_18h28.00.942,Cat face rating experiment_0-500,2021.1.4,Win32,72.25433526
,,,,,,space,0.2024,5,0.235,0,69,69,69,1,69,images/pixabay_cat_004424.jpg,,001,2022-03-12_18h28.00.942,Cat face rating experiment_0-500,2021.1.4,Win32,72.25433526
,,,,,,space,0.2576,5,0.2914,0,70,70,70,1,70,images/pixabay_cat_002027.jpg,,001,2022-03-12_18h28.00.942,Cat face rating experiment_0-500,2021.1.4,Win32,72.25433526
,,,,,,space,0.257,,,0,71,71,71,1,71,images/pixabay_cat_004796.jpg,,001,2022-03-12_18h28.00.942,Cat face rating experiment_0-500,2021.1.4,Win32,72.25433526
,,,,,,space,0.3298,5,0.3446,0,72,72,72,1,72,images/pixabay_cat_001698.jpg,,001,2022-03-12_18h28.00.942,Cat face rating experiment_0-500,2021.1.4,Win32,72.25433526
,,,,,,space,0.2271,,,0,73,73,73,1,73,images/pixabay_cat_001898.jpg,,001,2022-03-12_18h28.00.942,Cat face rating experiment_0-500,2021.1.4,Win32,72.25433526
,,,,,,space,0.2279,5,0.0437,0,74,74,74,1,74,images/pixabay_cat_002250.jpg,,001,2022-03-12_18h28.00.942,Cat face rating experiment_0-500,2021.1.4,Win32,72.25433526
,,,,,,space,0.3601,5,0.3719,0,75,75,75,1,75,images/pixabay_cat_004050.jpg,,001,2022-03-12_18h28.00.942,Cat face rating experiment_0-500,2021.1.4,Win32,72.25433526
,,,,,,space,0.2676,5,0.289,0,76,76,76,1,76,images/pixabay_cat_002738.jpg,,001,2022-03-12_18h28.00.942,Cat face rating experiment_0-500,2021.1.4,Win32,72.25433526
,,,,,,space,0.1827,,,0,77,77,77,1,77,images/flickr_cat_000034.jpg,,001,2022-03-12_18h28.00.942,Cat face rating experiment_0-500,2021.1.4,Win32,72.25433526
,,,,,,space,0.2132,5,0.0416,0,78,78,78,1,78,images/pixabay_cat_000766.jpg,,001,2022-03-12_18h28.00.942,Cat face rating experiment_0-500,2021.1.4,Win32,72.25433526
,,,,,,space,0.239,5,0.1163,0,79,79,79,1,79,images/flickr_cat_000793.jpg,,001,2022-03-12_18h28.00.942,Cat face rating experiment_0-500,2021.1.4,Win32,72.25433526
,,,,,,space,0.2181,5,0.1714,0,80,80,80,1,80,images/pixabay_cat_000998.jpg,,001,2022-03-12_18h28.00.942,Cat face rating experiment_0-500,2021.1.4,Win32,72.25433526
,,,,,,space,0.2198,5,0.2511,0,81,81,81,1,81,images/pixabay_cat_002176.jpg,,001,2022-03-12_18h28.00.942,Cat face rating experiment_0-500,2021.1.4,Win32,72.25433526
,,,,,,space,0.2015,,,0,82,82,82,1,82,images/flickr_cat_000066.jpg,,001,2022-03-12_18h28.00.942,Cat face rating experiment_0-500,2021.1.4,Win32,72.25433526
,,,,,,space,0.2506,5,0.0317,0,83,83,83,1,83,images/pixabay_cat_001796.jpg,,001,2022-03-12_18h28.00.942,Cat face rating experiment_0-500,2021.1.4,Win32,72.25433526
,,,,,,space,0.3337,5,0.3383,0,84,84,84,1,84,images/pixabay_cat_001862.jpg,,001,2022-03-12_18h28.00.942,Cat face rating experiment_0-500,2021.1.4,Win32,72.25433526
,,,,,,space,0.2419,5,0.2585,0,85,85,85,1,85,images/pixabay_cat_001624.jpg,,001,2022-03-12_18h28.00.942,Cat face rating experiment_0-500,2021.1.4,Win32,72.25433526
,,,,,,space,0.2493,5,0.2583,0,86,86,86,1,86,images/pixabay_cat_000822.jpg,,001,2022-03-12_18h28.00.942,Cat face rating experiment_0-500,2021.1.4,Win32,72.25433526
,,,,,,space,0.2543,5,0.2695,0,87,87,87,1,87,images/pixabay_cat_001353.jpg,,001,2022-03-12_18h28.00.942,Cat face rating experiment_0-500,2021.1.4,Win32,72.25433526
,,,,,,space,0.25,5,0.2767,0,88,88,88,1,88,images/pixabay_cat_003405.jpg,,001,2022-03-12_18h28.00.942,Cat face rating experiment_0-500,2021.1.4,Win32,72.25433526
,,,,,,space,0.2706,5,0.2993,0,89,89,89,1,89,images/pixabay_cat_003174.jpg,,001,2022-03-12_18h28.00.942,Cat face rating experiment_0-500,2021.1.4,Win32,72.25433526
,,,,,,space,0.2815,5,0.3156,0,90,90,90,1,90,images/pixabay_cat_003323.jpg,,001,2022-03-12_18h28.00.942,Cat face rating experiment_0-500,2021.1.4,Win32,72.25433526
,,,,,,space,0.2961,5,0.3065,0,91,91,91,1,91,images/pixabay_cat_003603.jpg,,001,2022-03-12_18h28.00.942,Cat face rating experiment_0-500,2021.1.4,Win32,72.25433526
,,,,,,space,0.2714,,,0,92,92,92,1,92,images/pixabay_cat_004244.jpg,,001,2022-03-12_18h28.00.942,Cat face rating experiment_0-500,2021.1.4,Win32,72.25433526
,,,,,,space,0.2658,5,0.2864,0,93,93,93,1,93,images/flickr_cat_000185.jpg,,001,2022-03-12_18h28.00.942,Cat face rating experiment_0-500,2021.1.4,Win32,72.25433526
,,,,,,space,0.2314,5,0.2423,0,94,94,94,1,94,images/pixabay_cat_004174.jpg,,001,2022-03-12_18h28.00.942,Cat face rating experiment_0-500,2021.1.4,Win32,72.25433526
,,,,,,space,0.2963,5,0.2902,0,95,95,95,1,95,images/pixabay_cat_003857.jpg,,001,2022-03-12_18h28.00.942,Cat face rating experiment_0-500,2021.1.4,Win32,72.25433526
,,,,,,space,0.2702,5,0.2631,0,96,96,96,1,96,images/pixabay_cat_000879.jpg,,001,2022-03-12_18h28.00.942,Cat face rating experiment_0-500,2021.1.4,Win32,72.25433526
,,,,,,space,0.1477,,,0,97,97,97,1,97,images/pixabay_cat_001251.jpg,,001,2022-03-12_18h28.00.942,Cat face rating experiment_0-500,2021.1.4,Win32,72.25433526
,,,,,,space,0.1674,5,0.0698,0,98,98,98,1,98,images/pixabay_cat_000306.jpg,,001,2022-03-12_18h28.00.942,Cat face rating experiment_0-500,2021.1.4,Win32,72.25433526
,,,,,,space,0.2454,5,0.0994,0,99,99,99,1,99,images/pixabay_cat_004615.jpg,,001,2022-03-12_18h28.00.942,Cat face rating experiment_0-500,2021.1.4,Win32,72.25433526
,,,,,,space,0.222,5,0.1179,0,100,100,100,1,100,images/pixabay_cat_001846.jpg,,001,2022-03-12_18h28.00.942,Cat face rating experiment_0-500,2021.1.4,Win32,72.25433526
,,,,,,space,0.1734,5,0.1536,0,101,101,101,1,101,images/pixabay_cat_002180.jpg,,001,2022-03-12_18h28.00.942,Cat face rating experiment_0-500,2021.1.4,Win32,72.25433526
,,,,,,space,0.275,5,0.2567,0,102,102,102,1,102,images/pixabay_cat_004451.jpg,,001,2022-03-12_18h28.00.942,Cat face rating experiment_0-500,2021.1.4,Win32,72.25433526
,,,,,,space,0.2818,5,0.2799,0,103,103,103,1,103,images/flickr_cat_000281.jpg,,001,2022-03-12_18h28.00.942,Cat face rating experiment_0-500,2021.1.4,Win32,72.25433526
,,,,,,space,0.2711,5,0.2724,0,104,104,104,1,104,images/pixabay_cat_002858.jpg,,001,2022-03-12_18h28.00.942,Cat face rating experiment_0-500,2021.1.4,Win32,72.25433526
,,,,,,space,0.2926,5,0.304,0,105,105,105,1,105,images/pixabay_cat_000992.jpg,,001,2022-03-12_18h28.00.942,Cat face rating experiment_0-500,2021.1.4,Win32,72.25433526
,,,,,,space,0.2716,5,0.2699,0,106,106,106,1,106,images/pixabay_cat_002097.jpg,,001,2022-03-12_18h28.00.942,Cat face rating experiment_0-500,2021.1.4,Win32,72.25433526
,,,,,,space,0.299,5,0.2757,0,107,107,107,1,107,images/pixabay_cat_002098.jpg,,001,2022-03-12_18h28.00.942,Cat face rating experiment_0-500,2021.1.4,Win32,72.25433526
,,,,,,space,0.2881,5,0.246,0,108,108,108,1,108,images/pixabay_cat_004280.jpg,,001,2022-03-12_18h28.00.942,Cat face rating experiment_0-500,2021.1.4,Win32,72.25433526
,,,,,,space,0.2556,5,0.223,0,109,109,109,1,109,images/pixabay_cat_001545.jpg,,001,2022-03-12_18h28.00.942,Cat face rating experiment_0-500,2021.1.4,Win32,72.25433526
,,,,,,space,0.2627,5,0.2238,0,110,110,110,1,110,images/pixabay_cat_000455.jpg,,001,2022-03-12_18h28.00.942,Cat face rating experiment_0-500,2021.1.4,Win32,72.25433526
,,,,,,space,0.2308,5,0.1786,0,111,111,111,1,111,images/pixabay_cat_003089.jpg,,001,2022-03-12_18h28.00.942,Cat face rating experiment_0-500,2021.1.4,Win32,72.25433526
,,,,,,space,0.2905,5,0.2152,0,112,112,112,1,112,images/pixabay_cat_000383.jpg,,001,2022-03-12_18h28.00.942,Cat face rating experiment_0-500,2021.1.4,Win32,72.25433526
,,,,,,space,0.2457,5,0.2106,0,113,113,113,1,113,images/flickr_cat_000432.jpg,,001,2022-03-12_18h28.00.942,Cat face rating experiment_0-500,2021.1.4,Win32,72.25433526
,,,,,,space,0.2759,5,0.2648,0,114,114,114,1,114,images/pixabay_cat_001133.jpg,,001,2022-03-12_18h28.00.942,Cat face rating experiment_0-500,2021.1.4,Win32,72.25433526
,,,,,,space,0.2816,5,0.2927,0,115,115,115,1,115,images/pixabay_cat_003123.jpg,,001,2022-03-12_18h28.00.942,Cat face rating experiment_0-500,2021.1.4,Win32,72.25433526
,,,,,,space,0.2846,5,0.296,0,116,116,116,1,116,images/pixabay_cat_001655.jpg,,001,2022-03-12_18h28.00.942,Cat face rating experiment_0-500,2021.1.4,Win32,72.25433526
,,,,,,space,0.2522,,,0,117,117,117,1,117,images/pixabay_cat_003976.jpg,,001,2022-03-12_18h28.00.942,Cat face rating experiment_0-500,2021.1.4,Win32,72.25433526
,,,,,,space,0.2922,5,0.0327,0,118,118,118,1,118,images/pixabay_cat_000912.jpg,,001,2022-03-12_18h28.00.942,Cat face rating experiment_0-500,2021.1.4,Win32,72.25433526
,,,,,,space,0.2791,5,0.0301,0,119,119,119,1,119,images/flickr_cat_000059.jpg,,001,2022-03-12_18h28.00.942,Cat face rating experiment_0-500,2021.1.4,Win32,72.25433526
,,,,,,space,0.3006,5,0.0289,0,120,120,120,1,120,images/pixabay_cat_000819.jpg,,001,2022-03-12_18h28.00.942,Cat face rating experiment_0-500,2021.1.4,Win32,72.25433526
,,,,,,space,0.3804,5,0.3446,0,121,121,121,1,121,images/pixabay_cat_003980.jpg,,001,2022-03-12_18h28.00.942,Cat face rating experiment_0-500,2021.1.4,Win32,72.25433526
,,,,,,space,0.2825,5,0.2693,0,122,122,122,1,122,images/pixabay_cat_000798.jpg,,001,2022-03-12_18h28.00.942,Cat face rating experiment_0-500,2021.1.4,Win32,72.25433526
,,,,,,space,0.2922,5,0.2764,0,123,123,123,1,123,images/pixabay_cat_002599.jpg,,001,2022-03-12_18h28.00.942,Cat face rating experiment_0-500,2021.1.4,Win32,72.25433526
,,,,,,space,0.4249,5,0.4167,0,124,124,124,1,124,images/pixabay_cat_001193.jpg,,001,2022-03-12_18h28.00.942,Cat face rating experiment_0-500,2021.1.4,Win32,72.25433526
,,,,,,space,0.3522,5,0.3126,0,125,125,125,1,125,images/pixabay_cat_004644.jpg,,001,2022-03-12_18h28.00.942,Cat face rating experiment_0-500,2021.1.4,Win32,72.25433526
,,,,,,space,0.3064,5,0.291,0,126,126,126,1,126,images/pixabay_cat_001274.jpg,,001,2022-03-12_18h28.00.942,Cat face rating experiment_0-500,2021.1.4,Win32,72.25433526
,,,,,,space,0.3466,5,0.3288,0,127,127,127,1,127,images/flickr_cat_000820.jpg,,001,2022-03-12_18h28.00.942,Cat face rating experiment_0-500,2021.1.4,Win32,72.25433526
,,,,,,space,0.3161,5,0.28,0,128,128,128,1,128,images/pixabay_cat_001568.jpg,,001,2022-03-12_18h28.00.942,Cat face rating experiment_0-500,2021.1.4,Win32,72.25433526
,,,,,,space,0.2485,5,0.2487,0,129,129,129,1,129,images/pixabay_cat_001123.jpg,,001,2022-03-12_18h28.00.942,Cat face rating experiment_0-500,2021.1.4,Win32,72.25433526
,,,,,,space,0.2645,,,0,130,130,130,1,130,images/pixabay_cat_001498.jpg,,001,2022-03-12_18h28.00.942,Cat face rating experiment_0-500,2021.1.4,Win32,72.25433526
,,,,,,space,0.356,5,0.3503,0,131,131,131,1,131,images/pixabay_cat_001301.jpg,,001,2022-03-12_18h28.00.942,Cat face rating experiment_0-500,2021.1.4,Win32,72.25433526
,,,,,,space,0.3846,5,0.352,0,132,132,132,1,132,images/pixabay_cat_002404.jpg,,001,2022-03-12_18h28.00.942,Cat face rating experiment_0-500,2021.1.4,Win32,72.25433526
,,,,,,space,0.3818,5,0.3118,0,133,133,133,1,133,images/pixabay_cat_001714.jpg,,001,2022-03-12_18h28.00.942,Cat face rating experiment_0-500,2021.1.4,Win32,72.25433526
,,,,,,space,0.3625,5,0.2985,0,134,134,134,1,134,images/pixabay_cat_003332.jpg,,001,2022-03-12_18h28.00.942,Cat face rating experiment_0-500,2021.1.4,Win32,72.25433526
,,,,,,space,0.3051,5,0.2396,0,135,135,135,1,135,images/pixabay_cat_000176.jpg,,001,2022-03-12_18h28.00.942,Cat face rating experiment_0-500,2021.1.4,Win32,72.25433526
,,,,,,space,0.276,5,0.2696,0,136,136,136,1,136,images/pixabay_cat_003592.jpg,,001,2022-03-12_18h28.00.942,Cat face rating experiment_0-500,2021.1.4,Win32,72.25433526
,,,,,,space,0.3452,5,0.3197,0,137,137,137,1,137,images/pixabay_cat_001978.jpg,,001,2022-03-12_18h28.00.942,Cat face rating experiment_0-500,2021.1.4,Win32,72.25433526
,,,,,,space,0.3285,5,0.3179,0,138,138,138,1,138,images/pixabay_cat_000739.jpg,,001,2022-03-12_18h28.00.942,Cat face rating experiment_0-500,2021.1.4,Win32,72.25433526
,,,,,,space,0.2868,5,0.294,0,139,139,139,1,139,images/pixabay_cat_000620.jpg,,001,2022-03-12_18h28.00.942,Cat face rating experiment_0-500,2021.1.4,Win32,72.25433526
,,,,,,space,0.3006,5,0.3105,0,140,140,140,1,140,images/pixabay_cat_000659.jpg,,001,2022-03-12_18h28.00.942,Cat face rating experiment_0-500,2021.1.4,Win32,72.25433526
,,,,,,space,0.3681,5,0.3343,0,141,141,141,1,141,images/pixabay_cat_002627.jpg,,001,2022-03-12_18h28.00.942,Cat face rating experiment_0-500,2021.1.4,Win32,72.25433526
,,,,,,space,26.804,5,26.287,0,142,142,142,1,142,images/flickr_cat_000797.jpg,,001,2022-03-12_18h28.00.942,Cat face rating experiment_0-500,2021.1.4,Win32,72.25433526
,,,,,,space,0.6474,5,0.6116,0,143,143,143,1,143,images/pixabay_cat_003057.jpg,,001,2022-03-12_18h28.00.942,Cat face rating experiment_0-500,2021.1.4,Win32,72.25433526
,,,,,,space,0.5745,,,0,144,144,144,1,144,images/pixabay_cat_003851.jpg,,001,2022-03-12_18h28.00.942,Cat face rating experiment_0-500,2021.1.4,Win32,72.25433526
,,,,,,space,0.5788,,,0,145,145,145,1,145,images/pixabay_cat_003962.jpg,,001,2022-03-12_18h28.00.942,Cat face rating experiment_0-500,2021.1.4,Win32,72.25433526
,,,,,,space,0.7039,5,0.6337,0,146,146,146,1,146,images/pixabay_cat_004447.jpg,,001,2022-03-12_18h28.00.942,Cat face rating experiment_0-500,2021.1.4,Win32,72.25433526
,,,,,,space,0.5263,,,0,147,147,147,1,147,images/flickr_cat_000438.jpg,,001,2022-03-12_18h28.00.942,Cat face rating experiment_0-500,2021.1.4,Win32,72.25433526
,,,,,,space,0.4974,,,0,148,148,148,1,148,images/flickr_cat_000511.jpg,,001,2022-03-12_18h28.00.942,Cat face rating experiment_0-500,2021.1.4,Win32,72.25433526
,,,,,,space,0.4967,,,0,149,149,149,1,149,images/pixabay_cat_003704.jpg,,001,2022-03-12_18h28.00.942,Cat face rating experiment_0-500,2021.1.4,Win32,72.25433526
,,,,,,space,0.4761,,,0,150,150,150,1,150,images/pixabay_cat_002372.jpg,,001,2022-03-12_18h28.00.942,Cat face rating experiment_0-500,2021.1.4,Win32,72.25433526
,,,,,,space,0.3553,,,0,151,151,151,1,151,images/pixabay_cat_003078.jpg,,001,2022-03-12_18h28.00.942,Cat face rating experiment_0-500,2021.1.4,Win32,72.25433526
,,,,,,space,0.436,,,0,152,152,152,1,152,images/flickr_cat_000577.jpg,,001,2022-03-12_18h28.00.942,Cat face rating experiment_0-500,2021.1.4,Win32,72.25433526
,,,,,,space,0.4486,,,0,153,153,153,1,153,images/pixabay_cat_002172.jpg,,001,2022-03-12_18h28.00.942,Cat face rating experiment_0-500,2021.1.4,Win32,72.25433526
