key_resp.keys,key_resp.rt,key_resp_2.keys,key_resp_2.rt,key_resp_3.keys,key_resp_3.rt,key_resp_4.keys,key_resp_4.rt,slider.response,slider.rt,trials.thisRepN,trials.thisTrialN,trials.thisN,trials.thisIndex,trials.ran,trial_nums,img,participant,session,date,expName,psychopyVersion,OS,frameRate
space,0.2706,space,0.2504,space,0.3706,space,0.965,5,0.6197,0,0,0,0,1,0,images/pixabay_cat_000265.jpg,,001,2022-03-13_17h00.36.494,Cat face rating experiment_0-500,2021.1.4,Win32,143.3691756
,,,,,,space,0.5139,,,0,1,1,1,1,1,images/pixabay_cat_003456.jpg,,001,2022-03-13_17h00.36.494,Cat face rating experiment_0-500,2021.1.4,Win32,143.3691756
,,,,,,space,0.6712,5,0.5481,0,2,2,2,1,2,images/pixabay_cat_001888.jpg,,001,2022-03-13_17h00.36.494,Cat face rating experiment_0-500,2021.1.4,Win32,143.3691756
,,,,,,space,0.6886,5,0.6766,0,3,3,3,1,3,images/pixabay_cat_002932.jpg,,001,2022-03-13_17h00.36.494,Cat face rating experiment_0-500,2021.1.4,Win32,143.3691756
,,,,,,space,0.5563,3,0.45,0,4,4,4,1,4,images/pixabay_cat_001034.jpg,,001,2022-03-13_17h00.36.494,Cat face rating experiment_0-500,2021.1.4,Win32,143.3691756
