key_resp.keys,key_resp.rt,key_resp_2.keys,key_resp_2.rt,key_resp_3.keys,key_resp_3.rt,key_resp_4.keys,key_resp_4.rt,slider.response,slider.rt,trials.thisRepN,trials.thisTrialN,trials.thisN,trials.thisIndex,trials.ran,trial_nums,img,participant,session,date,expName,psychopyVersion,OS,frameRate
space,3.5757,space,1.3486,left,2.1393,space,7.0175,5,5.257,0,0,0,0,1,0,images/pixabay_cat_000265.jpg,Youjia Chen,001,2022-04-14_18h14.21.845,Cat face rating experiment_0-500,2021.1.4,MacIntel,120.0048002
,,,,,,space,3.4459,5,2.0217,0,1,1,1,1,1,images/pixabay_cat_003456.jpg,Youjia Chen,001,2022-04-14_18h14.21.845,Cat face rating experiment_0-500,2021.1.4,MacIntel,120.0048002
,,,,,,space,1.9396,2,1.503,0,2,2,2,1,2,images/pixabay_cat_001888.jpg,Youjia Chen,001,2022-04-14_18h14.21.845,Cat face rating experiment_0-500,2021.1.4,MacIntel,120.0048002
,,,,,,space,1.5988,1,1.3289,0,3,3,3,1,3,images/pixabay_cat_002932.jpg,Youjia Chen,001,2022-04-14_18h14.21.845,Cat face rating experiment_0-500,2021.1.4,MacIntel,120.0048002
,,,,,,space,4.4027,5,4.0693,0,4,4,4,1,4,images/pixabay_cat_001034.jpg,Youjia Chen,001,2022-04-14_18h14.21.845,Cat face rating experiment_0-500,2021.1.4,MacIntel,120.0048002
,,,,,,space,4.6806,1,4.2766,0,5,5,5,1,5,images/flickr_cat_000685.jpg,Youjia Chen,001,2022-04-14_18h14.21.845,Cat face rating experiment_0-500,2021.1.4,MacIntel,120.0048002
,,,,,,space,2.2878,2,1.9475,0,6,6,6,1,6,images/pixabay_cat_002620.jpg,Youjia Chen,001,2022-04-14_18h14.21.845,Cat face rating experiment_0-500,2021.1.4,MacIntel,120.0048002
,,,,,,space,4.1296,7,3.4963,0,7,7,7,1,7,images/flickr_cat_000272.jpg,Youjia Chen,001,2022-04-14_18h14.21.845,Cat face rating experiment_0-500,2021.1.4,MacIntel,120.0048002
,,,,,,space,2.2125,5,1.9114,0,8,8,8,1,8,images/flickr_cat_000764.jpg,Youjia Chen,001,2022-04-14_18h14.21.845,Cat face rating experiment_0-500,2021.1.4,MacIntel,120.0048002
,,,,,,space,1.8441,2,1.4549,0,9,9,9,1,9,images/pixabay_cat_003872.jpg,Youjia Chen,001,2022-04-14_18h14.21.845,Cat face rating experiment_0-500,2021.1.4,MacIntel,120.0048002
,,,,,,space,2.4035,1,2.0591,0,10,10,10,1,10,images/pixabay_cat_004323.jpg,Youjia Chen,001,2022-04-14_18h14.21.845,Cat face rating experiment_0-500,2021.1.4,MacIntel,120.0048002
,,,,,,space,4.7524,7,4.1873,0,11,11,11,1,11,images/pixabay_cat_000548.jpg,Youjia Chen,001,2022-04-14_18h14.21.845,Cat face rating experiment_0-500,2021.1.4,MacIntel,120.0048002
,,,,,,space,2.1539,3,1.8925,0,12,12,12,1,12,images/flickr_cat_000463.jpg,Youjia Chen,001,2022-04-14_18h14.21.845,Cat face rating experiment_0-500,2021.1.4,MacIntel,120.0048002
,,,,,,space,1.7962,7,1.5129,0,13,13,13,1,13,images/flickr_cat_000204.jpg,Youjia Chen,001,2022-04-14_18h14.21.845,Cat face rating experiment_0-500,2021.1.4,MacIntel,120.0048002
,,,,,,space,1.8739,7,1.5716,0,14,14,14,1,14,images/pixabay_cat_001531.jpg,Youjia Chen,001,2022-04-14_18h14.21.845,Cat face rating experiment_0-500,2021.1.4,MacIntel,120.0048002
,,,,,,space,2.2248,5,1.5795,0,15,15,15,1,15,images/pixabay_cat_003665.jpg,Youjia Chen,001,2022-04-14_18h14.21.845,Cat face rating experiment_0-500,2021.1.4,MacIntel,120.0048002
,,,,,,space,1.9899,6,1.2532,0,16,16,16,1,16,images/pixabay_cat_002893.jpg,Youjia Chen,001,2022-04-14_18h14.21.845,Cat face rating experiment_0-500,2021.1.4,MacIntel,120.0048002
,,,,,,space,1.718,2,1.4663,0,17,17,17,1,17,images/pixabay_cat_000223.jpg,Youjia Chen,001,2022-04-14_18h14.21.845,Cat face rating experiment_0-500,2021.1.4,MacIntel,120.0048002
,,,,,,space,1.1855,2,0.9124,0,18,18,18,1,18,images/pixabay_cat_003726.jpg,Youjia Chen,001,2022-04-14_18h14.21.845,Cat face rating experiment_0-500,2021.1.4,MacIntel,120.0048002
,,,,,,space,1.7883,1,1.4596,0,19,19,19,1,19,images/pixabay_cat_001244.jpg,Youjia Chen,001,2022-04-14_18h14.21.845,Cat face rating experiment_0-500,2021.1.4,MacIntel,120.0048002
,,,,,,space,2.4927,6,2.2279,0,20,20,20,1,20,images/pixabay_cat_000572.jpg,Youjia Chen,001,2022-04-14_18h14.21.845,Cat face rating experiment_0-500,2021.1.4,MacIntel,120.0048002
,,,,,,space,1.9801,5,1.3471,0,21,21,21,1,21,images/pixabay_cat_001023.jpg,Youjia Chen,001,2022-04-14_18h14.21.845,Cat face rating experiment_0-500,2021.1.4,MacIntel,120.0048002
,,,,,,space,3.7906,1,3.03,0,22,22,22,1,22,images/pixabay_cat_003287.jpg,Youjia Chen,001,2022-04-14_18h14.21.845,Cat face rating experiment_0-500,2021.1.4,MacIntel,120.0048002
,,,,,,space,2.1061,5,1.6734,0,23,23,23,1,23,images/pixabay_cat_002876.jpg,Youjia Chen,001,2022-04-14_18h14.21.845,Cat face rating experiment_0-500,2021.1.4,MacIntel,120.0048002
,,,,,,space,1.3871,,,0,24,24,24,1,24,images/pixabay_cat_003702.jpg,Youjia Chen,001,2022-04-14_18h14.21.845,Cat face rating experiment_0-500,2021.1.4,MacIntel,120.0048002
,,,,,,space,2.5751,6,2.2842,0,25,25,25,1,25,images/pixabay_cat_000258.jpg,Youjia Chen,001,2022-04-14_18h14.21.845,Cat face rating experiment_0-500,2021.1.4,MacIntel,120.0048002
,,,,,,space,1.6101,2,1.2531,0,26,26,26,1,26,images/flickr_cat_000506.jpg,Youjia Chen,001,2022-04-14_18h14.21.845,Cat face rating experiment_0-500,2021.1.4,MacIntel,120.0048002
,,,,,,space,1.6001,2,1.3294,0,27,27,27,1,27,images/flickr_cat_000469.jpg,Youjia Chen,001,2022-04-14_18h14.21.845,Cat face rating experiment_0-500,2021.1.4,MacIntel,120.0048002
,,,,,,space,2.0669,1,1.3382,0,28,28,28,1,28,images/pixabay_cat_001432.jpg,Youjia Chen,001,2022-04-14_18h14.21.845,Cat face rating experiment_0-500,2021.1.4,MacIntel,120.0048002
,,,,,,space,2.31,6,1.9678,0,29,29,29,1,29,images/pixabay_cat_004240.jpg,Youjia Chen,001,2022-04-14_18h14.21.845,Cat face rating experiment_0-500,2021.1.4,MacIntel,120.0048002
,,,,,,space,2.8199,7,1.955,0,30,30,30,1,30,images/pixabay_cat_004443.jpg,Youjia Chen,001,2022-04-14_18h14.21.845,Cat face rating experiment_0-500,2021.1.4,MacIntel,120.0048002
,,,,,,space,1.461,6,1.1958,0,31,31,31,1,31,images/pixabay_cat_002104.jpg,Youjia Chen,001,2022-04-14_18h14.21.845,Cat face rating experiment_0-500,2021.1.4,MacIntel,120.0048002
,,,,,,space,2.0861,5,1.7948,0,32,32,32,1,32,images/pixabay_cat_002059.jpg,Youjia Chen,001,2022-04-14_18h14.21.845,Cat face rating experiment_0-500,2021.1.4,MacIntel,120.0048002
,,,,,,space,1.7524,7,1.3692,0,33,33,33,1,33,images/pixabay_cat_004462.jpg,Youjia Chen,001,2022-04-14_18h14.21.845,Cat face rating experiment_0-500,2021.1.4,MacIntel,120.0048002
,,,,,,space,2.2876,2,2.0608,0,34,34,34,1,34,images/flickr_cat_000436.jpg,Youjia Chen,001,2022-04-14_18h14.21.845,Cat face rating experiment_0-500,2021.1.4,MacIntel,120.0048002
,,,,,,space,7.494,2,7.1877,0,35,35,35,1,35,images/flickr_cat_000291.jpg,Youjia Chen,001,2022-04-14_18h14.21.845,Cat face rating experiment_0-500,2021.1.4,MacIntel,120.0048002
,,,,,,space,1.7045,2,1.3994,0,36,36,36,1,36,images/pixabay_cat_001907.jpg,Youjia Chen,001,2022-04-14_18h14.21.845,Cat face rating experiment_0-500,2021.1.4,MacIntel,120.0048002
,,,,,,space,2.1281,7,1.7598,0,37,37,37,1,37,images/pixabay_cat_000351.jpg,Youjia Chen,001,2022-04-14_18h14.21.845,Cat face rating experiment_0-500,2021.1.4,MacIntel,120.0048002
,,,,,,space,1.3978,7,1.0768,0,38,38,38,1,38,images/pixabay_cat_002774.jpg,Youjia Chen,001,2022-04-14_18h14.21.845,Cat face rating experiment_0-500,2021.1.4,MacIntel,120.0048002
,,,,,,space,1.8277,5,1.5218,0,39,39,39,1,39,images/pixabay_cat_001265.jpg,Youjia Chen,001,2022-04-14_18h14.21.845,Cat face rating experiment_0-500,2021.1.4,MacIntel,120.0048002
,,,,,,space,1.6046,6,1.3383,0,40,40,40,1,40,images/flickr_cat_000057.jpg,Youjia Chen,001,2022-04-14_18h14.21.845,Cat face rating experiment_0-500,2021.1.4,MacIntel,120.0048002
,,,,,,space,3.2719,7,2.9616,0,41,41,41,1,41,images/pixabay_cat_002143.jpg,Youjia Chen,001,2022-04-14_18h14.21.845,Cat face rating experiment_0-500,2021.1.4,MacIntel,120.0048002
,,,,,,space,1.247,7,0.9917,0,42,42,42,1,42,images/flickr_cat_000661.jpg,Youjia Chen,001,2022-04-14_18h14.21.845,Cat face rating experiment_0-500,2021.1.4,MacIntel,120.0048002
,,,,,,space,1.5077,6,1.213,0,43,43,43,1,43,images/pixabay_cat_002411.jpg,Youjia Chen,001,2022-04-14_18h14.21.845,Cat face rating experiment_0-500,2021.1.4,MacIntel,120.0048002
,,,,,,space,1.3983,5,1.1107,0,44,44,44,1,44,images/pixabay_cat_002309.jpg,Youjia Chen,001,2022-04-14_18h14.21.845,Cat face rating experiment_0-500,2021.1.4,MacIntel,120.0048002
,,,,,,space,0.8609,,,0,45,45,45,1,45,images/pixabay_cat_001534.jpg,Youjia Chen,001,2022-04-14_18h14.21.845,Cat face rating experiment_0-500,2021.1.4,MacIntel,120.0048002
,,,,,,space,2.0283,7,1.7629,0,46,46,46,1,46,images/flickr_cat_000470.jpg,Youjia Chen,001,2022-04-14_18h14.21.845,Cat face rating experiment_0-500,2021.1.4,MacIntel,120.0048002
,,,,,,space,1.1342,,,0,47,47,47,1,47,images/pixabay_cat_002182.jpg,Youjia Chen,001,2022-04-14_18h14.21.845,Cat face rating experiment_0-500,2021.1.4,MacIntel,120.0048002
,,,,,,space,2.7717,7,2.4872,0,48,48,48,1,48,images/pixabay_cat_001520.jpg,Youjia Chen,001,2022-04-14_18h14.21.845,Cat face rating experiment_0-500,2021.1.4,MacIntel,120.0048002
,,,,,,space,1.2933,6,1.05,0,49,49,49,1,49,images/flickr_cat_000171.jpg,Youjia Chen,001,2022-04-14_18h14.21.845,Cat face rating experiment_0-500,2021.1.4,MacIntel,120.0048002
,,,,,,space,1.7641,5,1.5199,0,50,50,50,1,50,images/flickr_cat_000763.jpg,Youjia Chen,001,2022-04-14_18h14.21.845,Cat face rating experiment_0-500,2021.1.4,MacIntel,120.0048002
,,,,,,space,1.5342,7,1.3016,0,51,51,51,1,51,images/pixabay_cat_002897.jpg,Youjia Chen,001,2022-04-14_18h14.21.845,Cat face rating experiment_0-500,2021.1.4,MacIntel,120.0048002
,,,,,,space,2.0304,2,1.8122,0,52,52,52,1,52,images/flickr_cat_000662.jpg,Youjia Chen,001,2022-04-14_18h14.21.845,Cat face rating experiment_0-500,2021.1.4,MacIntel,120.0048002
,,,,,,space,1.7737,3,1.4896,0,53,53,53,1,53,images/flickr_cat_000064.jpg,Youjia Chen,001,2022-04-14_18h14.21.845,Cat face rating experiment_0-500,2021.1.4,MacIntel,120.0048002
,,,,,,space,2.8235,7,2.4755,0,54,54,54,1,54,images/pixabay_cat_004053.jpg,Youjia Chen,001,2022-04-14_18h14.21.845,Cat face rating experiment_0-500,2021.1.4,MacIntel,120.0048002
,,,,,,space,2.5005,1,2.1773,0,55,55,55,1,55,images/pixabay_cat_004383.jpg,Youjia Chen,001,2022-04-14_18h14.21.845,Cat face rating experiment_0-500,2021.1.4,MacIntel,120.0048002
,,,,,,space,34.903,7,34.5987,0,56,56,56,1,56,images/pixabay_cat_003546.jpg,Youjia Chen,001,2022-04-14_18h14.21.845,Cat face rating experiment_0-500,2021.1.4,MacIntel,120.0048002
,,,,,,space,1.0629,7,0.8066,0,57,57,57,1,57,images/pixabay_cat_001894.jpg,Youjia Chen,001,2022-04-14_18h14.21.845,Cat face rating experiment_0-500,2021.1.4,MacIntel,120.0048002
,,,,,,space,1.3798,7,0.6352,0,58,58,58,1,58,images/pixabay_cat_000264.jpg,Youjia Chen,001,2022-04-14_18h14.21.845,Cat face rating experiment_0-500,2021.1.4,MacIntel,120.0048002
,,,,,,space,2.4115,1,1.9114,0,59,59,59,1,59,images/pixabay_cat_001276.jpg,Youjia Chen,001,2022-04-14_18h14.21.845,Cat face rating experiment_0-500,2021.1.4,MacIntel,120.0048002
,,,,,,space,1.0121,1,0.7,0,60,60,60,1,60,images/pixabay_cat_002405.jpg,Youjia Chen,001,2022-04-14_18h14.21.845,Cat face rating experiment_0-500,2021.1.4,MacIntel,120.0048002
,,,,,,space,1.1129,1,0.7945,0,61,61,61,1,61,images/pixabay_cat_002175.jpg,Youjia Chen,001,2022-04-14_18h14.21.845,Cat face rating experiment_0-500,2021.1.4,MacIntel,120.0048002
,,,,,,space,2.716,7,2.0781,0,62,62,62,1,62,images/pixabay_cat_000852.jpg,Youjia Chen,001,2022-04-14_18h14.21.845,Cat face rating experiment_0-500,2021.1.4,MacIntel,120.0048002
,,,,,,space,5.2381,2,4.5024,0,63,63,63,1,63,images/pixabay_cat_001484.jpg,Youjia Chen,001,2022-04-14_18h14.21.845,Cat face rating experiment_0-500,2021.1.4,MacIntel,120.0048002
,,,,,,space,3.2611,5,2.9792,0,64,64,64,1,64,images/pixabay_cat_004181.jpg,Youjia Chen,001,2022-04-14_18h14.21.845,Cat face rating experiment_0-500,2021.1.4,MacIntel,120.0048002
,,,,,,space,2.3531,3,1.7285,0,65,65,65,1,65,images/pixabay_cat_003705.jpg,Youjia Chen,001,2022-04-14_18h14.21.845,Cat face rating experiment_0-500,2021.1.4,MacIntel,120.0048002
,,,,,,space,2.9754,1,2.6288,0,66,66,66,1,66,images/pixabay_cat_004638.jpg,Youjia Chen,001,2022-04-14_18h14.21.845,Cat face rating experiment_0-500,2021.1.4,MacIntel,120.0048002
,,,,,,space,1.5251,1,1.1671,0,67,67,67,1,67,images/pixabay_cat_003846.jpg,Youjia Chen,001,2022-04-14_18h14.21.845,Cat face rating experiment_0-500,2021.1.4,MacIntel,120.0048002
,,,,,,space,1.8432,7,1.5456,0,68,68,68,1,68,images/pixabay_cat_001886.jpg,Youjia Chen,001,2022-04-14_18h14.21.845,Cat face rating experiment_0-500,2021.1.4,MacIntel,120.0048002
,,,,,,space,2.3449,7,1.6847,0,69,69,69,1,69,images/pixabay_cat_004424.jpg,Youjia Chen,001,2022-04-14_18h14.21.845,Cat face rating experiment_0-500,2021.1.4,MacIntel,120.0048002
,,,,,,space,2.2445,6,2.0288,0,70,70,70,1,70,images/pixabay_cat_002027.jpg,Youjia Chen,001,2022-04-14_18h14.21.845,Cat face rating experiment_0-500,2021.1.4,MacIntel,120.0048002
,,,,,,space,1.529,6,1.1202,0,71,71,71,1,71,images/pixabay_cat_004796.jpg,Youjia Chen,001,2022-04-14_18h14.21.845,Cat face rating experiment_0-500,2021.1.4,MacIntel,120.0048002
,,,,,,space,2.5219,2,1.7109,0,72,72,72,1,72,images/pixabay_cat_001698.jpg,Youjia Chen,001,2022-04-14_18h14.21.845,Cat face rating experiment_0-500,2021.1.4,MacIntel,120.0048002
,,,,,,space,1.873,7,1.6052,0,73,73,73,1,73,images/pixabay_cat_001898.jpg,Youjia Chen,001,2022-04-14_18h14.21.845,Cat face rating experiment_0-500,2021.1.4,MacIntel,120.0048002
,,,,,,space,2.1594,2,1.9181,0,74,74,74,1,74,images/pixabay_cat_002250.jpg,Youjia Chen,001,2022-04-14_18h14.21.845,Cat face rating experiment_0-500,2021.1.4,MacIntel,120.0048002
,,,,,,space,1.7714,7,1.3451,0,75,75,75,1,75,images/pixabay_cat_004050.jpg,Youjia Chen,001,2022-04-14_18h14.21.845,Cat face rating experiment_0-500,2021.1.4,MacIntel,120.0048002
,,,,,,space,1.5755,6,1.2596,0,76,76,76,1,76,images/pixabay_cat_002738.jpg,Youjia Chen,001,2022-04-14_18h14.21.845,Cat face rating experiment_0-500,2021.1.4,MacIntel,120.0048002
,,,,,,space,1.7307,5,1.3034,0,77,77,77,1,77,images/flickr_cat_000034.jpg,Youjia Chen,001,2022-04-14_18h14.21.845,Cat face rating experiment_0-500,2021.1.4,MacIntel,120.0048002
,,,,,,space,1.5839,1,1.3316,0,78,78,78,1,78,images/pixabay_cat_000766.jpg,Youjia Chen,001,2022-04-14_18h14.21.845,Cat face rating experiment_0-500,2021.1.4,MacIntel,120.0048002
,,,,,,space,1.7966,2,1.6193,0,79,79,79,1,79,images/flickr_cat_000793.jpg,Youjia Chen,001,2022-04-14_18h14.21.845,Cat face rating experiment_0-500,2021.1.4,MacIntel,120.0048002
,,,,,,space,3.7487,1,2.9625,0,80,80,80,1,80,images/pixabay_cat_000998.jpg,Youjia Chen,001,2022-04-14_18h14.21.845,Cat face rating experiment_0-500,2021.1.4,MacIntel,120.0048002
,,,,,,space,2.1678,2,1.8894,0,81,81,81,1,81,images/pixabay_cat_002176.jpg,Youjia Chen,001,2022-04-14_18h14.21.845,Cat face rating experiment_0-500,2021.1.4,MacIntel,120.0048002
,,,,,,space,1.1585,2,0.8647,0,82,82,82,1,82,images/flickr_cat_000066.jpg,Youjia Chen,001,2022-04-14_18h14.21.845,Cat face rating experiment_0-500,2021.1.4,MacIntel,120.0048002
,,,,,,space,1.7345,7,1.4492,0,83,83,83,1,83,images/pixabay_cat_001796.jpg,Youjia Chen,001,2022-04-14_18h14.21.845,Cat face rating experiment_0-500,2021.1.4,MacIntel,120.0048002
,,,,,,space,1.7729,5,1.3741,0,84,84,84,1,84,images/pixabay_cat_001862.jpg,Youjia Chen,001,2022-04-14_18h14.21.845,Cat face rating experiment_0-500,2021.1.4,MacIntel,120.0048002
,,,,,,space,1.7057,7,1.4778,0,85,85,85,1,85,images/pixabay_cat_001624.jpg,Youjia Chen,001,2022-04-14_18h14.21.845,Cat face rating experiment_0-500,2021.1.4,MacIntel,120.0048002
,,,,,,space,1.7679,2,1.5,0,86,86,86,1,86,images/pixabay_cat_000822.jpg,Youjia Chen,001,2022-04-14_18h14.21.845,Cat face rating experiment_0-500,2021.1.4,MacIntel,120.0048002
,,,,,,space,2.8236,7,2.4914,0,87,87,87,1,87,images/pixabay_cat_001353.jpg,Youjia Chen,001,2022-04-14_18h14.21.845,Cat face rating experiment_0-500,2021.1.4,MacIntel,120.0048002
,,,,,,space,1.8159,3,1.5415,0,88,88,88,1,88,images/pixabay_cat_003405.jpg,Youjia Chen,001,2022-04-14_18h14.21.845,Cat face rating experiment_0-500,2021.1.4,MacIntel,120.0048002
,,,,,,space,2.1562,6,1.8356,0,89,89,89,1,89,images/pixabay_cat_003174.jpg,Youjia Chen,001,2022-04-14_18h14.21.845,Cat face rating experiment_0-500,2021.1.4,MacIntel,120.0048002
,,,,,,space,2.7506,7,2.4724,0,90,90,90,1,90,images/pixabay_cat_003323.jpg,Youjia Chen,001,2022-04-14_18h14.21.845,Cat face rating experiment_0-500,2021.1.4,MacIntel,120.0048002
,,,,,,space,2.6914,5,2.4183,0,91,91,91,1,91,images/pixabay_cat_003603.jpg,Youjia Chen,001,2022-04-14_18h14.21.845,Cat face rating experiment_0-500,2021.1.4,MacIntel,120.0048002
,,,,,,space,1.816,7,1.5607,0,92,92,92,1,92,images/pixabay_cat_004244.jpg,Youjia Chen,001,2022-04-14_18h14.21.845,Cat face rating experiment_0-500,2021.1.4,MacIntel,120.0048002
,,,,,,space,2.0692,2,1.8128,0,93,93,93,1,93,images/flickr_cat_000185.jpg,Youjia Chen,001,2022-04-14_18h14.21.845,Cat face rating experiment_0-500,2021.1.4,MacIntel,120.0048002
,,,,,,space,1.9185,7,1.6269,0,94,94,94,1,94,images/pixabay_cat_004174.jpg,Youjia Chen,001,2022-04-14_18h14.21.845,Cat face rating experiment_0-500,2021.1.4,MacIntel,120.0048002
,,,,,,space,1.306,7,1.0622,0,95,95,95,1,95,images/pixabay_cat_003857.jpg,Youjia Chen,001,2022-04-14_18h14.21.845,Cat face rating experiment_0-500,2021.1.4,MacIntel,120.0048002
,,,,,,space,1.7379,2,1.4724,0,96,96,96,1,96,images/pixabay_cat_000879.jpg,Youjia Chen,001,2022-04-14_18h14.21.845,Cat face rating experiment_0-500,2021.1.4,MacIntel,120.0048002
,,,,,,space,1.5115,3,0.9783,0,97,97,97,1,97,images/pixabay_cat_001251.jpg,Youjia Chen,001,2022-04-14_18h14.21.845,Cat face rating experiment_0-500,2021.1.4,MacIntel,120.0048002
,,,,,,space,2.5364,6,1.4438,0,98,98,98,1,98,images/pixabay_cat_000306.jpg,Youjia Chen,001,2022-04-14_18h14.21.845,Cat face rating experiment_0-500,2021.1.4,MacIntel,120.0048002
,,,,,,space,2.6058,1,2.2457,0,99,99,99,1,99,images/pixabay_cat_004615.jpg,Youjia Chen,001,2022-04-14_18h14.21.845,Cat face rating experiment_0-500,2021.1.4,MacIntel,120.0048002
,,,,,,space,2.0352,7,1.7422,0,100,100,100,1,100,images/pixabay_cat_001846.jpg,Youjia Chen,001,2022-04-14_18h14.21.845,Cat face rating experiment_0-500,2021.1.4,MacIntel,120.0048002
,,,,,,space,1.8413,2,1.5564,0,101,101,101,1,101,images/pixabay_cat_002180.jpg,Youjia Chen,001,2022-04-14_18h14.21.845,Cat face rating experiment_0-500,2021.1.4,MacIntel,120.0048002
,,,,,,space,1.6825,1,1.4707,0,102,102,102,1,102,images/pixabay_cat_004451.jpg,Youjia Chen,001,2022-04-14_18h14.21.845,Cat face rating experiment_0-500,2021.1.4,MacIntel,120.0048002
,,,,,,space,1.5102,1,1.2606,0,103,103,103,1,103,images/flickr_cat_000281.jpg,Youjia Chen,001,2022-04-14_18h14.21.845,Cat face rating experiment_0-500,2021.1.4,MacIntel,120.0048002
,,,,,,space,1.2939,1,0.9707,0,104,104,104,1,104,images/pixabay_cat_002858.jpg,Youjia Chen,001,2022-04-14_18h14.21.845,Cat face rating experiment_0-500,2021.1.4,MacIntel,120.0048002
,,,,,,space,1.0832,1,0.8136,0,105,105,105,1,105,images/pixabay_cat_000992.jpg,Youjia Chen,001,2022-04-14_18h14.21.845,Cat face rating experiment_0-500,2021.1.4,MacIntel,120.0048002
,,,,,,space,2.1526,3,1.8622,0,106,106,106,1,106,images/pixabay_cat_002097.jpg,Youjia Chen,001,2022-04-14_18h14.21.845,Cat face rating experiment_0-500,2021.1.4,MacIntel,120.0048002
,,,,,,space,2.2261,7,1.9127,0,107,107,107,1,107,images/pixabay_cat_002098.jpg,Youjia Chen,001,2022-04-14_18h14.21.845,Cat face rating experiment_0-500,2021.1.4,MacIntel,120.0048002
,,,,,,space,1.7121,6,1.3615,0,108,108,108,1,108,images/pixabay_cat_004280.jpg,Youjia Chen,001,2022-04-14_18h14.21.845,Cat face rating experiment_0-500,2021.1.4,MacIntel,120.0048002
,,,,,,space,1.7742,7,1.5109,0,109,109,109,1,109,images/pixabay_cat_001545.jpg,Youjia Chen,001,2022-04-14_18h14.21.845,Cat face rating experiment_0-500,2021.1.4,MacIntel,120.0048002
,,,,,,space,1.2842,7,0.7169,0,110,110,110,1,110,images/pixabay_cat_000455.jpg,Youjia Chen,001,2022-04-14_18h14.21.845,Cat face rating experiment_0-500,2021.1.4,MacIntel,120.0048002
,,,,,,space,2.0303,7,1.6551,0,111,111,111,1,111,images/pixabay_cat_003089.jpg,Youjia Chen,001,2022-04-14_18h14.21.845,Cat face rating experiment_0-500,2021.1.4,MacIntel,120.0048002
,,,,,,space,2.1977,3,1.9193,0,112,112,112,1,112,images/pixabay_cat_000383.jpg,Youjia Chen,001,2022-04-14_18h14.21.845,Cat face rating experiment_0-500,2021.1.4,MacIntel,120.0048002
,,,,,,space,1.7959,6,1.505,0,113,113,113,1,113,images/flickr_cat_000432.jpg,Youjia Chen,001,2022-04-14_18h14.21.845,Cat face rating experiment_0-500,2021.1.4,MacIntel,120.0048002
,,,,,,space,1.5593,6,0.8945,0,114,114,114,1,114,images/pixabay_cat_001133.jpg,Youjia Chen,001,2022-04-14_18h14.21.845,Cat face rating experiment_0-500,2021.1.4,MacIntel,120.0048002
,,,,,,space,2.467,1,2.1879,0,115,115,115,1,115,images/pixabay_cat_003123.jpg,Youjia Chen,001,2022-04-14_18h14.21.845,Cat face rating experiment_0-500,2021.1.4,MacIntel,120.0048002
,,,,,,space,1.5839,1,0.8032,0,116,116,116,1,116,images/pixabay_cat_001655.jpg,Youjia Chen,001,2022-04-14_18h14.21.845,Cat face rating experiment_0-500,2021.1.4,MacIntel,120.0048002
,,,,,,space,1.3202,1,0.9867,0,117,117,117,1,117,images/pixabay_cat_003976.jpg,Youjia Chen,001,2022-04-14_18h14.21.845,Cat face rating experiment_0-500,2021.1.4,MacIntel,120.0048002
,,,,,,space,1.7819,2,1.4652,0,118,118,118,1,118,images/pixabay_cat_000912.jpg,Youjia Chen,001,2022-04-14_18h14.21.845,Cat face rating experiment_0-500,2021.1.4,MacIntel,120.0048002
,,,,,,space,2.161,5,1.7866,0,119,119,119,1,119,images/flickr_cat_000059.jpg,Youjia Chen,001,2022-04-14_18h14.21.845,Cat face rating experiment_0-500,2021.1.4,MacIntel,120.0048002
,,,,,,space,1.9063,6,1.7025,0,120,120,120,1,120,images/pixabay_cat_000819.jpg,Youjia Chen,001,2022-04-14_18h14.21.845,Cat face rating experiment_0-500,2021.1.4,MacIntel,120.0048002
,,,,,,space,2.7167,7,2.3369,0,121,121,121,1,121,images/pixabay_cat_003980.jpg,Youjia Chen,001,2022-04-14_18h14.21.845,Cat face rating experiment_0-500,2021.1.4,MacIntel,120.0048002
,,,,,,space,1.0547,7,0.7211,0,122,122,122,1,122,images/pixabay_cat_000798.jpg,Youjia Chen,001,2022-04-14_18h14.21.845,Cat face rating experiment_0-500,2021.1.4,MacIntel,120.0048002
,,,,,,space,3.2728,1,2.9107,0,123,123,123,1,123,images/pixabay_cat_002599.jpg,Youjia Chen,001,2022-04-14_18h14.21.845,Cat face rating experiment_0-500,2021.1.4,MacIntel,120.0048002
,,,,,,space,2.6324,3,2.3396,0,124,124,124,1,124,images/pixabay_cat_001193.jpg,Youjia Chen,001,2022-04-14_18h14.21.845,Cat face rating experiment_0-500,2021.1.4,MacIntel,120.0048002
,,,,,,space,1.6906,6,1.3613,0,125,125,125,1,125,images/pixabay_cat_004644.jpg,Youjia Chen,001,2022-04-14_18h14.21.845,Cat face rating experiment_0-500,2021.1.4,MacIntel,120.0048002
,,,,,,space,1.8361,2,1.5858,0,126,126,126,1,126,images/pixabay_cat_001274.jpg,Youjia Chen,001,2022-04-14_18h14.21.845,Cat face rating experiment_0-500,2021.1.4,MacIntel,120.0048002
,,,,,,space,1.8494,3,1.6302,0,127,127,127,1,127,images/flickr_cat_000820.jpg,Youjia Chen,001,2022-04-14_18h14.21.845,Cat face rating experiment_0-500,2021.1.4,MacIntel,120.0048002
,,,,,,space,1.8611,6,1.5354,0,128,128,128,1,128,images/pixabay_cat_001568.jpg,Youjia Chen,001,2022-04-14_18h14.21.845,Cat face rating experiment_0-500,2021.1.4,MacIntel,120.0048002
,,,,,,space,1.7432,3,1.5029,0,129,129,129,1,129,images/pixabay_cat_001123.jpg,Youjia Chen,001,2022-04-14_18h14.21.845,Cat face rating experiment_0-500,2021.1.4,MacIntel,120.0048002
,,,,,,space,3.1078,5,2.2779,0,130,130,130,1,130,images/pixabay_cat_001498.jpg,Youjia Chen,001,2022-04-14_18h14.21.845,Cat face rating experiment_0-500,2021.1.4,MacIntel,120.0048002
,,,,,,space,1.8555,2,1.669,0,131,131,131,1,131,images/pixabay_cat_001301.jpg,Youjia Chen,001,2022-04-14_18h14.21.845,Cat face rating experiment_0-500,2021.1.4,MacIntel,120.0048002
,,,,,,space,1.7455,7,1.4413,0,132,132,132,1,132,images/pixabay_cat_002404.jpg,Youjia Chen,001,2022-04-14_18h14.21.845,Cat face rating experiment_0-500,2021.1.4,MacIntel,120.0048002
,,,,,,space,1.8156,2,1.5172,0,133,133,133,1,133,images/pixabay_cat_001714.jpg,Youjia Chen,001,2022-04-14_18h14.21.845,Cat face rating experiment_0-500,2021.1.4,MacIntel,120.0048002
,,,,,,space,2.1169,3,1.8391,0,134,134,134,1,134,images/pixabay_cat_003332.jpg,Youjia Chen,001,2022-04-14_18h14.21.845,Cat face rating experiment_0-500,2021.1.4,MacIntel,120.0048002
,,,,,,space,2.8301,6,2.2207,0,135,135,135,1,135,images/pixabay_cat_000176.jpg,Youjia Chen,001,2022-04-14_18h14.21.845,Cat face rating experiment_0-500,2021.1.4,MacIntel,120.0048002
,,,,,,space,2.0224,2,1.7769,0,136,136,136,1,136,images/pixabay_cat_003592.jpg,Youjia Chen,001,2022-04-14_18h14.21.845,Cat face rating experiment_0-500,2021.1.4,MacIntel,120.0048002
,,,,,,space,4.8201,3,2.1889,0,137,137,137,1,137,images/pixabay_cat_001978.jpg,Youjia Chen,001,2022-04-14_18h14.21.845,Cat face rating experiment_0-500,2021.1.4,MacIntel,120.0048002
,,,,,,space,1.9192,6,1.3194,0,138,138,138,1,138,images/pixabay_cat_000739.jpg,Youjia Chen,001,2022-04-14_18h14.21.845,Cat face rating experiment_0-500,2021.1.4,MacIntel,120.0048002
,,,,,,space,2.3869,3,2.079,0,139,139,139,1,139,images/pixabay_cat_000620.jpg,Youjia Chen,001,2022-04-14_18h14.21.845,Cat face rating experiment_0-500,2021.1.4,MacIntel,120.0048002
,,,,,,space,2.6171,6,2.2782,0,140,140,140,1,140,images/pixabay_cat_000659.jpg,Youjia Chen,001,2022-04-14_18h14.21.845,Cat face rating experiment_0-500,2021.1.4,MacIntel,120.0048002
,,,,,,space,2.2483,7,1.2528,0,141,141,141,1,141,images/pixabay_cat_002627.jpg,Youjia Chen,001,2022-04-14_18h14.21.845,Cat face rating experiment_0-500,2021.1.4,MacIntel,120.0048002
,,,,,,space,3.0978,6,1.3117,0,142,142,142,1,142,images/flickr_cat_000797.jpg,Youjia Chen,001,2022-04-14_18h14.21.845,Cat face rating experiment_0-500,2021.1.4,MacIntel,120.0048002
,,,,,,space,1.9155,6,1.4605,0,143,143,143,1,143,images/pixabay_cat_003057.jpg,Youjia Chen,001,2022-04-14_18h14.21.845,Cat face rating experiment_0-500,2021.1.4,MacIntel,120.0048002
,,,,,,space,1.8057,2,1.5096,0,144,144,144,1,144,images/pixabay_cat_003851.jpg,Youjia Chen,001,2022-04-14_18h14.21.845,Cat face rating experiment_0-500,2021.1.4,MacIntel,120.0048002
,,,,,,space,9.57,2,3.3943,0,145,145,145,1,145,images/pixabay_cat_003962.jpg,Youjia Chen,001,2022-04-14_18h14.21.845,Cat face rating experiment_0-500,2021.1.4,MacIntel,120.0048002
,,,,,,space,2.0203,6,1.6777,0,146,146,146,1,146,images/pixabay_cat_004447.jpg,Youjia Chen,001,2022-04-14_18h14.21.845,Cat face rating experiment_0-500,2021.1.4,MacIntel,120.0048002
,,,,,,space,1.3005,6,1.0334,0,147,147,147,1,147,images/flickr_cat_000438.jpg,Youjia Chen,001,2022-04-14_18h14.21.845,Cat face rating experiment_0-500,2021.1.4,MacIntel,120.0048002
,,,,,,space,1.7064,2,1.4201,0,148,148,148,1,148,images/flickr_cat_000511.jpg,Youjia Chen,001,2022-04-14_18h14.21.845,Cat face rating experiment_0-500,2021.1.4,MacIntel,120.0048002
,,,,,,space,1.6984,7,1.4815,0,149,149,149,1,149,images/pixabay_cat_003704.jpg,Youjia Chen,001,2022-04-14_18h14.21.845,Cat face rating experiment_0-500,2021.1.4,MacIntel,120.0048002
,,,,,,space,1.715,2,1.5454,0,150,150,150,1,150,images/pixabay_cat_002372.jpg,Youjia Chen,001,2022-04-14_18h14.21.845,Cat face rating experiment_0-500,2021.1.4,MacIntel,120.0048002
,,,,,,space,2.798,2,2.1638,0,151,151,151,1,151,images/pixabay_cat_003078.jpg,Youjia Chen,001,2022-04-14_18h14.21.845,Cat face rating experiment_0-500,2021.1.4,MacIntel,120.0048002
,,,,,,space,5.4275,1,5.1529,0,152,152,152,1,152,images/flickr_cat_000577.jpg,Youjia Chen,001,2022-04-14_18h14.21.845,Cat face rating experiment_0-500,2021.1.4,MacIntel,120.0048002
,,,,,,space,1.7248,7,1.5296,0,153,153,153,1,153,images/pixabay_cat_002172.jpg,Youjia Chen,001,2022-04-14_18h14.21.845,Cat face rating experiment_0-500,2021.1.4,MacIntel,120.0048002
,,,,,,space,1.7972,6,1.3281,0,154,154,154,1,154,images/pixabay_cat_004500.jpg,Youjia Chen,001,2022-04-14_18h14.21.845,Cat face rating experiment_0-500,2021.1.4,MacIntel,120.0048002
,,,,,,space,1.7547,5,1.144,0,155,155,155,1,155,images/flickr_cat_000003.jpg,Youjia Chen,001,2022-04-14_18h14.21.845,Cat face rating experiment_0-500,2021.1.4,MacIntel,120.0048002
,,,,,,space,2.2552,7,1.9725,0,156,156,156,1,156,images/pixabay_cat_000574.jpg,Youjia Chen,001,2022-04-14_18h14.21.845,Cat face rating experiment_0-500,2021.1.4,MacIntel,120.0048002
,,,,,,space,1.0241,7,0.7856,0,157,157,157,1,157,images/pixabay_cat_002457.jpg,Youjia Chen,001,2022-04-14_18h14.21.845,Cat face rating experiment_0-500,2021.1.4,MacIntel,120.0048002
,,,,,,space,3.6255,1,3.2971,0,158,158,158,1,158,images/pixabay_cat_000359.jpg,Youjia Chen,001,2022-04-14_18h14.21.845,Cat face rating experiment_0-500,2021.1.4,MacIntel,120.0048002
,,,,,,space,1.5794,7,1.3376,0,159,159,159,1,159,images/pixabay_cat_000496.jpg,Youjia Chen,001,2022-04-14_18h14.21.845,Cat face rating experiment_0-500,2021.1.4,MacIntel,120.0048002
,,,,,,space,3.0228,5,2.7047,0,160,160,160,1,160,images/pixabay_cat_000379.jpg,Youjia Chen,001,2022-04-14_18h14.21.845,Cat face rating experiment_0-500,2021.1.4,MacIntel,120.0048002
,,,,,,space,2.5384,7,2.2304,0,161,161,161,1,161,images/flickr_cat_000046.jpg,Youjia Chen,001,2022-04-14_18h14.21.845,Cat face rating experiment_0-500,2021.1.4,MacIntel,120.0048002
,,,,,,space,2.8978,3,2.6063,0,162,162,162,1,162,images/pixabay_cat_004397.jpg,Youjia Chen,001,2022-04-14_18h14.21.845,Cat face rating experiment_0-500,2021.1.4,MacIntel,120.0048002
,,,,,,space,1.6843,5,1.3922,0,163,163,163,1,163,images/flickr_cat_000663.jpg,Youjia Chen,001,2022-04-14_18h14.21.845,Cat face rating experiment_0-500,2021.1.4,MacIntel,120.0048002
,,,,,,space,1.7949,7,1.5355,0,164,164,164,1,164,images/pixabay_cat_002199.jpg,Youjia Chen,001,2022-04-14_18h14.21.845,Cat face rating experiment_0-500,2021.1.4,MacIntel,120.0048002
,,,,,,space,1.0712,7,0.7634,0,165,165,165,1,165,images/pixabay_cat_000262.jpg,Youjia Chen,001,2022-04-14_18h14.21.845,Cat face rating experiment_0-500,2021.1.4,MacIntel,120.0048002
,,,,,,space,1.036,7,0.7706,0,166,166,166,1,166,images/pixabay_cat_002512.jpg,Youjia Chen,001,2022-04-14_18h14.21.845,Cat face rating experiment_0-500,2021.1.4,MacIntel,120.0048002
,,,,,,space,0.8865,7,0.7,0,167,167,167,1,167,images/pixabay_cat_002963.jpg,Youjia Chen,001,2022-04-14_18h14.21.845,Cat face rating experiment_0-500,2021.1.4,MacIntel,120.0048002
,,,,,,space,0.8029,7,0.6044,0,168,168,168,1,168,images/flickr_cat_000217.jpg,Youjia Chen,001,2022-04-14_18h14.21.845,Cat face rating experiment_0-500,2021.1.4,MacIntel,120.0048002
,,,,,,space,1.4864,7,0.7178,0,169,169,169,1,169,images/pixabay_cat_001813.jpg,Youjia Chen,001,2022-04-14_18h14.21.845,Cat face rating experiment_0-500,2021.1.4,MacIntel,120.0048002
,,,,,,space,0.9168,7,0.6729,0,170,170,170,1,170,images/pixabay_cat_000332.jpg,Youjia Chen,001,2022-04-14_18h14.21.845,Cat face rating experiment_0-500,2021.1.4,MacIntel,120.0048002
,,,,,,space,1.9024,3,1.5722,0,171,171,171,1,171,images/flickr_cat_000638.jpg,Youjia Chen,001,2022-04-14_18h14.21.845,Cat face rating experiment_0-500,2021.1.4,MacIntel,120.0048002
,,,,,,space,1.9873,5,1.4028,0,172,172,172,1,172,images/pixabay_cat_001722.jpg,Youjia Chen,001,2022-04-14_18h14.21.845,Cat face rating experiment_0-500,2021.1.4,MacIntel,120.0048002
,,,,,,space,2.148,7,1.8929,0,173,173,173,1,173,images/pixabay_cat_000034.jpg,Youjia Chen,001,2022-04-14_18h14.21.845,Cat face rating experiment_0-500,2021.1.4,MacIntel,120.0048002
,,,,,,space,2.092,7,1.7528,0,174,174,174,1,174,images/pixabay_cat_003888.jpg,Youjia Chen,001,2022-04-14_18h14.21.845,Cat face rating experiment_0-500,2021.1.4,MacIntel,120.0048002
,,,,,,space,1.9981,5,1.5775,0,175,175,175,1,175,images/pixabay_cat_002408.jpg,Youjia Chen,001,2022-04-14_18h14.21.845,Cat face rating experiment_0-500,2021.1.4,MacIntel,120.0048002
,,,,,,space,3.4365,1,3.1802,0,176,176,176,1,176,images/pixabay_cat_003398.jpg,Youjia Chen,001,2022-04-14_18h14.21.845,Cat face rating experiment_0-500,2021.1.4,MacIntel,120.0048002
,,,,,,space,1.4063,1,0.9594,0,177,177,177,1,177,images/pixabay_cat_003226.jpg,Youjia Chen,001,2022-04-14_18h14.21.845,Cat face rating experiment_0-500,2021.1.4,MacIntel,120.0048002
,,,,,,space,5.5726,2,3.206,0,178,178,178,1,178,images/pixabay_cat_001472.jpg,Youjia Chen,001,2022-04-14_18h14.21.845,Cat face rating experiment_0-500,2021.1.4,MacIntel,120.0048002
,,,,,,space,1.55,5,1.309,0,179,179,179,1,179,images/pixabay_cat_000063.jpg,Youjia Chen,001,2022-04-14_18h14.21.845,Cat face rating experiment_0-500,2021.1.4,MacIntel,120.0048002
,,,,,,space,3.0444,6,2.733,0,180,180,180,1,180,images/pixabay_cat_003893.jpg,Youjia Chen,001,2022-04-14_18h14.21.845,Cat face rating experiment_0-500,2021.1.4,MacIntel,120.0048002
,,,,,,space,1.3849,6,1.1473,0,181,181,181,1,181,images/pixabay_cat_000442.jpg,Youjia Chen,001,2022-04-14_18h14.21.845,Cat face rating experiment_0-500,2021.1.4,MacIntel,120.0048002
,,,,,,space,1.9384,2,1.6935,0,182,182,182,1,182,images/flickr_cat_000773.jpg,Youjia Chen,001,2022-04-14_18h14.21.845,Cat face rating experiment_0-500,2021.1.4,MacIntel,120.0048002
,,,,,,space,1.3437,3,1.0517,0,183,183,183,1,183,images/pixabay_cat_004091.jpg,Youjia Chen,001,2022-04-14_18h14.21.845,Cat face rating experiment_0-500,2021.1.4,MacIntel,120.0048002
,,,,,,space,1.7031,5,1.4272,0,184,184,184,1,184,images/pixabay_cat_003152.jpg,Youjia Chen,001,2022-04-14_18h14.21.845,Cat face rating experiment_0-500,2021.1.4,MacIntel,120.0048002
,,,,,,space,1.3907,,,0,185,185,185,1,185,images/pixabay_cat_004821.jpg,Youjia Chen,001,2022-04-14_18h14.21.845,Cat face rating experiment_0-500,2021.1.4,MacIntel,120.0048002
,,,,,,space,2.6648,3,2.4409,0,186,186,186,1,186,images/pixabay_cat_002288.jpg,Youjia Chen,001,2022-04-14_18h14.21.845,Cat face rating experiment_0-500,2021.1.4,MacIntel,120.0048002
,,,,,,space,1.9077,2,1.713,0,187,187,187,1,187,images/pixabay_cat_003867.jpg,Youjia Chen,001,2022-04-14_18h14.21.845,Cat face rating experiment_0-500,2021.1.4,MacIntel,120.0048002
,,,,,,space,5.665,7,4.896,0,188,188,188,1,188,images/pixabay_cat_004493.jpg,Youjia Chen,001,2022-04-14_18h14.21.845,Cat face rating experiment_0-500,2021.1.4,MacIntel,120.0048002
,,,,,,space,1.8129,3,1.6529,0,189,189,189,1,189,images/pixabay_cat_002530.jpg,Youjia Chen,001,2022-04-14_18h14.21.845,Cat face rating experiment_0-500,2021.1.4,MacIntel,120.0048002
,,,,,,space,1.5565,5,1.3213,0,190,190,190,1,190,images/pixabay_cat_002297.jpg,Youjia Chen,001,2022-04-14_18h14.21.845,Cat face rating experiment_0-500,2021.1.4,MacIntel,120.0048002
,,,,,,space,1.6363,6,1.405,0,191,191,191,1,191,images/pixabay_cat_001734.jpg,Youjia Chen,001,2022-04-14_18h14.21.845,Cat face rating experiment_0-500,2021.1.4,MacIntel,120.0048002
,,,,,,space,1.8342,3,1.5604,0,192,192,192,1,192,images/flickr_cat_000718.jpg,Youjia Chen,001,2022-04-14_18h14.21.845,Cat face rating experiment_0-500,2021.1.4,MacIntel,120.0048002
,,,,,,space,2.2658,6,2.0803,0,193,193,193,1,193,images/pixabay_cat_001019.jpg,Youjia Chen,001,2022-04-14_18h14.21.845,Cat face rating experiment_0-500,2021.1.4,MacIntel,120.0048002
,,,,,,space,1.2298,5,1.0362,0,194,194,194,1,194,images/pixabay_cat_000456.jpg,Youjia Chen,001,2022-04-14_18h14.21.845,Cat face rating experiment_0-500,2021.1.4,MacIntel,120.0048002
,,,,,,space,1.9238,7,1.7124,0,195,195,195,1,195,images/pixabay_cat_002847.jpg,Youjia Chen,001,2022-04-14_18h14.21.845,Cat face rating experiment_0-500,2021.1.4,MacIntel,120.0048002
,,,,,,space,1.9656,2,1.7559,0,196,196,196,1,196,images/flickr_cat_000298.jpg,Youjia Chen,001,2022-04-14_18h14.21.845,Cat face rating experiment_0-500,2021.1.4,MacIntel,120.0048002
,,,,,,space,1.5672,3,1.2966,0,197,197,197,1,197,images/pixabay_cat_003868.jpg,Youjia Chen,001,2022-04-14_18h14.21.845,Cat face rating experiment_0-500,2021.1.4,MacIntel,120.0048002
,,,,,,space,1.448,2,1.2605,0,198,198,198,1,198,images/pixabay_cat_003003.jpg,Youjia Chen,001,2022-04-14_18h14.21.845,Cat face rating experiment_0-500,2021.1.4,MacIntel,120.0048002
,,,,,,space,1.7401,3,1.4269,0,199,199,199,1,199,images/pixabay_cat_003233.jpg,Youjia Chen,001,2022-04-14_18h14.21.845,Cat face rating experiment_0-500,2021.1.4,MacIntel,120.0048002
,,,,,,space,2.7606,7,2.4677,0,200,200,200,1,200,images/pixabay_cat_000021.jpg,Youjia Chen,001,2022-04-14_18h14.21.845,Cat face rating experiment_0-500,2021.1.4,MacIntel,120.0048002
,,,,,,space,3.4836,3,3.2366,0,201,201,201,1,201,images/pixabay_cat_003295.jpg,Youjia Chen,001,2022-04-14_18h14.21.845,Cat face rating experiment_0-500,2021.1.4,MacIntel,120.0048002
,,,,,,space,1.5555,3,1.3756,0,202,202,202,1,202,images/pixabay_cat_000897.jpg,Youjia Chen,001,2022-04-14_18h14.21.845,Cat face rating experiment_0-500,2021.1.4,MacIntel,120.0048002
,,,,,,space,1.9011,7,1.7043,0,203,203,203,1,203,images/pixabay_cat_002729.jpg,Youjia Chen,001,2022-04-14_18h14.21.845,Cat face rating experiment_0-500,2021.1.4,MacIntel,120.0048002
,,,,,,space,1.4637,7,1.1781,0,204,204,204,1,204,images/pixabay_cat_004139.jpg,Youjia Chen,001,2022-04-14_18h14.21.845,Cat face rating experiment_0-500,2021.1.4,MacIntel,120.0048002
,,,,,,space,1.3394,7,0.941,0,205,205,205,1,205,images/flickr_cat_000562.jpg,Youjia Chen,001,2022-04-14_18h14.21.845,Cat face rating experiment_0-500,2021.1.4,MacIntel,120.0048002
,,,,,,space,1.9824,5,1.7317,0,206,206,206,1,206,images/pixabay_cat_000662.jpg,Youjia Chen,001,2022-04-14_18h14.21.845,Cat face rating experiment_0-500,2021.1.4,MacIntel,120.0048002
,,,,,,space,0.9848,5,0.7219,0,207,207,207,1,207,images/pixabay_cat_003383.jpg,Youjia Chen,001,2022-04-14_18h14.21.845,Cat face rating experiment_0-500,2021.1.4,MacIntel,120.0048002
,,,,,,space,2.1199,3,1.8267,0,208,208,208,1,208,images/pixabay_cat_001253.jpg,Youjia Chen,001,2022-04-14_18h14.21.845,Cat face rating experiment_0-500,2021.1.4,MacIntel,120.0048002
,,,,,,space,2.2262,5,1.5695,0,209,209,209,1,209,images/pixabay_cat_001892.jpg,Youjia Chen,001,2022-04-14_18h14.21.845,Cat face rating experiment_0-500,2021.1.4,MacIntel,120.0048002
,,,,,,space,1.9317,2,1.6193,0,210,210,210,1,210,images/pixabay_cat_000880.jpg,Youjia Chen,001,2022-04-14_18h14.21.845,Cat face rating experiment_0-500,2021.1.4,MacIntel,120.0048002
,,,,,,space,2.3519,2,2.0807,0,211,211,211,1,211,images/pixabay_cat_004824.jpg,Youjia Chen,001,2022-04-14_18h14.21.845,Cat face rating experiment_0-500,2021.1.4,MacIntel,120.0048002
,,,,,,space,1.979,6,1.6877,0,212,212,212,1,212,images/pixabay_cat_003694.jpg,Youjia Chen,001,2022-04-14_18h14.21.845,Cat face rating experiment_0-500,2021.1.4,MacIntel,120.0048002
,,,,,,space,1.9697,5,1.6771,0,213,213,213,1,213,images/pixabay_cat_003436.jpg,Youjia Chen,001,2022-04-14_18h14.21.845,Cat face rating experiment_0-500,2021.1.4,MacIntel,120.0048002
,,,,,,space,1.1798,5,0.7454,0,214,214,214,1,214,images/pixabay_cat_003682.jpg,Youjia Chen,001,2022-04-14_18h14.21.845,Cat face rating experiment_0-500,2021.1.4,MacIntel,120.0048002
,,,,,,space,1.7007,6,1.4704,0,215,215,215,1,215,images/pixabay_cat_001368.jpg,Youjia Chen,001,2022-04-14_18h14.21.845,Cat face rating experiment_0-500,2021.1.4,MacIntel,120.0048002
,,,,,,space,1.283,6,0.8032,0,216,216,216,1,216,images/pixabay_cat_001304.jpg,Youjia Chen,001,2022-04-14_18h14.21.845,Cat face rating experiment_0-500,2021.1.4,MacIntel,120.0048002
,,,,,,space,1.9085,3,1.6303,0,217,217,217,1,217,images/pixabay_cat_001980.jpg,Youjia Chen,001,2022-04-14_18h14.21.845,Cat face rating experiment_0-500,2021.1.4,MacIntel,120.0048002
,,,,,,space,2.0796,,,0,218,218,218,1,218,images/pixabay_cat_002613.jpg,Youjia Chen,001,2022-04-14_18h14.21.845,Cat face rating experiment_0-500,2021.1.4,MacIntel,120.0048002
,,,,,,space,3.1867,2,2.9035,0,219,219,219,1,219,images/pixabay_cat_003312.jpg,Youjia Chen,001,2022-04-14_18h14.21.845,Cat face rating experiment_0-500,2021.1.4,MacIntel,120.0048002
,,,,,,space,2.2461,5,1.9134,0,220,220,220,1,220,images/pixabay_cat_004572.jpg,Youjia Chen,001,2022-04-14_18h14.21.845,Cat face rating experiment_0-500,2021.1.4,MacIntel,120.0048002
,,,,,,space,0.6871,,,0,221,221,221,1,221,images/pixabay_cat_003245.jpg,Youjia Chen,001,2022-04-14_18h14.21.845,Cat face rating experiment_0-500,2021.1.4,MacIntel,120.0048002
,,,,,,space,1.8844,7,1.6049,0,222,222,222,1,222,images/pixabay_cat_003128.jpg,Youjia Chen,001,2022-04-14_18h14.21.845,Cat face rating experiment_0-500,2021.1.4,MacIntel,120.0048002
,,,,,,space,1.9908,3,1.6287,0,223,223,223,1,223,images/pixabay_cat_000787.jpg,Youjia Chen,001,2022-04-14_18h14.21.845,Cat face rating experiment_0-500,2021.1.4,MacIntel,120.0048002
,,,,,,space,1.3401,3,1.0541,0,224,224,224,1,224,images/pixabay_cat_002972.jpg,Youjia Chen,001,2022-04-14_18h14.21.845,Cat face rating experiment_0-500,2021.1.4,MacIntel,120.0048002
,,,,,,space,1.7291,3,1.4543,0,225,225,225,1,225,images/pixabay_cat_001785.jpg,Youjia Chen,001,2022-04-14_18h14.21.845,Cat face rating experiment_0-500,2021.1.4,MacIntel,120.0048002
,,,,,,space,2.1062,5,1.8714,0,226,226,226,1,226,images/pixabay_cat_001648.jpg,Youjia Chen,001,2022-04-14_18h14.21.845,Cat face rating experiment_0-500,2021.1.4,MacIntel,120.0048002
,,,,,,space,4.6643,2,4.3126,0,227,227,227,1,227,images/pixabay_cat_003196.jpg,Youjia Chen,001,2022-04-14_18h14.21.845,Cat face rating experiment_0-500,2021.1.4,MacIntel,120.0048002
,,,,,,space,2.8752,3,2.6133,0,228,228,228,1,228,images/pixabay_cat_002388.jpg,Youjia Chen,001,2022-04-14_18h14.21.845,Cat face rating experiment_0-500,2021.1.4,MacIntel,120.0048002
,,,,,,space,1.7993,3,1.6105,0,229,229,229,1,229,images/pixabay_cat_003136.jpg,Youjia Chen,001,2022-04-14_18h14.21.845,Cat face rating experiment_0-500,2021.1.4,MacIntel,120.0048002
,,,,,,space,1.3157,3,1.0532,0,230,230,230,1,230,images/pixabay_cat_000694.jpg,Youjia Chen,001,2022-04-14_18h14.21.845,Cat face rating experiment_0-500,2021.1.4,MacIntel,120.0048002
,,,,,,space,1.6483,3,1.2428,0,231,231,231,1,231,images/pixabay_cat_001458.jpg,Youjia Chen,001,2022-04-14_18h14.21.845,Cat face rating experiment_0-500,2021.1.4,MacIntel,120.0048002
,,,,,,space,1.6706,3,1.4189,0,232,232,232,1,232,images/pixabay_cat_001129.jpg,Youjia Chen,001,2022-04-14_18h14.21.845,Cat face rating experiment_0-500,2021.1.4,MacIntel,120.0048002
,,,,,,space,1.4455,2,1.146,0,233,233,233,1,233,images/flickr_cat_000494.jpg,Youjia Chen,001,2022-04-14_18h14.21.845,Cat face rating experiment_0-500,2021.1.4,MacIntel,120.0048002
,,,,,,space,2.6991,1,2.161,0,234,234,234,1,234,images/flickr_cat_000202.jpg,Youjia Chen,001,2022-04-14_18h14.21.845,Cat face rating experiment_0-500,2021.1.4,MacIntel,120.0048002
,,,,,,space,1.4959,1,1.2051,0,235,235,235,1,235,images/pixabay_cat_002233.jpg,Youjia Chen,001,2022-04-14_18h14.21.845,Cat face rating experiment_0-500,2021.1.4,MacIntel,120.0048002
,,,,,,space,0.9348,1,0.735,0,236,236,236,1,236,images/pixabay_cat_000186.jpg,Youjia Chen,001,2022-04-14_18h14.21.845,Cat face rating experiment_0-500,2021.1.4,MacIntel,120.0048002
,,,,,,space,2.7178,7,2.4298,0,237,237,237,1,237,images/pixabay_cat_002799.jpg,Youjia Chen,001,2022-04-14_18h14.21.845,Cat face rating experiment_0-500,2021.1.4,MacIntel,120.0048002
,,,,,,space,1.0572,7,0.7618,0,238,238,238,1,238,images/pixabay_cat_004033.jpg,Youjia Chen,001,2022-04-14_18h14.21.845,Cat face rating experiment_0-500,2021.1.4,MacIntel,120.0048002
,,,,,,space,2.0829,1,1.785,0,239,239,239,1,239,images/flickr_cat_000581.jpg,Youjia Chen,001,2022-04-14_18h14.21.845,Cat face rating experiment_0-500,2021.1.4,MacIntel,120.0048002
,,,,,,space,2.2863,2,1.4522,0,240,240,240,1,240,images/flickr_cat_000803.jpg,Youjia Chen,001,2022-04-14_18h14.21.845,Cat face rating experiment_0-500,2021.1.4,MacIntel,120.0048002
,,,,,,space,46.7612,5,46.3959,0,241,241,241,1,241,images/pixabay_cat_000354.jpg,Youjia Chen,001,2022-04-14_18h14.21.845,Cat face rating experiment_0-500,2021.1.4,MacIntel,120.0048002
,,,,,,space,2.7523,7,2.4635,0,242,242,242,1,242,images/pixabay_cat_003304.jpg,Youjia Chen,001,2022-04-14_18h14.21.845,Cat face rating experiment_0-500,2021.1.4,MacIntel,120.0048002
,,,,,,space,1.0812,7,0.8129,0,243,243,243,1,243,images/pixabay_cat_001836.jpg,Youjia Chen,001,2022-04-14_18h14.21.845,Cat face rating experiment_0-500,2021.1.4,MacIntel,120.0048002
,,,,,,space,1.0397,7,0.694,0,244,244,244,1,244,images/pixabay_cat_002563.jpg,Youjia Chen,001,2022-04-14_18h14.21.845,Cat face rating experiment_0-500,2021.1.4,MacIntel,120.0048002
,,,,,,space,2.2739,3,2.0045,0,245,245,245,1,245,images/flickr_cat_000333.jpg,Youjia Chen,001,2022-04-14_18h14.21.845,Cat face rating experiment_0-500,2021.1.4,MacIntel,120.0048002
,,,,,,space,2.1699,6,1.8617,0,246,246,246,1,246,images/pixabay_cat_004416.jpg,Youjia Chen,001,2022-04-14_18h14.21.845,Cat face rating experiment_0-500,2021.1.4,MacIntel,120.0048002
,,,,,,space,1.5236,7,1.2086,0,247,247,247,1,247,images/pixabay_cat_002403.jpg,Youjia Chen,001,2022-04-14_18h14.21.845,Cat face rating experiment_0-500,2021.1.4,MacIntel,120.0048002
,,,,,,space,1.7188,2,1.4143,0,248,248,248,1,248,images/pixabay_cat_004492.jpg,Youjia Chen,001,2022-04-14_18h14.21.845,Cat face rating experiment_0-500,2021.1.4,MacIntel,120.0048002
,,,,,,space,2.03,6,1.6452,0,249,249,249,1,249,images/pixabay_cat_003149.jpg,Youjia Chen,001,2022-04-14_18h14.21.845,Cat face rating experiment_0-500,2021.1.4,MacIntel,120.0048002
,,,,,,space,1.1823,6,0.8282,0,250,250,250,1,250,images/pixabay_cat_002505.jpg,Youjia Chen,001,2022-04-14_18h14.21.845,Cat face rating experiment_0-500,2021.1.4,MacIntel,120.0048002
,,,,,,space,4.7971,7,4.3871,0,251,251,251,1,251,images/pixabay_cat_002607.jpg,Youjia Chen,001,2022-04-14_18h14.21.845,Cat face rating experiment_0-500,2021.1.4,MacIntel,120.0048002
,,,,,,space,1.8527,1,1.6008,0,252,252,252,1,252,images/pixabay_cat_003526.jpg,Youjia Chen,001,2022-04-14_18h14.21.845,Cat face rating experiment_0-500,2021.1.4,MacIntel,120.0048002
,,,,,,space,2.1311,7,1.7722,0,253,253,253,1,253,images/pixabay_cat_004818.jpg,Youjia Chen,001,2022-04-14_18h14.21.845,Cat face rating experiment_0-500,2021.1.4,MacIntel,120.0048002
,,,,,,space,1.9656,1,1.6568,0,254,254,254,1,254,images/pixabay_cat_000368.jpg,Youjia Chen,001,2022-04-14_18h14.21.845,Cat face rating experiment_0-500,2021.1.4,MacIntel,120.0048002
,,,,,,space,1.9145,7,1.6746,0,255,255,255,1,255,images/pixabay_cat_000948.jpg,Youjia Chen,001,2022-04-14_18h14.21.845,Cat face rating experiment_0-500,2021.1.4,MacIntel,120.0048002
,,,,,,space,3.5136,1,3.2849,0,256,256,256,1,256,images/pixabay_cat_003987.jpg,Youjia Chen,001,2022-04-14_18h14.21.845,Cat face rating experiment_0-500,2021.1.4,MacIntel,120.0048002
,,,,,,space,1.9279,6,1.6114,0,257,257,257,1,257,images/flickr_cat_000214.jpg,Youjia Chen,001,2022-04-14_18h14.21.845,Cat face rating experiment_0-500,2021.1.4,MacIntel,120.0048002
,,,,,,space,1.8141,7,1.5059,0,258,258,258,1,258,images/pixabay_cat_000463.jpg,Youjia Chen,001,2022-04-14_18h14.21.845,Cat face rating experiment_0-500,2021.1.4,MacIntel,120.0048002
,,,,,,space,1.872,1,1.5553,0,259,259,259,1,259,images/pixabay_cat_000932.jpg,Youjia Chen,001,2022-04-14_18h14.21.845,Cat face rating experiment_0-500,2021.1.4,MacIntel,120.0048002
,,,,,,space,2.0635,7,1.7846,0,260,260,260,1,260,images/pixabay_cat_002632.jpg,Youjia Chen,001,2022-04-14_18h14.21.845,Cat face rating experiment_0-500,2021.1.4,MacIntel,120.0048002
,,,,,,space,4.9015,1,4.2645,0,261,261,261,1,261,images/pixabay_cat_001278.jpg,Youjia Chen,001,2022-04-14_18h14.21.845,Cat face rating experiment_0-500,2021.1.4,MacIntel,120.0048002
,,,,,,space,1.877,2,1.5327,0,262,262,262,1,262,images/pixabay_cat_004028.jpg,Youjia Chen,001,2022-04-14_18h14.21.845,Cat face rating experiment_0-500,2021.1.4,MacIntel,120.0048002
,,,,,,space,1.9849,7,1.6791,0,263,263,263,1,263,images/flickr_cat_000540.jpg,Youjia Chen,001,2022-04-14_18h14.21.845,Cat face rating experiment_0-500,2021.1.4,MacIntel,120.0048002
,,,,,,space,1.4417,7,1.1176,0,264,264,264,1,264,images/pixabay_cat_003733.jpg,Youjia Chen,001,2022-04-14_18h14.21.845,Cat face rating experiment_0-500,2021.1.4,MacIntel,120.0048002
,,,,,,space,2.8331,7,2.0454,0,265,265,265,1,265,images/flickr_cat_000426.jpg,Youjia Chen,001,2022-04-14_18h14.21.845,Cat face rating experiment_0-500,2021.1.4,MacIntel,120.0048002
,,,,,,space,2.2805,6,1.4859,0,266,266,266,1,266,images/pixabay_cat_003948.jpg,Youjia Chen,001,2022-04-14_18h14.21.845,Cat face rating experiment_0-500,2021.1.4,MacIntel,120.0048002
,,,,,,space,2.7373,5,2.3595,0,267,267,267,1,267,images/flickr_cat_000657.jpg,Youjia Chen,001,2022-04-14_18h14.21.845,Cat face rating experiment_0-500,2021.1.4,MacIntel,120.0048002
,,,,,,space,2.2686,6,1.2108,0,268,268,268,1,268,images/flickr_cat_000584.jpg,Youjia Chen,001,2022-04-14_18h14.21.845,Cat face rating experiment_0-500,2021.1.4,MacIntel,120.0048002
,,,,,,space,1.9342,7,1.5568,0,269,269,269,1,269,images/pixabay_cat_002971.jpg,Youjia Chen,001,2022-04-14_18h14.21.845,Cat face rating experiment_0-500,2021.1.4,MacIntel,120.0048002
,,,,,,space,1.7286,5,1.4451,0,270,270,270,1,270,images/pixabay_cat_004807.jpg,Youjia Chen,001,2022-04-14_18h14.21.845,Cat face rating experiment_0-500,2021.1.4,MacIntel,120.0048002
,,,,,,space,2.0978,7,1.7388,0,271,271,271,1,271,images/pixabay_cat_001434.jpg,Youjia Chen,001,2022-04-14_18h14.21.845,Cat face rating experiment_0-500,2021.1.4,MacIntel,120.0048002
,,,,,,space,1.3352,7,0.9617,0,272,272,272,1,272,images/pixabay_cat_001092.jpg,Youjia Chen,001,2022-04-14_18h14.21.845,Cat face rating experiment_0-500,2021.1.4,MacIntel,120.0048002
,,,,,,space,1.2657,6,0.9859,0,273,273,273,1,273,images/flickr_cat_000771.jpg,Youjia Chen,001,2022-04-14_18h14.21.845,Cat face rating experiment_0-500,2021.1.4,MacIntel,120.0048002
,,,,,,space,2.7539,7,2.4366,0,274,274,274,1,274,images/pixabay_cat_003954.jpg,Youjia Chen,001,2022-04-14_18h14.21.845,Cat face rating experiment_0-500,2021.1.4,MacIntel,120.0048002
,,,,,,space,4.7879,3,4.5054,0,275,275,275,1,275,images/pixabay_cat_003899.jpg,Youjia Chen,001,2022-04-14_18h14.21.845,Cat face rating experiment_0-500,2021.1.4,MacIntel,120.0048002
,,,,,,space,1.7477,3,1.4539,0,276,276,276,1,276,images/pixabay_cat_001067.jpg,Youjia Chen,001,2022-04-14_18h14.21.845,Cat face rating experiment_0-500,2021.1.4,MacIntel,120.0048002
,,,,,,space,0.8479,,,0,277,277,277,1,277,images/pixabay_cat_004626.jpg,Youjia Chen,001,2022-04-14_18h14.21.845,Cat face rating experiment_0-500,2021.1.4,MacIntel,120.0048002
,,,,,,space,0.6817,,,0,278,278,278,1,278,images/pixabay_cat_003781.jpg,Youjia Chen,001,2022-04-14_18h14.21.845,Cat face rating experiment_0-500,2021.1.4,MacIntel,120.0048002
,,,,,,space,0.6278,,,0,279,279,279,1,279,images/pixabay_cat_003600.jpg,Youjia Chen,001,2022-04-14_18h14.21.845,Cat face rating experiment_0-500,2021.1.4,MacIntel,120.0048002
,,,,,,space,0.7785,,,0,280,280,280,1,280,images/pixabay_cat_004335.jpg,Youjia Chen,001,2022-04-14_18h14.21.845,Cat face rating experiment_0-500,2021.1.4,MacIntel,120.0048002
,,,,,,space,1.972,7,1.6646,0,281,281,281,1,281,images/pixabay_cat_004760.jpg,Youjia Chen,001,2022-04-14_18h14.21.845,Cat face rating experiment_0-500,2021.1.4,MacIntel,120.0048002
,,,,,,space,2.0719,2,1.773,0,282,282,282,1,282,images/flickr_cat_000452.jpg,Youjia Chen,001,2022-04-14_18h14.21.845,Cat face rating experiment_0-500,2021.1.4,MacIntel,120.0048002
,,,,,,space,2.3027,3,1.8206,0,283,283,283,1,283,images/pixabay_cat_000677.jpg,Youjia Chen,001,2022-04-14_18h14.21.845,Cat face rating experiment_0-500,2021.1.4,MacIntel,120.0048002
,,,,,,space,2.102,3,1.8228,0,284,284,284,1,284,images/pixabay_cat_004262.jpg,Youjia Chen,001,2022-04-14_18h14.21.845,Cat face rating experiment_0-500,2021.1.4,MacIntel,120.0048002
,,,,,,space,3.0908,5,1.7613,0,285,285,285,1,285,images/pixabay_cat_004597.jpg,Youjia Chen,001,2022-04-14_18h14.21.845,Cat face rating experiment_0-500,2021.1.4,MacIntel,120.0048002
,,,,,,space,1.7157,6,1.3687,0,286,286,286,1,286,images/pixabay_cat_000747.jpg,Youjia Chen,001,2022-04-14_18h14.21.845,Cat face rating experiment_0-500,2021.1.4,MacIntel,120.0048002
,,,,,,space,1.7083,2,1.4377,0,287,287,287,1,287,images/pixabay_cat_003077.jpg,Youjia Chen,001,2022-04-14_18h14.21.845,Cat face rating experiment_0-500,2021.1.4,MacIntel,120.0048002
,,,,,,space,2.7992,5,1.9954,0,288,288,288,1,288,images/pixabay_cat_002076.jpg,Youjia Chen,001,2022-04-14_18h14.21.845,Cat face rating experiment_0-500,2021.1.4,MacIntel,120.0048002
,,,,,,space,1.7154,2,1.4682,0,289,289,289,1,289,images/pixabay_cat_000832.jpg,Youjia Chen,001,2022-04-14_18h14.21.845,Cat face rating experiment_0-500,2021.1.4,MacIntel,120.0048002
,,,,,,space,1.1296,2,0.8053,0,290,290,290,1,290,images/pixabay_cat_001553.jpg,Youjia Chen,001,2022-04-14_18h14.21.845,Cat face rating experiment_0-500,2021.1.4,MacIntel,120.0048002
,,,,,,space,1.4559,2,1.196,0,291,291,291,1,291,images/pixabay_cat_001581.jpg,Youjia Chen,001,2022-04-14_18h14.21.845,Cat face rating experiment_0-500,2021.1.4,MacIntel,120.0048002
,,,,,,space,2.7929,6,2.5247,0,292,292,292,1,292,images/pixabay_cat_000563.jpg,Youjia Chen,001,2022-04-14_18h14.21.845,Cat face rating experiment_0-500,2021.1.4,MacIntel,120.0048002
,,,,,,space,1.5468,5,1.2032,0,293,293,293,1,293,images/pixabay_cat_000908.jpg,Youjia Chen,001,2022-04-14_18h14.21.845,Cat face rating experiment_0-500,2021.1.4,MacIntel,120.0048002
,,,,,,space,1.8723,7,1.3794,0,294,294,294,1,294,images/pixabay_cat_002591.jpg,Youjia Chen,001,2022-04-14_18h14.21.845,Cat face rating experiment_0-500,2021.1.4,MacIntel,120.0048002
,,,,,,space,2.2389,1,1.8771,0,295,295,295,1,295,images/pixabay_cat_000738.jpg,Youjia Chen,001,2022-04-14_18h14.21.845,Cat face rating experiment_0-500,2021.1.4,MacIntel,120.0048002
,,,,,,space,1.9914,,,0,296,296,296,1,296,images/pixabay_cat_002224.jpg,Youjia Chen,001,2022-04-14_18h14.21.845,Cat face rating experiment_0-500,2021.1.4,MacIntel,120.0048002
,,,,,,space,0.6745,,,0,297,297,297,1,297,images/pixabay_cat_002122.jpg,Youjia Chen,001,2022-04-14_18h14.21.845,Cat face rating experiment_0-500,2021.1.4,MacIntel,120.0048002
,,,,,,space,0.7965,,,0,298,298,298,1,298,images/pixabay_cat_002603.jpg,Youjia Chen,001,2022-04-14_18h14.21.845,Cat face rating experiment_0-500,2021.1.4,MacIntel,120.0048002
,,,,,,space,2.1208,6,1.8528,0,299,299,299,1,299,images/pixabay_cat_003985.jpg,Youjia Chen,001,2022-04-14_18h14.21.845,Cat face rating experiment_0-500,2021.1.4,MacIntel,120.0048002
,,,,,,space,1.8983,2,1.6353,0,300,300,300,1,300,images/pixabay_cat_000044.jpg,Youjia Chen,001,2022-04-14_18h14.21.845,Cat face rating experiment_0-500,2021.1.4,MacIntel,120.0048002
,,,,,,space,1.7501,6,1.4584,0,301,301,301,1,301,images/pixabay_cat_003333.jpg,Youjia Chen,001,2022-04-14_18h14.21.845,Cat face rating experiment_0-500,2021.1.4,MacIntel,120.0048002
,,,,,,space,3.9986,1,3.4547,0,302,302,302,1,302,images/pixabay_cat_002846.jpg,Youjia Chen,001,2022-04-14_18h14.21.845,Cat face rating experiment_0-500,2021.1.4,MacIntel,120.0048002
,,,,,,space,1.9237,7,1.6135,0,303,303,303,1,303,images/flickr_cat_000081.jpg,Youjia Chen,001,2022-04-14_18h14.21.845,Cat face rating experiment_0-500,2021.1.4,MacIntel,120.0048002
,,,,,,space,1.316,7,0.9926,0,304,304,304,1,304,images/pixabay_cat_004314.jpg,Youjia Chen,001,2022-04-14_18h14.21.845,Cat face rating experiment_0-500,2021.1.4,MacIntel,120.0048002
,,,,,,space,3.5503,1,3.0449,0,305,305,305,1,305,images/pixabay_cat_002432.jpg,Youjia Chen,001,2022-04-14_18h14.21.845,Cat face rating experiment_0-500,2021.1.4,MacIntel,120.0048002
,,,,,,space,1.9622,2,1.6803,0,306,306,306,1,306,images/pixabay_cat_000869.jpg,Youjia Chen,001,2022-04-14_18h14.21.845,Cat face rating experiment_0-500,2021.1.4,MacIntel,120.0048002
,,,,,,space,2.3785,1,1.9678,0,307,307,307,1,307,images/pixabay_cat_000486.jpg,Youjia Chen,001,2022-04-14_18h14.21.845,Cat face rating experiment_0-500,2021.1.4,MacIntel,120.0048002
,,,,,,space,2.6018,3,2.3072,0,308,308,308,1,308,images/pixabay_cat_002421.jpg,Youjia Chen,001,2022-04-14_18h14.21.845,Cat face rating experiment_0-500,2021.1.4,MacIntel,120.0048002
,,,,,,space,3.0361,7,2.699,0,309,309,309,1,309,images/pixabay_cat_004514.jpg,Youjia Chen,001,2022-04-14_18h14.21.845,Cat face rating experiment_0-500,2021.1.4,MacIntel,120.0048002
,,,,,,space,2.6558,1,2.3105,0,310,310,310,1,310,images/pixabay_cat_003960.jpg,Youjia Chen,001,2022-04-14_18h14.21.845,Cat face rating experiment_0-500,2021.1.4,MacIntel,120.0048002
,,,,,,space,0.9315,,,0,311,311,311,1,311,images/flickr_cat_000227.jpg,Youjia Chen,001,2022-04-14_18h14.21.845,Cat face rating experiment_0-500,2021.1.4,MacIntel,120.0048002
,,,,,,space,2.005,6,1.7031,0,312,312,312,1,312,images/pixabay_cat_002218.jpg,Youjia Chen,001,2022-04-14_18h14.21.845,Cat face rating experiment_0-500,2021.1.4,MacIntel,120.0048002
,,,,,,space,1.6088,5,1.3637,0,313,313,313,1,313,images/pixabay_cat_003181.jpg,Youjia Chen,001,2022-04-14_18h14.21.845,Cat face rating experiment_0-500,2021.1.4,MacIntel,120.0048002
,,,,,,space,1.6144,2,1.303,0,314,314,314,1,314,images/pixabay_cat_003958.jpg,Youjia Chen,001,2022-04-14_18h14.21.845,Cat face rating experiment_0-500,2021.1.4,MacIntel,120.0048002
,,,,,,space,1.9911,7,1.6429,0,315,315,315,1,315,images/pixabay_cat_000624.jpg,Youjia Chen,001,2022-04-14_18h14.21.845,Cat face rating experiment_0-500,2021.1.4,MacIntel,120.0048002
,,,,,,space,2.597,1,2.3177,0,316,316,316,1,316,images/flickr_cat_000407.jpg,Youjia Chen,001,2022-04-14_18h14.21.845,Cat face rating experiment_0-500,2021.1.4,MacIntel,120.0048002
,,,,,,space,2.0057,7,1.7118,0,317,317,317,1,317,images/pixabay_cat_001576.jpg,Youjia Chen,001,2022-04-14_18h14.21.845,Cat face rating experiment_0-500,2021.1.4,MacIntel,120.0048002
,,,,,,space,2.0429,6,1.7114,0,318,318,318,1,318,images/pixabay_cat_000204.jpg,Youjia Chen,001,2022-04-14_18h14.21.845,Cat face rating experiment_0-500,2021.1.4,MacIntel,120.0048002
,,,,,,space,1.8075,7,1.5129,0,319,319,319,1,319,images/flickr_cat_000428.jpg,Youjia Chen,001,2022-04-14_18h14.21.845,Cat face rating experiment_0-500,2021.1.4,MacIntel,120.0048002
,,,,,,space,1.8724,2,1.5798,0,320,320,320,1,320,images/flickr_cat_000219.jpg,Youjia Chen,001,2022-04-14_18h14.21.845,Cat face rating experiment_0-500,2021.1.4,MacIntel,120.0048002
,,,,,,space,1.6408,7,1.352,0,321,321,321,1,321,images/pixabay_cat_001761.jpg,Youjia Chen,001,2022-04-14_18h14.21.845,Cat face rating experiment_0-500,2021.1.4,MacIntel,120.0048002
,,,,,,space,2.2642,2,1.6637,0,322,322,322,1,322,images/pixabay_cat_003167.jpg,Youjia Chen,001,2022-04-14_18h14.21.845,Cat face rating experiment_0-500,2021.1.4,MacIntel,120.0048002
,,,,,,space,1.5331,5,1.2477,0,323,323,323,1,323,images/pixabay_cat_000763.jpg,Youjia Chen,001,2022-04-14_18h14.21.845,Cat face rating experiment_0-500,2021.1.4,MacIntel,120.0048002
,,,,,,space,1.4634,6,1.1777,0,324,324,324,1,324,images/flickr_cat_000398.jpg,Youjia Chen,001,2022-04-14_18h14.21.845,Cat face rating experiment_0-500,2021.1.4,MacIntel,120.0048002
,,,,,,space,1.4988,6,1.1709,0,325,325,325,1,325,images/flickr_cat_000381.jpg,Youjia Chen,001,2022-04-14_18h14.21.845,Cat face rating experiment_0-500,2021.1.4,MacIntel,120.0048002
,,,,,,space,1.7143,,,0,326,326,326,1,326,images/pixabay_cat_000257.jpg,Youjia Chen,001,2022-04-14_18h14.21.845,Cat face rating experiment_0-500,2021.1.4,MacIntel,120.0048002
,,,,,,space,1.9636,7,1.6542,0,327,327,327,1,327,images/pixabay_cat_000020.jpg,Youjia Chen,001,2022-04-14_18h14.21.845,Cat face rating experiment_0-500,2021.1.4,MacIntel,120.0048002
,,,,,,space,2.2283,3,1.6817,0,328,328,328,1,328,images/flickr_cat_000553.jpg,Youjia Chen,001,2022-04-14_18h14.21.845,Cat face rating experiment_0-500,2021.1.4,MacIntel,120.0048002
,,,,,,space,2.0333,1,1.7272,0,329,329,329,1,329,images/pixabay_cat_002063.jpg,Youjia Chen,001,2022-04-14_18h14.21.845,Cat face rating experiment_0-500,2021.1.4,MacIntel,120.0048002
,,,,,,space,2.6169,3,2.2956,0,330,330,330,1,330,images/pixabay_cat_003443.jpg,Youjia Chen,001,2022-04-14_18h14.21.845,Cat face rating experiment_0-500,2021.1.4,MacIntel,120.0048002
,,,,,,space,1.7068,5,1.3433,0,331,331,331,1,331,images/pixabay_cat_003535.jpg,Youjia Chen,001,2022-04-14_18h14.21.845,Cat face rating experiment_0-500,2021.1.4,MacIntel,120.0048002
,,,,,,space,1.6339,6,1.1612,0,332,332,332,1,332,images/pixabay_cat_000478.jpg,Youjia Chen,001,2022-04-14_18h14.21.845,Cat face rating experiment_0-500,2021.1.4,MacIntel,120.0048002
,,,,,,space,1.6271,5,1.2509,0,333,333,333,1,333,images/flickr_cat_000218.jpg,Youjia Chen,001,2022-04-14_18h14.21.845,Cat face rating experiment_0-500,2021.1.4,MacIntel,120.0048002
,,,,,,space,1.1008,,,0,334,334,334,1,334,images/pixabay_cat_001630.jpg,Youjia Chen,001,2022-04-14_18h14.21.845,Cat face rating experiment_0-500,2021.1.4,MacIntel,120.0048002
,,,,,,space,2.0307,3,1.7635,0,335,335,335,1,335,images/pixabay_cat_003669.jpg,Youjia Chen,001,2022-04-14_18h14.21.845,Cat face rating experiment_0-500,2021.1.4,MacIntel,120.0048002
,,,,,,space,2.6381,2,2.3078,0,336,336,336,1,336,images/pixabay_cat_002648.jpg,Youjia Chen,001,2022-04-14_18h14.21.845,Cat face rating experiment_0-500,2021.1.4,MacIntel,120.0048002
,,,,,,space,1.9542,6,1.5857,0,337,337,337,1,337,images/pixabay_cat_002032.jpg,Youjia Chen,001,2022-04-14_18h14.21.845,Cat face rating experiment_0-500,2021.1.4,MacIntel,120.0048002
,,,,,,space,1.7936,5,1.5182,0,338,338,338,1,338,images/flickr_cat_000198.jpg,Youjia Chen,001,2022-04-14_18h14.21.845,Cat face rating experiment_0-500,2021.1.4,MacIntel,120.0048002
,,,,,,space,1.6551,3,1.2824,0,339,339,339,1,339,images/pixabay_cat_000436.jpg,Youjia Chen,001,2022-04-14_18h14.21.845,Cat face rating experiment_0-500,2021.1.4,MacIntel,120.0048002
,,,,,,space,0.8314,,,0,340,340,340,1,340,images/pixabay_cat_003590.jpg,Youjia Chen,001,2022-04-14_18h14.21.845,Cat face rating experiment_0-500,2021.1.4,MacIntel,120.0048002
,,,,,,space,2.8105,5,1.3168,0,341,341,341,1,341,images/pixabay_cat_004018.jpg,Youjia Chen,001,2022-04-14_18h14.21.845,Cat face rating experiment_0-500,2021.1.4,MacIntel,120.0048002
,,,,,,space,2.2202,6,1.7309,0,342,342,342,1,342,images/pixabay_cat_004409.jpg,Youjia Chen,001,2022-04-14_18h14.21.845,Cat face rating experiment_0-500,2021.1.4,MacIntel,120.0048002
,,,,,,space,1.3726,5,1.1642,0,343,343,343,1,343,images/pixabay_cat_002691.jpg,Youjia Chen,001,2022-04-14_18h14.21.845,Cat face rating experiment_0-500,2021.1.4,MacIntel,120.0048002
,,,,,,space,1.6268,6,1.2518,0,344,344,344,1,344,images/pixabay_cat_003120.jpg,Youjia Chen,001,2022-04-14_18h14.21.845,Cat face rating experiment_0-500,2021.1.4,MacIntel,120.0048002
,,,,,,space,1.4628,6,1.1027,0,345,345,345,1,345,images/pixabay_cat_003622.jpg,Youjia Chen,001,2022-04-14_18h14.21.845,Cat face rating experiment_0-500,2021.1.4,MacIntel,120.0048002
,,,,,,space,4.1108,1,3.2978,0,346,346,346,1,346,images/pixabay_cat_001535.jpg,Youjia Chen,001,2022-04-14_18h14.21.845,Cat face rating experiment_0-500,2021.1.4,MacIntel,120.0048002
,,,,,,space,1.6604,1,1.2899,0,347,347,347,1,347,images/pixabay_cat_004093.jpg,Youjia Chen,001,2022-04-14_18h14.21.845,Cat face rating experiment_0-500,2021.1.4,MacIntel,120.0048002
,,,,,,space,1.6449,2,1.3845,0,348,348,348,1,348,images/pixabay_cat_004787.jpg,Youjia Chen,001,2022-04-14_18h14.21.845,Cat face rating experiment_0-500,2021.1.4,MacIntel,120.0048002
,,,,,,space,4.5716,4,4.2956,0,349,349,349,1,349,images/pixabay_cat_002079.jpg,Youjia Chen,001,2022-04-14_18h14.21.845,Cat face rating experiment_0-500,2021.1.4,MacIntel,120.0048002
,,,,,,space,2.7143,5,2.4224,0,350,350,350,1,350,images/pixabay_cat_004398.jpg,Youjia Chen,001,2022-04-14_18h14.21.845,Cat face rating experiment_0-500,2021.1.4,MacIntel,120.0048002
,,,,,,space,1.8025,7,1.4766,0,351,351,351,1,351,images/pixabay_cat_004546.jpg,Youjia Chen,001,2022-04-14_18h14.21.845,Cat face rating experiment_0-500,2021.1.4,MacIntel,120.0048002
,,,,,,space,1.8391,3,1.5533,0,352,352,352,1,352,images/pixabay_cat_001295.jpg,Youjia Chen,001,2022-04-14_18h14.21.845,Cat face rating experiment_0-500,2021.1.4,MacIntel,120.0048002
,,,,,,space,1.7964,5,1.5203,0,353,353,353,1,353,images/pixabay_cat_002815.jpg,Youjia Chen,001,2022-04-14_18h14.21.845,Cat face rating experiment_0-500,2021.1.4,MacIntel,120.0048002
,,,,,,space,1.8793,6,1.6381,0,354,354,354,1,354,images/pixabay_cat_003863.jpg,Youjia Chen,001,2022-04-14_18h14.21.845,Cat face rating experiment_0-500,2021.1.4,MacIntel,120.0048002
,,,,,,space,1.5803,2,1.3101,0,355,355,355,1,355,images/pixabay_cat_003552.jpg,Youjia Chen,001,2022-04-14_18h14.21.845,Cat face rating experiment_0-500,2021.1.4,MacIntel,120.0048002
,,,,,,space,3.6516,7,2.6366,0,356,356,356,1,356,images/flickr_cat_000267.jpg,Youjia Chen,001,2022-04-14_18h14.21.845,Cat face rating experiment_0-500,2021.1.4,MacIntel,120.0048002
,,,,,,space,2.6113,1,2.2983,0,357,357,357,1,357,images/pixabay_cat_002590.jpg,Youjia Chen,001,2022-04-14_18h14.21.845,Cat face rating experiment_0-500,2021.1.4,MacIntel,120.0048002
,,,,,,space,1.7278,2,1.4034,0,358,358,358,1,358,images/pixabay_cat_002602.jpg,Youjia Chen,001,2022-04-14_18h14.21.845,Cat face rating experiment_0-500,2021.1.4,MacIntel,120.0048002
,,,,,,space,5.902,4,5.3792,0,359,359,359,1,359,images/flickr_cat_000415.jpg,Youjia Chen,001,2022-04-14_18h14.21.845,Cat face rating experiment_0-500,2021.1.4,MacIntel,120.0048002
,,,,,,space,1.644,5,1.2844,0,360,360,360,1,360,images/pixabay_cat_000408.jpg,Youjia Chen,001,2022-04-14_18h14.21.845,Cat face rating experiment_0-500,2021.1.4,MacIntel,120.0048002
,,,,,,space,1.2583,6,0.9525,0,361,361,361,1,361,images/pixabay_cat_003676.jpg,Youjia Chen,001,2022-04-14_18h14.21.845,Cat face rating experiment_0-500,2021.1.4,MacIntel,120.0048002
,,,,,,space,1.3408,7,1.0106,0,362,362,362,1,362,images/pixabay_cat_002634.jpg,Youjia Chen,001,2022-04-14_18h14.21.845,Cat face rating experiment_0-500,2021.1.4,MacIntel,120.0048002
,,,,,,space,1.7191,1,1.4192,0,363,363,363,1,363,images/pixabay_cat_004795.jpg,Youjia Chen,001,2022-04-14_18h14.21.845,Cat face rating experiment_0-500,2021.1.4,MacIntel,120.0048002
,,,,,,space,3.1558,5,2.8193,0,364,364,364,1,364,images/pixabay_cat_003308.jpg,Youjia Chen,001,2022-04-14_18h14.21.845,Cat face rating experiment_0-500,2021.1.4,MacIntel,120.0048002
,,,,,,space,1.964,6,1.5692,0,365,365,365,1,365,images/pixabay_cat_002374.jpg,Youjia Chen,001,2022-04-14_18h14.21.845,Cat face rating experiment_0-500,2021.1.4,MacIntel,120.0048002
,,,,,,space,2.0697,3,1.8483,0,366,366,366,1,366,images/flickr_cat_000215.jpg,Youjia Chen,001,2022-04-14_18h14.21.845,Cat face rating experiment_0-500,2021.1.4,MacIntel,120.0048002
,,,,,,space,1.8944,2,1.6416,0,367,367,367,1,367,images/flickr_cat_000589.jpg,Youjia Chen,001,2022-04-14_18h14.21.845,Cat face rating experiment_0-500,2021.1.4,MacIntel,120.0048002
,,,,,,space,1.3558,2,1.0795,0,368,368,368,1,368,images/pixabay_cat_001231.jpg,Youjia Chen,001,2022-04-14_18h14.21.845,Cat face rating experiment_0-500,2021.1.4,MacIntel,120.0048002
,,,,,,space,2.5276,7,2.0961,0,369,369,369,1,369,images/pixabay_cat_001688.jpg,Youjia Chen,001,2022-04-14_18h14.21.845,Cat face rating experiment_0-500,2021.1.4,MacIntel,120.0048002
,,,,,,space,2.2469,7,1.9949,0,370,370,370,1,370,images/pixabay_cat_004457.jpg,Youjia Chen,001,2022-04-14_18h14.21.845,Cat face rating experiment_0-500,2021.1.4,MacIntel,120.0048002
,,,,,,space,1.4207,7,1.1507,0,371,371,371,1,371,images/pixabay_cat_001542.jpg,Youjia Chen,001,2022-04-14_18h14.21.845,Cat face rating experiment_0-500,2021.1.4,MacIntel,120.0048002
,,,,,,space,1.493,6,1.0128,0,372,372,372,1,372,images/flickr_cat_000591.jpg,Youjia Chen,001,2022-04-14_18h14.21.845,Cat face rating experiment_0-500,2021.1.4,MacIntel,120.0048002
,,,,,,space,2.1711,1,1.8603,0,373,373,373,1,373,images/pixabay_cat_002111.jpg,Youjia Chen,001,2022-04-14_18h14.21.845,Cat face rating experiment_0-500,2021.1.4,MacIntel,120.0048002
,,,,,,space,2.0418,7,1.8093,0,374,374,374,1,374,images/pixabay_cat_002827.jpg,Youjia Chen,001,2022-04-14_18h14.21.845,Cat face rating experiment_0-500,2021.1.4,MacIntel,120.0048002
,,,,,,space,1.7565,1,1.452,0,375,375,375,1,375,images/pixabay_cat_004099.jpg,Youjia Chen,001,2022-04-14_18h14.21.845,Cat face rating experiment_0-500,2021.1.4,MacIntel,120.0048002
,,,,,,space,1.7284,7,1.4636,0,376,376,376,1,376,images/pixabay_cat_000884.jpg,Youjia Chen,001,2022-04-14_18h14.21.845,Cat face rating experiment_0-500,2021.1.4,MacIntel,120.0048002
,,,,,,space,1.6742,5,1.2024,0,377,377,377,1,377,images/pixabay_cat_002925.jpg,Youjia Chen,001,2022-04-14_18h14.21.845,Cat face rating experiment_0-500,2021.1.4,MacIntel,120.0048002
,,,,,,space,1.6871,6,1.3865,0,378,378,378,1,378,images/pixabay_cat_002908.jpg,Youjia Chen,001,2022-04-14_18h14.21.845,Cat face rating experiment_0-500,2021.1.4,MacIntel,120.0048002
,,,,,,space,1.8571,6,1.5319,0,379,379,379,1,379,images/pixabay_cat_002809.jpg,Youjia Chen,001,2022-04-14_18h14.21.845,Cat face rating experiment_0-500,2021.1.4,MacIntel,120.0048002
,,,,,,space,1.5608,5,1.3032,0,380,380,380,1,380,images/flickr_cat_000611.jpg,Youjia Chen,001,2022-04-14_18h14.21.845,Cat face rating experiment_0-500,2021.1.4,MacIntel,120.0048002
,,,,,,space,2.2143,7,1.9692,0,381,381,381,1,381,images/pixabay_cat_002574.jpg,Youjia Chen,001,2022-04-14_18h14.21.845,Cat face rating experiment_0-500,2021.1.4,MacIntel,120.0048002
,,,,,,space,1.5339,2,1.3035,0,382,382,382,1,382,images/pixabay_cat_001708.jpg,Youjia Chen,001,2022-04-14_18h14.21.845,Cat face rating experiment_0-500,2021.1.4,MacIntel,120.0048002
,,,,,,space,2.7729,5,2.1694,0,383,383,383,1,383,images/pixabay_cat_002684.jpg,Youjia Chen,001,2022-04-14_18h14.21.845,Cat face rating experiment_0-500,2021.1.4,MacIntel,120.0048002
,,,,,,space,1.7895,6,1.3604,0,384,384,384,1,384,images/pixabay_cat_003506.jpg,Youjia Chen,001,2022-04-14_18h14.21.845,Cat face rating experiment_0-500,2021.1.4,MacIntel,120.0048002
,,,,,,space,3.1974,4,2.8541,0,385,385,385,1,385,images/pixabay_cat_000777.jpg,Youjia Chen,001,2022-04-14_18h14.21.845,Cat face rating experiment_0-500,2021.1.4,MacIntel,120.0048002
,,,,,,space,2.631,2,2.3115,0,386,386,386,1,386,images/pixabay_cat_000319.jpg,Youjia Chen,001,2022-04-14_18h14.21.845,Cat face rating experiment_0-500,2021.1.4,MacIntel,120.0048002
,,,,,,space,2.7729,6,1.397,0,387,387,387,1,387,images/pixabay_cat_000152.jpg,Youjia Chen,001,2022-04-14_18h14.21.845,Cat face rating experiment_0-500,2021.1.4,MacIntel,120.0048002
,,,,,,space,2.4077,7,1.9382,0,388,388,388,1,388,images/pixabay_cat_004261.jpg,Youjia Chen,001,2022-04-14_18h14.21.845,Cat face rating experiment_0-500,2021.1.4,MacIntel,120.0048002
,,,,,,space,1.507,5,1.2361,0,389,389,389,1,389,images/flickr_cat_000260.jpg,Youjia Chen,001,2022-04-14_18h14.21.845,Cat face rating experiment_0-500,2021.1.4,MacIntel,120.0048002
,,,,,,space,2.5241,6,1.8526,0,390,390,390,1,390,images/pixabay_cat_000237.jpg,Youjia Chen,001,2022-04-14_18h14.21.845,Cat face rating experiment_0-500,2021.1.4,MacIntel,120.0048002
,,,,,,space,1.7997,5,1.5693,0,391,391,391,1,391,images/pixabay_cat_001414.jpg,Youjia Chen,001,2022-04-14_18h14.21.845,Cat face rating experiment_0-500,2021.1.4,MacIntel,120.0048002
,,,,,,space,1.328,6,1.0615,0,392,392,392,1,392,images/pixabay_cat_002796.jpg,Youjia Chen,001,2022-04-14_18h14.21.845,Cat face rating experiment_0-500,2021.1.4,MacIntel,120.0048002
,,,,,,space,1.9895,2,1.7049,0,393,393,393,1,393,images/pixabay_cat_001814.jpg,Youjia Chen,001,2022-04-14_18h14.21.845,Cat face rating experiment_0-500,2021.1.4,MacIntel,120.0048002
,,,,,,space,2.185,6,1.9638,0,394,394,394,1,394,images/pixabay_cat_001944.jpg,Youjia Chen,001,2022-04-14_18h14.21.845,Cat face rating experiment_0-500,2021.1.4,MacIntel,120.0048002
,,,,,,space,1.7912,2,1.5674,0,395,395,395,1,395,images/pixabay_cat_001158.jpg,Youjia Chen,001,2022-04-14_18h14.21.845,Cat face rating experiment_0-500,2021.1.4,MacIntel,120.0048002
,,,,,,space,2.9575,2,2.5199,0,396,396,396,1,396,images/flickr_cat_000088.jpg,Youjia Chen,001,2022-04-14_18h14.21.845,Cat face rating experiment_0-500,2021.1.4,MacIntel,120.0048002
,,,,,,space,1.6976,3,1.1958,0,397,397,397,1,397,images/pixabay_cat_002399.jpg,Youjia Chen,001,2022-04-14_18h14.21.845,Cat face rating experiment_0-500,2021.1.4,MacIntel,120.0048002
,,,,,,space,1.7077,6,1.4447,0,398,398,398,1,398,images/pixabay_cat_001626.jpg,Youjia Chen,001,2022-04-14_18h14.21.845,Cat face rating experiment_0-500,2021.1.4,MacIntel,120.0048002
,,,,,,space,1.4582,5,1.189,0,399,399,399,1,399,images/pixabay_cat_004324.jpg,Youjia Chen,001,2022-04-14_18h14.21.845,Cat face rating experiment_0-500,2021.1.4,MacIntel,120.0048002
,,,,,,space,1.4864,7,1.2274,0,400,400,400,1,400,images/pixabay_cat_000703.jpg,Youjia Chen,001,2022-04-14_18h14.21.845,Cat face rating experiment_0-500,2021.1.4,MacIntel,120.0048002
,,,,,,space,1.9748,7,1.6707,0,401,401,401,1,401,images/pixabay_cat_004220.jpg,Youjia Chen,001,2022-04-14_18h14.21.845,Cat face rating experiment_0-500,2021.1.4,MacIntel,120.0048002
,,,,,,space,2.014,3,1.678,0,402,402,402,1,402,images/pixabay_cat_000530.jpg,Youjia Chen,001,2022-04-14_18h14.21.845,Cat face rating experiment_0-500,2021.1.4,MacIntel,120.0048002
,,,,,,space,2.3501,,,0,403,403,403,1,403,images/pixabay_cat_002629.jpg,Youjia Chen,001,2022-04-14_18h14.21.845,Cat face rating experiment_0-500,2021.1.4,MacIntel,120.0048002
,,,,,,space,1.2233,5,0.9115,0,404,404,404,1,404,images/pixabay_cat_004405.jpg,Youjia Chen,001,2022-04-14_18h14.21.845,Cat face rating experiment_0-500,2021.1.4,MacIntel,120.0048002
,,,,,,space,1.225,5,0.7123,0,405,405,405,1,405,images/pixabay_cat_001178.jpg,Youjia Chen,001,2022-04-14_18h14.21.845,Cat face rating experiment_0-500,2021.1.4,MacIntel,120.0048002
,,,,,,space,1.2638,6,1.0018,0,406,406,406,1,406,images/pixabay_cat_003338.jpg,Youjia Chen,001,2022-04-14_18h14.21.845,Cat face rating experiment_0-500,2021.1.4,MacIntel,120.0048002
,,,,,,space,1.9049,5,1.4844,0,407,407,407,1,407,images/pixabay_cat_000594.jpg,Youjia Chen,001,2022-04-14_18h14.21.845,Cat face rating experiment_0-500,2021.1.4,MacIntel,120.0048002
,,,,,,space,1.2975,6,1.0299,0,408,408,408,1,408,images/pixabay_cat_002178.jpg,Youjia Chen,001,2022-04-14_18h14.21.845,Cat face rating experiment_0-500,2021.1.4,MacIntel,120.0048002
,,,,,,space,2.69,3,2.3844,0,409,409,409,1,409,images/pixabay_cat_002478.jpg,Youjia Chen,001,2022-04-14_18h14.21.845,Cat face rating experiment_0-500,2021.1.4,MacIntel,120.0048002
,,,,,,space,1.8295,6,1.1001,0,410,410,410,1,410,images/pixabay_cat_004558.jpg,Youjia Chen,001,2022-04-14_18h14.21.845,Cat face rating experiment_0-500,2021.1.4,MacIntel,120.0048002
,,,,,,space,1.2723,5,1.0282,0,411,411,411,1,411,images/flickr_cat_000421.jpg,Youjia Chen,001,2022-04-14_18h14.21.845,Cat face rating experiment_0-500,2021.1.4,MacIntel,120.0048002
,,,,,,space,1.7854,3,1.5256,0,412,412,412,1,412,images/pixabay_cat_003650.jpg,Youjia Chen,001,2022-04-14_18h14.21.845,Cat face rating experiment_0-500,2021.1.4,MacIntel,120.0048002
,,,,,,space,1.6389,2,1.3865,0,413,413,413,1,413,images/pixabay_cat_002152.jpg,Youjia Chen,001,2022-04-14_18h14.21.845,Cat face rating experiment_0-500,2021.1.4,MacIntel,120.0048002
,,,,,,space,2.1223,5,1.7706,0,414,414,414,1,414,images/flickr_cat_000569.jpg,Youjia Chen,001,2022-04-14_18h14.21.845,Cat face rating experiment_0-500,2021.1.4,MacIntel,120.0048002
,,,,,,space,2.623,7,2.3366,0,415,415,415,1,415,images/pixabay_cat_004406.jpg,Youjia Chen,001,2022-04-14_18h14.21.845,Cat face rating experiment_0-500,2021.1.4,MacIntel,120.0048002
,,,,,,space,0.995,7,0.7349,0,416,416,416,1,416,images/pixabay_cat_001238.jpg,Youjia Chen,001,2022-04-14_18h14.21.845,Cat face rating experiment_0-500,2021.1.4,MacIntel,120.0048002
,,,,,,space,1.0385,7,0.7778,0,417,417,417,1,417,images/pixabay_cat_003677.jpg,Youjia Chen,001,2022-04-14_18h14.21.845,Cat face rating experiment_0-500,2021.1.4,MacIntel,120.0048002
,,,,,,space,2.6425,3,2.3536,0,418,418,418,1,418,images/pixabay_cat_000124.jpg,Youjia Chen,001,2022-04-14_18h14.21.845,Cat face rating experiment_0-500,2021.1.4,MacIntel,120.0048002
,,,,,,space,1.6311,5,1.139,0,419,419,419,1,419,images/pixabay_cat_000928.jpg,Youjia Chen,001,2022-04-14_18h14.21.845,Cat face rating experiment_0-500,2021.1.4,MacIntel,120.0048002
,,,,,,space,1.4578,2,1.079,0,420,420,420,1,420,images/pixabay_cat_001983.jpg,Youjia Chen,001,2022-04-14_18h14.21.845,Cat face rating experiment_0-500,2021.1.4,MacIntel,120.0048002
,,,,,,space,4.6892,5,4.4291,0,421,421,421,1,421,images/pixabay_cat_004087.jpg,Youjia Chen,001,2022-04-14_18h14.21.845,Cat face rating experiment_0-500,2021.1.4,MacIntel,120.0048002
,,,,,,space,2.723,3,1.629,0,422,422,422,1,422,images/pixabay_cat_001391.jpg,Youjia Chen,001,2022-04-14_18h14.21.845,Cat face rating experiment_0-500,2021.1.4,MacIntel,120.0048002
,,,,,,space,1.3947,6,1.1706,0,423,423,423,1,423,images/pixabay_cat_003752.jpg,Youjia Chen,001,2022-04-14_18h14.21.845,Cat face rating experiment_0-500,2021.1.4,MacIntel,120.0048002
,,,,,,space,4.8112,7,4.5177,0,424,424,424,1,424,images/pixabay_cat_000004.jpg,Youjia Chen,001,2022-04-14_18h14.21.845,Cat face rating experiment_0-500,2021.1.4,MacIntel,120.0048002
,,,,,,space,1.9016,6,1.6192,0,425,425,425,1,425,images/pixabay_cat_003460.jpg,Youjia Chen,001,2022-04-14_18h14.21.845,Cat face rating experiment_0-500,2021.1.4,MacIntel,120.0048002
,,,,,,space,2.3378,6,2.1517,0,426,426,426,1,426,images/pixabay_cat_001749.jpg,Youjia Chen,001,2022-04-14_18h14.21.845,Cat face rating experiment_0-500,2021.1.4,MacIntel,120.0048002
,,,,,,space,1.8168,2,1.5181,0,427,427,427,1,427,images/pixabay_cat_002811.jpg,Youjia Chen,001,2022-04-14_18h14.21.845,Cat face rating experiment_0-500,2021.1.4,MacIntel,120.0048002
,,,,,,space,1.6253,5,1.3277,0,428,428,428,1,428,images/pixabay_cat_003139.jpg,Youjia Chen,001,2022-04-14_18h14.21.845,Cat face rating experiment_0-500,2021.1.4,MacIntel,120.0048002
,,,,,,space,1.714,6,1.1523,0,429,429,429,1,429,images/flickr_cat_000774.jpg,Youjia Chen,001,2022-04-14_18h14.21.845,Cat face rating experiment_0-500,2021.1.4,MacIntel,120.0048002
,,,,,,space,2.2039,,,0,430,430,430,1,430,images/pixabay_cat_003720.jpg,Youjia Chen,001,2022-04-14_18h14.21.845,Cat face rating experiment_0-500,2021.1.4,MacIntel,120.0048002
,,,,,,space,1.5541,5,1.0843,0,431,431,431,1,431,images/pixabay_cat_000878.jpg,Youjia Chen,001,2022-04-14_18h14.21.845,Cat face rating experiment_0-500,2021.1.4,MacIntel,120.0048002
,,,,,,space,2.8469,6,2.5461,0,432,432,432,1,432,images/pixabay_cat_001793.jpg,Youjia Chen,001,2022-04-14_18h14.21.845,Cat face rating experiment_0-500,2021.1.4,MacIntel,120.0048002
,,,,,,space,1.5464,5,1.298,0,433,433,433,1,433,images/pixabay_cat_002282.jpg,Youjia Chen,001,2022-04-14_18h14.21.845,Cat face rating experiment_0-500,2021.1.4,MacIntel,120.0048002
,,,,,,space,1.3762,6,1.0332,0,434,434,434,1,434,images/pixabay_cat_003147.jpg,Youjia Chen,001,2022-04-14_18h14.21.845,Cat face rating experiment_0-500,2021.1.4,MacIntel,120.0048002
,,,,,,space,1.7383,6,1.4341,0,435,435,435,1,435,images/flickr_cat_000396.jpg,Youjia Chen,001,2022-04-14_18h14.21.845,Cat face rating experiment_0-500,2021.1.4,MacIntel,120.0048002
,,,,,,space,2.1443,3,1.9038,0,436,436,436,1,436,images/pixabay_cat_002014.jpg,Youjia Chen,001,2022-04-14_18h14.21.845,Cat face rating experiment_0-500,2021.1.4,MacIntel,120.0048002
,,,,,,space,1.9961,2,1.71,0,437,437,437,1,437,images/pixabay_cat_001634.jpg,Youjia Chen,001,2022-04-14_18h14.21.845,Cat face rating experiment_0-500,2021.1.4,MacIntel,120.0048002
,,,,,,space,2.8259,5,2.0585,0,438,438,438,1,438,images/pixabay_cat_001449.jpg,Youjia Chen,001,2022-04-14_18h14.21.845,Cat face rating experiment_0-500,2021.1.4,MacIntel,120.0048002
,,,,,,space,1.3425,6,1.1348,0,439,439,439,1,439,images/pixabay_cat_001541.jpg,Youjia Chen,001,2022-04-14_18h14.21.845,Cat face rating experiment_0-500,2021.1.4,MacIntel,120.0048002
,,,,,,space,1.507,7,1.2552,0,440,440,440,1,440,images/pixabay_cat_001152.jpg,Youjia Chen,001,2022-04-14_18h14.21.845,Cat face rating experiment_0-500,2021.1.4,MacIntel,120.0048002
,,,,,,space,1.8457,3,1.5633,0,441,441,441,1,441,images/pixabay_cat_003606.jpg,Youjia Chen,001,2022-04-14_18h14.21.845,Cat face rating experiment_0-500,2021.1.4,MacIntel,120.0048002
,,,,,,space,1.8102,2,1.4012,0,442,442,442,1,442,images/pixabay_cat_001220.jpg,Youjia Chen,001,2022-04-14_18h14.21.845,Cat face rating experiment_0-500,2021.1.4,MacIntel,120.0048002
,,,,,,space,1.3411,1,1.0107,0,443,443,443,1,443,images/pixabay_cat_000957.jpg,Youjia Chen,001,2022-04-14_18h14.21.845,Cat face rating experiment_0-500,2021.1.4,MacIntel,120.0048002
,,,,,,space,1.3665,1,1.0776,0,444,444,444,1,444,images/flickr_cat_000023.jpg,Youjia Chen,001,2022-04-14_18h14.21.845,Cat face rating experiment_0-500,2021.1.4,MacIntel,120.0048002
,,,,,,space,2.2607,7,1.9779,0,445,445,445,1,445,images/pixabay_cat_003656.jpg,Youjia Chen,001,2022-04-14_18h14.21.845,Cat face rating experiment_0-500,2021.1.4,MacIntel,120.0048002
,,,,,,space,1.5814,2,1.3132,0,446,446,446,1,446,images/pixabay_cat_000976.jpg,Youjia Chen,001,2022-04-14_18h14.21.845,Cat face rating experiment_0-500,2021.1.4,MacIntel,120.0048002
,,,,,,space,1.204,2,0.9108,0,447,447,447,1,447,images/pixabay_cat_000657.jpg,Youjia Chen,001,2022-04-14_18h14.21.845,Cat face rating experiment_0-500,2021.1.4,MacIntel,120.0048002
,,,,,,space,1.5434,5,1.2784,0,448,448,448,1,448,images/flickr_cat_000376.jpg,Youjia Chen,001,2022-04-14_18h14.21.845,Cat face rating experiment_0-500,2021.1.4,MacIntel,120.0048002
,,,,,,space,2.0443,3,1.7533,0,449,449,449,1,449,images/pixabay_cat_003747.jpg,Youjia Chen,001,2022-04-14_18h14.21.845,Cat face rating experiment_0-500,2021.1.4,MacIntel,120.0048002
,,,,,,space,1.7249,2,1.3857,0,450,450,450,1,450,images/pixabay_cat_003228.jpg,Youjia Chen,001,2022-04-14_18h14.21.845,Cat face rating experiment_0-500,2021.1.4,MacIntel,120.0048002
,,,,,,space,1.8736,1,1.5366,0,451,451,451,1,451,images/pixabay_cat_001345.jpg,Youjia Chen,001,2022-04-14_18h14.21.845,Cat face rating experiment_0-500,2021.1.4,MacIntel,120.0048002
,,,,,,space,2.3261,7,1.903,0,452,452,452,1,452,images/pixabay_cat_004108.jpg,Youjia Chen,001,2022-04-14_18h14.21.845,Cat face rating experiment_0-500,2021.1.4,MacIntel,120.0048002
,,,,,,space,1.3775,6,1.0706,0,453,453,453,1,453,images/pixabay_cat_002529.jpg,Youjia Chen,001,2022-04-14_18h14.21.845,Cat face rating experiment_0-500,2021.1.4,MacIntel,120.0048002
,,,,,,space,2.2198,7,1.4613,0,454,454,454,1,454,images/pixabay_cat_004258.jpg,Youjia Chen,001,2022-04-14_18h14.21.845,Cat face rating experiment_0-500,2021.1.4,MacIntel,120.0048002
,,,,,,space,4.6721,3,3.8851,0,455,455,455,1,455,images/pixabay_cat_004158.jpg,Youjia Chen,001,2022-04-14_18h14.21.845,Cat face rating experiment_0-500,2021.1.4,MacIntel,120.0048002
,,,,,,space,2.436,5,2.0453,0,456,456,456,1,456,images/pixabay_cat_004264.jpg,Youjia Chen,001,2022-04-14_18h14.21.845,Cat face rating experiment_0-500,2021.1.4,MacIntel,120.0048002
,,,,,,space,1.231,6,1.018,0,457,457,457,1,457,images/pixabay_cat_001490.jpg,Youjia Chen,001,2022-04-14_18h14.21.845,Cat face rating experiment_0-500,2021.1.4,MacIntel,120.0048002
,,,,,,space,0.9913,6,0.7065,0,458,458,458,1,458,images/pixabay_cat_001186.jpg,Youjia Chen,001,2022-04-14_18h14.21.845,Cat face rating experiment_0-500,2021.1.4,MacIntel,120.0048002
,,,,,,space,1.0222,6,0.6605,0,459,459,459,1,459,images/pixabay_cat_002949.jpg,Youjia Chen,001,2022-04-14_18h14.21.845,Cat face rating experiment_0-500,2021.1.4,MacIntel,120.0048002
,,,,,,space,2.1302,7,1.9534,0,460,460,460,1,460,images/pixabay_cat_002642.jpg,Youjia Chen,001,2022-04-14_18h14.21.845,Cat face rating experiment_0-500,2021.1.4,MacIntel,120.0048002
,,,,,,space,1.071,7,0.7292,0,461,461,461,1,461,images/pixabay_cat_001589.jpg,Youjia Chen,001,2022-04-14_18h14.21.845,Cat face rating experiment_0-500,2021.1.4,MacIntel,120.0048002
,,,,,,space,1.8319,2,1.5776,0,462,462,462,1,462,images/flickr_cat_000101.jpg,Youjia Chen,001,2022-04-14_18h14.21.845,Cat face rating experiment_0-500,2021.1.4,MacIntel,120.0048002
,,,,,,space,1.6865,7,1.3692,0,463,463,463,1,463,images/flickr_cat_000416.jpg,Youjia Chen,001,2022-04-14_18h14.21.845,Cat face rating experiment_0-500,2021.1.4,MacIntel,120.0048002
,,,,,,space,1.4411,7,1.1582,0,464,464,464,1,464,images/pixabay_cat_002843.jpg,Youjia Chen,001,2022-04-14_18h14.21.845,Cat face rating experiment_0-500,2021.1.4,MacIntel,120.0048002
,,,,,,space,2.1536,6,1.6008,0,465,465,465,1,465,images/pixabay_cat_001547.jpg,Youjia Chen,001,2022-04-14_18h14.21.845,Cat face rating experiment_0-500,2021.1.4,MacIntel,120.0048002
,,,,,,space,1.7034,2,1.5069,0,466,466,466,1,466,images/pixabay_cat_000858.jpg,Youjia Chen,001,2022-04-14_18h14.21.845,Cat face rating experiment_0-500,2021.1.4,MacIntel,120.0048002
,,,,,,space,3.479,3,3.1115,0,467,467,467,1,467,images/pixabay_cat_004792.jpg,Youjia Chen,001,2022-04-14_18h14.21.845,Cat face rating experiment_0-500,2021.1.4,MacIntel,120.0048002
,,,,,,space,1.171,3,0.8527,0,468,468,468,1,468,images/pixabay_cat_003838.jpg,Youjia Chen,001,2022-04-14_18h14.21.845,Cat face rating experiment_0-500,2021.1.4,MacIntel,120.0048002
,,,,,,space,1.7063,3,1.1621,0,469,469,469,1,469,images/flickr_cat_000819.jpg,Youjia Chen,001,2022-04-14_18h14.21.845,Cat face rating experiment_0-500,2021.1.4,MacIntel,120.0048002
,,,,,,space,1.7453,7,1.5655,0,470,470,470,1,470,images/pixabay_cat_001697.jpg,Youjia Chen,001,2022-04-14_18h14.21.845,Cat face rating experiment_0-500,2021.1.4,MacIntel,120.0048002
,,,,,,space,0.9593,7,0.6893,0,471,471,471,1,471,images/pixabay_cat_004458.jpg,Youjia Chen,001,2022-04-14_18h14.21.845,Cat face rating experiment_0-500,2021.1.4,MacIntel,120.0048002
,,,,,,space,1.0186,7,0.7372,0,472,472,472,1,472,images/pixabay_cat_000242.jpg,Youjia Chen,001,2022-04-14_18h14.21.845,Cat face rating experiment_0-500,2021.1.4,MacIntel,120.0048002
,,,,,,space,2.0164,2,1.8339,0,473,473,473,1,473,images/flickr_cat_000097.jpg,Youjia Chen,001,2022-04-14_18h14.21.845,Cat face rating experiment_0-500,2021.1.4,MacIntel,120.0048002
,,,,,,space,1.8204,2,1.1192,0,474,474,474,1,474,images/pixabay_cat_001868.jpg,Youjia Chen,001,2022-04-14_18h14.21.845,Cat face rating experiment_0-500,2021.1.4,MacIntel,120.0048002
,,,,,,space,1.3555,1,1.1142,0,475,475,475,1,475,images/pixabay_cat_000856.jpg,Youjia Chen,001,2022-04-14_18h14.21.845,Cat face rating experiment_0-500,2021.1.4,MacIntel,120.0048002
,,,,,,space,1.4922,2,1.2877,0,476,476,476,1,476,images/pixabay_cat_003849.jpg,Youjia Chen,001,2022-04-14_18h14.21.845,Cat face rating experiment_0-500,2021.1.4,MacIntel,120.0048002
,,,,,,space,2.2553,6,1.7304,0,477,477,477,1,477,images/pixabay_cat_002171.jpg,Youjia Chen,001,2022-04-14_18h14.21.845,Cat face rating experiment_0-500,2021.1.4,MacIntel,120.0048002
,,,,,,space,1.3063,6,0.7711,0,478,478,478,1,478,images/pixabay_cat_002114.jpg,Youjia Chen,001,2022-04-14_18h14.21.845,Cat face rating experiment_0-500,2021.1.4,MacIntel,120.0048002
,,,,,,space,1.3671,3,1.1607,0,479,479,479,1,479,images/pixabay_cat_003258.jpg,Youjia Chen,001,2022-04-14_18h14.21.845,Cat face rating experiment_0-500,2021.1.4,MacIntel,120.0048002
,,,,,,space,1.4479,5,1.137,0,480,480,480,1,480,images/pixabay_cat_000425.jpg,Youjia Chen,001,2022-04-14_18h14.21.845,Cat face rating experiment_0-500,2021.1.4,MacIntel,120.0048002
,,,,,,space,1.3558,6,1.0448,0,481,481,481,1,481,images/pixabay_cat_003821.jpg,Youjia Chen,001,2022-04-14_18h14.21.845,Cat face rating experiment_0-500,2021.1.4,MacIntel,120.0048002
,,,,,,space,1.5988,5,0.8465,0,482,482,482,1,482,images/pixabay_cat_000568.jpg,Youjia Chen,001,2022-04-14_18h14.21.845,Cat face rating experiment_0-500,2021.1.4,MacIntel,120.0048002
,,,,,,space,1.2268,5,0.9713,0,483,483,483,1,483,images/pixabay_cat_000800.jpg,Youjia Chen,001,2022-04-14_18h14.21.845,Cat face rating experiment_0-500,2021.1.4,MacIntel,120.0048002
,,,,,,space,1.6407,5,1.4353,0,484,484,484,1,484,images/pixabay_cat_002004.jpg,Youjia Chen,001,2022-04-14_18h14.21.845,Cat face rating experiment_0-500,2021.1.4,MacIntel,120.0048002
,,,,,,space,1.7829,6,1.434,0,485,485,485,1,485,images/pixabay_cat_002760.jpg,Youjia Chen,001,2022-04-14_18h14.21.845,Cat face rating experiment_0-500,2021.1.4,MacIntel,120.0048002
,,,,,,space,3.3954,7,3.0788,0,486,486,486,1,486,images/pixabay_cat_003518.jpg,Youjia Chen,001,2022-04-14_18h14.21.845,Cat face rating experiment_0-500,2021.1.4,MacIntel,120.0048002
,,,,,,space,1.1844,7,0.8549,0,487,487,487,1,487,images/pixabay_cat_000029.jpg,Youjia Chen,001,2022-04-14_18h14.21.845,Cat face rating experiment_0-500,2021.1.4,MacIntel,120.0048002
,,,,,,space,1.7392,2,1.4446,0,488,488,488,1,488,images/pixabay_cat_004531.jpg,Youjia Chen,001,2022-04-14_18h14.21.845,Cat face rating experiment_0-500,2021.1.4,MacIntel,120.0048002
,,,,,,space,1.9812,6,1.6959,0,489,489,489,1,489,images/pixabay_cat_004292.jpg,Youjia Chen,001,2022-04-14_18h14.21.845,Cat face rating experiment_0-500,2021.1.4,MacIntel,120.0048002
,,,,,,space,1.4169,6,1.0945,0,490,490,490,1,490,images/pixabay_cat_004100.jpg,Youjia Chen,001,2022-04-14_18h14.21.845,Cat face rating experiment_0-500,2021.1.4,MacIntel,120.0048002
,,,,,,space,1.4654,7,1.1355,0,491,491,491,1,491,images/pixabay_cat_000414.jpg,Youjia Chen,001,2022-04-14_18h14.21.845,Cat face rating experiment_0-500,2021.1.4,MacIntel,120.0048002
,,,,,,space,1.1456,7,0.8538,0,492,492,492,1,492,images/pixabay_cat_002685.jpg,Youjia Chen,001,2022-04-14_18h14.21.845,Cat face rating experiment_0-500,2021.1.4,MacIntel,120.0048002
,,,,,,space,1.7305,5,1.5014,0,493,493,493,1,493,images/pixabay_cat_004259.jpg,Youjia Chen,001,2022-04-14_18h14.21.845,Cat face rating experiment_0-500,2021.1.4,MacIntel,120.0048002
,,,,,,space,1.6293,6,1.0951,0,494,494,494,1,494,images/pixabay_cat_001802.jpg,Youjia Chen,001,2022-04-14_18h14.21.845,Cat face rating experiment_0-500,2021.1.4,MacIntel,120.0048002
,,,,,,space,1.8132,6,1.1378,0,495,495,495,1,495,images/pixabay_cat_000067.jpg,Youjia Chen,001,2022-04-14_18h14.21.845,Cat face rating experiment_0-500,2021.1.4,MacIntel,120.0048002
,,,,,,space,1.5938,3,1.2541,0,496,496,496,1,496,images/pixabay_cat_003069.jpg,Youjia Chen,001,2022-04-14_18h14.21.845,Cat face rating experiment_0-500,2021.1.4,MacIntel,120.0048002
,,,,,,space,1.6025,6,1.3766,0,497,497,497,1,497,images/flickr_cat_000812.jpg,Youjia Chen,001,2022-04-14_18h14.21.845,Cat face rating experiment_0-500,2021.1.4,MacIntel,120.0048002
,,,,,,space,1.745,7,1.5275,0,498,498,498,1,498,images/pixabay_cat_002638.jpg,Youjia Chen,001,2022-04-14_18h14.21.845,Cat face rating experiment_0-500,2021.1.4,MacIntel,120.0048002
,,,,,,space,1.0231,7,0.8116,0,499,499,499,1,499,images/flickr_cat_000203.jpg,Youjia Chen,001,2022-04-14_18h14.21.845,Cat face rating experiment_0-500,2021.1.4,MacIntel,120.0048002
