key_resp.keys,key_resp.rt,key_resp_2.keys,key_resp_2.rt,key_resp_3.keys,key_resp_3.rt,key_resp_4.keys,key_resp_4.rt,slider.response,slider.rt,trials.thisRepN,trials.thisTrialN,trials.thisN,trials.thisIndex,trials.ran,trial_nums,img,participant,session,date,expName,psychopyVersion,OS,frameRate
space,1.4264,space,2.0805,space,1.0534,space,2.591,6,2.1314,0,0,0,0,1,0,images/pixabay_cat_000265.jpg,Youjia Chen,001,2022-05-12_16h17.55.416,Cat face rating experiment_0-500,2021.1.4,MacIntel,120.0048002
,,,,,,space,2.4107,7,2.1357,0,1,1,1,1,1,images/pixabay_cat_003456.jpg,Youjia Chen,001,2022-05-12_16h17.55.416,Cat face rating experiment_0-500,2021.1.4,MacIntel,120.0048002
,,,,,,space,3.0806,2,1.9381,0,2,2,2,1,2,images/pixabay_cat_001888.jpg,Youjia Chen,001,2022-05-12_16h17.55.416,Cat face rating experiment_0-500,2021.1.4,MacIntel,120.0048002
,,,,,,space,1.5304,2,1.2813,0,3,3,3,1,3,images/pixabay_cat_002932.jpg,Youjia Chen,001,2022-05-12_16h17.55.416,Cat face rating experiment_0-500,2021.1.4,MacIntel,120.0048002
,,,,,,space,2.654,7,2.3527,0,4,4,4,1,4,images/pixabay_cat_001034.jpg,Youjia Chen,001,2022-05-12_16h17.55.416,Cat face rating experiment_0-500,2021.1.4,MacIntel,120.0048002
,,,,,,space,3.7039,1,3.436,0,5,5,5,1,5,images/flickr_cat_000685.jpg,Youjia Chen,001,2022-05-12_16h17.55.416,Cat face rating experiment_0-500,2021.1.4,MacIntel,120.0048002
,,,,,,space,2.3816,1,2.0825,0,6,6,6,1,6,images/pixabay_cat_002620.jpg,Youjia Chen,001,2022-05-12_16h17.55.416,Cat face rating experiment_0-500,2021.1.4,MacIntel,120.0048002
,,,,,,space,2.0173,3,1.7115,0,7,7,7,1,7,images/flickr_cat_000272.jpg,Youjia Chen,001,2022-05-12_16h17.55.416,Cat face rating experiment_0-500,2021.1.4,MacIntel,120.0048002
,,,,,,space,1.9123,6,1.6871,0,8,8,8,1,8,images/flickr_cat_000764.jpg,Youjia Chen,001,2022-05-12_16h17.55.416,Cat face rating experiment_0-500,2021.1.4,MacIntel,120.0048002
,,,,,,space,4.3225,1,4.0552,0,9,9,9,1,9,images/pixabay_cat_003872.jpg,Youjia Chen,001,2022-05-12_16h17.55.416,Cat face rating experiment_0-500,2021.1.4,MacIntel,120.0048002
,,,,,,space,1.9476,2,1.6781,0,10,10,10,1,10,images/pixabay_cat_004323.jpg,Youjia Chen,001,2022-05-12_16h17.55.416,Cat face rating experiment_0-500,2021.1.4,MacIntel,120.0048002
,,,,,,space,1.9006,6,1.6409,0,11,11,11,1,11,images/pixabay_cat_000548.jpg,Youjia Chen,001,2022-05-12_16h17.55.416,Cat face rating experiment_0-500,2021.1.4,MacIntel,120.0048002
,,,,,,space,1.8511,,,0,12,12,12,1,12,images/flickr_cat_000463.jpg,Youjia Chen,001,2022-05-12_16h17.55.416,Cat face rating experiment_0-500,2021.1.4,MacIntel,120.0048002
,,,,,,space,2.7607,7,2.0261,0,13,13,13,1,13,images/flickr_cat_000204.jpg,Youjia Chen,001,2022-05-12_16h17.55.416,Cat face rating experiment_0-500,2021.1.4,MacIntel,120.0048002
,,,,,,space,1.706,6,1.5294,0,14,14,14,1,14,images/pixabay_cat_001531.jpg,Youjia Chen,001,2022-05-12_16h17.55.416,Cat face rating experiment_0-500,2021.1.4,MacIntel,120.0048002
,,,,,,space,1.2132,6,0.9302,0,15,15,15,1,15,images/pixabay_cat_003665.jpg,Youjia Chen,001,2022-05-12_16h17.55.416,Cat face rating experiment_0-500,2021.1.4,MacIntel,120.0048002
,,,,,,space,3.4687,7,3.2098,0,16,16,16,1,16,images/pixabay_cat_002893.jpg,Youjia Chen,001,2022-05-12_16h17.55.416,Cat face rating experiment_0-500,2021.1.4,MacIntel,120.0048002
,,,,,,space,2.04,2,1.7521,0,17,17,17,1,17,images/pixabay_cat_000223.jpg,Youjia Chen,001,2022-05-12_16h17.55.416,Cat face rating experiment_0-500,2021.1.4,MacIntel,120.0048002
,,,,,,space,1.2818,2,1.0195,0,18,18,18,1,18,images/pixabay_cat_003726.jpg,Youjia Chen,001,2022-05-12_16h17.55.416,Cat face rating experiment_0-500,2021.1.4,MacIntel,120.0048002
,,,,,,space,1.6392,1,1.3512,0,19,19,19,1,19,images/pixabay_cat_001244.jpg,Youjia Chen,001,2022-05-12_16h17.55.416,Cat face rating experiment_0-500,2021.1.4,MacIntel,120.0048002
,,,,,,space,2.8385,7,2.5357,0,20,20,20,1,20,images/pixabay_cat_000572.jpg,Youjia Chen,001,2022-05-12_16h17.55.416,Cat face rating experiment_0-500,2021.1.4,MacIntel,120.0048002
,,,,,,space,2.8143,,,0,21,21,21,1,21,images/pixabay_cat_001023.jpg,Youjia Chen,001,2022-05-12_16h17.55.416,Cat face rating experiment_0-500,2021.1.4,MacIntel,120.0048002
,,,,,,space,1.5664,3,1.4044,0,22,22,22,1,22,images/pixabay_cat_003287.jpg,Youjia Chen,001,2022-05-12_16h17.55.416,Cat face rating experiment_0-500,2021.1.4,MacIntel,120.0048002
,,,,,,space,1.9094,5,1.6134,0,23,23,23,1,23,images/pixabay_cat_002876.jpg,Youjia Chen,001,2022-05-12_16h17.55.416,Cat face rating experiment_0-500,2021.1.4,MacIntel,120.0048002
,,,,,,space,1.4037,5,1.174,0,24,24,24,1,24,images/pixabay_cat_003702.jpg,Youjia Chen,001,2022-05-12_16h17.55.416,Cat face rating experiment_0-500,2021.1.4,MacIntel,120.0048002
,,,,,,space,2.0059,6,1.7099,0,25,25,25,1,25,images/pixabay_cat_000258.jpg,Youjia Chen,001,2022-05-12_16h17.55.416,Cat face rating experiment_0-500,2021.1.4,MacIntel,120.0048002
,,,,,,space,2.0004,2,1.7228,0,26,26,26,1,26,images/flickr_cat_000506.jpg,Youjia Chen,001,2022-05-12_16h17.55.416,Cat face rating experiment_0-500,2021.1.4,MacIntel,120.0048002
,,,,,,space,2.334,2,2.0372,0,27,27,27,1,27,images/flickr_cat_000469.jpg,Youjia Chen,001,2022-05-12_16h17.55.416,Cat face rating experiment_0-500,2021.1.4,MacIntel,120.0048002
,,,,,,space,1.0248,2,0.7454,0,28,28,28,1,28,images/pixabay_cat_001432.jpg,Youjia Chen,001,2022-05-12_16h17.55.416,Cat face rating experiment_0-500,2021.1.4,MacIntel,120.0048002
,,,,,,space,2.1969,6,1.9715,0,29,29,29,1,29,images/pixabay_cat_004240.jpg,Youjia Chen,001,2022-05-12_16h17.55.416,Cat face rating experiment_0-500,2021.1.4,MacIntel,120.0048002
,,,,,,space,1.7426,7,1.4723,0,30,30,30,1,30,images/pixabay_cat_004443.jpg,Youjia Chen,001,2022-05-12_16h17.55.416,Cat face rating experiment_0-500,2021.1.4,MacIntel,120.0048002
,,,,,,space,2.5143,7,2.245,0,31,31,31,1,31,images/pixabay_cat_002104.jpg,Youjia Chen,001,2022-05-12_16h17.55.416,Cat face rating experiment_0-500,2021.1.4,MacIntel,120.0048002
,,,,,,space,1.9653,2,1.6695,0,32,32,32,1,32,images/pixabay_cat_002059.jpg,Youjia Chen,001,2022-05-12_16h17.55.416,Cat face rating experiment_0-500,2021.1.4,MacIntel,120.0048002
,,,,,,space,2.4124,7,2.1594,0,33,33,33,1,33,images/pixabay_cat_004462.jpg,Youjia Chen,001,2022-05-12_16h17.55.416,Cat face rating experiment_0-500,2021.1.4,MacIntel,120.0048002
,,,,,,space,2.086,1,1.8206,0,34,34,34,1,34,images/flickr_cat_000436.jpg,Youjia Chen,001,2022-05-12_16h17.55.416,Cat face rating experiment_0-500,2021.1.4,MacIntel,120.0048002
,,,,,,space,2.1543,1,1.876,0,35,35,35,1,35,images/flickr_cat_000291.jpg,Youjia Chen,001,2022-05-12_16h17.55.416,Cat face rating experiment_0-500,2021.1.4,MacIntel,120.0048002
,,,,,,space,1.7545,2,1.5024,0,36,36,36,1,36,images/pixabay_cat_001907.jpg,Youjia Chen,001,2022-05-12_16h17.55.416,Cat face rating experiment_0-500,2021.1.4,MacIntel,120.0048002
,,,,,,space,2.0475,6,1.8207,0,37,37,37,1,37,images/pixabay_cat_000351.jpg,Youjia Chen,001,2022-05-12_16h17.55.416,Cat face rating experiment_0-500,2021.1.4,MacIntel,120.0048002
,,,,,,space,2.4431,7,2.1719,0,38,38,38,1,38,images/pixabay_cat_002774.jpg,Youjia Chen,001,2022-05-12_16h17.55.416,Cat face rating experiment_0-500,2021.1.4,MacIntel,120.0048002
,,,,,,space,3.6318,4,3.3261,0,39,39,39,1,39,images/pixabay_cat_001265.jpg,Youjia Chen,001,2022-05-12_16h17.55.416,Cat face rating experiment_0-500,2021.1.4,MacIntel,120.0048002
,,,,,,space,1.7187,5,1.5035,0,40,40,40,1,40,images/flickr_cat_000057.jpg,Youjia Chen,001,2022-05-12_16h17.55.416,Cat face rating experiment_0-500,2021.1.4,MacIntel,120.0048002
,,,,,,space,1.9731,3,1.5893,0,41,41,41,1,41,images/pixabay_cat_002143.jpg,Youjia Chen,001,2022-05-12_16h17.55.416,Cat face rating experiment_0-500,2021.1.4,MacIntel,120.0048002
,,,,,,space,1.7442,6,1.4285,0,42,42,42,1,42,images/flickr_cat_000661.jpg,Youjia Chen,001,2022-05-12_16h17.55.416,Cat face rating experiment_0-500,2021.1.4,MacIntel,120.0048002
,,,,,,space,1.4883,7,1.1036,0,43,43,43,1,43,images/pixabay_cat_002411.jpg,Youjia Chen,001,2022-05-12_16h17.55.416,Cat face rating experiment_0-500,2021.1.4,MacIntel,120.0048002
,,,,,,space,1.078,6,0.8301,0,44,44,44,1,44,images/pixabay_cat_002309.jpg,Youjia Chen,001,2022-05-12_16h17.55.416,Cat face rating experiment_0-500,2021.1.4,MacIntel,120.0048002
,,,,,,space,1.6595,3,1.4776,0,45,45,45,1,45,images/pixabay_cat_001534.jpg,Youjia Chen,001,2022-05-12_16h17.55.416,Cat face rating experiment_0-500,2021.1.4,MacIntel,120.0048002
,,,,,,space,3.8024,6,3.5197,0,46,46,46,1,46,images/flickr_cat_000470.jpg,Youjia Chen,001,2022-05-12_16h17.55.416,Cat face rating experiment_0-500,2021.1.4,MacIntel,120.0048002
,,,,,,space,3.713,3,1.6978,0,47,47,47,1,47,images/pixabay_cat_002182.jpg,Youjia Chen,001,2022-05-12_16h17.55.416,Cat face rating experiment_0-500,2021.1.4,MacIntel,120.0048002
,,,,,,space,2.1273,6,1.8714,0,48,48,48,1,48,images/pixabay_cat_001520.jpg,Youjia Chen,001,2022-05-12_16h17.55.416,Cat face rating experiment_0-500,2021.1.4,MacIntel,120.0048002
,,,,,,space,1.7865,7,1.5275,0,49,49,49,1,49,images/flickr_cat_000171.jpg,Youjia Chen,001,2022-05-12_16h17.55.416,Cat face rating experiment_0-500,2021.1.4,MacIntel,120.0048002
,,,,,,space,1.6045,6,1.3453,0,50,50,50,1,50,images/flickr_cat_000763.jpg,Youjia Chen,001,2022-05-12_16h17.55.416,Cat face rating experiment_0-500,2021.1.4,MacIntel,120.0048002
,,,,,,space,1.3648,7,1.1211,0,51,51,51,1,51,images/pixabay_cat_002897.jpg,Youjia Chen,001,2022-05-12_16h17.55.416,Cat face rating experiment_0-500,2021.1.4,MacIntel,120.0048002
,,,,,,space,2.1053,2,1.8699,0,52,52,52,1,52,images/flickr_cat_000662.jpg,Youjia Chen,001,2022-05-12_16h17.55.416,Cat face rating experiment_0-500,2021.1.4,MacIntel,120.0048002
,,,,,,space,1.6216,2,1.3802,0,53,53,53,1,53,images/flickr_cat_000064.jpg,Youjia Chen,001,2022-05-12_16h17.55.416,Cat face rating experiment_0-500,2021.1.4,MacIntel,120.0048002
,,,,,,space,3.2255,6,2.9873,0,54,54,54,1,54,images/pixabay_cat_004053.jpg,Youjia Chen,001,2022-05-12_16h17.55.416,Cat face rating experiment_0-500,2021.1.4,MacIntel,120.0048002
,,,,,,space,1.8186,3,1.5423,0,55,55,55,1,55,images/pixabay_cat_004383.jpg,Youjia Chen,001,2022-05-12_16h17.55.416,Cat face rating experiment_0-500,2021.1.4,MacIntel,120.0048002
,,,,,,space,1.6503,6,1.3926,0,56,56,56,1,56,images/pixabay_cat_003546.jpg,Youjia Chen,001,2022-05-12_16h17.55.416,Cat face rating experiment_0-500,2021.1.4,MacIntel,120.0048002
,,,,,,space,1.0366,6,0.7582,0,57,57,57,1,57,images/pixabay_cat_001894.jpg,Youjia Chen,001,2022-05-12_16h17.55.416,Cat face rating experiment_0-500,2021.1.4,MacIntel,120.0048002
,,,,,,space,1.396,7,1.1693,0,58,58,58,1,58,images/pixabay_cat_000264.jpg,Youjia Chen,001,2022-05-12_16h17.55.416,Cat face rating experiment_0-500,2021.1.4,MacIntel,120.0048002
,,,,,,space,1.9426,2,1.6754,0,59,59,59,1,59,images/pixabay_cat_001276.jpg,Youjia Chen,001,2022-05-12_16h17.55.416,Cat face rating experiment_0-500,2021.1.4,MacIntel,120.0048002
,,,,,,space,3.1038,1,2.7967,0,60,60,60,1,60,images/pixabay_cat_002405.jpg,Youjia Chen,001,2022-05-12_16h17.55.416,Cat face rating experiment_0-500,2021.1.4,MacIntel,120.0048002
,,,,,,space,1.1102,1,0.8166,0,61,61,61,1,61,images/pixabay_cat_002175.jpg,Youjia Chen,001,2022-05-12_16h17.55.416,Cat face rating experiment_0-500,2021.1.4,MacIntel,120.0048002
,,,,,,space,2.0274,7,1.7427,0,62,62,62,1,62,images/pixabay_cat_000852.jpg,Youjia Chen,001,2022-05-12_16h17.55.416,Cat face rating experiment_0-500,2021.1.4,MacIntel,120.0048002
,,,,,,space,2.9952,2,2.6871,0,63,63,63,1,63,images/pixabay_cat_001484.jpg,Youjia Chen,001,2022-05-12_16h17.55.416,Cat face rating experiment_0-500,2021.1.4,MacIntel,120.0048002
,,,,,,space,2.8107,6,2.5441,0,64,64,64,1,64,images/pixabay_cat_004181.jpg,Youjia Chen,001,2022-05-12_16h17.55.416,Cat face rating experiment_0-500,2021.1.4,MacIntel,120.0048002
,,,,,,space,1.4011,6,1.1059,0,65,65,65,1,65,images/pixabay_cat_003705.jpg,Youjia Chen,001,2022-05-12_16h17.55.416,Cat face rating experiment_0-500,2021.1.4,MacIntel,120.0048002
,,,,,,space,2.2159,3,1.9321,0,66,66,66,1,66,images/pixabay_cat_004638.jpg,Youjia Chen,001,2022-05-12_16h17.55.416,Cat face rating experiment_0-500,2021.1.4,MacIntel,120.0048002
,,,,,,space,0.9965,3,0.7182,0,67,67,67,1,67,images/pixabay_cat_003846.jpg,Youjia Chen,001,2022-05-12_16h17.55.416,Cat face rating experiment_0-500,2021.1.4,MacIntel,120.0048002
,,,,,,space,2.454,7,2.1979,0,68,68,68,1,68,images/pixabay_cat_001886.jpg,Youjia Chen,001,2022-05-12_16h17.55.416,Cat face rating experiment_0-500,2021.1.4,MacIntel,120.0048002
,,,,,,space,1.4712,7,1.2264,0,69,69,69,1,69,images/pixabay_cat_004424.jpg,Youjia Chen,001,2022-05-12_16h17.55.416,Cat face rating experiment_0-500,2021.1.4,MacIntel,120.0048002
,,,,,,space,1.4018,6,1.195,0,70,70,70,1,70,images/pixabay_cat_002027.jpg,Youjia Chen,001,2022-05-12_16h17.55.416,Cat face rating experiment_0-500,2021.1.4,MacIntel,120.0048002
,,,,,,space,1.5145,5,1.2119,0,71,71,71,1,71,images/pixabay_cat_004796.jpg,Youjia Chen,001,2022-05-12_16h17.55.416,Cat face rating experiment_0-500,2021.1.4,MacIntel,120.0048002
,,,,,,space,2.0547,5,1.8052,0,72,72,72,1,72,images/pixabay_cat_001698.jpg,Youjia Chen,001,2022-05-12_16h17.55.416,Cat face rating experiment_0-500,2021.1.4,MacIntel,120.0048002
,,,,,,space,2.3403,6,2.0964,0,73,73,73,1,73,images/pixabay_cat_001898.jpg,Youjia Chen,001,2022-05-12_16h17.55.416,Cat face rating experiment_0-500,2021.1.4,MacIntel,120.0048002
,,,,,,space,2.003,2,1.7284,0,74,74,74,1,74,images/pixabay_cat_002250.jpg,Youjia Chen,001,2022-05-12_16h17.55.416,Cat face rating experiment_0-500,2021.1.4,MacIntel,120.0048002
,,,,,,space,2.353,7,2.0949,0,75,75,75,1,75,images/pixabay_cat_004050.jpg,Youjia Chen,001,2022-05-12_16h17.55.416,Cat face rating experiment_0-500,2021.1.4,MacIntel,120.0048002
,,,,,,space,1.0588,7,0.8272,0,76,76,76,1,76,images/pixabay_cat_002738.jpg,Youjia Chen,001,2022-05-12_16h17.55.416,Cat face rating experiment_0-500,2021.1.4,MacIntel,120.0048002
,,,,,,space,1.3048,6,1.0418,0,77,77,77,1,77,images/flickr_cat_000034.jpg,Youjia Chen,001,2022-05-12_16h17.55.416,Cat face rating experiment_0-500,2021.1.4,MacIntel,120.0048002
,,,,,,space,2.0491,1,1.7611,0,78,78,78,1,78,images/pixabay_cat_000766.jpg,Youjia Chen,001,2022-05-12_16h17.55.416,Cat face rating experiment_0-500,2021.1.4,MacIntel,120.0048002
,,,,,,space,1.6449,1,1.3593,0,79,79,79,1,79,images/flickr_cat_000793.jpg,Youjia Chen,001,2022-05-12_16h17.55.416,Cat face rating experiment_0-500,2021.1.4,MacIntel,120.0048002
,,,,,,space,2.2459,2,2.0304,0,80,80,80,1,80,images/pixabay_cat_000998.jpg,Youjia Chen,001,2022-05-12_16h17.55.416,Cat face rating experiment_0-500,2021.1.4,MacIntel,120.0048002
,,,,,,space,5.3528,6,2.5289,0,81,81,81,1,81,images/pixabay_cat_002176.jpg,Youjia Chen,001,2022-05-12_16h17.55.416,Cat face rating experiment_0-500,2021.1.4,MacIntel,120.0048002
,,,,,,space,1.6441,2,1.4674,0,82,82,82,1,82,images/flickr_cat_000066.jpg,Youjia Chen,001,2022-05-12_16h17.55.416,Cat face rating experiment_0-500,2021.1.4,MacIntel,120.0048002
,,,,,,space,2.0884,7,1.7865,0,83,83,83,1,83,images/pixabay_cat_001796.jpg,Youjia Chen,001,2022-05-12_16h17.55.416,Cat face rating experiment_0-500,2021.1.4,MacIntel,120.0048002
,,,,,,space,2.4975,6,2.254,0,84,84,84,1,84,images/pixabay_cat_001862.jpg,Youjia Chen,001,2022-05-12_16h17.55.416,Cat face rating experiment_0-500,2021.1.4,MacIntel,120.0048002
,,,,,,space,3.0937,6,2.6045,0,85,85,85,1,85,images/pixabay_cat_001624.jpg,Youjia Chen,001,2022-05-12_16h17.55.416,Cat face rating experiment_0-500,2021.1.4,MacIntel,120.0048002
,,,,,,space,2.167,3,1.9035,0,86,86,86,1,86,images/pixabay_cat_000822.jpg,Youjia Chen,001,2022-05-12_16h17.55.416,Cat face rating experiment_0-500,2021.1.4,MacIntel,120.0048002
,,,,,,space,1.947,7,1.671,0,87,87,87,1,87,images/pixabay_cat_001353.jpg,Youjia Chen,001,2022-05-12_16h17.55.416,Cat face rating experiment_0-500,2021.1.4,MacIntel,120.0048002
,,,,,,space,2.6956,2,2.1351,0,88,88,88,1,88,images/pixabay_cat_003405.jpg,Youjia Chen,001,2022-05-12_16h17.55.416,Cat face rating experiment_0-500,2021.1.4,MacIntel,120.0048002
,,,,,,space,1.5424,7,1.3131,0,89,89,89,1,89,images/pixabay_cat_003174.jpg,Youjia Chen,001,2022-05-12_16h17.55.416,Cat face rating experiment_0-500,2021.1.4,MacIntel,120.0048002
,,,,,,space,1.4232,6,1.2019,0,90,90,90,1,90,images/pixabay_cat_003323.jpg,Youjia Chen,001,2022-05-12_16h17.55.416,Cat face rating experiment_0-500,2021.1.4,MacIntel,120.0048002
,,,,,,space,1.7499,2,1.5144,0,91,91,91,1,91,images/pixabay_cat_003603.jpg,Youjia Chen,001,2022-05-12_16h17.55.416,Cat face rating experiment_0-500,2021.1.4,MacIntel,120.0048002
,,,,,,space,2.2969,7,1.8958,0,92,92,92,1,92,images/pixabay_cat_004244.jpg,Youjia Chen,001,2022-05-12_16h17.55.416,Cat face rating experiment_0-500,2021.1.4,MacIntel,120.0048002
,,,,,,space,1.6994,6,1.5036,0,93,93,93,1,93,images/flickr_cat_000185.jpg,Youjia Chen,001,2022-05-12_16h17.55.416,Cat face rating experiment_0-500,2021.1.4,MacIntel,120.0048002
,,,,,,space,2.2417,7,1.9772,0,94,94,94,1,94,images/pixabay_cat_004174.jpg,Youjia Chen,001,2022-05-12_16h17.55.416,Cat face rating experiment_0-500,2021.1.4,MacIntel,120.0048002
,,,,,,space,2.0677,1,1.7597,0,95,95,95,1,95,images/pixabay_cat_003857.jpg,Youjia Chen,001,2022-05-12_16h17.55.416,Cat face rating experiment_0-500,2021.1.4,MacIntel,120.0048002
,,,,,,space,2.4818,1,2.1901,0,96,96,96,1,96,images/pixabay_cat_000879.jpg,Youjia Chen,001,2022-05-12_16h17.55.416,Cat face rating experiment_0-500,2021.1.4,MacIntel,120.0048002
,,,,,,space,1.7078,7,1.4043,0,97,97,97,1,97,images/pixabay_cat_001251.jpg,Youjia Chen,001,2022-05-12_16h17.55.416,Cat face rating experiment_0-500,2021.1.4,MacIntel,120.0048002
,,,,,,space,1.1159,7,0.8855,0,98,98,98,1,98,images/pixabay_cat_000306.jpg,Youjia Chen,001,2022-05-12_16h17.55.416,Cat face rating experiment_0-500,2021.1.4,MacIntel,120.0048002
,,,,,,space,2.0697,2,1.7526,0,99,99,99,1,99,images/pixabay_cat_004615.jpg,Youjia Chen,001,2022-05-12_16h17.55.416,Cat face rating experiment_0-500,2021.1.4,MacIntel,120.0048002
,,,,,,space,1.9302,7,1.6695,0,100,100,100,1,100,images/pixabay_cat_001846.jpg,Youjia Chen,001,2022-05-12_16h17.55.416,Cat face rating experiment_0-500,2021.1.4,MacIntel,120.0048002
,,,,,,space,1.6661,6,1.3865,0,101,101,101,1,101,images/pixabay_cat_002180.jpg,Youjia Chen,001,2022-05-12_16h17.55.416,Cat face rating experiment_0-500,2021.1.4,MacIntel,120.0048002
,,,,,,space,1.9777,1,1.7047,0,102,102,102,1,102,images/pixabay_cat_004451.jpg,Youjia Chen,001,2022-05-12_16h17.55.416,Cat face rating experiment_0-500,2021.1.4,MacIntel,120.0048002
,,,,,,space,1.7773,1,1.5753,0,103,103,103,1,103,images/flickr_cat_000281.jpg,Youjia Chen,001,2022-05-12_16h17.55.416,Cat face rating experiment_0-500,2021.1.4,MacIntel,120.0048002
,,,,,,space,2.0507,2,1.8957,0,104,104,104,1,104,images/pixabay_cat_002858.jpg,Youjia Chen,001,2022-05-12_16h17.55.416,Cat face rating experiment_0-500,2021.1.4,MacIntel,120.0048002
,,,,,,space,1.4149,3,1.2447,0,105,105,105,1,105,images/pixabay_cat_000992.jpg,Youjia Chen,001,2022-05-12_16h17.55.416,Cat face rating experiment_0-500,2021.1.4,MacIntel,120.0048002
,,,,,,space,3.4961,7,3.2204,0,106,106,106,1,106,images/pixabay_cat_002097.jpg,Youjia Chen,001,2022-05-12_16h17.55.416,Cat face rating experiment_0-500,2021.1.4,MacIntel,120.0048002
,,,,,,space,1.4851,6,1.2204,0,107,107,107,1,107,images/pixabay_cat_002098.jpg,Youjia Chen,001,2022-05-12_16h17.55.416,Cat face rating experiment_0-500,2021.1.4,MacIntel,120.0048002
,,,,,,space,1.8992,6,1.678,0,108,108,108,1,108,images/pixabay_cat_004280.jpg,Youjia Chen,001,2022-05-12_16h17.55.416,Cat face rating experiment_0-500,2021.1.4,MacIntel,120.0048002
,,,,,,space,1.3163,6,1.1277,0,109,109,109,1,109,images/pixabay_cat_001545.jpg,Youjia Chen,001,2022-05-12_16h17.55.416,Cat face rating experiment_0-500,2021.1.4,MacIntel,120.0048002
,,,,,,space,1.2959,6,1.0789,0,110,110,110,1,110,images/pixabay_cat_000455.jpg,Youjia Chen,001,2022-05-12_16h17.55.416,Cat face rating experiment_0-500,2021.1.4,MacIntel,120.0048002
,,,,,,space,1.5858,7,1.3543,0,111,111,111,1,111,images/pixabay_cat_003089.jpg,Youjia Chen,001,2022-05-12_16h17.55.416,Cat face rating experiment_0-500,2021.1.4,MacIntel,120.0048002
,,,,,,space,1.1187,6,0.991,0,112,112,112,1,112,images/pixabay_cat_000383.jpg,Youjia Chen,001,2022-05-12_16h17.55.416,Cat face rating experiment_0-500,2021.1.4,MacIntel,120.0048002
,,,,,,space,1.506,5,1.1627,0,113,113,113,1,113,images/flickr_cat_000432.jpg,Youjia Chen,001,2022-05-12_16h17.55.416,Cat face rating experiment_0-500,2021.1.4,MacIntel,120.0048002
,,,,,,space,1.0635,6,0.8449,0,114,114,114,1,114,images/pixabay_cat_001133.jpg,Youjia Chen,001,2022-05-12_16h17.55.416,Cat face rating experiment_0-500,2021.1.4,MacIntel,120.0048002
,,,,,,space,1.0905,7,0.8859,0,115,115,115,1,115,images/pixabay_cat_003123.jpg,Youjia Chen,001,2022-05-12_16h17.55.416,Cat face rating experiment_0-500,2021.1.4,MacIntel,120.0048002
,,,,,,space,1.3533,6,1.0509,0,116,116,116,1,116,images/pixabay_cat_001655.jpg,Youjia Chen,001,2022-05-12_16h17.55.416,Cat face rating experiment_0-500,2021.1.4,MacIntel,120.0048002
,,,,,,space,1.3041,6,1.1209,0,117,117,117,1,117,images/pixabay_cat_003976.jpg,Youjia Chen,001,2022-05-12_16h17.55.416,Cat face rating experiment_0-500,2021.1.4,MacIntel,120.0048002
,,,,,,space,1.9843,2,1.7708,0,118,118,118,1,118,images/pixabay_cat_000912.jpg,Youjia Chen,001,2022-05-12_16h17.55.416,Cat face rating experiment_0-500,2021.1.4,MacIntel,120.0048002
,,,,,,space,2.6981,3,1.4274,0,119,119,119,1,119,images/flickr_cat_000059.jpg,Youjia Chen,001,2022-05-12_16h17.55.416,Cat face rating experiment_0-500,2021.1.4,MacIntel,120.0048002
,,,,,,space,2.0582,3,1.8225,0,120,120,120,1,120,images/pixabay_cat_000819.jpg,Youjia Chen,001,2022-05-12_16h17.55.416,Cat face rating experiment_0-500,2021.1.4,MacIntel,120.0048002
,,,,,,space,2.3768,6,2.0894,0,121,121,121,1,121,images/pixabay_cat_003980.jpg,Youjia Chen,001,2022-05-12_16h17.55.416,Cat face rating experiment_0-500,2021.1.4,MacIntel,120.0048002
,,,,,,space,1.769,7,1.5483,0,122,122,122,1,122,images/pixabay_cat_000798.jpg,Youjia Chen,001,2022-05-12_16h17.55.416,Cat face rating experiment_0-500,2021.1.4,MacIntel,120.0048002
,,,,,,space,1.7785,2,1.5953,0,123,123,123,1,123,images/pixabay_cat_002599.jpg,Youjia Chen,001,2022-05-12_16h17.55.416,Cat face rating experiment_0-500,2021.1.4,MacIntel,120.0048002
,,,,,,space,1.9044,3,1.7706,0,124,124,124,1,124,images/pixabay_cat_001193.jpg,Youjia Chen,001,2022-05-12_16h17.55.416,Cat face rating experiment_0-500,2021.1.4,MacIntel,120.0048002
,,,,,,space,2.635,6,2.3712,0,125,125,125,1,125,images/pixabay_cat_004644.jpg,Youjia Chen,001,2022-05-12_16h17.55.416,Cat face rating experiment_0-500,2021.1.4,MacIntel,120.0048002
,,,,,,space,1.1704,6,0.8654,0,126,126,126,1,126,images/pixabay_cat_001274.jpg,Youjia Chen,001,2022-05-12_16h17.55.416,Cat face rating experiment_0-500,2021.1.4,MacIntel,120.0048002
,,,,,,space,1.2996,6,1.0035,0,127,127,127,1,127,images/flickr_cat_000820.jpg,Youjia Chen,001,2022-05-12_16h17.55.416,Cat face rating experiment_0-500,2021.1.4,MacIntel,120.0048002
,,,,,,space,1.6717,7,1.3701,0,128,128,128,1,128,images/pixabay_cat_001568.jpg,Youjia Chen,001,2022-05-12_16h17.55.416,Cat face rating experiment_0-500,2021.1.4,MacIntel,120.0048002
,,,,,,space,17.4937,6,17.1261,0,129,129,129,1,129,images/pixabay_cat_001123.jpg,Youjia Chen,001,2022-05-12_16h17.55.416,Cat face rating experiment_0-500,2021.1.4,MacIntel,120.0048002
,,,,,,space,1.2241,6,0.9464,0,130,130,130,1,130,images/pixabay_cat_001498.jpg,Youjia Chen,001,2022-05-12_16h17.55.416,Cat face rating experiment_0-500,2021.1.4,MacIntel,120.0048002
,,,,,,space,1.1871,,,0,131,131,131,1,131,images/pixabay_cat_001301.jpg,Youjia Chen,001,2022-05-12_16h17.55.416,Cat face rating experiment_0-500,2021.1.4,MacIntel,120.0048002
,,,,,,space,3.2872,7,2.9712,0,132,132,132,1,132,images/pixabay_cat_002404.jpg,Youjia Chen,001,2022-05-12_16h17.55.416,Cat face rating experiment_0-500,2021.1.4,MacIntel,120.0048002
,,,,,,space,2.3138,1,1.9303,0,133,133,133,1,133,images/pixabay_cat_001714.jpg,Youjia Chen,001,2022-05-12_16h17.55.416,Cat face rating experiment_0-500,2021.1.4,MacIntel,120.0048002
,,,,,,space,4.9096,5,4.5878,0,134,134,134,1,134,images/pixabay_cat_003332.jpg,Youjia Chen,001,2022-05-12_16h17.55.416,Cat face rating experiment_0-500,2021.1.4,MacIntel,120.0048002
,,,,,,space,1.9638,6,1.5524,0,135,135,135,1,135,images/pixabay_cat_000176.jpg,Youjia Chen,001,2022-05-12_16h17.55.416,Cat face rating experiment_0-500,2021.1.4,MacIntel,120.0048002
,,,,,,space,1.5476,6,1.193,0,136,136,136,1,136,images/pixabay_cat_003592.jpg,Youjia Chen,001,2022-05-12_16h17.55.416,Cat face rating experiment_0-500,2021.1.4,MacIntel,120.0048002
,,,,,,space,1.9193,2,1.6046,0,137,137,137,1,137,images/pixabay_cat_001978.jpg,Youjia Chen,001,2022-05-12_16h17.55.416,Cat face rating experiment_0-500,2021.1.4,MacIntel,120.0048002
,,,,,,space,5.1522,7,2.0614,0,138,138,138,1,138,images/pixabay_cat_000739.jpg,Youjia Chen,001,2022-05-12_16h17.55.416,Cat face rating experiment_0-500,2021.1.4,MacIntel,120.0048002
,,,,,,space,2.3208,2,2.0308,0,139,139,139,1,139,images/pixabay_cat_000620.jpg,Youjia Chen,001,2022-05-12_16h17.55.416,Cat face rating experiment_0-500,2021.1.4,MacIntel,120.0048002
,,,,,,space,1.332,2,1.0037,0,140,140,140,1,140,images/pixabay_cat_000659.jpg,Youjia Chen,001,2022-05-12_16h17.55.416,Cat face rating experiment_0-500,2021.1.4,MacIntel,120.0048002
,,,,,,space,1.4651,2,1.2605,0,141,141,141,1,141,images/pixabay_cat_002627.jpg,Youjia Chen,001,2022-05-12_16h17.55.416,Cat face rating experiment_0-500,2021.1.4,MacIntel,120.0048002
,,,,,,space,3.0475,2,2.6945,0,142,142,142,1,142,images/flickr_cat_000797.jpg,Youjia Chen,001,2022-05-12_16h17.55.416,Cat face rating experiment_0-500,2021.1.4,MacIntel,120.0048002
,,,,,,space,1.905,2,1.4613,0,143,143,143,1,143,images/pixabay_cat_003057.jpg,Youjia Chen,001,2022-05-12_16h17.55.416,Cat face rating experiment_0-500,2021.1.4,MacIntel,120.0048002
,,,,,,space,1.0829,,,0,144,144,144,1,144,images/pixabay_cat_003851.jpg,Youjia Chen,001,2022-05-12_16h17.55.416,Cat face rating experiment_0-500,2021.1.4,MacIntel,120.0048002
,,,,,,space,1.7311,2,1.4784,0,145,145,145,1,145,images/pixabay_cat_003962.jpg,Youjia Chen,001,2022-05-12_16h17.55.416,Cat face rating experiment_0-500,2021.1.4,MacIntel,120.0048002
,,,,,,space,3.9745,5,3.6954,0,146,146,146,1,146,images/pixabay_cat_004447.jpg,Youjia Chen,001,2022-05-12_16h17.55.416,Cat face rating experiment_0-500,2021.1.4,MacIntel,120.0048002
,,,,,,space,2.1921,7,1.9049,0,147,147,147,1,147,images/flickr_cat_000438.jpg,Youjia Chen,001,2022-05-12_16h17.55.416,Cat face rating experiment_0-500,2021.1.4,MacIntel,120.0048002
,,,,,,space,2.0178,2,1.6607,0,148,148,148,1,148,images/flickr_cat_000511.jpg,Youjia Chen,001,2022-05-12_16h17.55.416,Cat face rating experiment_0-500,2021.1.4,MacIntel,120.0048002
,,,,,,space,1.9355,5,1.6768,0,149,149,149,1,149,images/pixabay_cat_003704.jpg,Youjia Chen,001,2022-05-12_16h17.55.416,Cat face rating experiment_0-500,2021.1.4,MacIntel,120.0048002
,,,,,,space,1.7497,2,1.5018,0,150,150,150,1,150,images/pixabay_cat_002372.jpg,Youjia Chen,001,2022-05-12_16h17.55.416,Cat face rating experiment_0-500,2021.1.4,MacIntel,120.0048002
,,,,,,space,1.657,3,1.3449,0,151,151,151,1,151,images/pixabay_cat_003078.jpg,Youjia Chen,001,2022-05-12_16h17.55.416,Cat face rating experiment_0-500,2021.1.4,MacIntel,120.0048002
,,,,,,space,2.5418,3,2.2433,0,152,152,152,1,152,images/flickr_cat_000577.jpg,Youjia Chen,001,2022-05-12_16h17.55.416,Cat face rating experiment_0-500,2021.1.4,MacIntel,120.0048002
,,,,,,space,1.4135,5,1.2526,0,153,153,153,1,153,images/pixabay_cat_002172.jpg,Youjia Chen,001,2022-05-12_16h17.55.416,Cat face rating experiment_0-500,2021.1.4,MacIntel,120.0048002
,,,,,,space,1.8556,6,1.5882,0,154,154,154,1,154,images/pixabay_cat_004500.jpg,Youjia Chen,001,2022-05-12_16h17.55.416,Cat face rating experiment_0-500,2021.1.4,MacIntel,120.0048002
,,,,,,space,1.7984,1,1.6085,0,155,155,155,1,155,images/flickr_cat_000003.jpg,Youjia Chen,001,2022-05-12_16h17.55.416,Cat face rating experiment_0-500,2021.1.4,MacIntel,120.0048002
,,,,,,space,3.3138,7,3.0399,0,156,156,156,1,156,images/pixabay_cat_000574.jpg,Youjia Chen,001,2022-05-12_16h17.55.416,Cat face rating experiment_0-500,2021.1.4,MacIntel,120.0048002
,,,,,,space,1.127,7,0.8496,0,157,157,157,1,157,images/pixabay_cat_002457.jpg,Youjia Chen,001,2022-05-12_16h17.55.416,Cat face rating experiment_0-500,2021.1.4,MacIntel,120.0048002
,,,,,,space,2.1764,2,1.9514,0,158,158,158,1,158,images/pixabay_cat_000359.jpg,Youjia Chen,001,2022-05-12_16h17.55.416,Cat face rating experiment_0-500,2021.1.4,MacIntel,120.0048002
,,,,,,space,1.8443,7,1.6073,0,159,159,159,1,159,images/pixabay_cat_000496.jpg,Youjia Chen,001,2022-05-12_16h17.55.416,Cat face rating experiment_0-500,2021.1.4,MacIntel,120.0048002
,,,,,,space,2.5229,6,2.1944,0,160,160,160,1,160,images/pixabay_cat_000379.jpg,Youjia Chen,001,2022-05-12_16h17.55.416,Cat face rating experiment_0-500,2021.1.4,MacIntel,120.0048002
,,,,,,space,1.7399,7,1.4606,0,161,161,161,1,161,images/flickr_cat_000046.jpg,Youjia Chen,001,2022-05-12_16h17.55.416,Cat face rating experiment_0-500,2021.1.4,MacIntel,120.0048002
,,,,,,space,1.9016,3,1.6762,0,162,162,162,1,162,images/pixabay_cat_004397.jpg,Youjia Chen,001,2022-05-12_16h17.55.416,Cat face rating experiment_0-500,2021.1.4,MacIntel,120.0048002
,,,,,,space,1.5236,2,1.386,0,163,163,163,1,163,images/flickr_cat_000663.jpg,Youjia Chen,001,2022-05-12_16h17.55.416,Cat face rating experiment_0-500,2021.1.4,MacIntel,120.0048002
,,,,,,space,1.8167,7,1.5695,0,164,164,164,1,164,images/pixabay_cat_002199.jpg,Youjia Chen,001,2022-05-12_16h17.55.416,Cat face rating experiment_0-500,2021.1.4,MacIntel,120.0048002
,,,,,,space,1.3694,6,1.0812,0,165,165,165,1,165,images/pixabay_cat_000262.jpg,Youjia Chen,001,2022-05-12_16h17.55.416,Cat face rating experiment_0-500,2021.1.4,MacIntel,120.0048002
,,,,,,space,1.8718,3,1.6109,0,166,166,166,1,166,images/pixabay_cat_002512.jpg,Youjia Chen,001,2022-05-12_16h17.55.416,Cat face rating experiment_0-500,2021.1.4,MacIntel,120.0048002
,,,,,,space,1.9966,7,1.7859,0,167,167,167,1,167,images/pixabay_cat_002963.jpg,Youjia Chen,001,2022-05-12_16h17.55.416,Cat face rating experiment_0-500,2021.1.4,MacIntel,120.0048002
,,,,,,space,1.3601,7,1.0273,0,168,168,168,1,168,images/flickr_cat_000217.jpg,Youjia Chen,001,2022-05-12_16h17.55.416,Cat face rating experiment_0-500,2021.1.4,MacIntel,120.0048002
,,,,,,space,1.2696,6,1.0191,0,169,169,169,1,169,images/pixabay_cat_001813.jpg,Youjia Chen,001,2022-05-12_16h17.55.416,Cat face rating experiment_0-500,2021.1.4,MacIntel,120.0048002
,,,,,,space,1.09,7,0.8087,0,170,170,170,1,170,images/pixabay_cat_000332.jpg,Youjia Chen,001,2022-05-12_16h17.55.416,Cat face rating experiment_0-500,2021.1.4,MacIntel,120.0048002
,,,,,,space,2.1665,3,1.7459,0,171,171,171,1,171,images/flickr_cat_000638.jpg,Youjia Chen,001,2022-05-12_16h17.55.416,Cat face rating experiment_0-500,2021.1.4,MacIntel,120.0048002
,,,,,,space,2.8318,7,2.6457,0,172,172,172,1,172,images/pixabay_cat_001722.jpg,Youjia Chen,001,2022-05-12_16h17.55.416,Cat face rating experiment_0-500,2021.1.4,MacIntel,120.0048002
,,,,,,space,21.7912,7,21.4778,0,173,173,173,1,173,images/pixabay_cat_000034.jpg,Youjia Chen,001,2022-05-12_16h17.55.416,Cat face rating experiment_0-500,2021.1.4,MacIntel,120.0048002
,,,,,,space,1.0079,7,0.7219,0,174,174,174,1,174,images/pixabay_cat_003888.jpg,Youjia Chen,001,2022-05-12_16h17.55.416,Cat face rating experiment_0-500,2021.1.4,MacIntel,120.0048002
,,,,,,space,1.4251,7,1.146,0,175,175,175,1,175,images/pixabay_cat_002408.jpg,Youjia Chen,001,2022-05-12_16h17.55.416,Cat face rating experiment_0-500,2021.1.4,MacIntel,120.0048002
,,,,,,space,0.9569,7,0.6608,0,176,176,176,1,176,images/pixabay_cat_003398.jpg,Youjia Chen,001,2022-05-12_16h17.55.416,Cat face rating experiment_0-500,2021.1.4,MacIntel,120.0048002
,,,,,,space,4.1692,1,3.7446,0,177,177,177,1,177,images/pixabay_cat_003226.jpg,Youjia Chen,001,2022-05-12_16h17.55.416,Cat face rating experiment_0-500,2021.1.4,MacIntel,120.0048002
,,,,,,space,2.604,6,2.2359,0,178,178,178,1,178,images/pixabay_cat_001472.jpg,Youjia Chen,001,2022-05-12_16h17.55.416,Cat face rating experiment_0-500,2021.1.4,MacIntel,120.0048002
,,,,,,space,0.9844,6,0.685,0,179,179,179,1,179,images/pixabay_cat_000063.jpg,Youjia Chen,001,2022-05-12_16h17.55.416,Cat face rating experiment_0-500,2021.1.4,MacIntel,120.0048002
,,,,,,space,2.1868,3,1.8947,0,180,180,180,1,180,images/pixabay_cat_003893.jpg,Youjia Chen,001,2022-05-12_16h17.55.416,Cat face rating experiment_0-500,2021.1.4,MacIntel,120.0048002
,,,,,,space,1.8062,6,1.4975,0,181,181,181,1,181,images/pixabay_cat_000442.jpg,Youjia Chen,001,2022-05-12_16h17.55.416,Cat face rating experiment_0-500,2021.1.4,MacIntel,120.0048002
,,,,,,space,2.9303,1,2.6361,0,182,182,182,1,182,images/flickr_cat_000773.jpg,Youjia Chen,001,2022-05-12_16h17.55.416,Cat face rating experiment_0-500,2021.1.4,MacIntel,120.0048002
,,,,,,space,2.0449,3,1.7782,0,183,183,183,1,183,images/pixabay_cat_004091.jpg,Youjia Chen,001,2022-05-12_16h17.55.416,Cat face rating experiment_0-500,2021.1.4,MacIntel,120.0048002
,,,,,,space,2.7967,4,2.5211,0,184,184,184,1,184,images/pixabay_cat_003152.jpg,Youjia Chen,001,2022-05-12_16h17.55.416,Cat face rating experiment_0-500,2021.1.4,MacIntel,120.0048002
,,,,,,space,1.5993,3,1.3637,0,185,185,185,1,185,images/pixabay_cat_004821.jpg,Youjia Chen,001,2022-05-12_16h17.55.416,Cat face rating experiment_0-500,2021.1.4,MacIntel,120.0048002
,,,,,,space,1.6283,5,1.3517,0,186,186,186,1,186,images/pixabay_cat_002288.jpg,Youjia Chen,001,2022-05-12_16h17.55.416,Cat face rating experiment_0-500,2021.1.4,MacIntel,120.0048002
,,,,,,space,1.7644,2,1.4539,0,187,187,187,1,187,images/pixabay_cat_003867.jpg,Youjia Chen,001,2022-05-12_16h17.55.416,Cat face rating experiment_0-500,2021.1.4,MacIntel,120.0048002
,,,,,,space,1.9552,7,1.6726,0,188,188,188,1,188,images/pixabay_cat_004493.jpg,Youjia Chen,001,2022-05-12_16h17.55.416,Cat face rating experiment_0-500,2021.1.4,MacIntel,120.0048002
,,,,,,space,2.2135,2,1.9305,0,189,189,189,1,189,images/pixabay_cat_002530.jpg,Youjia Chen,001,2022-05-12_16h17.55.416,Cat face rating experiment_0-500,2021.1.4,MacIntel,120.0048002
,,,,,,space,3.0156,6,2.7847,0,190,190,190,1,190,images/pixabay_cat_002297.jpg,Youjia Chen,001,2022-05-12_16h17.55.416,Cat face rating experiment_0-500,2021.1.4,MacIntel,120.0048002
,,,,,,space,2.2339,7,1.9427,0,191,191,191,1,191,images/pixabay_cat_001734.jpg,Youjia Chen,001,2022-05-12_16h17.55.416,Cat face rating experiment_0-500,2021.1.4,MacIntel,120.0048002
,,,,,,space,1.2895,7,1.0717,0,192,192,192,1,192,images/flickr_cat_000718.jpg,Youjia Chen,001,2022-05-12_16h17.55.416,Cat face rating experiment_0-500,2021.1.4,MacIntel,120.0048002
,,,,,,space,1.8132,1,1.472,0,193,193,193,1,193,images/pixabay_cat_001019.jpg,Youjia Chen,001,2022-05-12_16h17.55.416,Cat face rating experiment_0-500,2021.1.4,MacIntel,120.0048002
,,,,,,space,5.7183,7,5.5193,0,194,194,194,1,194,images/pixabay_cat_000456.jpg,Youjia Chen,001,2022-05-12_16h17.55.416,Cat face rating experiment_0-500,2021.1.4,MacIntel,120.0048002
,,,,,,space,1.1446,7,0.8938,0,195,195,195,1,195,images/pixabay_cat_002847.jpg,Youjia Chen,001,2022-05-12_16h17.55.416,Cat face rating experiment_0-500,2021.1.4,MacIntel,120.0048002
,,,,,,space,0.9657,7,0.6958,0,196,196,196,1,196,images/flickr_cat_000298.jpg,Youjia Chen,001,2022-05-12_16h17.55.416,Cat face rating experiment_0-500,2021.1.4,MacIntel,120.0048002
,,,,,,space,2.2418,2,2.0073,0,197,197,197,1,197,images/pixabay_cat_003868.jpg,Youjia Chen,001,2022-05-12_16h17.55.416,Cat face rating experiment_0-500,2021.1.4,MacIntel,120.0048002
,,,,,,space,2.1354,3,1.8489,0,198,198,198,1,198,images/pixabay_cat_003003.jpg,Youjia Chen,001,2022-05-12_16h17.55.416,Cat face rating experiment_0-500,2021.1.4,MacIntel,120.0048002
,,,,,,space,5.5143,2,5.3878,0,199,199,199,1,199,images/pixabay_cat_003233.jpg,Youjia Chen,001,2022-05-12_16h17.55.416,Cat face rating experiment_0-500,2021.1.4,MacIntel,120.0048002
,,,,,,space,2.0377,7,1.7773,0,200,200,200,1,200,images/pixabay_cat_000021.jpg,Youjia Chen,001,2022-05-12_16h17.55.416,Cat face rating experiment_0-500,2021.1.4,MacIntel,120.0048002
,,,,,,space,0.9194,7,0.7462,0,201,201,201,1,201,images/pixabay_cat_003295.jpg,Youjia Chen,001,2022-05-12_16h17.55.416,Cat face rating experiment_0-500,2021.1.4,MacIntel,120.0048002
,,,,,,space,1.8635,2,1.6024,0,202,202,202,1,202,images/pixabay_cat_000897.jpg,Youjia Chen,001,2022-05-12_16h17.55.416,Cat face rating experiment_0-500,2021.1.4,MacIntel,120.0048002
,,,,,,space,1.4829,7,1.2733,0,203,203,203,1,203,images/pixabay_cat_002729.jpg,Youjia Chen,001,2022-05-12_16h17.55.416,Cat face rating experiment_0-500,2021.1.4,MacIntel,120.0048002
,,,,,,space,1.8383,7,1.5955,0,204,204,204,1,204,images/pixabay_cat_004139.jpg,Youjia Chen,001,2022-05-12_16h17.55.416,Cat face rating experiment_0-500,2021.1.4,MacIntel,120.0048002
,,,,,,space,0.8319,7,0.597,0,205,205,205,1,205,images/flickr_cat_000562.jpg,Youjia Chen,001,2022-05-12_16h17.55.416,Cat face rating experiment_0-500,2021.1.4,MacIntel,120.0048002
,,,,,,space,1.6705,3,1.5286,0,206,206,206,1,206,images/pixabay_cat_000662.jpg,Youjia Chen,001,2022-05-12_16h17.55.416,Cat face rating experiment_0-500,2021.1.4,MacIntel,120.0048002
,,,,,,space,1.6032,7,1.4267,0,207,207,207,1,207,images/pixabay_cat_003383.jpg,Youjia Chen,001,2022-05-12_16h17.55.416,Cat face rating experiment_0-500,2021.1.4,MacIntel,120.0048002
,,,,,,space,1.8841,1,1.6527,0,208,208,208,1,208,images/pixabay_cat_001253.jpg,Youjia Chen,001,2022-05-12_16h17.55.416,Cat face rating experiment_0-500,2021.1.4,MacIntel,120.0048002
,,,,,,space,1.6325,3,1.4268,0,209,209,209,1,209,images/pixabay_cat_001892.jpg,Youjia Chen,001,2022-05-12_16h17.55.416,Cat face rating experiment_0-500,2021.1.4,MacIntel,120.0048002
,,,,,,space,1.4622,5,1.2777,0,210,210,210,1,210,images/pixabay_cat_000880.jpg,Youjia Chen,001,2022-05-12_16h17.55.416,Cat face rating experiment_0-500,2021.1.4,MacIntel,120.0048002
,,,,,,space,1.2485,6,1.029,0,211,211,211,1,211,images/pixabay_cat_004824.jpg,Youjia Chen,001,2022-05-12_16h17.55.416,Cat face rating experiment_0-500,2021.1.4,MacIntel,120.0048002
,,,,,,space,1.4632,6,0.9873,0,212,212,212,1,212,images/pixabay_cat_003694.jpg,Youjia Chen,001,2022-05-12_16h17.55.416,Cat face rating experiment_0-500,2021.1.4,MacIntel,120.0048002
,,,,,,space,1.8573,5,1.7275,0,213,213,213,1,213,images/pixabay_cat_003436.jpg,Youjia Chen,001,2022-05-12_16h17.55.416,Cat face rating experiment_0-500,2021.1.4,MacIntel,120.0048002
,,,,,,space,0.9859,5,0.7366,0,214,214,214,1,214,images/pixabay_cat_003682.jpg,Youjia Chen,001,2022-05-12_16h17.55.416,Cat face rating experiment_0-500,2021.1.4,MacIntel,120.0048002
,,,,,,space,2.7996,7,2.5354,0,215,215,215,1,215,images/pixabay_cat_001368.jpg,Youjia Chen,001,2022-05-12_16h17.55.416,Cat face rating experiment_0-500,2021.1.4,MacIntel,120.0048002
,,,,,,space,0.781,,,0,216,216,216,1,216,images/pixabay_cat_001304.jpg,Youjia Chen,001,2022-05-12_16h17.55.416,Cat face rating experiment_0-500,2021.1.4,MacIntel,120.0048002
,,,,,,space,1.3911,7,1.111,0,217,217,217,1,217,images/pixabay_cat_001980.jpg,Youjia Chen,001,2022-05-12_16h17.55.416,Cat face rating experiment_0-500,2021.1.4,MacIntel,120.0048002
,,,,,,space,2.0685,3,1.6961,0,218,218,218,1,218,images/pixabay_cat_002613.jpg,Youjia Chen,001,2022-05-12_16h17.55.416,Cat face rating experiment_0-500,2021.1.4,MacIntel,120.0048002
,,,,,,space,2.1105,3,1.8347,0,219,219,219,1,219,images/pixabay_cat_003312.jpg,Youjia Chen,001,2022-05-12_16h17.55.416,Cat face rating experiment_0-500,2021.1.4,MacIntel,120.0048002
,,,,,,space,2.248,5,1.9952,0,220,220,220,1,220,images/pixabay_cat_004572.jpg,Youjia Chen,001,2022-05-12_16h17.55.416,Cat face rating experiment_0-500,2021.1.4,MacIntel,120.0048002
,,,,,,space,2.1214,7,1.9162,0,221,221,221,1,221,images/pixabay_cat_003245.jpg,Youjia Chen,001,2022-05-12_16h17.55.416,Cat face rating experiment_0-500,2021.1.4,MacIntel,120.0048002
,,,,,,space,1.4131,7,1.1267,0,222,222,222,1,222,images/pixabay_cat_003128.jpg,Youjia Chen,001,2022-05-12_16h17.55.416,Cat face rating experiment_0-500,2021.1.4,MacIntel,120.0048002
,,,,,,space,0.9248,7,0.6689,0,223,223,223,1,223,images/pixabay_cat_000787.jpg,Youjia Chen,001,2022-05-12_16h17.55.416,Cat face rating experiment_0-500,2021.1.4,MacIntel,120.0048002
,,,,,,space,0.814,7,0.576,0,224,224,224,1,224,images/pixabay_cat_002972.jpg,Youjia Chen,001,2022-05-12_16h17.55.416,Cat face rating experiment_0-500,2021.1.4,MacIntel,120.0048002
,,,,,,space,0.9307,7,0.5552,0,225,225,225,1,225,images/pixabay_cat_001785.jpg,Youjia Chen,001,2022-05-12_16h17.55.416,Cat face rating experiment_0-500,2021.1.4,MacIntel,120.0048002
,,,,,,space,1.0507,7,0.8042,0,226,226,226,1,226,images/pixabay_cat_001648.jpg,Youjia Chen,001,2022-05-12_16h17.55.416,Cat face rating experiment_0-500,2021.1.4,MacIntel,120.0048002
,,,,,,space,1.8543,2,1.6349,0,227,227,227,1,227,images/pixabay_cat_003196.jpg,Youjia Chen,001,2022-05-12_16h17.55.416,Cat face rating experiment_0-500,2021.1.4,MacIntel,120.0048002
,,,,,,space,1.0582,,,0,228,228,228,1,228,images/pixabay_cat_002388.jpg,Youjia Chen,001,2022-05-12_16h17.55.416,Cat face rating experiment_0-500,2021.1.4,MacIntel,120.0048002
,,,,,,space,1.5184,2,1.0775,0,229,229,229,1,229,images/pixabay_cat_003136.jpg,Youjia Chen,001,2022-05-12_16h17.55.416,Cat face rating experiment_0-500,2021.1.4,MacIntel,120.0048002
,,,,,,space,1.2958,2,0.962,0,230,230,230,1,230,images/pixabay_cat_000694.jpg,Youjia Chen,001,2022-05-12_16h17.55.416,Cat face rating experiment_0-500,2021.1.4,MacIntel,120.0048002
,,,,,,space,1.6557,3,1.1944,0,231,231,231,1,231,images/pixabay_cat_001458.jpg,Youjia Chen,001,2022-05-12_16h17.55.416,Cat face rating experiment_0-500,2021.1.4,MacIntel,120.0048002
,,,,,,space,1.5039,3,1.1125,0,232,232,232,1,232,images/pixabay_cat_001129.jpg,Youjia Chen,001,2022-05-12_16h17.55.416,Cat face rating experiment_0-500,2021.1.4,MacIntel,120.0048002
,,,,,,space,2.308,1,1.9498,0,233,233,233,1,233,images/flickr_cat_000494.jpg,Youjia Chen,001,2022-05-12_16h17.55.416,Cat face rating experiment_0-500,2021.1.4,MacIntel,120.0048002
,,,,,,space,1.0498,1,0.754,0,234,234,234,1,234,images/flickr_cat_000202.jpg,Youjia Chen,001,2022-05-12_16h17.55.416,Cat face rating experiment_0-500,2021.1.4,MacIntel,120.0048002
,,,,,,space,1.0863,1,0.7972,0,235,235,235,1,235,images/pixabay_cat_002233.jpg,Youjia Chen,001,2022-05-12_16h17.55.416,Cat face rating experiment_0-500,2021.1.4,MacIntel,120.0048002
,,,,,,space,1.8838,2,1.5886,0,236,236,236,1,236,images/pixabay_cat_000186.jpg,Youjia Chen,001,2022-05-12_16h17.55.416,Cat face rating experiment_0-500,2021.1.4,MacIntel,120.0048002
,,,,,,space,2.3536,7,2.0426,0,237,237,237,1,237,images/pixabay_cat_002799.jpg,Youjia Chen,001,2022-05-12_16h17.55.416,Cat face rating experiment_0-500,2021.1.4,MacIntel,120.0048002
,,,,,,space,2.5822,7,2.2786,0,238,238,238,1,238,images/pixabay_cat_004033.jpg,Youjia Chen,001,2022-05-12_16h17.55.416,Cat face rating experiment_0-500,2021.1.4,MacIntel,120.0048002
,,,,,,space,2.1961,2,1.9188,0,239,239,239,1,239,images/flickr_cat_000581.jpg,Youjia Chen,001,2022-05-12_16h17.55.416,Cat face rating experiment_0-500,2021.1.4,MacIntel,120.0048002
,,,,,,space,4.2053,7,3.9065,0,240,240,240,1,240,images/flickr_cat_000803.jpg,Youjia Chen,001,2022-05-12_16h17.55.416,Cat face rating experiment_0-500,2021.1.4,MacIntel,120.0048002
,,,,,,space,1.3743,7,1.0722,0,241,241,241,1,241,images/pixabay_cat_000354.jpg,Youjia Chen,001,2022-05-12_16h17.55.416,Cat face rating experiment_0-500,2021.1.4,MacIntel,120.0048002
,,,,,,space,1.1741,7,0.5977,0,242,242,242,1,242,images/pixabay_cat_003304.jpg,Youjia Chen,001,2022-05-12_16h17.55.416,Cat face rating experiment_0-500,2021.1.4,MacIntel,120.0048002
,,,,,,space,0.8498,7,0.5436,0,243,243,243,1,243,images/pixabay_cat_001836.jpg,Youjia Chen,001,2022-05-12_16h17.55.416,Cat face rating experiment_0-500,2021.1.4,MacIntel,120.0048002
,,,,,,space,0.8394,7,0.5262,0,244,244,244,1,244,images/pixabay_cat_002563.jpg,Youjia Chen,001,2022-05-12_16h17.55.416,Cat face rating experiment_0-500,2021.1.4,MacIntel,120.0048002
,,,,,,space,1.41,7,1.1132,0,245,245,245,1,245,images/flickr_cat_000333.jpg,Youjia Chen,001,2022-05-12_16h17.55.416,Cat face rating experiment_0-500,2021.1.4,MacIntel,120.0048002
,,,,,,space,0.9727,7,0.6601,0,246,246,246,1,246,images/pixabay_cat_004416.jpg,Youjia Chen,001,2022-05-12_16h17.55.416,Cat face rating experiment_0-500,2021.1.4,MacIntel,120.0048002
,,,,,,space,0.951,7,0.6197,0,247,247,247,1,247,images/pixabay_cat_002403.jpg,Youjia Chen,001,2022-05-12_16h17.55.416,Cat face rating experiment_0-500,2021.1.4,MacIntel,120.0048002
,,,,,,space,1.9446,2,1.6596,0,248,248,248,1,248,images/pixabay_cat_004492.jpg,Youjia Chen,001,2022-05-12_16h17.55.416,Cat face rating experiment_0-500,2021.1.4,MacIntel,120.0048002
,,,,,,space,2.7732,5,2.4475,0,249,249,249,1,249,images/pixabay_cat_003149.jpg,Youjia Chen,001,2022-05-12_16h17.55.416,Cat face rating experiment_0-500,2021.1.4,MacIntel,120.0048002
,,,,,,space,2.0201,6,1.4965,0,250,250,250,1,250,images/pixabay_cat_002505.jpg,Youjia Chen,001,2022-05-12_16h17.55.416,Cat face rating experiment_0-500,2021.1.4,MacIntel,120.0048002
,,,,,,space,1.9638,2,1.512,0,251,251,251,1,251,images/pixabay_cat_002607.jpg,Youjia Chen,001,2022-05-12_16h17.55.416,Cat face rating experiment_0-500,2021.1.4,MacIntel,120.0048002
,,,,,,space,2.4554,2,2.1039,0,252,252,252,1,252,images/pixabay_cat_003526.jpg,Youjia Chen,001,2022-05-12_16h17.55.416,Cat face rating experiment_0-500,2021.1.4,MacIntel,120.0048002
,,,,,,space,1.9944,6,1.5626,0,253,253,253,1,253,images/pixabay_cat_004818.jpg,Youjia Chen,001,2022-05-12_16h17.55.416,Cat face rating experiment_0-500,2021.1.4,MacIntel,120.0048002
,,,,,,space,5.8907,1,5.4491,0,254,254,254,1,254,images/pixabay_cat_000368.jpg,Youjia Chen,001,2022-05-12_16h17.55.416,Cat face rating experiment_0-500,2021.1.4,MacIntel,120.0048002
,,,,,,space,1.7199,7,1.438,0,255,255,255,1,255,images/pixabay_cat_000948.jpg,Youjia Chen,001,2022-05-12_16h17.55.416,Cat face rating experiment_0-500,2021.1.4,MacIntel,120.0048002
,,,,,,space,2.6794,1,2.4016,0,256,256,256,1,256,images/pixabay_cat_003987.jpg,Youjia Chen,001,2022-05-12_16h17.55.416,Cat face rating experiment_0-500,2021.1.4,MacIntel,120.0048002
,,,,,,space,1.9746,7,1.671,0,257,257,257,1,257,images/flickr_cat_000214.jpg,Youjia Chen,001,2022-05-12_16h17.55.416,Cat face rating experiment_0-500,2021.1.4,MacIntel,120.0048002
,,,,,,space,1.0444,7,0.7762,0,258,258,258,1,258,images/pixabay_cat_000463.jpg,Youjia Chen,001,2022-05-12_16h17.55.416,Cat face rating experiment_0-500,2021.1.4,MacIntel,120.0048002
,,,,,,space,17.4262,1,1.5188,0,259,259,259,1,259,images/pixabay_cat_000932.jpg,Youjia Chen,001,2022-05-12_16h17.55.416,Cat face rating experiment_0-500,2021.1.4,MacIntel,120.0048002
,,,,,,space,1.7798,7,1.4612,0,260,260,260,1,260,images/pixabay_cat_002632.jpg,Youjia Chen,001,2022-05-12_16h17.55.416,Cat face rating experiment_0-500,2021.1.4,MacIntel,120.0048002
,,,,,,space,2.0042,1,1.7618,0,261,261,261,1,261,images/pixabay_cat_001278.jpg,Youjia Chen,001,2022-05-12_16h17.55.416,Cat face rating experiment_0-500,2021.1.4,MacIntel,120.0048002
,,,,,,space,2.7214,7,2.5037,0,262,262,262,1,262,images/pixabay_cat_004028.jpg,Youjia Chen,001,2022-05-12_16h17.55.416,Cat face rating experiment_0-500,2021.1.4,MacIntel,120.0048002
,,,,,,space,1.9122,6,1.6351,0,263,263,263,1,263,images/flickr_cat_000540.jpg,Youjia Chen,001,2022-05-12_16h17.55.416,Cat face rating experiment_0-500,2021.1.4,MacIntel,120.0048002
,,,,,,space,0.8126,6,0.5455,0,264,264,264,1,264,images/pixabay_cat_003733.jpg,Youjia Chen,001,2022-05-12_16h17.55.416,Cat face rating experiment_0-500,2021.1.4,MacIntel,120.0048002
,,,,,,space,0.7875,6,0.5269,0,265,265,265,1,265,images/flickr_cat_000426.jpg,Youjia Chen,001,2022-05-12_16h17.55.416,Cat face rating experiment_0-500,2021.1.4,MacIntel,120.0048002
,,,,,,space,0.9172,6,0.6721,0,266,266,266,1,266,images/pixabay_cat_003948.jpg,Youjia Chen,001,2022-05-12_16h17.55.416,Cat face rating experiment_0-500,2021.1.4,MacIntel,120.0048002
,,,,,,space,0.8156,6,0.5882,0,267,267,267,1,267,images/flickr_cat_000657.jpg,Youjia Chen,001,2022-05-12_16h17.55.416,Cat face rating experiment_0-500,2021.1.4,MacIntel,120.0048002
,,,,,,space,1.0346,5,0.9462,0,268,268,268,1,268,images/flickr_cat_000584.jpg,Youjia Chen,001,2022-05-12_16h17.55.416,Cat face rating experiment_0-500,2021.1.4,MacIntel,120.0048002
,,,,,,space,1.2303,7,0.9348,0,269,269,269,1,269,images/pixabay_cat_002971.jpg,Youjia Chen,001,2022-05-12_16h17.55.416,Cat face rating experiment_0-500,2021.1.4,MacIntel,120.0048002
,,,,,,space,0.7167,7,0.4569,0,270,270,270,1,270,images/pixabay_cat_004807.jpg,Youjia Chen,001,2022-05-12_16h17.55.416,Cat face rating experiment_0-500,2021.1.4,MacIntel,120.0048002
,,,,,,space,0.7694,7,0.5102,0,271,271,271,1,271,images/pixabay_cat_001434.jpg,Youjia Chen,001,2022-05-12_16h17.55.416,Cat face rating experiment_0-500,2021.1.4,MacIntel,120.0048002
,,,,,,space,0.7665,7,0.52,0,272,272,272,1,272,images/pixabay_cat_001092.jpg,Youjia Chen,001,2022-05-12_16h17.55.416,Cat face rating experiment_0-500,2021.1.4,MacIntel,120.0048002
,,,,,,space,0.7935,7,0.5014,0,273,273,273,1,273,images/flickr_cat_000771.jpg,Youjia Chen,001,2022-05-12_16h17.55.416,Cat face rating experiment_0-500,2021.1.4,MacIntel,120.0048002
,,,,,,space,0.666,7,0.4113,0,274,274,274,1,274,images/pixabay_cat_003954.jpg,Youjia Chen,001,2022-05-12_16h17.55.416,Cat face rating experiment_0-500,2021.1.4,MacIntel,120.0048002
,,,,,,space,0.6251,7,0.4534,0,275,275,275,1,275,images/pixabay_cat_003899.jpg,Youjia Chen,001,2022-05-12_16h17.55.416,Cat face rating experiment_0-500,2021.1.4,MacIntel,120.0048002
,,,,,,space,0.5729,7,0.4022,0,276,276,276,1,276,images/pixabay_cat_001067.jpg,Youjia Chen,001,2022-05-12_16h17.55.416,Cat face rating experiment_0-500,2021.1.4,MacIntel,120.0048002
,,,,,,space,0.6193,7,0.3928,0,277,277,277,1,277,images/pixabay_cat_004626.jpg,Youjia Chen,001,2022-05-12_16h17.55.416,Cat face rating experiment_0-500,2021.1.4,MacIntel,120.0048002
,,,,,,space,2.0012,2,1.7606,0,278,278,278,1,278,images/pixabay_cat_003781.jpg,Youjia Chen,001,2022-05-12_16h17.55.416,Cat face rating experiment_0-500,2021.1.4,MacIntel,120.0048002
,,,,,,space,2.7477,1,2.5423,0,279,279,279,1,279,images/pixabay_cat_003600.jpg,Youjia Chen,001,2022-05-12_16h17.55.416,Cat face rating experiment_0-500,2021.1.4,MacIntel,120.0048002
,,,,,,space,0.8003,1,0.5803,0,280,280,280,1,280,images/pixabay_cat_004335.jpg,Youjia Chen,001,2022-05-12_16h17.55.416,Cat face rating experiment_0-500,2021.1.4,MacIntel,120.0048002
,,,,,,space,1.7935,7,1.5646,0,281,281,281,1,281,images/pixabay_cat_004760.jpg,Youjia Chen,001,2022-05-12_16h17.55.416,Cat face rating experiment_0-500,2021.1.4,MacIntel,120.0048002
,,,,,,space,0.7427,7,0.493,0,282,282,282,1,282,images/flickr_cat_000452.jpg,Youjia Chen,001,2022-05-12_16h17.55.416,Cat face rating experiment_0-500,2021.1.4,MacIntel,120.0048002
,,,,,,space,0.6848,7,0.4302,0,283,283,283,1,283,images/pixabay_cat_000677.jpg,Youjia Chen,001,2022-05-12_16h17.55.416,Cat face rating experiment_0-500,2021.1.4,MacIntel,120.0048002
,,,,,,space,0.701,7,0.43,0,284,284,284,1,284,images/pixabay_cat_004262.jpg,Youjia Chen,001,2022-05-12_16h17.55.416,Cat face rating experiment_0-500,2021.1.4,MacIntel,120.0048002
,,,,,,space,0.6261,7,0.386,0,285,285,285,1,285,images/pixabay_cat_004597.jpg,Youjia Chen,001,2022-05-12_16h17.55.416,Cat face rating experiment_0-500,2021.1.4,MacIntel,120.0048002
,,,,,,space,0.6015,7,0.4064,0,286,286,286,1,286,images/pixabay_cat_000747.jpg,Youjia Chen,001,2022-05-12_16h17.55.416,Cat face rating experiment_0-500,2021.1.4,MacIntel,120.0048002
,,,,,,space,0.6508,7,0.3961,0,287,287,287,1,287,images/pixabay_cat_003077.jpg,Youjia Chen,001,2022-05-12_16h17.55.416,Cat face rating experiment_0-500,2021.1.4,MacIntel,120.0048002
,,,,,,space,0.6793,7,0.4378,0,288,288,288,1,288,images/pixabay_cat_002076.jpg,Youjia Chen,001,2022-05-12_16h17.55.416,Cat face rating experiment_0-500,2021.1.4,MacIntel,120.0048002
,,,,,,space,0.6527,7,0.4107,0,289,289,289,1,289,images/pixabay_cat_000832.jpg,Youjia Chen,001,2022-05-12_16h17.55.416,Cat face rating experiment_0-500,2021.1.4,MacIntel,120.0048002
,,,,,,space,0.7011,7,0.4296,0,290,290,290,1,290,images/pixabay_cat_001553.jpg,Youjia Chen,001,2022-05-12_16h17.55.416,Cat face rating experiment_0-500,2021.1.4,MacIntel,120.0048002
,,,,,,space,0.5722,7,0.349,0,291,291,291,1,291,images/pixabay_cat_001581.jpg,Youjia Chen,001,2022-05-12_16h17.55.416,Cat face rating experiment_0-500,2021.1.4,MacIntel,120.0048002
,,,,,,space,0.6559,7,0.4204,0,292,292,292,1,292,images/pixabay_cat_000563.jpg,Youjia Chen,001,2022-05-12_16h17.55.416,Cat face rating experiment_0-500,2021.1.4,MacIntel,120.0048002
,,,,,,space,0.5758,7,0.4224,0,293,293,293,1,293,images/pixabay_cat_000908.jpg,Youjia Chen,001,2022-05-12_16h17.55.416,Cat face rating experiment_0-500,2021.1.4,MacIntel,120.0048002
,,,,,,space,0.7392,7,0.459,0,294,294,294,1,294,images/pixabay_cat_002591.jpg,Youjia Chen,001,2022-05-12_16h17.55.416,Cat face rating experiment_0-500,2021.1.4,MacIntel,120.0048002
,,,,,,space,0.6612,7,0.4201,0,295,295,295,1,295,images/pixabay_cat_000738.jpg,Youjia Chen,001,2022-05-12_16h17.55.416,Cat face rating experiment_0-500,2021.1.4,MacIntel,120.0048002
,,,,,,space,0.6031,7,0.4203,0,296,296,296,1,296,images/pixabay_cat_002224.jpg,Youjia Chen,001,2022-05-12_16h17.55.416,Cat face rating experiment_0-500,2021.1.4,MacIntel,120.0048002
,,,,,,space,0.6823,7,0.4373,0,297,297,297,1,297,images/pixabay_cat_002122.jpg,Youjia Chen,001,2022-05-12_16h17.55.416,Cat face rating experiment_0-500,2021.1.4,MacIntel,120.0048002
,,,,,,space,2.4108,2,2.1366,0,298,298,298,1,298,images/pixabay_cat_002603.jpg,Youjia Chen,001,2022-05-12_16h17.55.416,Cat face rating experiment_0-500,2021.1.4,MacIntel,120.0048002
,,,,,,space,5.0188,3,4.8369,0,299,299,299,1,299,images/pixabay_cat_003985.jpg,Youjia Chen,001,2022-05-12_16h17.55.416,Cat face rating experiment_0-500,2021.1.4,MacIntel,120.0048002
,,,,,,space,1.6759,2,1.4957,0,300,300,300,1,300,images/pixabay_cat_000044.jpg,Youjia Chen,001,2022-05-12_16h17.55.416,Cat face rating experiment_0-500,2021.1.4,MacIntel,120.0048002
,,,,,,space,2.7074,5,2.2825,0,301,301,301,1,301,images/pixabay_cat_003333.jpg,Youjia Chen,001,2022-05-12_16h17.55.416,Cat face rating experiment_0-500,2021.1.4,MacIntel,120.0048002
,,,,,,space,0.9145,5,0.6059,0,302,302,302,1,302,images/pixabay_cat_002846.jpg,Youjia Chen,001,2022-05-12_16h17.55.416,Cat face rating experiment_0-500,2021.1.4,MacIntel,120.0048002
,,,,,,space,2.1058,7,1.8442,0,303,303,303,1,303,images/flickr_cat_000081.jpg,Youjia Chen,001,2022-05-12_16h17.55.416,Cat face rating experiment_0-500,2021.1.4,MacIntel,120.0048002
,,,,,,space,0.7756,7,0.5332,0,304,304,304,1,304,images/pixabay_cat_004314.jpg,Youjia Chen,001,2022-05-12_16h17.55.416,Cat face rating experiment_0-500,2021.1.4,MacIntel,120.0048002
,,,,,,space,2.2471,1,1.9358,0,305,305,305,1,305,images/pixabay_cat_002432.jpg,Youjia Chen,001,2022-05-12_16h17.55.416,Cat face rating experiment_0-500,2021.1.4,MacIntel,120.0048002
,,,,,,space,1.3113,1,1.0727,0,306,306,306,1,306,images/pixabay_cat_000869.jpg,Youjia Chen,001,2022-05-12_16h17.55.416,Cat face rating experiment_0-500,2021.1.4,MacIntel,120.0048002
,,,,,,space,0.7884,1,0.6025,0,307,307,307,1,307,images/pixabay_cat_000486.jpg,Youjia Chen,001,2022-05-12_16h17.55.416,Cat face rating experiment_0-500,2021.1.4,MacIntel,120.0048002
,,,,,,space,0.589,1,0.419,0,308,308,308,1,308,images/pixabay_cat_002421.jpg,Youjia Chen,001,2022-05-12_16h17.55.416,Cat face rating experiment_0-500,2021.1.4,MacIntel,120.0048002
,,,,,,space,1.9464,7,1.7607,0,309,309,309,1,309,images/pixabay_cat_004514.jpg,Youjia Chen,001,2022-05-12_16h17.55.416,Cat face rating experiment_0-500,2021.1.4,MacIntel,120.0048002
,,,,,,space,0.7705,7,0.5313,0,310,310,310,1,310,images/pixabay_cat_003960.jpg,Youjia Chen,001,2022-05-12_16h17.55.416,Cat face rating experiment_0-500,2021.1.4,MacIntel,120.0048002
,,,,,,space,1.9746,2,1.7796,0,311,311,311,1,311,images/flickr_cat_000227.jpg,Youjia Chen,001,2022-05-12_16h17.55.416,Cat face rating experiment_0-500,2021.1.4,MacIntel,120.0048002
,,,,,,space,2.3665,6,2.1362,0,312,312,312,1,312,images/pixabay_cat_002218.jpg,Youjia Chen,001,2022-05-12_16h17.55.416,Cat face rating experiment_0-500,2021.1.4,MacIntel,120.0048002
,,,,,,space,1.6244,2,1.4919,0,313,313,313,1,313,images/pixabay_cat_003181.jpg,Youjia Chen,001,2022-05-12_16h17.55.416,Cat face rating experiment_0-500,2021.1.4,MacIntel,120.0048002
,,,,,,space,1.0348,2,0.7916,0,314,314,314,1,314,images/pixabay_cat_003958.jpg,Youjia Chen,001,2022-05-12_16h17.55.416,Cat face rating experiment_0-500,2021.1.4,MacIntel,120.0048002
,,,,,,space,1.7287,7,1.6117,0,315,315,315,1,315,images/pixabay_cat_000624.jpg,Youjia Chen,001,2022-05-12_16h17.55.416,Cat face rating experiment_0-500,2021.1.4,MacIntel,120.0048002
,,,,,,space,1.9356,2,1.7727,0,316,316,316,1,316,images/flickr_cat_000407.jpg,Youjia Chen,001,2022-05-12_16h17.55.416,Cat face rating experiment_0-500,2021.1.4,MacIntel,120.0048002
,,,,,,space,2.4531,6,2.317,0,317,317,317,1,317,images/pixabay_cat_001576.jpg,Youjia Chen,001,2022-05-12_16h17.55.416,Cat face rating experiment_0-500,2021.1.4,MacIntel,120.0048002
,,,,,,space,1.5369,6,1.255,0,318,318,318,1,318,images/pixabay_cat_000204.jpg,Youjia Chen,001,2022-05-12_16h17.55.416,Cat face rating experiment_0-500,2021.1.4,MacIntel,120.0048002
,,,,,,space,1.1946,6,0.9032,0,319,319,319,1,319,images/flickr_cat_000428.jpg,Youjia Chen,001,2022-05-12_16h17.55.416,Cat face rating experiment_0-500,2021.1.4,MacIntel,120.0048002
,,,,,,space,2.9552,2,2.6885,0,320,320,320,1,320,images/flickr_cat_000219.jpg,Youjia Chen,001,2022-05-12_16h17.55.416,Cat face rating experiment_0-500,2021.1.4,MacIntel,120.0048002
,,,,,,space,2.8272,7,2.6165,0,321,321,321,1,321,images/pixabay_cat_001761.jpg,Youjia Chen,001,2022-05-12_16h17.55.416,Cat face rating experiment_0-500,2021.1.4,MacIntel,120.0048002
,,,,,,space,1.1828,7,0.9028,0,322,322,322,1,322,images/pixabay_cat_003167.jpg,Youjia Chen,001,2022-05-12_16h17.55.416,Cat face rating experiment_0-500,2021.1.4,MacIntel,120.0048002
,,,,,,space,0.8022,7,0.5506,0,323,323,323,1,323,images/pixabay_cat_000763.jpg,Youjia Chen,001,2022-05-12_16h17.55.416,Cat face rating experiment_0-500,2021.1.4,MacIntel,120.0048002
,,,,,,space,0.9419,7,0.7118,0,324,324,324,1,324,images/flickr_cat_000398.jpg,Youjia Chen,001,2022-05-12_16h17.55.416,Cat face rating experiment_0-500,2021.1.4,MacIntel,120.0048002
,,,,,,space,0.8228,7,0.5882,0,325,325,325,1,325,images/flickr_cat_000381.jpg,Youjia Chen,001,2022-05-12_16h17.55.416,Cat face rating experiment_0-500,2021.1.4,MacIntel,120.0048002
,,,,,,space,1.4356,6,1.1606,0,326,326,326,1,326,images/pixabay_cat_000257.jpg,Youjia Chen,001,2022-05-12_16h17.55.416,Cat face rating experiment_0-500,2021.1.4,MacIntel,120.0048002
,,,,,,space,0.8799,6,0.5787,0,327,327,327,1,327,images/pixabay_cat_000020.jpg,Youjia Chen,001,2022-05-12_16h17.55.416,Cat face rating experiment_0-500,2021.1.4,MacIntel,120.0048002
,,,,,,space,1.9202,7,1.5463,0,328,328,328,1,328,images/flickr_cat_000553.jpg,Youjia Chen,001,2022-05-12_16h17.55.416,Cat face rating experiment_0-500,2021.1.4,MacIntel,120.0048002
,,,,,,space,1.4465,3,1.319,0,329,329,329,1,329,images/pixabay_cat_002063.jpg,Youjia Chen,001,2022-05-12_16h17.55.416,Cat face rating experiment_0-500,2021.1.4,MacIntel,120.0048002
,,,,,,space,2.3538,7,1.8374,0,330,330,330,1,330,images/pixabay_cat_003443.jpg,Youjia Chen,001,2022-05-12_16h17.55.416,Cat face rating experiment_0-500,2021.1.4,MacIntel,120.0048002
,,,,,,space,1.0545,7,0.746,0,331,331,331,1,331,images/pixabay_cat_003535.jpg,Youjia Chen,001,2022-05-12_16h17.55.416,Cat face rating experiment_0-500,2021.1.4,MacIntel,120.0048002
,,,,,,space,0.9921,7,0.7377,0,332,332,332,1,332,images/pixabay_cat_000478.jpg,Youjia Chen,001,2022-05-12_16h17.55.416,Cat face rating experiment_0-500,2021.1.4,MacIntel,120.0048002
,,,,,,space,0.93,7,0.7066,0,333,333,333,1,333,images/flickr_cat_000218.jpg,Youjia Chen,001,2022-05-12_16h17.55.416,Cat face rating experiment_0-500,2021.1.4,MacIntel,120.0048002
,,,,,,space,0.9677,7,0.7523,0,334,334,334,1,334,images/pixabay_cat_001630.jpg,Youjia Chen,001,2022-05-12_16h17.55.416,Cat face rating experiment_0-500,2021.1.4,MacIntel,120.0048002
,,,,,,space,2.2295,1,1.9615,0,335,335,335,1,335,images/pixabay_cat_003669.jpg,Youjia Chen,001,2022-05-12_16h17.55.416,Cat face rating experiment_0-500,2021.1.4,MacIntel,120.0048002
,,,,,,space,0.9057,1,0.5887,0,336,336,336,1,336,images/pixabay_cat_002648.jpg,Youjia Chen,001,2022-05-12_16h17.55.416,Cat face rating experiment_0-500,2021.1.4,MacIntel,120.0048002
,,,,,,space,2.3316,3,2.077,0,337,337,337,1,337,images/pixabay_cat_002032.jpg,Youjia Chen,001,2022-05-12_16h17.55.416,Cat face rating experiment_0-500,2021.1.4,MacIntel,120.0048002
,,,,,,space,2.7058,2,1.8454,0,338,338,338,1,338,images/flickr_cat_000198.jpg,Youjia Chen,001,2022-05-12_16h17.55.416,Cat face rating experiment_0-500,2021.1.4,MacIntel,120.0048002
,,,,,,space,1.6132,3,1.3385,0,339,339,339,1,339,images/pixabay_cat_000436.jpg,Youjia Chen,001,2022-05-12_16h17.55.416,Cat face rating experiment_0-500,2021.1.4,MacIntel,120.0048002
,,,,,,space,0.9485,3,0.7112,0,340,340,340,1,340,images/pixabay_cat_003590.jpg,Youjia Chen,001,2022-05-12_16h17.55.416,Cat face rating experiment_0-500,2021.1.4,MacIntel,120.0048002
,,,,,,space,1.5036,6,1.3432,0,341,341,341,1,341,images/pixabay_cat_004018.jpg,Youjia Chen,001,2022-05-12_16h17.55.416,Cat face rating experiment_0-500,2021.1.4,MacIntel,120.0048002
,,,,,,space,2.5143,7,2.3011,0,342,342,342,1,342,images/pixabay_cat_004409.jpg,Youjia Chen,001,2022-05-12_16h17.55.416,Cat face rating experiment_0-500,2021.1.4,MacIntel,120.0048002
,,,,,,space,1.7785,2,1.5437,0,343,343,343,1,343,images/pixabay_cat_002691.jpg,Youjia Chen,001,2022-05-12_16h17.55.416,Cat face rating experiment_0-500,2021.1.4,MacIntel,120.0048002
,,,,,,space,2.698,1,2.5162,0,344,344,344,1,344,images/pixabay_cat_003120.jpg,Youjia Chen,001,2022-05-12_16h17.55.416,Cat face rating experiment_0-500,2021.1.4,MacIntel,120.0048002
,,,,,,space,1.3789,3,1.094,0,345,345,345,1,345,images/pixabay_cat_003622.jpg,Youjia Chen,001,2022-05-12_16h17.55.416,Cat face rating experiment_0-500,2021.1.4,MacIntel,120.0048002
,,,,,,space,2.48,1,2.1882,0,346,346,346,1,346,images/pixabay_cat_001535.jpg,Youjia Chen,001,2022-05-12_16h17.55.416,Cat face rating experiment_0-500,2021.1.4,MacIntel,120.0048002
,,,,,,space,2.3347,2,1.9801,0,347,347,347,1,347,images/pixabay_cat_004093.jpg,Youjia Chen,001,2022-05-12_16h17.55.416,Cat face rating experiment_0-500,2021.1.4,MacIntel,120.0048002
,,,,,,space,2.2051,7,2.0022,0,348,348,348,1,348,images/pixabay_cat_004787.jpg,Youjia Chen,001,2022-05-12_16h17.55.416,Cat face rating experiment_0-500,2021.1.4,MacIntel,120.0048002
,,,,,,space,0.9565,7,0.7399,0,349,349,349,1,349,images/pixabay_cat_002079.jpg,Youjia Chen,001,2022-05-12_16h17.55.416,Cat face rating experiment_0-500,2021.1.4,MacIntel,120.0048002
,,,,,,space,0.7798,7,0.5773,0,350,350,350,1,350,images/pixabay_cat_004398.jpg,Youjia Chen,001,2022-05-12_16h17.55.416,Cat face rating experiment_0-500,2021.1.4,MacIntel,120.0048002
,,,,,,space,0.7459,7,0.5356,0,351,351,351,1,351,images/pixabay_cat_004546.jpg,Youjia Chen,001,2022-05-12_16h17.55.416,Cat face rating experiment_0-500,2021.1.4,MacIntel,120.0048002
,,,,,,space,2.2616,2,2.0796,0,352,352,352,1,352,images/pixabay_cat_001295.jpg,Youjia Chen,001,2022-05-12_16h17.55.416,Cat face rating experiment_0-500,2021.1.4,MacIntel,120.0048002
,,,,,,space,1.8202,6,1.5945,0,353,353,353,1,353,images/pixabay_cat_002815.jpg,Youjia Chen,001,2022-05-12_16h17.55.416,Cat face rating experiment_0-500,2021.1.4,MacIntel,120.0048002
,,,,,,space,1.6232,7,1.3805,0,354,354,354,1,354,images/pixabay_cat_003863.jpg,Youjia Chen,001,2022-05-12_16h17.55.416,Cat face rating experiment_0-500,2021.1.4,MacIntel,120.0048002
,,,,,,space,2.0163,4,1.8615,0,355,355,355,1,355,images/pixabay_cat_003552.jpg,Youjia Chen,001,2022-05-12_16h17.55.416,Cat face rating experiment_0-500,2021.1.4,MacIntel,120.0048002
,,,,,,space,1.3771,5,1.0362,0,356,356,356,1,356,images/flickr_cat_000267.jpg,Youjia Chen,001,2022-05-12_16h17.55.416,Cat face rating experiment_0-500,2021.1.4,MacIntel,120.0048002
,,,,,,space,1.9867,2,1.7609,0,357,357,357,1,357,images/pixabay_cat_002590.jpg,Youjia Chen,001,2022-05-12_16h17.55.416,Cat face rating experiment_0-500,2021.1.4,MacIntel,120.0048002
,,,,,,space,1.323,1,1.0608,0,358,358,358,1,358,images/pixabay_cat_002602.jpg,Youjia Chen,001,2022-05-12_16h17.55.416,Cat face rating experiment_0-500,2021.1.4,MacIntel,120.0048002
,,,,,,space,0.8148,1,0.561,0,359,359,359,1,359,images/flickr_cat_000415.jpg,Youjia Chen,001,2022-05-12_16h17.55.416,Cat face rating experiment_0-500,2021.1.4,MacIntel,120.0048002
,,,,,,space,2.5582,7,2.1811,0,360,360,360,1,360,images/pixabay_cat_000408.jpg,Youjia Chen,001,2022-05-12_16h17.55.416,Cat face rating experiment_0-500,2021.1.4,MacIntel,120.0048002
,,,,,,space,1.7942,2,1.6107,0,361,361,361,1,361,images/pixabay_cat_003676.jpg,Youjia Chen,001,2022-05-12_16h17.55.416,Cat face rating experiment_0-500,2021.1.4,MacIntel,120.0048002
,,,,,,space,1.772,7,1.4715,0,362,362,362,1,362,images/pixabay_cat_002634.jpg,Youjia Chen,001,2022-05-12_16h17.55.416,Cat face rating experiment_0-500,2021.1.4,MacIntel,120.0048002
,,,,,,space,2.4461,1,2.1553,0,363,363,363,1,363,images/pixabay_cat_004795.jpg,Youjia Chen,001,2022-05-12_16h17.55.416,Cat face rating experiment_0-500,2021.1.4,MacIntel,120.0048002
,,,,,,space,1.7709,5,1.7357,0,364,364,364,1,364,images/pixabay_cat_003308.jpg,Youjia Chen,001,2022-05-12_16h17.55.416,Cat face rating experiment_0-500,2021.1.4,MacIntel,120.0048002
,,,,,,space,1.5604,2,1.3574,0,365,365,365,1,365,images/pixabay_cat_002374.jpg,Youjia Chen,001,2022-05-12_16h17.55.416,Cat face rating experiment_0-500,2021.1.4,MacIntel,120.0048002
,,,,,,space,2.4509,3,2.1556,0,366,366,366,1,366,images/flickr_cat_000215.jpg,Youjia Chen,001,2022-05-12_16h17.55.416,Cat face rating experiment_0-500,2021.1.4,MacIntel,120.0048002
,,,,,,space,1.766,2,1.5158,0,367,367,367,1,367,images/flickr_cat_000589.jpg,Youjia Chen,001,2022-05-12_16h17.55.416,Cat face rating experiment_0-500,2021.1.4,MacIntel,120.0048002
,,,,,,space,1.8166,5,1.5204,0,368,368,368,1,368,images/pixabay_cat_001231.jpg,Youjia Chen,001,2022-05-12_16h17.55.416,Cat face rating experiment_0-500,2021.1.4,MacIntel,120.0048002
,,,,,,space,2.4544,7,1.9126,0,369,369,369,1,369,images/pixabay_cat_001688.jpg,Youjia Chen,001,2022-05-12_16h17.55.416,Cat face rating experiment_0-500,2021.1.4,MacIntel,120.0048002
,,,,,,space,1.293,7,1.0444,0,370,370,370,1,370,images/pixabay_cat_004457.jpg,Youjia Chen,001,2022-05-12_16h17.55.416,Cat face rating experiment_0-500,2021.1.4,MacIntel,120.0048002
,,,,,,space,1.0753,6,0.8125,0,371,371,371,1,371,images/pixabay_cat_001542.jpg,Youjia Chen,001,2022-05-12_16h17.55.416,Cat face rating experiment_0-500,2021.1.4,MacIntel,120.0048002
,,,,,,space,1.0267,6,0.8061,0,372,372,372,1,372,images/flickr_cat_000591.jpg,Youjia Chen,001,2022-05-12_16h17.55.416,Cat face rating experiment_0-500,2021.1.4,MacIntel,120.0048002
,,,,,,space,1.8559,2,1.6843,0,373,373,373,1,373,images/pixabay_cat_002111.jpg,Youjia Chen,001,2022-05-12_16h17.55.416,Cat face rating experiment_0-500,2021.1.4,MacIntel,120.0048002
,,,,,,space,1.0954,3,0.8468,0,374,374,374,1,374,images/pixabay_cat_002827.jpg,Youjia Chen,001,2022-05-12_16h17.55.416,Cat face rating experiment_0-500,2021.1.4,MacIntel,120.0048002
,,,,,,space,2.878,6,2.735,0,375,375,375,1,375,images/pixabay_cat_004099.jpg,Youjia Chen,001,2022-05-12_16h17.55.416,Cat face rating experiment_0-500,2021.1.4,MacIntel,120.0048002
,,,,,,space,1.8242,7,1.586,0,376,376,376,1,376,images/pixabay_cat_000884.jpg,Youjia Chen,001,2022-05-12_16h17.55.416,Cat face rating experiment_0-500,2021.1.4,MacIntel,120.0048002
,,,,,,space,1.8252,2,1.5783,0,377,377,377,1,377,images/pixabay_cat_002925.jpg,Youjia Chen,001,2022-05-12_16h17.55.416,Cat face rating experiment_0-500,2021.1.4,MacIntel,120.0048002
,,,,,,space,1.2872,7,1.1068,0,378,378,378,1,378,images/pixabay_cat_002908.jpg,Youjia Chen,001,2022-05-12_16h17.55.416,Cat face rating experiment_0-500,2021.1.4,MacIntel,120.0048002
,,,,,,space,0.7771,7,0.6439,0,379,379,379,1,379,images/pixabay_cat_002809.jpg,Youjia Chen,001,2022-05-12_16h17.55.416,Cat face rating experiment_0-500,2021.1.4,MacIntel,120.0048002
,,,,,,space,1.8146,2,1.536,0,380,380,380,1,380,images/flickr_cat_000611.jpg,Youjia Chen,001,2022-05-12_16h17.55.416,Cat face rating experiment_0-500,2021.1.4,MacIntel,120.0048002
,,,,,,space,3.4647,7,3.218,0,381,381,381,1,381,images/pixabay_cat_002574.jpg,Youjia Chen,001,2022-05-12_16h17.55.416,Cat face rating experiment_0-500,2021.1.4,MacIntel,120.0048002
,,,,,,space,1.8621,1,1.587,0,382,382,382,1,382,images/pixabay_cat_001708.jpg,Youjia Chen,001,2022-05-12_16h17.55.416,Cat face rating experiment_0-500,2021.1.4,MacIntel,120.0048002
,,,,,,space,1.4869,2,1.1646,0,383,383,383,1,383,images/pixabay_cat_002684.jpg,Youjia Chen,001,2022-05-12_16h17.55.416,Cat face rating experiment_0-500,2021.1.4,MacIntel,120.0048002
,,,,,,space,1.9774,6,1.7026,0,384,384,384,1,384,images/pixabay_cat_003506.jpg,Youjia Chen,001,2022-05-12_16h17.55.416,Cat face rating experiment_0-500,2021.1.4,MacIntel,120.0048002
,,,,,,space,1.8777,2,1.5864,0,385,385,385,1,385,images/pixabay_cat_000777.jpg,Youjia Chen,001,2022-05-12_16h17.55.416,Cat face rating experiment_0-500,2021.1.4,MacIntel,120.0048002
,,,,,,space,2.6976,7,2.4437,0,386,386,386,1,386,images/pixabay_cat_000319.jpg,Youjia Chen,001,2022-05-12_16h17.55.416,Cat face rating experiment_0-500,2021.1.4,MacIntel,120.0048002
,,,,,,space,0.7228,7,0.4197,0,387,387,387,1,387,images/pixabay_cat_000152.jpg,Youjia Chen,001,2022-05-12_16h17.55.416,Cat face rating experiment_0-500,2021.1.4,MacIntel,120.0048002
,,,,,,space,0.7025,7,0.4499,0,388,388,388,1,388,images/pixabay_cat_004261.jpg,Youjia Chen,001,2022-05-12_16h17.55.416,Cat face rating experiment_0-500,2021.1.4,MacIntel,120.0048002
,,,,,,space,0.5937,7,0.3877,0,389,389,389,1,389,images/flickr_cat_000260.jpg,Youjia Chen,001,2022-05-12_16h17.55.416,Cat face rating experiment_0-500,2021.1.4,MacIntel,120.0048002
,,,,,,space,0.5667,7,0.4091,0,390,390,390,1,390,images/pixabay_cat_000237.jpg,Youjia Chen,001,2022-05-12_16h17.55.416,Cat face rating experiment_0-500,2021.1.4,MacIntel,120.0048002
,,,,,,space,0.5169,7,0.3932,0,391,391,391,1,391,images/pixabay_cat_001414.jpg,Youjia Chen,001,2022-05-12_16h17.55.416,Cat face rating experiment_0-500,2021.1.4,MacIntel,120.0048002
,,,,,,space,0.6036,7,0.4266,0,392,392,392,1,392,images/pixabay_cat_002796.jpg,Youjia Chen,001,2022-05-12_16h17.55.416,Cat face rating experiment_0-500,2021.1.4,MacIntel,120.0048002
,,,,,,space,0.7282,7,0.3514,0,393,393,393,1,393,images/pixabay_cat_001814.jpg,Youjia Chen,001,2022-05-12_16h17.55.416,Cat face rating experiment_0-500,2021.1.4,MacIntel,120.0048002
,,,,,,space,0.4807,7,0.3592,0,394,394,394,1,394,images/pixabay_cat_001944.jpg,Youjia Chen,001,2022-05-12_16h17.55.416,Cat face rating experiment_0-500,2021.1.4,MacIntel,120.0048002
,,,,,,space,0.5344,7,0.4046,0,395,395,395,1,395,images/pixabay_cat_001158.jpg,Youjia Chen,001,2022-05-12_16h17.55.416,Cat face rating experiment_0-500,2021.1.4,MacIntel,120.0048002
,,,,,,space,0.5469,7,0.3512,0,396,396,396,1,396,images/flickr_cat_000088.jpg,Youjia Chen,001,2022-05-12_16h17.55.416,Cat face rating experiment_0-500,2021.1.4,MacIntel,120.0048002
,,,,,,space,2.6911,1,2.2449,0,397,397,397,1,397,images/pixabay_cat_002399.jpg,Youjia Chen,001,2022-05-12_16h17.55.416,Cat face rating experiment_0-500,2021.1.4,MacIntel,120.0048002
,,,,,,space,3.914,6,3.6506,0,398,398,398,1,398,images/pixabay_cat_001626.jpg,Youjia Chen,001,2022-05-12_16h17.55.416,Cat face rating experiment_0-500,2021.1.4,MacIntel,120.0048002
,,,,,,space,1.8092,1,1.5298,0,399,399,399,1,399,images/pixabay_cat_004324.jpg,Youjia Chen,001,2022-05-12_16h17.55.416,Cat face rating experiment_0-500,2021.1.4,MacIntel,120.0048002
,,,,,,space,1.9988,7,1.7297,0,400,400,400,1,400,images/pixabay_cat_000703.jpg,Youjia Chen,001,2022-05-12_16h17.55.416,Cat face rating experiment_0-500,2021.1.4,MacIntel,120.0048002
,,,,,,space,1.1368,7,0.7888,0,401,401,401,1,401,images/pixabay_cat_004220.jpg,Youjia Chen,001,2022-05-12_16h17.55.416,Cat face rating experiment_0-500,2021.1.4,MacIntel,120.0048002
,,,,,,space,0.8977,6,0.6297,0,402,402,402,1,402,images/pixabay_cat_000530.jpg,Youjia Chen,001,2022-05-12_16h17.55.416,Cat face rating experiment_0-500,2021.1.4,MacIntel,120.0048002
,,,,,,space,1.5156,6,1.1996,0,403,403,403,1,403,images/pixabay_cat_002629.jpg,Youjia Chen,001,2022-05-12_16h17.55.416,Cat face rating experiment_0-500,2021.1.4,MacIntel,120.0048002
,,,,,,space,0.9301,5,0.6709,0,404,404,404,1,404,images/pixabay_cat_004405.jpg,Youjia Chen,001,2022-05-12_16h17.55.416,Cat face rating experiment_0-500,2021.1.4,MacIntel,120.0048002
,,,,,,space,0.978,6,0.7022,0,405,405,405,1,405,images/pixabay_cat_001178.jpg,Youjia Chen,001,2022-05-12_16h17.55.416,Cat face rating experiment_0-500,2021.1.4,MacIntel,120.0048002
,,,,,,space,0.7314,6,0.4606,0,406,406,406,1,406,images/pixabay_cat_003338.jpg,Youjia Chen,001,2022-05-12_16h17.55.416,Cat face rating experiment_0-500,2021.1.4,MacIntel,120.0048002
,,,,,,space,0.6244,6,0.4194,0,407,407,407,1,407,images/pixabay_cat_000594.jpg,Youjia Chen,001,2022-05-12_16h17.55.416,Cat face rating experiment_0-500,2021.1.4,MacIntel,120.0048002
,,,,,,space,0.7158,6,0.6098,0,408,408,408,1,408,images/pixabay_cat_002178.jpg,Youjia Chen,001,2022-05-12_16h17.55.416,Cat face rating experiment_0-500,2021.1.4,MacIntel,120.0048002
,,,,,,space,0.8033,6,0.5303,0,409,409,409,1,409,images/pixabay_cat_002478.jpg,Youjia Chen,001,2022-05-12_16h17.55.416,Cat face rating experiment_0-500,2021.1.4,MacIntel,120.0048002
,,,,,,space,1.1878,6,0.9346,0,410,410,410,1,410,images/pixabay_cat_004558.jpg,Youjia Chen,001,2022-05-12_16h17.55.416,Cat face rating experiment_0-500,2021.1.4,MacIntel,120.0048002
,,,,,,space,0.7764,6,0.512,0,411,411,411,1,411,images/flickr_cat_000421.jpg,Youjia Chen,001,2022-05-12_16h17.55.416,Cat face rating experiment_0-500,2021.1.4,MacIntel,120.0048002
,,,,,,space,1.8632,2,1.6503,0,412,412,412,1,412,images/pixabay_cat_003650.jpg,Youjia Chen,001,2022-05-12_16h17.55.416,Cat face rating experiment_0-500,2021.1.4,MacIntel,120.0048002
,,,,,,space,0.8711,2,0.6896,0,413,413,413,1,413,images/pixabay_cat_002152.jpg,Youjia Chen,001,2022-05-12_16h17.55.416,Cat face rating experiment_0-500,2021.1.4,MacIntel,120.0048002
,,,,,,space,0.6637,2,0.5279,0,414,414,414,1,414,images/flickr_cat_000569.jpg,Youjia Chen,001,2022-05-12_16h17.55.416,Cat face rating experiment_0-500,2021.1.4,MacIntel,120.0048002
,,,,,,space,2.0163,7,1.7621,0,415,415,415,1,415,images/pixabay_cat_004406.jpg,Youjia Chen,001,2022-05-12_16h17.55.416,Cat face rating experiment_0-500,2021.1.4,MacIntel,120.0048002
,,,,,,space,0.6894,7,0.4972,0,416,416,416,1,416,images/pixabay_cat_001238.jpg,Youjia Chen,001,2022-05-12_16h17.55.416,Cat face rating experiment_0-500,2021.1.4,MacIntel,120.0048002
,,,,,,space,0.5539,7,0.4103,0,417,417,417,1,417,images/pixabay_cat_003677.jpg,Youjia Chen,001,2022-05-12_16h17.55.416,Cat face rating experiment_0-500,2021.1.4,MacIntel,120.0048002
,,,,,,space,0.5433,7,0.3956,0,418,418,418,1,418,images/pixabay_cat_000124.jpg,Youjia Chen,001,2022-05-12_16h17.55.416,Cat face rating experiment_0-500,2021.1.4,MacIntel,120.0048002
,,,,,,space,0.546,7,0.3738,0,419,419,419,1,419,images/pixabay_cat_000928.jpg,Youjia Chen,001,2022-05-12_16h17.55.416,Cat face rating experiment_0-500,2021.1.4,MacIntel,120.0048002
,,,,,,space,1.6464,1,1.4206,0,420,420,420,1,420,images/pixabay_cat_001983.jpg,Youjia Chen,001,2022-05-12_16h17.55.416,Cat face rating experiment_0-500,2021.1.4,MacIntel,120.0048002
,,,,,,space,1.9804,5,1.7874,0,421,421,421,1,421,images/pixabay_cat_004087.jpg,Youjia Chen,001,2022-05-12_16h17.55.416,Cat face rating experiment_0-500,2021.1.4,MacIntel,120.0048002
,,,,,,space,1.6235,6,1.4655,0,422,422,422,1,422,images/pixabay_cat_001391.jpg,Youjia Chen,001,2022-05-12_16h17.55.416,Cat face rating experiment_0-500,2021.1.4,MacIntel,120.0048002
,,,,,,space,2.169,7,2.0039,0,423,423,423,1,423,images/pixabay_cat_003752.jpg,Youjia Chen,001,2022-05-12_16h17.55.416,Cat face rating experiment_0-500,2021.1.4,MacIntel,120.0048002
,,,,,,space,1.651,6,1.4195,0,424,424,424,1,424,images/pixabay_cat_000004.jpg,Youjia Chen,001,2022-05-12_16h17.55.416,Cat face rating experiment_0-500,2021.1.4,MacIntel,120.0048002
,,,,,,space,1.8436,2,1.6257,0,425,425,425,1,425,images/pixabay_cat_003460.jpg,Youjia Chen,001,2022-05-12_16h17.55.416,Cat face rating experiment_0-500,2021.1.4,MacIntel,120.0048002
,,,,,,space,1.326,7,1.2041,0,426,426,426,1,426,images/pixabay_cat_001749.jpg,Youjia Chen,001,2022-05-12_16h17.55.416,Cat face rating experiment_0-500,2021.1.4,MacIntel,120.0048002
,,,,,,space,1.4204,6,1.3106,0,427,427,427,1,427,images/pixabay_cat_002811.jpg,Youjia Chen,001,2022-05-12_16h17.55.416,Cat face rating experiment_0-500,2021.1.4,MacIntel,120.0048002
,,,,,,space,1.5627,7,1.4107,0,428,428,428,1,428,images/pixabay_cat_003139.jpg,Youjia Chen,001,2022-05-12_16h17.55.416,Cat face rating experiment_0-500,2021.1.4,MacIntel,120.0048002
,,,,,,space,1.2771,6,1.1108,0,429,429,429,1,429,images/flickr_cat_000774.jpg,Youjia Chen,001,2022-05-12_16h17.55.416,Cat face rating experiment_0-500,2021.1.4,MacIntel,120.0048002
,,,,,,space,1.0618,7,0.8843,0,430,430,430,1,430,images/pixabay_cat_003720.jpg,Youjia Chen,001,2022-05-12_16h17.55.416,Cat face rating experiment_0-500,2021.1.4,MacIntel,120.0048002
,,,,,,space,0.9285,7,0.5628,0,431,431,431,1,431,images/pixabay_cat_000878.jpg,Youjia Chen,001,2022-05-12_16h17.55.416,Cat face rating experiment_0-500,2021.1.4,MacIntel,120.0048002
,,,,,,space,0.7167,7,0.4782,0,432,432,432,1,432,images/pixabay_cat_001793.jpg,Youjia Chen,001,2022-05-12_16h17.55.416,Cat face rating experiment_0-500,2021.1.4,MacIntel,120.0048002
,,,,,,space,0.7546,7,0.4277,0,433,433,433,1,433,images/pixabay_cat_002282.jpg,Youjia Chen,001,2022-05-12_16h17.55.416,Cat face rating experiment_0-500,2021.1.4,MacIntel,120.0048002
,,,,,,space,0.7579,7,0.5058,0,434,434,434,1,434,images/pixabay_cat_003147.jpg,Youjia Chen,001,2022-05-12_16h17.55.416,Cat face rating experiment_0-500,2021.1.4,MacIntel,120.0048002
,,,,,,space,0.6225,7,0.3757,0,435,435,435,1,435,images/flickr_cat_000396.jpg,Youjia Chen,001,2022-05-12_16h17.55.416,Cat face rating experiment_0-500,2021.1.4,MacIntel,120.0048002
,,,,,,space,0.605,7,0.3954,0,436,436,436,1,436,images/pixabay_cat_002014.jpg,Youjia Chen,001,2022-05-12_16h17.55.416,Cat face rating experiment_0-500,2021.1.4,MacIntel,120.0048002
,,,,,,space,1.6596,2,1.3927,0,437,437,437,1,437,images/pixabay_cat_001634.jpg,Youjia Chen,001,2022-05-12_16h17.55.416,Cat face rating experiment_0-500,2021.1.4,MacIntel,120.0048002
,,,,,,space,2.9351,3,2.6962,0,438,438,438,1,438,images/pixabay_cat_001449.jpg,Youjia Chen,001,2022-05-12_16h17.55.416,Cat face rating experiment_0-500,2021.1.4,MacIntel,120.0048002
,,,,,,space,1.9713,6,1.7346,0,439,439,439,1,439,images/pixabay_cat_001541.jpg,Youjia Chen,001,2022-05-12_16h17.55.416,Cat face rating experiment_0-500,2021.1.4,MacIntel,120.0048002
,,,,,,space,1.5687,7,1.3274,0,440,440,440,1,440,images/pixabay_cat_001152.jpg,Youjia Chen,001,2022-05-12_16h17.55.416,Cat face rating experiment_0-500,2021.1.4,MacIntel,120.0048002
,,,,,,space,1.6591,5,1.4107,0,441,441,441,1,441,images/pixabay_cat_003606.jpg,Youjia Chen,001,2022-05-12_16h17.55.416,Cat face rating experiment_0-500,2021.1.4,MacIntel,120.0048002
,,,,,,space,1.8576,2,1.6254,0,442,442,442,1,442,images/pixabay_cat_001220.jpg,Youjia Chen,001,2022-05-12_16h17.55.416,Cat face rating experiment_0-500,2021.1.4,MacIntel,120.0048002
,,,,,,space,1.1053,2,0.842,0,443,443,443,1,443,images/pixabay_cat_000957.jpg,Youjia Chen,001,2022-05-12_16h17.55.416,Cat face rating experiment_0-500,2021.1.4,MacIntel,120.0048002
,,,,,,space,0.7987,2,0.6027,0,444,444,444,1,444,images/flickr_cat_000023.jpg,Youjia Chen,001,2022-05-12_16h17.55.416,Cat face rating experiment_0-500,2021.1.4,MacIntel,120.0048002
,,,,,,space,0.8361,2,0.6519,0,445,445,445,1,445,images/pixabay_cat_003656.jpg,Youjia Chen,001,2022-05-12_16h17.55.416,Cat face rating experiment_0-500,2021.1.4,MacIntel,120.0048002
,,,,,,space,1.6843,5,1.5064,0,446,446,446,1,446,images/pixabay_cat_000976.jpg,Youjia Chen,001,2022-05-12_16h17.55.416,Cat face rating experiment_0-500,2021.1.4,MacIntel,120.0048002
,,,,,,space,1.6547,3,1.4794,0,447,447,447,1,447,images/pixabay_cat_000657.jpg,Youjia Chen,001,2022-05-12_16h17.55.416,Cat face rating experiment_0-500,2021.1.4,MacIntel,120.0048002
,,,,,,space,2.0466,7,1.7763,0,448,448,448,1,448,images/flickr_cat_000376.jpg,Youjia Chen,001,2022-05-12_16h17.55.416,Cat face rating experiment_0-500,2021.1.4,MacIntel,120.0048002
,,,,,,space,1.7919,1,1.5379,0,449,449,449,1,449,images/pixabay_cat_003747.jpg,Youjia Chen,001,2022-05-12_16h17.55.416,Cat face rating experiment_0-500,2021.1.4,MacIntel,120.0048002
,,,,,,space,1.3698,2,1.0557,0,450,450,450,1,450,images/pixabay_cat_003228.jpg,Youjia Chen,001,2022-05-12_16h17.55.416,Cat face rating experiment_0-500,2021.1.4,MacIntel,120.0048002
,,,,,,space,0.9771,1,0.7088,0,451,451,451,1,451,images/pixabay_cat_001345.jpg,Youjia Chen,001,2022-05-12_16h17.55.416,Cat face rating experiment_0-500,2021.1.4,MacIntel,120.0048002
,,,,,,space,1.9392,,,0,452,452,452,1,452,images/pixabay_cat_004108.jpg,Youjia Chen,001,2022-05-12_16h17.55.416,Cat face rating experiment_0-500,2021.1.4,MacIntel,120.0048002
,,,,,,space,1.0441,7,0.7614,0,453,453,453,1,453,images/pixabay_cat_002529.jpg,Youjia Chen,001,2022-05-12_16h17.55.416,Cat face rating experiment_0-500,2021.1.4,MacIntel,120.0048002
,,,,,,space,0.9581,,,0,454,454,454,1,454,images/pixabay_cat_004258.jpg,Youjia Chen,001,2022-05-12_16h17.55.416,Cat face rating experiment_0-500,2021.1.4,MacIntel,120.0048002
,,,,,,space,2.2629,2,1.9903,0,455,455,455,1,455,images/pixabay_cat_004158.jpg,Youjia Chen,001,2022-05-12_16h17.55.416,Cat face rating experiment_0-500,2021.1.4,MacIntel,120.0048002
,,,,,,space,1.1188,2,0.8247,0,456,456,456,1,456,images/pixabay_cat_004264.jpg,Youjia Chen,001,2022-05-12_16h17.55.416,Cat face rating experiment_0-500,2021.1.4,MacIntel,120.0048002
,,,,,,space,1.5963,7,1.2881,0,457,457,457,1,457,images/pixabay_cat_001490.jpg,Youjia Chen,001,2022-05-12_16h17.55.416,Cat face rating experiment_0-500,2021.1.4,MacIntel,120.0048002
,,,,,,space,0.9966,7,0.6884,0,458,458,458,1,458,images/pixabay_cat_001186.jpg,Youjia Chen,001,2022-05-12_16h17.55.416,Cat face rating experiment_0-500,2021.1.4,MacIntel,120.0048002
,,,,,,space,1.1458,7,0.8012,0,459,459,459,1,459,images/pixabay_cat_002949.jpg,Youjia Chen,001,2022-05-12_16h17.55.416,Cat face rating experiment_0-500,2021.1.4,MacIntel,120.0048002
,,,,,,space,2.0609,2,1.8027,0,460,460,460,1,460,images/pixabay_cat_002642.jpg,Youjia Chen,001,2022-05-12_16h17.55.416,Cat face rating experiment_0-500,2021.1.4,MacIntel,120.0048002
,,,,,,space,2.6015,7,2.3221,0,461,461,461,1,461,images/pixabay_cat_001589.jpg,Youjia Chen,001,2022-05-12_16h17.55.416,Cat face rating experiment_0-500,2021.1.4,MacIntel,120.0048002
,,,,,,space,1.7771,3,1.5725,0,462,462,462,1,462,images/flickr_cat_000101.jpg,Youjia Chen,001,2022-05-12_16h17.55.416,Cat face rating experiment_0-500,2021.1.4,MacIntel,120.0048002
,,,,,,space,1.8008,7,1.537,0,463,463,463,1,463,images/flickr_cat_000416.jpg,Youjia Chen,001,2022-05-12_16h17.55.416,Cat face rating experiment_0-500,2021.1.4,MacIntel,120.0048002
,,,,,,space,1.7431,6,1.421,0,464,464,464,1,464,images/pixabay_cat_002843.jpg,Youjia Chen,001,2022-05-12_16h17.55.416,Cat face rating experiment_0-500,2021.1.4,MacIntel,120.0048002
,,,,,,space,1.057,6,0.7403,0,465,465,465,1,465,images/pixabay_cat_001547.jpg,Youjia Chen,001,2022-05-12_16h17.55.416,Cat face rating experiment_0-500,2021.1.4,MacIntel,120.0048002
,,,,,,space,1.8389,2,1.592,0,466,466,466,1,466,images/pixabay_cat_000858.jpg,Youjia Chen,001,2022-05-12_16h17.55.416,Cat face rating experiment_0-500,2021.1.4,MacIntel,120.0048002
,,,,,,space,2.4752,2,2.0775,0,467,467,467,1,467,images/pixabay_cat_004792.jpg,Youjia Chen,001,2022-05-12_16h17.55.416,Cat face rating experiment_0-500,2021.1.4,MacIntel,120.0048002
,,,,,,space,1.6313,6,1.3815,0,468,468,468,1,468,images/pixabay_cat_003838.jpg,Youjia Chen,001,2022-05-12_16h17.55.416,Cat face rating experiment_0-500,2021.1.4,MacIntel,120.0048002
,,,,,,space,2.1908,7,1.9751,0,469,469,469,1,469,images/flickr_cat_000819.jpg,Youjia Chen,001,2022-05-12_16h17.55.416,Cat face rating experiment_0-500,2021.1.4,MacIntel,120.0048002
,,,,,,space,0.8545,7,0.6013,0,470,470,470,1,470,images/pixabay_cat_001697.jpg,Youjia Chen,001,2022-05-12_16h17.55.416,Cat face rating experiment_0-500,2021.1.4,MacIntel,120.0048002
,,,,,,space,0.7545,7,0.4993,0,471,471,471,1,471,images/pixabay_cat_004458.jpg,Youjia Chen,001,2022-05-12_16h17.55.416,Cat face rating experiment_0-500,2021.1.4,MacIntel,120.0048002
,,,,,,space,0.6954,7,0.4785,0,472,472,472,1,472,images/pixabay_cat_000242.jpg,Youjia Chen,001,2022-05-12_16h17.55.416,Cat face rating experiment_0-500,2021.1.4,MacIntel,120.0048002
,,,,,,space,0.7626,7,0.3858,0,473,473,473,1,473,images/flickr_cat_000097.jpg,Youjia Chen,001,2022-05-12_16h17.55.416,Cat face rating experiment_0-500,2021.1.4,MacIntel,120.0048002
,,,,,,space,1.7652,1,1.5355,0,474,474,474,1,474,images/pixabay_cat_001868.jpg,Youjia Chen,001,2022-05-12_16h17.55.416,Cat face rating experiment_0-500,2021.1.4,MacIntel,120.0048002
,,,,,,space,1.5568,1,1.3155,0,475,475,475,1,475,images/pixabay_cat_000856.jpg,Youjia Chen,001,2022-05-12_16h17.55.416,Cat face rating experiment_0-500,2021.1.4,MacIntel,120.0048002
,,,,,,space,1.4243,1,1.1442,0,476,476,476,1,476,images/pixabay_cat_003849.jpg,Youjia Chen,001,2022-05-12_16h17.55.416,Cat face rating experiment_0-500,2021.1.4,MacIntel,120.0048002
,,,,,,space,2.1345,7,1.8867,0,477,477,477,1,477,images/pixabay_cat_002171.jpg,Youjia Chen,001,2022-05-12_16h17.55.416,Cat face rating experiment_0-500,2021.1.4,MacIntel,120.0048002
,,,,,,space,1.3972,7,1.1451,0,478,478,478,1,478,images/pixabay_cat_002114.jpg,Youjia Chen,001,2022-05-12_16h17.55.416,Cat face rating experiment_0-500,2021.1.4,MacIntel,120.0048002
,,,,,,space,1.8353,2,1.6176,0,479,479,479,1,479,images/pixabay_cat_003258.jpg,Youjia Chen,001,2022-05-12_16h17.55.416,Cat face rating experiment_0-500,2021.1.4,MacIntel,120.0048002
,,,,,,space,3.4453,1,3.2205,0,480,480,480,1,480,images/pixabay_cat_000425.jpg,Youjia Chen,001,2022-05-12_16h17.55.416,Cat face rating experiment_0-500,2021.1.4,MacIntel,120.0048002
,,,,,,space,1.9223,2,1.6279,0,481,481,481,1,481,images/pixabay_cat_003821.jpg,Youjia Chen,001,2022-05-12_16h17.55.416,Cat face rating experiment_0-500,2021.1.4,MacIntel,120.0048002
,,,,,,space,1.889,6,1.6445,0,482,482,482,1,482,images/pixabay_cat_000568.jpg,Youjia Chen,001,2022-05-12_16h17.55.416,Cat face rating experiment_0-500,2021.1.4,MacIntel,120.0048002
,,,,,,space,2.7532,7,2.5147,0,483,483,483,1,483,images/pixabay_cat_000800.jpg,Youjia Chen,001,2022-05-12_16h17.55.416,Cat face rating experiment_0-500,2021.1.4,MacIntel,120.0048002
,,,,,,space,1.0948,7,0.961,0,484,484,484,1,484,images/pixabay_cat_002004.jpg,Youjia Chen,001,2022-05-12_16h17.55.416,Cat face rating experiment_0-500,2021.1.4,MacIntel,120.0048002
,,,,,,space,1.0533,7,0.7799,0,485,485,485,1,485,images/pixabay_cat_002760.jpg,Youjia Chen,001,2022-05-12_16h17.55.416,Cat face rating experiment_0-500,2021.1.4,MacIntel,120.0048002
,,,,,,space,0.8591,7,0.693,0,486,486,486,1,486,images/pixabay_cat_003518.jpg,Youjia Chen,001,2022-05-12_16h17.55.416,Cat face rating experiment_0-500,2021.1.4,MacIntel,120.0048002
,,,,,,space,0.8718,7,0.6678,0,487,487,487,1,487,images/pixabay_cat_000029.jpg,Youjia Chen,001,2022-05-12_16h17.55.416,Cat face rating experiment_0-500,2021.1.4,MacIntel,120.0048002
,,,,,,space,1.6794,2,1.4975,0,488,488,488,1,488,images/pixabay_cat_004531.jpg,Youjia Chen,001,2022-05-12_16h17.55.416,Cat face rating experiment_0-500,2021.1.4,MacIntel,120.0048002
,,,,,,space,1.6278,7,1.4787,0,489,489,489,1,489,images/pixabay_cat_004292.jpg,Youjia Chen,001,2022-05-12_16h17.55.416,Cat face rating experiment_0-500,2021.1.4,MacIntel,120.0048002
,,,,,,space,1.9495,5,1.7248,0,490,490,490,1,490,images/pixabay_cat_004100.jpg,Youjia Chen,001,2022-05-12_16h17.55.416,Cat face rating experiment_0-500,2021.1.4,MacIntel,120.0048002
,,,,,,space,1.3057,6,0.9693,0,491,491,491,1,491,images/pixabay_cat_000414.jpg,Youjia Chen,001,2022-05-12_16h17.55.416,Cat face rating experiment_0-500,2021.1.4,MacIntel,120.0048002
,,,,,,space,2.3518,7,2.0871,0,492,492,492,1,492,images/pixabay_cat_002685.jpg,Youjia Chen,001,2022-05-12_16h17.55.416,Cat face rating experiment_0-500,2021.1.4,MacIntel,120.0048002
,,,,,,space,1.6841,7,1.402,0,493,493,493,1,493,images/pixabay_cat_004259.jpg,Youjia Chen,001,2022-05-12_16h17.55.416,Cat face rating experiment_0-500,2021.1.4,MacIntel,120.0048002
,,,,,,space,0.8533,7,0.5758,0,494,494,494,1,494,images/pixabay_cat_001802.jpg,Youjia Chen,001,2022-05-12_16h17.55.416,Cat face rating experiment_0-500,2021.1.4,MacIntel,120.0048002
,,,,,,space,0.7052,7,0.4795,0,495,495,495,1,495,images/pixabay_cat_000067.jpg,Youjia Chen,001,2022-05-12_16h17.55.416,Cat face rating experiment_0-500,2021.1.4,MacIntel,120.0048002
,,,,,,space,2.6719,2,2.462,0,496,496,496,1,496,images/pixabay_cat_003069.jpg,Youjia Chen,001,2022-05-12_16h17.55.416,Cat face rating experiment_0-500,2021.1.4,MacIntel,120.0048002
,,,,,,space,1.8135,2,1.6086,0,497,497,497,1,497,images/flickr_cat_000812.jpg,Youjia Chen,001,2022-05-12_16h17.55.416,Cat face rating experiment_0-500,2021.1.4,MacIntel,120.0048002
,,,,,,space,1.924,6,1.7022,0,498,498,498,1,498,images/pixabay_cat_002638.jpg,Youjia Chen,001,2022-05-12_16h17.55.416,Cat face rating experiment_0-500,2021.1.4,MacIntel,120.0048002
,,,,,,space,0.8981,6,0.5609,0,499,499,499,1,499,images/flickr_cat_000203.jpg,Youjia Chen,001,2022-05-12_16h17.55.416,Cat face rating experiment_0-500,2021.1.4,MacIntel,120.0048002
